Time,Pressure,Temperature,Position,Flow,Speed,CycleCount,Health,Fault,Vibration,Load
1,5.21,30.26,10,9.84,122.97,0,100.0,Healthy,0.29,16.46
2,5.2,30.33,20,9.68,123.74,0,100.0,Healthy,0.49,18.05
3,5.39,30.45,30,9.9,121.88,0,99.99,Healthy,0.44,19.92
4,5.43,30.73,40,9.92,122.62,0,99.99,Healthy,0.33,21.96
5,5.42,30.95,50,9.7,123.06,0,99.99,Healthy,0.36,23.61
6,5.45,31.29,60,9.8,121.0,0,99.98,Healthy,0.32,25.45
7,5.32,31.52,70,10.29,121.94,0,99.98,Healthy,0.36,26.41
8,5.37,31.69,80,9.75,122.49,0,99.98,Healthy,0.5,27.63
9,5.59,31.84,90,9.75,121.03,0,99.97,Healthy,0.53,28.36
10,5.51,31.98,100,9.92,121.23,0,99.97,Healthy,0.39,29.47
11,5.42,32.16,90,10.27,121.71,0,99.97,Healthy,0.41,30.5
12,5.56,32.29,80,10.15,122.82,0,99.97,Healthy,0.45,30.49
13,5.54,32.32,70,9.79,119.5,0,99.96,Healthy,0.57,31.67
14,5.55,32.52,60,9.73,119.24,0,99.96,Healthy,0.54,32.4
15,5.46,32.68,50,10.16,121.33,0,99.96,Healthy,0.47,33.04
16,5.5,32.94,40,10.02,119.97,0,99.95,Healthy,0.57,34.15
17,5.57,33.08,30,10.12,118.61,0,99.95,Healthy,0.46,34.85
18,5.6,33.15,20,10.06,116.87,0,99.95,Healthy,0.37,34.52
19,5.6,33.21,10,9.84,119.22,0,99.95,Healthy,0.53,34.65
20,5.59,33.28,0,9.93,117.27,1,99.95,Healthy,0.44,34.65
21,5.62,33.34,10,10.1,117.17,1,99.95,Healthy,0.54,34.39
22,5.51,33.48,20,9.78,119.06,1,99.94,Healthy,0.37,34.82
23,5.63,33.4,30,10.03,116.88,1,99.94,Healthy,0.53,34.6
24,5.69,33.24,40,10.28,117.54,1,99.93,Healthy,0.45,34.94
25,5.65,33.3,50,10.16,120.62,1,99.93,Healthy,0.47,34.98
26,5.65,33.17,60,9.69,118.35,1,99.93,Healthy,0.47,34.69
27,5.59,33.1,70,10.25,117.2,1,99.93,Healthy,0.56,34.43
28,5.62,33.18,80,9.68,117.14,1,99.93,Healthy,0.49,34.9
29,5.57,33.29,90,9.84,117.22,1,99.92,Healthy,0.47,35.48
30,5.63,33.32,100,10.04,117.18,1,99.92,Healthy,0.48,35.09
31,5.53,33.36,90,9.85,118.94,1,99.91,Healthy,0.43,34.81
32,5.64,33.3,80,10.04,121.3,1,99.91,Healthy,0.57,35.2
33,5.53,33.29,70,9.85,117.51,1,99.91,Healthy,0.52,35.85
34,5.71,33.4,60,9.69,119.66,1,99.91,Healthy,0.37,35.77
35,5.55,33.47,50,9.96,119.75,1,99.9,Healthy,0.39,36.71
36,5.52,33.47,40,9.91,119.07,1,99.9,Healthy,0.37,36.41
37,5.54,33.55,30,9.9,119.47,1,99.89,Healthy,0.45,37.29
38,5.72,33.51,20,10.3,117.01,1,99.89,Healthy,0.56,38.1
39,5.76,33.57,10,10.2,117.99,1,99.89,Healthy,0.55,37.74
40,5.63,33.53,0,9.68,118.18,2,99.89,Healthy,0.59,38.13
41,5.61,33.52,10,10.11,117.65,2,99.89,Healthy,0.39,38.73
42,5.72,33.45,20,10.24,117.3,2,99.88,Healthy,0.58,38.78
43,5.58,33.65,30,10.07,117.17,2,99.88,Healthy,0.48,39.49
44,5.63,33.7,40,9.68,117.48,2,99.88,Healthy,0.57,40.02
45,5.63,33.87,50,9.95,119.97,2,99.88,Healthy,0.53,40.28
46,5.72,33.93,60,10.12,116.72,2,99.87,Healthy,0.52,40.75
47,5.77,33.93,70,9.77,118.02,2,99.87,Healthy,0.58,40.45
48,5.74,34.01,80,9.88,117.3,2,99.87,Healthy,0.51,40.75
49,5.76,34.06,90,9.85,118.35,2,99.87,Healthy,0.41,40.95
50,5.78,34.21,100,9.75,115.38,2,99.86,Healthy,0.53,40.54
51,5.74,34.17,90,10.15,116.95,2,99.86,Healthy,0.42,40.97
52,5.82,34.24,80,10.19,116.02,2,99.86,Healthy,0.55,41.33
53,5.64,34.24,70,9.74,117.14,2,99.85,Healthy,0.52,41.74
54,5.8,34.31,60,10.27,117.03,2,99.85,Healthy,0.49,41.45
55,5.78,34.35,50,10.24,116.35,2,99.85,Healthy,0.5,41.2
56,5.66,34.22,40,9.89,119.39,2,99.85,Healthy,0.42,41.33
57,5.69,34.1,30,9.88,117.42,2,99.84,Healthy,0.58,40.76
58,5.61,34.1,20,10.27,117.83,2,99.84,Healthy,0.61,41.25
59,5.81,34.18,10,10.03,118.52,2,99.84,Healthy,0.6,41.63
60,5.7,34.25,0,10.12,118.9,3,99.83,Healthy,0.59,41.41
61,5.82,34.09,10,10.06,118.26,3,99.83,Healthy,0.49,41.28
62,5.67,34.22,20,9.97,116.77,3,99.83,Healthy,0.45,40.77
63,5.72,34.29,30,10.17,115.25,3,99.83,Healthy,0.44,41.11
64,5.59,34.29,40,9.82,119.41,3,99.83,Healthy,0.44,40.31
65,5.71,34.29,50,9.83,116.91,3,99.82,Healthy,0.62,40.84
66,5.66,34.28,60,10.06,119.88,3,99.82,Healthy,0.6,40.24
67,5.72,34.29,70,10.23,116.59,3,99.81,Healthy,0.45,39.73
68,5.72,34.3,80,9.68,117.94,3,99.81,Healthy,0.4,40.1
69,5.7,34.34,90,9.95,117.14,3,99.81,Healthy,0.49,39.91
70,5.73,34.37,100,10.08,119.93,3,99.81,Healthy,0.49,39.88
71,5.63,34.3,90,10.3,116.81,3,99.81,Healthy,0.56,39.57
72,5.68,34.23,80,9.88,117.93,3,99.8,Healthy,0.44,39.31
73,5.71,34.13,70,10.01,116.3,3,99.8,Healthy,0.48,39.83
74,5.75,34.07,60,9.96,115.46,3,99.8,Healthy,0.48,39.74
75,5.7,34.07,50,9.89,120.42,3,99.8,Healthy,0.46,39.51
76,5.74,34.14,40,9.87,119.27,3,99.79,Healthy,0.54,39.1
77,5.7,34.22,30,10.18,118.62,3,99.79,Healthy,0.57,38.79
78,5.71,34.08,20,9.75,115.85,3,99.79,Air Leakage,0.45,38.54
79,5.77,33.91,10,9.84,119.91,3,99.79,Air Leakage,0.41,38.37
80,5.66,33.94,0,9.97,118.68,4,99.79,Air Leakage,0.58,38.08
81,5.57,33.89,10,10.21,118.62,4,99.78,Air Leakage,0.44,38.81
82,5.58,33.84,20,10.29,115.62,4,99.78,Air Leakage,0.46,38.54
83,5.53,33.87,30,9.73,119.39,4,99.77,Air Leakage,0.61,38.26
84,5.67,33.94,40,10.33,118.81,4,99.76,Air Leakage,0.4,38.24
85,5.66,33.96,50,9.82,117.62,4,99.75,Air Leakage,0.5,38.42
86,5.51,34.02,60,9.96,118.1,4,99.74,Air Leakage,0.5,37.93
87,5.49,33.93,70,10.33,117.45,4,99.73,Air Leakage,0.55,38.48
88,5.64,34.0,80,9.69,118.1,4,99.71,Air Leakage,0.68,39.07
89,5.54,34.07,90,10.38,116.25,4,99.69,Air Leakage,0.54,39.28
90,5.53,34.08,100,10.22,118.85,4,99.67,Air Leakage,0.68,38.76
91,5.56,34.07,90,10.05,118.9,4,99.66,Air Leakage,0.77,38.72
92,5.73,34.18,80,10.09,120.13,4,99.64,Air Leakage,0.63,38.71
93,5.73,34.27,70,9.82,115.84,4,99.62,Air Leakage,0.72,38.19
94,5.58,34.37,60,10.46,118.16,4,99.61,Air Leakage,0.59,38.51
95,5.72,34.3,50,10.24,115.56,4,99.59,Air Leakage,0.59,39.23
96,5.51,34.32,40,9.92,117.72,4,99.56,Air Leakage,0.69,39.48
97,5.56,34.52,30,10.26,114.26,4,99.53,Air Leakage,0.74,39.4
98,5.48,34.66,20,10.03,116.65,4,99.49,Air Leakage,0.62,38.83
99,5.7,34.62,10,10.37,118.48,4,99.47,Air Leakage,0.82,39.2
100,5.65,34.45,0,9.93,118.51,5,99.44,Air Leakage,0.58,38.63
101,5.46,34.57,10,9.96,114.29,5,99.4,Air Leakage,0.79,38.48
102,5.65,34.61,20,10.27,116.72,5,99.38,Air Leakage,0.68,38.15
103,5.47,34.63,30,10.05,117.34,5,99.34,Air Leakage,0.78,38.07
104,5.49,34.76,40,9.88,114.5,5,99.31,Air Leakage,0.76,38.36
105,5.48,34.78,50,10.41,116.77,5,99.28,Air Leakage,0.74,38.55
106,5.4,34.58,60,10.61,116.11,5,99.23,Air Leakage,0.59,39.27
107,5.46,34.46,70,10.58,116.94,5,99.2,Air Leakage,0.92,38.63
108,5.53,34.58,80,10.45,116.88,5,99.17,Air Leakage,0.69,38.36
109,5.45,34.63,90,9.94,114.94,5,99.12,Air Leakage,0.81,37.9
110,5.62,34.77,100,9.97,119.01,5,99.1,Air Leakage,0.68,37.72
111,5.5,34.71,90,10.36,114.78,5,99.05,Air Leakage,0.79,38.01
112,5.41,34.79,80,10.45,116.1,5,99.01,Air Leakage,0.94,38.61
113,5.5,34.82,70,10.37,117.11,5,98.95,Air Leakage,0.67,38.08
114,5.56,34.87,60,9.82,115.01,5,98.92,Air Leakage,0.64,38.06
115,5.34,34.95,50,10.24,115.97,5,98.89,Air Leakage,0.92,37.84
116,5.69,34.79,40,10.26,112.68,5,98.84,Air Leakage,0.87,38.31
117,5.51,34.74,30,10.26,119.59,5,98.79,Air Leakage,0.89,37.9
118,5.34,34.66,20,10.31,115.7,5,98.75,Air Leakage,1.1,37.88
119,5.54,34.54,10,10.33,114.38,5,98.71,Air Leakage,0.87,38.6
120,5.53,34.43,0,10.22,114.8,6,98.67,Air Leakage,0.76,38.5
121,5.46,34.59,10,10.4,116.12,6,98.61,Air Leakage,0.89,39.18
122,5.31,34.62,20,10.4,115.16,6,98.57,Air Leakage,0.71,38.58
123,5.31,34.73,30,10.72,114.35,6,98.49,Air Leakage,1.15,38.99
124,5.47,34.75,40,10.11,116.0,6,98.43,Air Leakage,0.84,38.75
125,5.25,34.9,50,10.19,112.7,6,98.37,Air Leakage,0.84,39.45
126,5.38,35.29,60,10.34,115.53,6,98.32,Air Leakage,0.83,40.06
127,5.49,35.15,70,10.46,115.14,6,98.24,Air Leakage,0.82,40.57
128,5.31,35.4,80,10.14,116.86,6,98.17,Air Leakage,0.64,40.6
129,5.51,35.4,90,10.58,116.78,6,98.12,Air Leakage,0.91,40.25
130,5.37,35.38,100,10.72,111.77,6,98.06,Air Leakage,1.08,40.53
131,5.28,35.53,90,9.9,116.03,6,97.98,Air Leakage,1.28,40.56
132,5.51,35.62,80,10.25,116.45,6,97.92,Air Leakage,1.17,40.84
133,5.38,35.74,70,10.08,113.18,6,97.89,Air Leakage,0.82,40.59
134,5.3,35.6,60,10.55,114.5,6,97.83,Air Leakage,0.96,40.0
135,5.49,35.64,50,10.0,111.08,6,97.77,Air Leakage,1.06,39.35
136,5.48,35.49,40,9.98,112.21,6,97.71,Air Leakage,0.81,39.49
137,5.3,35.34,30,10.69,115.63,6,97.66,Air Leakage,0.87,39.64
138,5.44,35.24,20,10.02,115.4,6,97.59,Air Leakage,0.92,39.83
139,5.23,35.1,10,9.99,116.17,6,97.52,Air Leakage,1.02,39.58
140,5.61,35.3,0,9.98,111.54,7,97.47,Air Leakage,0.92,40.22
141,5.62,35.38,10,10.1,116.18,7,97.41,Air Leakage,0.97,40.57
142,5.51,35.37,20,9.93,115.62,7,97.36,Air Leakage,1.27,41.1
143,5.43,35.58,30,10.18,113.32,7,97.3,Air Leakage,0.91,40.39
144,5.48,35.63,40,10.24,112.52,7,97.25,Air Leakage,0.95,40.69
145,5.47,35.45,50,10.64,113.87,7,97.2,Air Leakage,0.84,40.77
146,5.24,35.7,60,10.23,115.58,7,97.16,Air Leakage,0.94,41.29
147,5.17,35.85,70,10.36,114.84,7,97.11,Air Leakage,1.03,40.61
148,5.3,35.78,80,10.63,114.12,7,97.05,Air Leakage,0.78,40.01
149,5.37,35.76,90,10.58,112.69,7,97.01,Air Leakage,0.77,40.62
150,5.35,35.87,100,9.91,116.16,7,96.96,Air Leakage,1.13,40.45
151,5.7,35.76,90,10.01,115.01,7,96.92,Air Leakage,0.94,39.87
152,5.52,35.92,80,10.61,114.93,7,96.85,Air Leakage,0.78,40.01
153,5.34,35.69,70,10.47,116.18,7,96.79,Air Leakage,1.18,39.61
154,5.21,35.56,60,10.2,112.47,7,96.73,Air Leakage,0.78,39.84
155,5.19,35.62,50,10.26,114.96,7,96.65,Air Leakage,1.03,39.23
156,5.35,35.58,40,9.91,117.71,7,96.61,Air Leakage,0.86,39.54
157,5.6,35.51,30,10.41,116.73,7,96.57,Air Leakage,0.74,39.2
158,5.26,35.39,20,10.26,113.82,7,96.49,Air Leakage,0.7,39.28
159,5.57,35.39,10,10.21,114.07,7,96.45,Air Leakage,0.61,39.35
160,5.39,35.47,0,10.28,115.29,8,96.4,Air Leakage,0.93,39.94
161,5.37,35.67,10,10.1,116.18,8,96.36,Air Leakage,0.99,39.33
162,5.53,35.53,20,10.54,115.38,8,96.31,Air Leakage,0.96,39.29
163,5.34,35.74,30,10.44,114.57,8,96.22,Air Leakage,0.96,38.86
164,5.31,35.92,40,10.27,115.92,8,96.14,Air Leakage,0.83,38.83
165,5.47,35.79,50,10.71,114.8,8,96.06,Air Leakage,0.95,39.53
166,5.55,35.7,60,10.75,112.41,8,96.02,Air Leakage,0.87,39.35
167,5.22,35.48,70,9.94,117.14,8,95.95,Air Leakage,0.71,39.42
168,5.54,35.46,80,10.76,112.18,8,95.87,Air Leakage,0.89,38.89
169,5.39,35.14,90,10.68,114.82,8,95.83,Air Leakage,1.21,39.12
170,5.35,35.19,100,10.12,112.68,8,95.79,Air Leakage,0.96,39.48
171,5.29,35.22,90,10.33,114.64,8,95.72,Air Leakage,1.05,39.45
172,5.22,35.09,80,10.29,112.06,8,95.68,Air Leakage,0.76,39.62
173,5.38,35.19,70,10.38,115.07,8,95.6,Air Leakage,1.09,39.35
174,5.47,35.1,60,10.64,112.05,8,95.53,Air Leakage,1.14,39.6
175,5.51,35.37,50,10.55,116.14,8,95.45,Air Leakage,0.77,39.98
176,5.35,35.36,40,10.11,114.89,8,95.4,Air Leakage,0.71,39.5
177,5.63,35.23,30,10.33,115.61,8,95.36,Air Leakage,0.97,39.56
178,5.5,35.16,20,10.44,111.62,8,95.28,Air Leakage,1.05,40.08
179,5.48,34.95,10,10.92,117.02,8,95.21,Air Leakage,1.27,39.83
180,5.45,35.07,0,10.33,115.45,9,95.14,Air Leakage,1.01,40.45
181,5.57,34.95,10,10.71,111.65,9,95.08,Air Leakage,0.69,40.51
182,5.49,35.11,20,10.14,115.76,9,94.99,Air Leakage,0.88,40.75
183,5.55,35.05,30,10.28,114.52,9,94.94,Air Leakage,0.89,40.65
184,5.6,34.97,40,10.15,111.99,9,94.89,Air Leakage,0.91,40.57
185,5.47,35.1,50,10.21,113.18,9,94.82,Air Leakage,0.57,40.34
186,5.44,35.28,60,10.76,116.03,9,94.75,Air Leakage,0.69,39.6
187,5.6,35.35,70,10.55,116.57,9,94.7,Air Leakage,0.98,39.91
188,5.55,35.48,80,10.47,117.56,9,94.63,Air Leakage,1.01,40.38
189,5.6,35.38,90,10.23,111.16,9,94.56,Air Leakage,1.09,40.4
190,5.56,35.49,100,10.7,111.67,9,94.53,Air Leakage,0.95,40.64
191,5.48,35.38,90,9.87,112.75,9,94.45,Air Leakage,0.9,40.96
192,5.33,35.35,80,10.27,113.91,9,94.4,Air Leakage,0.94,41.04
193,5.36,35.31,70,9.96,112.91,9,94.35,Air Leakage,0.75,41.47
194,5.42,35.31,60,10.68,114.34,9,94.29,Air Leakage,0.67,41.75
195,5.42,35.41,50,10.78,115.98,9,94.24,Air Leakage,1.1,41.3
196,5.64,35.46,40,10.28,114.72,9,94.17,Air Leakage,0.74,41.19
197,5.44,35.5,30,10.17,112.61,9,94.14,Air Leakage,0.77,41.52
198,5.39,35.5,20,10.39,117.72,9,94.07,Air Leakage,0.89,41.47
199,5.57,35.42,10,10.35,114.52,9,93.99,Air Leakage,0.79,41.12
200,5.51,35.46,0,9.88,114.06,10,93.91,Air Leakage,0.99,40.88
201,5.52,35.39,10,10.56,114.98,10,93.87,Air Leakage,0.91,40.06
202,5.29,35.37,20,10.21,115.71,10,93.82,Air Leakage,0.82,39.52
203,5.35,35.41,30,10.65,115.2,10,93.77,Air Leakage,1.11,39.97
204,5.46,35.49,40,10.41,114.18,10,93.69,Air Leakage,1.23,39.76
205,5.37,35.75,50,10.18,117.8,10,93.65,Air Leakage,1.01,39.27
206,5.32,35.81,60,10.15,114.41,10,93.61,Air Leakage,1.11,38.98
207,5.58,35.93,70,10.65,116.62,10,93.54,Air Leakage,0.86,39.65
208,5.31,35.7,80,10.59,111.82,10,93.48,Air Leakage,0.78,40.26
209,5.52,35.56,90,10.86,113.47,10,93.42,Air Leakage,0.94,40.44
210,5.26,35.25,100,10.27,115.04,10,93.34,Air Leakage,0.98,40.12
211,5.4,35.25,90,10.08,113.6,10,93.29,Air Leakage,1.12,40.07
212,5.29,35.29,80,10.3,113.42,10,93.22,Air Leakage,0.82,39.9
213,5.6,35.37,70,10.2,115.52,10,93.15,Air Leakage,0.99,39.82
214,5.44,35.34,60,10.21,112.42,10,93.07,Air Leakage,0.83,40.01
215,5.32,35.29,50,10.3,111.54,10,93.01,Air Leakage,0.83,40.54
216,5.4,35.2,40,10.49,116.69,10,92.94,Air Leakage,0.69,40.64
217,5.5,35.35,30,10.59,114.35,10,92.89,Air Leakage,1.01,40.62
218,5.59,35.65,20,10.64,115.01,10,92.85,Air Leakage,0.6,40.39
219,5.39,35.66,10,10.76,113.74,10,92.8,Air Leakage,0.97,40.63
220,5.29,35.64,0,10.22,115.53,11,92.74,Air Leakage,0.78,41.18
221,5.42,35.63,10,9.93,112.84,11,92.66,Air Leakage,0.94,41.3
222,5.45,35.93,20,10.57,113.65,11,92.6,Air Leakage,0.69,41.5
223,5.56,36.07,30,10.47,114.6,11,92.52,Air Leakage,0.8,41.59
224,5.37,36.35,40,9.86,114.92,11,92.44,Air Leakage,0.77,41.95
225,5.6,35.98,50,10.69,115.28,11,92.37,Air Leakage,0.97,42.26
226,5.37,35.74,60,10.04,114.75,11,92.3,Air Leakage,0.74,41.91
227,5.48,35.76,70,10.01,114.4,11,92.27,Air Leakage,0.98,41.66
228,5.33,35.64,80,10.17,113.72,11,92.22,Air Leakage,1.21,41.55
229,5.53,35.56,90,10.35,114.71,11,92.15,Air Leakage,1.21,41.68
230,5.3,35.52,100,10.57,113.63,11,92.11,Air Leakage,0.82,42.0
231,5.4,35.52,90,10.28,114.46,11,92.05,Air Leakage,1.29,42.32
232,5.32,35.49,80,10.78,116.83,11,92.0,Air Leakage,0.95,41.38
233,5.32,35.46,70,10.77,116.22,11,91.92,Air Leakage,0.78,40.62
234,5.31,35.39,60,10.72,114.05,11,91.86,Air Leakage,0.61,40.14
235,5.29,35.5,50,10.69,115.09,11,91.8,Air Leakage,0.89,39.84
236,5.4,35.61,40,10.28,116.22,11,91.76,Air Leakage,1.03,39.45
237,5.15,35.29,30,10.44,110.34,11,91.69,Air Leakage,1.06,39.77
238,5.51,35.31,20,10.73,115.82,11,91.64,Air Leakage,0.94,39.33
239,5.57,35.31,10,10.44,112.55,11,91.56,Air Leakage,0.76,39.84
240,5.35,35.41,0,10.28,114.57,12,91.5,Air Leakage,0.95,40.49
241,5.45,35.3,10,10.74,111.5,12,91.46,Air Leakage,0.92,40.74
242,5.44,35.47,20,10.69,114.58,12,91.42,Air Leakage,0.7,41.1
243,5.55,35.46,30,10.52,112.07,12,91.38,Air Leakage,1.03,40.65
244,5.42,35.68,40,10.26,115.53,12,91.31,Air Leakage,0.8,40.46
245,5.7,35.68,50,10.01,114.37,12,91.25,Air Leakage,1.15,39.95
246,5.23,35.49,60,9.94,117.4,12,91.21,Air Leakage,0.92,39.96
247,5.42,35.53,70,9.85,115.67,12,91.17,Air Leakage,0.74,40.02
248,5.49,35.49,80,10.71,115.42,12,91.11,Air Leakage,0.71,40.54
249,5.48,35.32,90,10.69,113.12,12,91.07,Air Leakage,1.17,40.63
250,5.56,35.35,100,10.22,117.95,12,91.02,Air Leakage,0.67,40.35
251,5.54,35.43,90,10.12,114.74,12,90.94,Air Leakage,0.97,40.69
252,5.67,35.56,80,10.18,115.64,12,90.89,Air Leakage,0.9,40.67
253,5.35,35.52,70,10.5,118.09,12,90.83,Air Leakage,1.09,40.64
254,5.33,35.52,60,10.35,115.25,12,90.77,Air Leakage,0.79,40.29
255,5.4,35.53,50,10.73,114.48,12,90.72,Air Leakage,0.96,40.01
256,5.34,35.47,40,10.56,114.17,12,90.65,Air Leakage,0.78,40.23
257,5.41,35.3,30,10.59,114.33,12,90.61,Air Leakage,0.88,40.24
258,5.3,35.33,20,10.36,119.03,12,90.54,Air Leakage,1.07,39.94
259,5.19,35.38,10,10.23,114.72,12,90.47,Air Leakage,1.06,40.19
260,5.57,35.1,0,10.48,110.77,13,90.38,Air Leakage,0.62,39.72
261,5.5,35.08,10,10.59,117.7,13,90.32,Air Leakage,1.22,39.45
262,5.43,34.83,20,10.46,115.5,13,90.26,Air Leakage,0.66,40.02
263,5.49,35.22,30,10.28,115.49,13,90.2,Air Leakage,0.78,39.92
264,5.27,35.32,40,10.16,113.93,13,90.13,Air Leakage,0.64,39.68
265,5.31,35.34,50,10.25,110.76,13,90.07,Air Leakage,0.77,39.52
266,5.46,35.49,60,10.62,114.95,13,90.03,Air Leakage,0.85,39.98
267,5.29,35.68,70,10.39,112.41,13,89.97,Air Leakage,0.6,39.27
268,5.33,35.75,80,10.45,113.75,13,89.93,Air Leakage,0.99,39.76
269,5.58,35.81,90,10.63,116.42,13,89.86,Air Leakage,0.82,39.16
270,5.41,35.77,100,10.16,117.24,13,89.78,Air Leakage,0.97,39.41
271,5.37,35.73,90,10.59,112.36,13,89.7,Air Leakage,0.75,39.89
272,5.6,35.68,80,10.46,114.51,13,89.66,Air Leakage,1.0,39.7
273,5.49,35.49,70,9.98,112.41,13,89.61,Air Leakage,1.12,40.18
274,5.3,35.42,60,10.55,113.11,13,89.54,Air Leakage,0.62,40.09
275,5.37,35.43,50,10.33,111.2,13,89.49,Air Leakage,0.94,40.4
276,5.47,35.49,40,10.62,115.19,13,89.43,Air Leakage,0.82,40.72
277,5.45,35.67,30,10.05,117.84,13,89.38,Air Leakage,1.0,40.77
278,5.39,35.8,20,10.33,118.66,13,89.33,Air Leakage,1.02,40.4
279,5.23,36.0,10,10.39,111.61,13,89.27,Air Leakage,0.81,39.79
280,5.37,35.87,0,10.69,114.83,14,89.2,Air Leakage,0.98,39.93
281,5.41,35.72,10,10.59,113.67,14,89.16,Air Leakage,0.9,40.45
282,5.61,35.68,20,10.49,115.21,14,89.08,Air Leakage,1.05,39.72
283,5.67,35.71,30,10.42,117.94,14,89.02,Air Leakage,0.9,39.45
284,5.63,35.72,40,10.37,113.51,14,88.96,Air Leakage,0.97,39.02
285,5.72,35.79,50,10.74,117.26,14,88.9,Air Leakage,0.7,39.35
286,5.31,35.63,60,10.0,116.37,14,88.83,Air Leakage,1.2,39.07
287,5.62,35.36,70,10.33,112.62,14,88.78,Air Leakage,1.15,38.6
288,5.35,35.26,80,10.21,117.06,14,88.71,Air Leakage,0.61,38.84
289,5.4,35.31,90,10.1,115.03,14,88.66,Air Leakage,0.92,38.46
290,5.47,35.45,100,10.38,117.77,14,88.6,Air Leakage,1.26,38.91
291,5.12,35.55,90,10.2,114.89,14,88.54,Air Leakage,1.14,38.56
292,5.42,35.51,80,10.12,116.73,14,88.51,Air Leakage,1.2,39.27
293,5.36,35.49,70,10.17,117.63,14,88.43,Air Leakage,0.8,38.76
294,5.33,35.28,60,10.53,115.4,14,88.37,Air Leakage,1.06,39.05
295,5.36,35.39,50,10.74,115.57,14,88.33,Air Leakage,1.22,38.97
296,5.41,35.48,40,10.83,113.43,14,88.27,Air Leakage,1.08,39.2
297,5.27,35.53,30,10.52,117.54,14,88.21,Air Leakage,1.0,39.52
298,5.46,35.32,20,10.16,112.75,14,88.17,Air Leakage,0.89,39.02
299,5.55,35.31,10,10.71,114.78,14,88.1,Air Leakage,1.15,39.03
300,5.32,35.44,0,10.24,112.98,15,88.04,Air Leakage,1.11,39.12
301,5.43,35.64,10,9.94,115.98,15,87.97,Air Leakage,0.98,38.56
302,5.22,35.8,20,9.99,113.86,15,87.9,Air Leakage,0.59,38.48
303,5.68,35.7,30,10.44,115.43,15,87.83,Air Leakage,1.07,38.01
304,5.42,35.51,40,10.03,115.0,15,87.78,Air Leakage,1.01,38.67
305,5.22,35.41,50,10.21,115.13,15,87.72,Air Leakage,0.83,38.57
306,5.25,35.55,60,10.73,117.44,15,87.64,Air Leakage,0.9,38.22
307,5.41,35.43,70,10.84,116.48,15,87.61,Air Leakage,0.79,38.38
308,5.51,35.48,80,10.69,118.92,15,87.54,Air Leakage,0.75,37.82
309,5.3,35.31,90,10.25,115.09,15,87.47,Air Leakage,0.85,38.17
310,5.38,35.29,100,10.01,117.44,15,87.4,Air Leakage,1.12,38.51
311,5.51,35.2,90,10.73,112.44,15,87.36,Air Leakage,0.77,38.89
312,5.32,35.35,80,10.05,113.77,15,87.28,Air Leakage,0.99,38.44
313,5.2,35.48,70,10.33,115.0,15,87.21,Air Leakage,0.83,38.57
314,5.26,35.41,60,10.74,117.31,15,87.13,Air Leakage,0.78,38.38
315,5.38,35.49,50,10.73,116.59,15,87.08,Air Leakage,0.97,38.08
316,5.17,35.4,40,10.59,114.13,15,87.03,Air Leakage,0.65,38.15
317,5.51,35.59,30,10.3,118.51,15,86.99,Air Leakage,0.7,38.49
318,5.35,35.58,20,10.15,113.48,15,86.96,Air Leakage,0.95,37.94
319,5.3,35.72,10,10.42,112.06,15,86.9,Air Leakage,0.76,38.35
320,5.17,35.67,0,10.01,113.01,16,86.83,Air Leakage,1.2,38.86
321,5.5,35.38,10,9.96,116.58,16,86.76,Air Leakage,0.64,39.09
322,5.6,35.32,20,10.41,112.51,16,86.67,Air Leakage,0.69,38.69
323,5.42,35.32,30,10.27,116.45,16,86.63,Air Leakage,0.69,38.8
324,5.38,35.27,40,10.38,113.97,16,86.56,Air Leakage,0.72,38.4
325,5.38,35.17,50,10.39,115.98,16,86.52,Air Leakage,0.99,38.65
326,5.36,35.38,60,10.31,115.5,16,86.47,Air Leakage,1.01,39.15
327,5.39,35.54,70,10.82,114.89,16,86.43,Air Leakage,0.62,38.5
328,5.19,35.71,80,9.99,118.86,16,86.39,Air Leakage,0.99,38.36
329,5.62,35.69,90,10.11,116.23,16,86.31,Air Leakage,0.79,38.75
330,5.34,35.65,100,10.11,117.22,16,86.23,Air Leakage,0.79,38.14
331,5.39,35.43,90,10.82,112.3,16,86.18,Air Leakage,1.2,37.63
332,5.28,35.33,80,10.06,114.27,16,86.12,Air Leakage,1.08,37.77
333,5.37,35.25,70,10.36,114.81,16,86.07,Air Leakage,1.06,38.08
334,5.56,35.35,60,10.67,116.24,16,86.02,Air Leakage,0.86,38.83
335,5.32,35.28,50,10.48,116.8,16,85.96,Air Leakage,0.75,38.97
336,5.43,35.31,40,10.76,115.17,16,85.88,Air Leakage,0.79,39.56
337,5.17,35.5,30,10.75,115.96,16,85.83,Air Leakage,0.89,39.58
338,5.43,35.51,20,10.79,116.79,16,85.8,Air Leakage,0.89,39.97
339,5.21,35.48,10,10.32,116.33,16,85.74,Air Leakage,0.9,40.24
340,5.45,35.41,0,10.54,113.82,17,85.66,Air Leakage,1.21,40.25
341,5.18,35.45,10,10.41,112.71,17,85.59,Air Leakage,1.16,40.02
342,5.36,35.51,20,10.24,117.36,17,85.51,Air Leakage,0.97,39.32
343,5.58,35.51,30,10.2,119.26,17,85.47,Air Leakage,1.22,39.17
344,5.37,35.48,40,10.72,117.08,17,85.41,Air Leakage,0.83,39.56
345,5.28,35.63,50,10.53,117.64,17,85.36,Air Leakage,0.82,39.11
346,5.36,35.53,60,9.93,114.91,17,85.31,Air Leakage,0.94,38.98
347,5.32,35.48,70,10.53,112.15,17,85.24,Air Leakage,0.85,38.91
348,5.38,35.41,80,10.44,115.51,17,85.17,Air Leakage,1.06,38.54
349,5.19,35.27,90,10.0,114.54,17,85.13,Air Leakage,0.83,38.14
350,5.32,35.32,100,10.25,118.48,17,85.07,Air Leakage,1.07,38.69
351,5.4,35.36,90,10.62,115.88,17,85.02,Air Leakage,0.63,38.47
352,5.45,35.29,80,10.25,117.47,17,84.98,Air Leakage,1.0,39.14
353,5.56,35.24,70,9.98,114.08,17,84.92,Air Leakage,1.17,38.94
354,5.32,35.26,60,10.71,114.39,17,84.87,Air Leakage,1.14,38.89
355,5.45,35.37,50,10.09,118.16,17,84.82,Air Leakage,0.67,38.22
356,5.39,35.38,40,10.62,111.92,17,84.75,Air Leakage,0.8,37.9
357,5.49,35.5,30,10.46,114.21,17,84.7,Air Leakage,0.62,38.15
358,5.54,35.42,20,10.65,118.88,17,84.63,Air Leakage,0.84,38.87
359,5.39,35.6,10,10.6,117.72,17,84.58,Air Leakage,0.76,39.04
360,5.5,35.53,0,9.93,113.17,18,84.51,Air Leakage,1.3,39.39
361,5.66,35.4,10,10.29,115.02,18,84.44,Air Leakage,0.82,38.79
362,5.49,35.39,20,10.7,115.42,18,84.37,Air Leakage,1.23,38.77
363,5.55,35.33,30,10.17,115.66,18,84.32,Air Leakage,1.01,38.85
364,5.35,35.3,40,10.39,114.98,18,84.26,Air Leakage,0.8,38.92
365,5.41,35.29,50,10.46,115.43,18,84.2,Air Leakage,0.92,38.59
366,5.37,35.23,60,10.11,112.02,18,84.12,Air Leakage,0.72,38.68
367,5.67,35.21,70,9.96,114.51,18,84.06,Air Leakage,0.95,38.05
368,5.33,35.26,80,10.08,117.69,18,84.03,Air Leakage,0.72,38.41
369,5.59,35.28,90,10.38,118.97,18,83.94,Air Leakage,0.87,39.13
370,5.36,35.15,100,10.41,116.53,18,83.9,Air Leakage,0.92,39.74
371,5.13,35.25,90,10.6,114.38,18,83.85,Air Leakage,0.66,39.6
372,5.53,35.23,80,10.07,116.97,18,83.79,Air Leakage,0.81,39.57
373,5.31,35.21,70,10.5,117.82,18,83.73,Air Leakage,0.92,39.74
374,5.3,35.34,60,10.06,114.42,18,83.67,Air Leakage,1.12,39.78
375,5.4,35.5,50,10.43,118.37,18,83.6,Air Leakage,1.07,40.12
376,5.3,35.41,40,9.97,112.24,18,83.56,Air Leakage,0.56,40.41
377,5.64,35.29,30,10.14,113.78,18,83.48,Air Leakage,1.18,39.66
378,5.31,35.45,20,10.59,115.79,18,83.4,Air Leakage,1.03,40.08
379,5.48,35.54,10,10.44,112.53,18,83.33,Air Leakage,0.92,39.41
380,5.34,35.57,0,10.5,115.71,19,83.25,Air Leakage,0.84,39.77
381,5.33,35.57,10,10.61,117.39,19,83.18,Air Leakage,0.88,40.28
382,5.61,35.35,20,10.49,110.51,19,83.13,Air Leakage,1.14,39.99
383,5.52,35.26,30,10.38,116.83,19,83.08,Air Leakage,0.81,40.31
384,5.45,35.37,40,10.39,115.08,19,83.04,Air Leakage,0.93,39.87
385,5.39,35.66,50,10.75,114.33,19,82.97,Air Leakage,0.81,40.01
386,5.62,35.59,60,10.48,115.92,19,82.89,Air Leakage,0.73,40.43
387,5.65,35.65,70,10.32,112.42,19,82.83,Air Leakage,1.02,40.99
388,5.47,35.59,80,10.56,112.26,19,82.78,Air Leakage,0.75,40.75
389,5.53,35.43,90,10.15,112.84,19,82.7,Air Leakage,0.77,40.88
390,5.35,35.43,100,10.44,112.06,19,82.63,Air Leakage,0.91,40.91
391,5.32,35.53,90,10.42,113.35,19,82.54,Air Leakage,0.91,40.48
392,5.66,35.46,80,10.12,115.68,19,82.5,Air Leakage,0.84,40.64
393,5.34,35.37,70,10.58,111.73,19,82.45,Air Leakage,0.99,40.75
394,5.53,35.4,60,10.35,117.59,19,82.38,Air Leakage,1.11,40.75
395,5.49,35.57,50,10.64,114.82,19,82.33,Air Leakage,1.07,40.42
396,5.27,35.59,40,10.19,116.12,19,82.27,Air Leakage,0.92,40.1
397,5.49,35.82,30,10.55,113.39,19,82.19,Air Leakage,0.81,39.95
398,5.58,35.59,20,10.28,113.95,19,82.11,Air Leakage,0.87,40.11
399,5.61,35.82,10,10.39,117.39,19,82.05,Air Leakage,0.9,39.75
400,5.24,35.76,0,10.0,111.96,20,82.0,Air Leakage,0.77,39.84
401,5.17,30.23,10,9.94,125.66,0,100.0,Healthy,0.44,16.27
402,5.36,30.41,20,9.99,122.86,0,100.0,Healthy,0.33,18.8
403,5.29,30.7,30,9.87,123.74,0,99.99,Healthy,0.43,20.78
404,5.36,30.79,40,9.97,124.29,0,99.99,Healthy,0.53,22.67
405,5.4,30.87,50,10.01,122.84,0,99.99,Healthy,0.37,24.34
406,5.41,30.95,60,9.95,122.28,0,99.98,Healthy,0.43,26.0
407,5.49,31.2,70,9.73,122.83,0,99.98,Healthy,0.48,27.01
408,5.38,31.3,80,10.06,122.24,0,99.98,Healthy,0.43,27.93
409,5.56,31.4,90,10.15,118.88,0,99.97,Healthy,0.43,29.42
410,5.57,31.62,100,10.01,122.83,0,99.97,Healthy,0.42,30.06
411,5.56,31.72,90,9.76,122.19,0,99.97,Healthy,0.51,30.9
412,5.53,31.82,80,10.09,118.14,0,99.97,Healthy,0.39,31.95
413,5.64,32.13,70,10.03,117.43,0,99.97,Healthy,0.4,32.49
414,5.46,32.3,60,10.07,118.51,0,99.96,Healthy,0.49,32.92
415,5.47,32.58,50,10.11,117.5,0,99.96,Healthy,0.5,32.81
416,5.47,32.75,40,9.94,117.89,0,99.96,Healthy,0.5,33.92
417,5.52,32.92,30,9.97,119.66,0,99.95,Healthy,0.38,34.76
418,5.5,32.95,20,9.95,119.46,0,99.95,Healthy,0.39,34.96
419,5.61,32.92,10,10.14,119.66,0,99.95,Healthy,0.53,35.36
420,5.66,32.94,0,10.3,121.45,1,99.95,Healthy,0.5,35.66
421,5.6,33.04,10,9.74,119.05,1,99.94,Healthy,0.51,36.65
422,5.69,33.02,20,10.34,116.14,1,99.94,Healthy,0.52,37.02
423,5.77,33.09,30,9.94,117.63,1,99.94,Healthy,0.52,37.63
424,5.72,33.13,40,9.87,118.54,1,99.94,Healthy,0.37,37.47
425,5.69,33.18,50,9.67,116.76,1,99.93,Healthy,0.45,37.94
426,5.7,33.34,60,9.99,118.86,1,99.93,Healthy,0.5,38.47
427,5.73,33.47,70,10.23,117.24,1,99.93,Healthy,0.45,38.43
428,5.75,33.58,80,10.27,117.41,1,99.92,Healthy,0.44,38.76
429,5.76,33.66,90,10.05,117.53,1,99.92,Healthy,0.58,38.99
430,5.56,33.61,100,9.94,118.13,1,99.92,Healthy,0.48,38.77
431,5.58,33.7,90,10.2,119.6,1,99.92,Healthy,0.48,38.54
432,5.6,33.72,80,10.3,119.35,1,99.91,Healthy,0.56,38.61
433,5.79,33.81,70,10.12,116.21,1,99.91,Healthy,0.49,39.12
434,5.77,33.75,60,10.13,118.7,1,99.91,Healthy,0.48,38.45
435,5.63,33.84,50,10.05,117.21,1,99.91,Healthy,0.45,38.75
436,5.66,33.78,40,9.73,116.45,1,99.9,Healthy,0.38,38.55
437,5.63,33.82,30,9.87,116.51,1,99.9,Healthy,0.44,38.21
438,5.63,33.82,20,9.96,116.38,1,99.9,Healthy,0.53,38.46
439,5.59,33.92,10,10.07,118.7,1,99.9,Healthy,0.54,38.43
440,5.73,34.04,0,10.12,118.26,2,99.9,Healthy,0.56,38.96
441,5.79,34.07,10,9.98,117.74,2,99.9,Healthy,0.55,39.43
442,5.77,34.01,20,10.08,120.13,2,99.9,Healthy,0.54,39.04
443,5.68,33.98,30,9.67,117.79,2,99.89,Healthy,0.49,39.61
444,5.61,34.07,40,9.72,119.46,2,99.89,Healthy,0.46,39.74
445,5.67,34.07,50,9.94,118.47,2,99.89,Healthy,0.61,39.76
446,5.73,34.12,60,10.2,117.43,2,99.88,Healthy,0.51,40.17
447,5.79,34.12,70,10.05,117.87,2,99.88,Healthy,0.49,39.51
448,5.79,34.17,80,9.7,116.11,2,99.88,Healthy,0.56,39.05
449,5.59,34.22,90,10.22,119.93,2,99.87,Healthy,0.53,39.3
450,5.68,34.11,100,9.92,118.52,2,99.87,Healthy,0.54,38.82
451,5.64,34.18,90,10.31,117.63,2,99.87,Healthy,0.46,39.45
452,5.68,34.15,80,9.74,116.74,2,99.87,Healthy,0.51,40.12
453,5.68,34.07,70,10.25,119.48,2,99.87,Healthy,0.55,40.52
454,5.68,34.06,60,10.03,118.54,2,99.86,Healthy,0.43,40.26
455,5.63,34.0,50,10.35,118.43,2,99.86,Pressure Drop,0.41,40.67
456,5.69,33.98,40,10.2,118.14,2,99.86,Pressure Drop,0.43,40.45
457,5.64,34.01,30,10.0,117.0,2,99.86,Pressure Drop,0.48,40.85
458,5.82,34.02,20,10.34,118.78,2,99.86,Pressure Drop,0.42,41.06
459,5.67,34.13,10,9.68,116.44,2,99.86,Pressure Drop,0.52,41.35
460,5.8,34.15,0,10.17,118.69,3,99.85,Pressure Drop,0.42,40.54
461,5.67,34.07,10,10.24,116.61,3,99.85,Pressure Drop,0.47,39.86
462,5.63,34.15,20,10.14,117.51,3,99.84,Pressure Drop,0.6,40.26
463,5.63,34.07,30,9.94,117.97,3,99.84,Pressure Drop,0.57,40.57
464,5.76,34.15,40,10.0,116.83,3,99.83,Pressure Drop,0.53,40.82
465,5.56,34.28,50,10.26,117.94,3,99.83,Pressure Drop,0.5,40.96
466,5.74,34.23,60,10.15,117.51,3,99.83,Pressure Drop,0.52,41.22
467,5.68,34.14,70,9.77,116.1,3,99.82,Pressure Drop,0.45,40.52
468,5.72,34.26,80,9.7,118.08,3,99.81,Pressure Drop,0.56,39.9
469,5.63,34.29,90,9.94,119.08,3,99.8,Pressure Drop,0.5,40.45
470,5.64,34.29,100,9.98,119.29,3,99.79,Pressure Drop,0.48,40.04
471,5.56,34.24,90,10.01,115.93,3,99.78,Pressure Drop,0.63,39.43
472,5.63,34.18,80,10.26,117.3,3,99.77,Pressure Drop,0.66,39.53
473,5.72,34.15,70,9.89,118.21,3,99.76,Pressure Drop,0.56,39.62
474,5.54,34.04,60,9.64,116.76,3,99.75,Pressure Drop,0.62,39.81
475,5.7,33.96,50,10.03,117.03,3,99.75,Pressure Drop,0.61,39.35
476,5.51,34.01,40,9.67,119.0,3,99.74,Pressure Drop,0.59,39.75
477,5.65,34.07,30,10.28,114.99,3,99.73,Pressure Drop,0.48,39.94
478,5.55,34.0,20,9.94,118.05,3,99.72,Pressure Drop,0.63,40.34
479,5.74,34.05,10,10.18,118.49,3,99.7,Pressure Drop,0.54,39.76
480,5.52,34.13,0,10.23,118.11,4,99.69,Pressure Drop,0.47,39.09
481,5.69,34.14,10,10.06,115.52,4,99.67,Pressure Drop,0.55,39.54
482,5.68,34.1,20,9.87,114.68,4,99.65,Pressure Drop,0.49,39.71
483,5.57,34.13,30,9.76,118.24,4,99.64,Pressure Drop,0.71,39.91
484,5.72,34.18,40,10.11,114.71,4,99.63,Pressure Drop,0.73,39.64
485,5.57,34.24,50,10.05,115.74,4,99.61,Pressure Drop,0.52,39.37
486,5.5,34.18,60,10.23,116.07,4,99.6,Pressure Drop,0.46,39.92
487,5.67,34.13,70,9.89,115.15,4,99.58,Pressure Drop,0.65,39.37
488,5.69,34.14,80,9.91,119.28,4,99.56,Pressure Drop,0.65,38.8
489,5.5,34.29,90,9.96,115.11,4,99.54,Pressure Drop,0.49,38.97
490,5.56,34.3,100,10.0,114.36,4,99.52,Pressure Drop,0.71,38.94
491,5.66,34.37,90,9.57,116.75,4,99.5,Pressure Drop,0.72,39.48
492,5.55,34.25,80,9.58,115.86,4,99.49,Pressure Drop,0.77,40.02
493,5.66,34.21,70,10.24,114.4,4,99.47,Pressure Drop,0.68,40.6
494,5.54,34.23,60,9.89,119.11,4,99.45,Pressure Drop,0.7,40.14
495,5.51,34.11,50,9.91,117.12,4,99.43,Pressure Drop,0.72,39.47
496,5.51,34.01,40,10.15,116.85,4,99.4,Pressure Drop,0.75,40.08
497,5.63,34.05,30,9.79,118.59,4,99.38,Pressure Drop,0.47,40.05
498,5.61,34.1,20,9.84,114.95,4,99.36,Pressure Drop,0.56,40.63
499,5.54,34.21,10,9.91,119.27,4,99.33,Pressure Drop,0.56,40.07
500,5.66,34.16,0,10.08,114.9,5,99.31,Pressure Drop,0.54,40.49
501,5.56,34.14,10,9.95,115.2,5,99.28,Pressure Drop,0.71,40.19
502,5.47,34.13,20,10.05,116.56,5,99.26,Pressure Drop,0.83,40.79
503,5.63,34.07,30,9.67,116.97,5,99.24,Pressure Drop,0.65,41.0
504,5.61,34.1,40,9.58,116.57,5,99.21,Pressure Drop,0.72,41.49
505,5.52,34.08,50,10.09,114.58,5,99.17,Pressure Drop,0.65,41.12
506,5.6,34.09,60,10.11,118.91,5,99.14,Pressure Drop,0.75,41.41
507,5.69,34.12,70,10.08,113.53,5,99.11,Pressure Drop,0.69,40.64
508,5.46,34.08,80,10.2,118.58,5,99.09,Pressure Drop,0.77,40.62
509,5.73,34.14,90,9.88,114.9,5,99.06,Pressure Drop,0.66,40.74
510,5.59,34.01,100,9.83,117.39,5,99.04,Pressure Drop,0.64,41.15
511,5.49,34.04,90,9.78,117.92,5,99.01,Pressure Drop,0.55,40.54
512,5.6,34.07,80,10.19,116.63,5,98.98,Pressure Drop,0.61,40.51
513,5.57,34.06,70,10.12,113.64,5,98.95,Pressure Drop,0.62,40.4
514,5.46,34.24,60,9.9,113.93,5,98.92,Pressure Drop,0.87,40.68
515,5.66,34.15,50,9.61,118.2,5,98.88,Pressure Drop,0.67,40.35
516,5.59,34.04,40,10.14,114.52,5,98.85,Pressure Drop,0.65,39.69
517,5.71,34.05,30,9.62,116.86,5,98.82,Pressure Drop,0.62,40.06
518,5.53,34.21,20,9.99,114.22,5,98.79,Pressure Drop,0.58,40.33
519,5.42,34.24,10,10.09,115.5,5,98.77,Pressure Drop,0.61,39.85
520,5.43,34.3,0,9.69,114.2,6,98.74,Pressure Drop,0.69,40.5
521,5.62,34.5,10,9.86,114.44,6,98.71,Pressure Drop,0.55,41.07
522,5.49,34.45,20,10.06,112.5,6,98.68,Pressure Drop,0.57,40.39
523,5.59,34.54,30,9.6,117.79,6,98.65,Pressure Drop,0.69,40.44
524,5.55,34.55,40,9.87,114.07,6,98.63,Pressure Drop,0.51,40.5
525,5.73,34.51,50,9.87,115.69,6,98.59,Pressure Drop,0.82,40.67
526,5.57,34.51,60,9.78,116.17,6,98.55,Pressure Drop,0.78,40.55
527,5.6,34.51,70,10.08,114.65,6,98.51,Pressure Drop,0.76,39.81
528,5.37,34.53,80,10.09,115.97,6,98.49,Pressure Drop,0.67,39.87
529,5.56,34.59,90,10.07,113.41,6,98.45,Pressure Drop,0.73,40.31
530,5.64,34.56,100,9.57,113.4,6,98.41,Pressure Drop,0.73,40.37
531,5.71,34.58,90,9.74,115.2,6,98.37,Pressure Drop,0.88,40.41
532,5.46,34.68,80,9.9,118.33,6,98.32,Pressure Drop,0.79,40.14
533,5.56,34.54,70,9.64,113.86,6,98.29,Pressure Drop,0.75,39.51
534,5.48,34.56,60,9.89,115.5,6,98.23,Pressure Drop,0.82,39.56
535,5.48,34.58,50,10.15,115.13,6,98.2,Pressure Drop,0.76,39.88
536,5.51,34.69,40,9.83,113.39,6,98.17,Pressure Drop,0.57,40.11
537,5.4,34.62,30,9.64,118.37,6,98.12,Pressure Drop,0.65,39.51
538,5.29,34.66,20,10.19,117.3,6,98.08,Pressure Drop,0.76,39.72
539,5.3,34.58,10,10.06,116.25,6,98.05,Pressure Drop,0.8,39.92
540,5.44,34.54,0,9.53,117.36,7,97.99,Pressure Drop,0.66,40.41
541,5.46,34.6,10,9.93,114.43,7,97.95,Pressure Drop,0.99,40.25
542,5.5,34.68,20,9.41,116.69,7,97.92,Pressure Drop,0.76,40.48
543,5.48,34.8,30,9.97,113.21,7,97.86,Pressure Drop,0.77,41.04
544,5.31,34.89,40,10.14,118.43,7,97.82,Pressure Drop,0.97,40.54
545,5.48,34.97,50,9.99,117.26,7,97.78,Pressure Drop,0.96,40.33
546,5.36,34.93,60,9.91,116.33,7,97.72,Pressure Drop,0.57,39.59
547,5.51,35.01,70,10.02,116.63,7,97.68,Pressure Drop,0.85,40.04
548,5.22,35.1,80,9.99,116.67,7,97.65,Pressure Drop,0.86,39.87
549,5.4,34.99,90,9.65,115.76,7,97.6,Pressure Drop,0.66,40.11
550,5.42,35.14,100,9.98,114.46,7,97.56,Pressure Drop,0.89,40.3
551,5.38,35.09,90,9.66,113.35,7,97.53,Pressure Drop,0.72,40.48
552,5.56,35.05,80,10.06,117.33,7,97.46,Pressure Drop,0.75,40.14
553,5.51,34.86,70,9.95,116.16,7,97.41,Pressure Drop,0.91,40.7
554,5.42,34.61,60,10.22,117.88,7,97.35,Pressure Drop,0.62,40.26
555,5.61,34.62,50,9.72,115.02,7,97.32,Pressure Drop,1.05,40.54
556,5.63,34.51,40,10.09,111.41,7,97.28,Pressure Drop,0.93,40.94
557,5.61,34.57,30,9.92,113.12,7,97.24,Pressure Drop,0.77,40.62
558,5.49,34.62,20,9.99,115.74,7,97.19,Pressure Drop,0.97,41.07
559,5.56,34.73,10,9.79,116.0,7,97.15,Pressure Drop,0.9,41.19
560,5.34,34.72,0,10.12,114.34,8,97.12,Pressure Drop,0.92,41.7
561,5.42,34.61,10,9.85,112.62,8,97.06,Pressure Drop,1.03,40.92
562,5.29,34.77,20,9.91,113.43,8,97.0,Pressure Drop,0.77,41.01
563,5.47,34.81,30,9.79,117.35,8,96.94,Pressure Drop,0.82,40.85
564,5.29,34.64,40,9.92,115.97,8,96.89,Pressure Drop,0.94,40.25
565,5.45,34.54,50,9.48,112.16,8,96.84,Pressure Drop,0.69,39.9
566,5.32,34.51,60,9.65,112.94,8,96.8,Pressure Drop,0.77,39.32
567,5.38,34.51,70,9.71,112.96,8,96.75,Pressure Drop,0.68,39.98
568,5.35,34.56,80,10.18,114.48,8,96.72,Pressure Drop,0.79,40.2
569,5.26,34.65,90,9.44,117.39,8,96.67,Pressure Drop,0.84,39.46
570,5.24,34.57,100,9.49,111.85,8,96.61,Pressure Drop,0.74,39.4
571,5.2,34.65,90,9.89,115.86,8,96.56,Pressure Drop,0.88,38.77
572,5.47,34.76,80,10.09,116.45,8,96.51,Pressure Drop,0.77,38.98
573,5.43,34.76,70,10.03,113.37,8,96.45,Pressure Drop,0.67,39.63
574,5.27,34.94,60,9.61,114.69,8,96.41,Pressure Drop,1.01,39.83
575,5.49,34.9,50,9.43,113.81,8,96.34,Pressure Drop,0.54,40.14
576,5.36,34.73,40,10.02,118.02,8,96.3,Pressure Drop,0.61,39.89
577,5.44,34.75,30,9.6,111.59,8,96.26,Pressure Drop,0.79,39.21
578,5.55,34.86,20,9.98,115.92,8,96.22,Pressure Drop,0.56,38.68
579,5.33,34.82,10,9.56,116.04,8,96.17,Pressure Drop,0.61,38.74
580,5.41,34.71,0,9.66,116.54,9,96.13,Pressure Drop,0.95,38.8
581,5.64,34.41,10,9.94,112.7,9,96.09,Pressure Drop,0.64,38.79
582,5.4,34.52,20,9.87,115.28,9,96.03,Pressure Drop,0.61,38.23
583,5.33,34.38,30,9.88,116.42,9,95.97,Pressure Drop,0.63,38.4
584,5.51,34.4,40,10.22,117.02,9,95.91,Pressure Drop,0.82,38.69
585,5.45,34.45,50,9.78,114.86,9,95.84,Pressure Drop,0.82,38.44
586,5.22,34.46,60,9.83,116.58,9,95.78,Pressure Drop,0.67,37.98
587,5.46,34.53,70,10.15,114.61,9,95.73,Pressure Drop,0.89,38.78
588,5.28,34.41,80,9.79,118.2,9,95.68,Pressure Drop,0.85,38.47
589,5.39,34.5,90,9.9,115.42,9,95.62,Pressure Drop,0.73,38.36
590,5.42,34.58,100,10.05,113.47,9,95.55,Pressure Drop,1.05,37.95
591,5.4,34.48,90,9.42,116.22,9,95.5,Pressure Drop,0.82,38.21
592,5.59,34.55,80,10.13,112.55,9,95.44,Pressure Drop,0.82,37.67
593,5.39,34.7,70,9.99,115.86,9,95.38,Pressure Drop,0.73,38.2
594,5.24,34.86,60,9.71,114.05,9,95.33,Pressure Drop,0.92,38.17
595,5.45,34.85,50,9.84,114.69,9,95.26,Pressure Drop,0.97,38.36
596,5.28,34.83,40,9.94,113.55,9,95.23,Pressure Drop,0.71,37.99
597,5.49,34.7,30,10.16,115.57,9,95.18,Pressure Drop,0.54,38.02
598,5.46,34.58,20,9.72,113.57,9,95.14,Pressure Drop,0.89,37.67
599,5.55,34.55,10,9.82,116.76,9,95.08,Pressure Drop,0.67,38.16
600,5.55,34.58,0,9.97,115.46,10,95.03,Pressure Drop,0.75,37.93
601,5.63,34.62,10,9.86,113.44,10,94.97,Pressure Drop,0.97,38.73
602,5.39,34.62,20,10.05,116.03,10,94.92,Pressure Drop,0.85,38.76
603,5.14,34.55,30,9.91,113.37,10,94.88,Pressure Drop,0.73,38.28
604,5.43,34.56,40,9.67,116.8,10,94.83,Pressure Drop,0.83,38.02
605,5.58,34.65,50,10.13,114.01,10,94.77,Pressure Drop,0.9,38.68
606,5.38,34.65,60,9.48,116.41,10,94.7,Pressure Drop,0.5,39.2
607,5.3,34.74,70,9.94,114.73,10,94.67,Pressure Drop,0.81,39.02
608,5.33,34.74,80,10.06,114.48,10,94.63,Pressure Drop,0.65,39.5
609,5.36,34.8,90,9.5,114.31,10,94.58,Pressure Drop,0.63,39.15
610,5.28,34.91,100,10.19,111.82,10,94.52,Pressure Drop,0.73,39.79
611,5.49,34.79,90,9.74,116.28,10,94.49,Pressure Drop,0.91,39.37
612,5.21,34.68,80,9.66,115.1,10,94.45,Pressure Drop,0.7,39.02
613,5.25,34.75,70,9.63,116.0,10,94.41,Pressure Drop,0.71,38.83
614,5.54,34.85,60,9.48,114.74,10,94.37,Pressure Drop,0.81,38.61
615,5.48,34.87,50,9.55,114.31,10,94.31,Pressure Drop,0.62,38.11
616,5.24,34.87,40,9.69,112.92,10,94.25,Pressure Drop,0.6,38.15
617,5.17,34.84,30,9.96,113.64,10,94.21,Pressure Drop,0.88,38.17
618,5.35,34.83,20,9.39,114.34,10,94.14,Pressure Drop,0.57,38.05
619,5.41,34.91,10,9.92,114.36,10,94.1,Pressure Drop,0.79,38.56
620,5.25,34.87,0,9.69,111.59,11,94.06,Pressure Drop,0.67,39.03
621,5.58,34.79,10,9.81,112.6,11,94.02,Pressure Drop,0.53,38.62
622,5.64,34.7,20,9.88,112.87,11,93.96,Pressure Drop,0.79,38.23
623,5.33,34.77,30,9.55,112.18,11,93.92,Pressure Drop,0.98,37.78
624,5.3,34.73,40,9.67,116.09,11,93.86,Pressure Drop,0.7,38.5
625,5.15,34.77,50,10.11,118.49,11,93.81,Pressure Drop,0.97,38.33
626,5.47,34.73,60,9.77,114.21,11,93.75,Pressure Drop,0.67,38.77
627,5.35,34.89,70,9.52,113.21,11,93.71,Pressure Drop,0.73,38.94
628,5.4,34.88,80,9.72,115.85,11,93.67,Pressure Drop,0.75,38.39
629,5.37,34.86,90,9.64,111.56,11,93.63,Pressure Drop,0.63,38.1
630,5.26,34.91,100,9.55,115.06,11,93.6,Pressure Drop,0.83,37.78
631,5.4,34.88,90,10.03,114.79,11,93.56,Pressure Drop,0.68,37.63
632,5.39,34.83,80,9.75,117.28,11,93.52,Pressure Drop,0.95,38.12
633,5.56,34.64,70,9.65,114.35,11,93.48,Pressure Drop,0.87,38.15
634,5.52,34.73,60,9.58,113.26,11,93.42,Pressure Drop,0.94,38.64
635,5.31,34.55,50,9.76,113.58,11,93.38,Pressure Drop,0.56,39.38
636,5.5,34.59,40,9.56,114.15,11,93.32,Pressure Drop,0.76,39.64
637,5.17,34.53,30,9.45,116.3,11,93.27,Pressure Drop,0.67,39.5
638,5.68,34.58,20,9.98,116.33,11,93.21,Pressure Drop,0.87,39.64
639,5.43,34.48,10,9.82,115.03,11,93.17,Pressure Drop,0.94,40.15
640,5.49,34.55,0,10.01,112.91,12,93.12,Pressure Drop,0.87,39.74
641,5.34,34.38,10,9.94,114.14,12,93.07,Pressure Drop,0.65,39.42
642,5.26,34.37,20,9.86,113.76,12,93.04,Pressure Drop,0.81,39.35
643,5.46,34.36,30,9.87,115.89,12,93.0,Pressure Drop,0.95,39.94
644,5.3,34.21,40,9.94,114.8,12,92.97,Pressure Drop,0.69,39.34
645,5.53,34.24,50,10.09,117.07,12,92.9,Pressure Drop,1.0,39.62
646,5.45,34.55,60,9.49,115.43,12,92.86,Pressure Drop,0.88,39.42
647,5.48,34.51,70,9.53,112.5,12,92.82,Pressure Drop,0.61,38.96
648,5.3,34.34,80,9.78,116.32,12,92.76,Pressure Drop,0.8,38.86
649,5.36,34.3,90,10.03,116.16,12,92.71,Pressure Drop,1.09,38.34
650,5.45,34.36,100,9.67,117.22,12,92.65,Pressure Drop,0.65,38.62
651,5.37,34.39,90,10.22,114.62,12,92.61,Pressure Drop,0.72,38.31
652,5.37,34.44,80,10.06,116.06,12,92.58,Pressure Drop,0.8,38.99
653,5.45,34.57,70,9.59,114.19,12,92.53,Pressure Drop,0.8,39.51
654,5.58,34.64,60,9.63,113.11,12,92.5,Pressure Drop,0.88,38.81
655,5.43,34.56,50,9.99,113.12,12,92.43,Pressure Drop,0.85,39.17
656,5.21,34.61,40,9.7,116.67,12,92.37,Pressure Drop,1.0,39.04
657,5.36,34.55,30,9.95,115.2,12,92.33,Pressure Drop,0.78,39.21
658,5.23,34.68,20,10.01,115.05,12,92.3,Pressure Drop,0.94,38.54
659,5.24,34.64,10,9.81,113.31,12,92.24,Pressure Drop,0.81,39.2
660,5.41,34.69,0,9.59,111.85,13,92.2,Pressure Drop,0.82,39.81
661,5.38,34.79,10,10.09,111.92,13,92.16,Pressure Drop,0.85,39.92
662,5.43,34.87,20,9.71,115.54,13,92.1,Pressure Drop,0.62,40.34
663,5.17,34.74,30,9.91,118.58,13,92.04,Pressure Drop,0.83,40.05
664,5.19,34.64,40,9.75,114.45,13,91.98,Pressure Drop,0.56,40.33
665,5.63,34.63,50,9.81,115.75,13,91.93,Pressure Drop,0.83,39.91
666,5.16,34.35,60,9.62,115.8,13,91.87,Pressure Drop,0.86,40.12
667,5.26,34.38,70,9.62,112.52,13,91.83,Pressure Drop,0.85,40.66
668,5.45,34.46,80,9.76,114.22,13,91.79,Pressure Drop,0.97,40.33
669,5.31,34.37,90,9.72,115.84,13,91.74,Pressure Drop,0.75,40.42
670,5.3,34.36,100,9.63,113.39,13,91.7,Pressure Drop,0.94,40.26
671,5.45,34.57,90,9.75,115.79,13,91.66,Pressure Drop,0.82,39.76
672,5.27,34.53,80,10.04,113.68,13,91.6,Pressure Drop,0.73,39.66
673,5.47,34.6,70,9.64,113.72,13,91.53,Pressure Drop,0.79,40.01
674,5.49,34.7,60,9.88,113.72,13,91.5,Pressure Drop,0.98,40.34
675,5.36,34.75,50,9.89,115.29,13,91.45,Pressure Drop,0.52,39.68
676,5.53,34.77,40,9.67,114.93,13,91.41,Pressure Drop,0.89,40.15
677,5.46,34.83,30,9.74,113.5,13,91.37,Pressure Drop,0.65,40.71
678,5.54,34.89,20,9.67,116.53,13,91.31,Pressure Drop,0.75,41.3
679,5.18,34.95,10,10.03,111.39,13,91.26,Pressure Drop,0.8,41.43
680,5.62,34.81,0,9.65,114.62,14,91.2,Pressure Drop,0.96,41.95
681,5.58,34.79,10,9.89,113.36,14,91.14,Pressure Drop,0.95,42.24
682,5.39,34.93,20,10.05,113.75,14,91.07,Pressure Drop,0.67,42.12
683,5.57,34.97,30,10.15,114.02,14,91.02,Pressure Drop,0.76,42.11
684,5.45,34.92,40,10.05,117.2,14,90.97,Pressure Drop,0.76,42.31
685,5.57,34.95,50,9.88,112.6,14,90.93,Pressure Drop,0.91,41.41
686,5.51,34.79,60,9.52,115.75,14,90.87,Pressure Drop,0.86,41.82
687,5.61,34.68,70,10.13,115.25,14,90.84,Pressure Drop,0.69,41.1
688,5.51,34.58,80,9.52,115.15,14,90.79,Pressure Drop,0.7,41.05
689,5.32,34.62,90,9.82,114.53,14,90.75,Pressure Drop,0.66,41.32
690,5.43,34.59,100,10.15,116.29,14,90.68,Pressure Drop,0.65,40.73
691,5.47,34.68,90,9.59,112.36,14,90.63,Pressure Drop,0.7,40.48
692,5.62,34.76,80,9.74,114.2,14,90.59,Pressure Drop,0.64,40.84
693,5.57,34.86,70,9.74,111.57,14,90.55,Pressure Drop,0.59,40.92
694,5.27,34.95,60,10.03,113.9,14,90.51,Pressure Drop,0.73,41.12
695,5.5,34.95,50,10.25,116.36,14,90.46,Pressure Drop,0.76,40.77
696,5.29,35.07,40,9.92,117.89,14,90.42,Pressure Drop,0.86,40.99
697,5.39,34.87,30,10.11,116.68,14,90.36,Pressure Drop,0.73,40.76
698,5.16,34.89,20,10.01,114.84,14,90.29,Pressure Drop,0.89,40.18
699,5.41,34.95,10,9.7,114.15,14,90.23,Pressure Drop,0.96,40.66
700,5.32,34.97,0,9.89,115.87,15,90.16,Pressure Drop,0.98,41.1
701,5.39,35.01,10,9.66,113.85,15,90.1,Pressure Drop,0.67,40.85
702,5.52,35.01,20,9.69,116.16,15,90.06,Pressure Drop,0.83,40.83
703,5.31,34.88,30,10.21,112.89,15,90.02,Pressure Drop,0.57,40.51
704,5.26,34.9,40,9.85,113.69,15,89.98,Pressure Drop,0.6,40.64
705,5.43,34.67,50,9.5,114.22,15,89.94,Pressure Drop,0.77,40.35
706,5.31,34.69,60,10.03,114.15,15,89.9,Pressure Drop,0.83,40.16
707,5.38,34.6,70,9.69,115.29,15,89.84,Pressure Drop,0.76,39.43
708,5.15,34.62,80,9.9,112.5,15,89.79,Pressure Drop,0.97,39.08
709,5.45,34.73,90,10.29,113.59,15,89.75,Pressure Drop,0.71,39.11
710,5.37,34.62,100,9.68,115.22,15,89.71,Pressure Drop,0.67,38.5
711,5.44,34.35,90,9.51,111.32,15,89.66,Pressure Drop,0.73,38.46
712,5.21,34.49,80,9.52,114.39,15,89.62,Pressure Drop,0.71,38.26
713,5.34,34.44,70,9.52,117.48,15,89.57,Pressure Drop,0.98,38.19
714,5.54,34.61,60,10.15,114.59,15,89.5,Pressure Drop,0.82,38.07
715,5.24,34.54,50,9.97,118.78,15,89.47,Pressure Drop,0.85,38.73
716,5.34,34.56,40,9.83,117.37,15,89.43,Pressure Drop,0.8,38.87
717,5.22,34.6,30,9.59,112.88,15,89.37,Pressure Drop,0.81,38.6
718,5.19,34.54,20,9.39,114.52,15,89.31,Pressure Drop,0.77,38.73
719,5.21,34.5,10,9.7,114.7,15,89.27,Pressure Drop,0.74,38.84
720,5.47,34.48,0,9.49,116.16,16,89.23,Pressure Drop,0.76,39.32
721,5.58,34.59,10,9.89,113.92,16,89.17,Pressure Drop,0.6,39.55
722,5.61,34.55,20,9.54,112.41,16,89.13,Pressure Drop,0.7,39.35
723,5.27,34.53,30,9.63,112.64,16,89.09,Pressure Drop,1.02,39.21
724,5.61,34.25,40,10.1,115.32,16,89.05,Pressure Drop,0.91,38.55
725,5.38,34.23,50,10.06,114.06,16,89.0,Pressure Drop,0.64,38.95
726,5.59,34.26,60,9.43,115.78,16,88.96,Pressure Drop,0.74,38.46
727,5.5,34.2,70,10.2,114.88,16,88.89,Pressure Drop,0.76,39.06
728,5.45,34.23,80,9.99,112.53,16,88.86,Pressure Drop,0.95,39.68
729,5.63,34.36,90,10.01,117.4,16,88.8,Pressure Drop,0.63,40.24
730,5.56,34.5,100,9.38,116.02,16,88.75,Pressure Drop,0.68,40.57
731,5.52,34.56,90,9.7,115.94,16,88.69,Pressure Drop,0.87,40.36
732,5.61,34.67,80,9.82,117.58,16,88.66,Pressure Drop,0.92,40.17
733,5.38,34.6,70,9.95,114.79,16,88.62,Pressure Drop,0.84,39.9
734,5.41,34.73,60,9.69,113.67,16,88.58,Pressure Drop,0.92,40.51
735,5.23,34.61,50,9.8,115.55,16,88.52,Pressure Drop,0.69,39.83
736,5.37,34.53,40,9.71,115.34,16,88.46,Pressure Drop,1.01,40.07
737,5.42,34.44,30,9.84,115.45,16,88.42,Pressure Drop,0.97,40.6
738,5.4,34.5,20,9.97,117.2,16,88.38,Pressure Drop,0.82,40.85
739,5.59,34.43,10,10.04,111.33,16,88.35,Pressure Drop,0.83,40.14
740,5.59,34.5,0,9.75,116.8,17,88.31,Pressure Drop,0.61,39.76
741,5.39,34.37,10,10.26,114.53,17,88.26,Pressure Drop,0.82,40.09
742,5.31,34.5,20,9.47,113.21,17,88.19,Pressure Drop,0.81,40.52
743,5.54,34.47,30,9.96,115.39,17,88.15,Pressure Drop,1.02,40.46
744,5.34,34.55,40,9.62,111.59,17,88.11,Pressure Drop,0.98,39.97
745,5.5,34.48,50,10.21,112.16,17,88.05,Pressure Drop,0.76,39.35
746,5.36,34.27,60,9.46,113.61,17,87.98,Pressure Drop,0.84,39.57
747,5.41,34.33,70,9.79,112.77,17,87.92,Pressure Drop,0.97,39.38
748,5.46,34.38,80,9.76,112.26,17,87.86,Pressure Drop,0.78,39.09
749,5.35,34.37,90,10.01,112.5,17,87.83,Pressure Drop,0.67,39.7
750,5.3,34.44,100,9.73,112.66,17,87.76,Pressure Drop,0.6,39.63
751,5.43,34.38,90,9.86,111.27,17,87.7,Pressure Drop,0.85,39.87
752,5.53,34.27,80,9.72,115.44,17,87.64,Pressure Drop,0.84,39.26
753,5.24,34.28,70,10.07,113.63,17,87.6,Pressure Drop,0.93,39.12
754,5.41,34.23,60,9.57,118.64,17,87.55,Pressure Drop,1.04,38.65
755,5.42,34.34,50,9.66,117.77,17,87.52,Pressure Drop,0.99,39.37
756,5.25,34.46,40,10.11,115.04,17,87.46,Pressure Drop,0.87,39.81
757,5.37,34.49,30,9.68,112.57,17,87.4,Pressure Drop,0.73,39.24
758,5.56,34.62,20,10.04,111.83,17,87.34,Pressure Drop,0.68,39.75
759,5.45,34.68,10,9.77,114.88,17,87.28,Pressure Drop,0.93,39.07
760,5.34,34.66,0,9.54,112.98,18,87.22,Pressure Drop,0.72,39.38
761,5.25,34.88,10,9.62,112.58,18,87.18,Pressure Drop,0.78,39.26
762,5.33,34.79,20,10.12,113.73,18,87.12,Pressure Drop,0.81,39.48
763,5.42,34.72,30,9.9,117.58,18,87.07,Pressure Drop,0.72,39.48
764,5.57,34.62,40,10.13,112.4,18,87.03,Pressure Drop,0.76,38.81
765,5.41,34.68,50,9.9,115.93,18,86.98,Pressure Drop,0.87,38.91
766,5.35,34.6,60,9.58,117.27,18,86.91,Pressure Drop,0.61,39.08
767,5.54,34.67,70,9.86,115.29,18,86.85,Pressure Drop,0.91,38.51
768,5.26,34.54,80,9.98,116.78,18,86.78,Pressure Drop,0.86,39.28
769,5.4,34.57,90,9.7,111.97,18,86.72,Pressure Drop,0.92,38.75
770,5.27,34.51,100,9.81,113.84,18,86.66,Pressure Drop,0.94,38.79
771,5.36,34.61,90,10.06,114.67,18,86.63,Pressure Drop,0.83,39.48
772,5.24,34.49,80,9.7,115.89,18,86.57,Pressure Drop,0.75,39.01
773,5.35,34.59,70,10.06,114.95,18,86.52,Pressure Drop,0.82,38.84
774,5.29,34.59,60,9.74,114.55,18,86.48,Pressure Drop,0.79,38.72
775,5.44,34.67,50,10.12,115.68,18,86.42,Pressure Drop,0.81,38.53
776,5.38,34.75,40,10.0,115.48,18,86.36,Pressure Drop,0.61,39.1
777,5.32,34.73,30,10.03,113.6,18,86.33,Pressure Drop,0.89,39.43
778,5.49,34.47,20,9.44,112.83,18,86.28,Pressure Drop,0.59,39.25
779,5.66,34.38,10,10.0,118.07,18,86.24,Pressure Drop,0.91,39.83
780,5.19,34.5,0,9.67,113.28,19,86.19,Pressure Drop,0.72,39.33
781,5.59,34.51,10,9.81,115.72,19,86.15,Pressure Drop,0.81,39.57
782,5.62,34.45,20,9.62,113.56,19,86.09,Pressure Drop,0.89,38.96
783,5.43,34.54,30,9.45,113.7,19,86.05,Pressure Drop,0.84,38.73
784,5.26,34.37,40,10.15,114.44,19,86.0,Pressure Drop,0.71,38.32
785,5.48,34.2,50,9.65,115.66,19,85.95,Pressure Drop,0.85,38.08
786,5.29,34.19,60,9.85,113.74,19,85.91,Pressure Drop,0.61,37.89
787,5.41,34.24,70,9.57,114.61,19,85.87,Pressure Drop,0.65,37.41
788,5.4,34.23,80,10.04,111.92,19,85.83,Pressure Drop,0.77,37.27
789,5.37,34.3,90,9.59,114.44,19,85.78,Pressure Drop,0.75,38.0
790,5.21,34.28,100,9.54,117.98,19,85.72,Pressure Drop,0.76,38.1
791,5.6,34.4,90,10.2,113.2,19,85.66,Pressure Drop,0.87,38.13
792,5.17,34.27,80,9.91,117.54,19,85.59,Pressure Drop,0.81,38.37
793,5.32,34.33,70,9.56,115.98,19,85.55,Pressure Drop,1.08,38.26
794,5.64,34.49,60,9.74,115.19,19,85.48,Pressure Drop,0.73,38.6
795,5.47,34.57,50,10.02,114.46,19,85.42,Pressure Drop,0.72,39.07
796,5.3,34.43,40,9.62,117.36,19,85.36,Pressure Drop,0.69,38.42
797,5.56,34.35,30,9.56,114.44,19,85.3,Pressure Drop,0.91,38.73
798,5.44,34.27,20,10.13,112.28,19,85.26,Pressure Drop,0.78,38.98
799,5.39,34.31,10,9.71,111.64,19,85.22,Pressure Drop,0.69,38.5
800,5.61,34.31,0,9.78,112.87,20,85.17,Pressure Drop,0.88,39.18
801,5.31,30.33,10,10.26,122.37,0,100.0,Healthy,0.29,15.71
802,5.24,30.41,20,10.24,122.28,0,99.99,Healthy,0.5,16.57
803,5.26,30.49,30,10.13,125.94,0,99.99,Healthy,0.41,17.44
804,5.27,30.57,40,10.04,126.28,0,99.99,Healthy,0.49,18.07
805,5.32,30.7,50,10.31,125.34,0,99.99,Healthy,0.32,18.54
806,5.29,30.74,60,9.82,121.6,0,99.98,Healthy,0.4,19.34
807,5.28,31.0,70,9.78,122.28,0,99.98,Healthy,0.34,19.25
808,5.2,31.03,80,9.75,121.1,0,99.98,Healthy,0.46,19.68
809,5.23,31.05,90,9.99,122.31,0,99.98,Healthy,0.42,20.12
810,5.37,31.07,100,9.97,124.94,0,99.98,Healthy,0.35,20.1
811,5.2,31.17,90,10.11,124.09,0,99.98,Healthy,0.5,20.35
812,5.31,31.27,80,9.66,121.41,0,99.97,Healthy,0.49,21.0
813,5.33,31.41,70,9.77,121.35,0,99.97,Healthy,0.42,21.1
814,5.38,31.38,60,10.11,125.34,0,99.96,Healthy,0.48,20.65
815,5.24,31.54,50,10.15,123.19,0,99.96,Healthy,0.35,20.89
816,5.34,31.5,40,10.23,120.94,0,99.96,Healthy,0.46,21.07
817,5.37,31.68,30,9.88,121.74,0,99.96,Healthy,0.51,21.13
818,5.39,31.82,20,9.92,125.29,0,99.96,Healthy,0.3,21.71
819,5.33,31.77,10,9.91,123.48,0,99.95,Healthy,0.33,22.07
820,5.36,31.81,0,10.04,121.45,1,99.95,Healthy,0.45,21.53
821,5.34,31.76,10,10.2,120.92,1,99.95,Healthy,0.52,21.46
822,5.2,31.91,20,10.19,123.47,1,99.94,Healthy,0.37,20.99
823,5.33,32.02,30,9.78,121.55,1,99.94,Healthy,0.41,21.37
824,5.41,32.1,40,9.96,123.5,1,99.94,Healthy,0.43,21.9
825,5.33,32.0,50,9.69,123.23,1,99.93,Healthy,0.48,21.33
826,5.29,31.97,60,10.26,121.35,1,99.93,Healthy,0.41,21.21
827,5.28,32.14,70,10.08,123.23,1,99.93,Healthy,0.43,21.42
828,5.22,32.22,80,9.94,121.44,1,99.92,Healthy,0.3,21.66
829,5.39,32.2,90,10.29,120.81,1,99.92,Healthy,0.48,21.43
830,5.41,32.17,100,9.89,120.71,1,99.91,Healthy,0.47,21.93
831,5.25,32.17,90,10.16,120.89,1,99.91,Healthy,0.34,21.89
832,5.44,32.09,80,9.81,124.92,1,99.91,Healthy,0.48,22.28
833,5.39,32.08,70,9.66,122.73,1,99.91,Healthy,0.38,22.07
834,5.25,32.18,60,9.73,123.39,1,99.9,Healthy,0.38,22.11
835,5.24,32.25,50,9.66,122.48,1,99.9,Healthy,0.48,21.72
836,5.43,32.15,40,9.82,120.58,1,99.9,Healthy,0.4,22.15
837,5.44,32.13,30,10.35,120.91,1,99.9,Healthy,0.45,22.26
838,5.29,32.25,20,10.14,124.17,1,99.9,Healthy,0.5,22.84
839,5.36,32.36,10,10.26,121.4,1,99.9,Healthy,0.37,22.57
840,5.32,32.2,0,10.32,122.69,2,99.89,Healthy,0.51,22.29
841,5.35,32.26,10,9.74,123.97,2,99.89,Healthy,0.3,21.98
842,5.46,32.2,20,9.66,124.43,2,99.89,Healthy,0.43,22.33
843,5.42,32.18,30,9.92,120.53,2,99.89,Healthy,0.39,21.67
844,5.35,32.27,40,10.11,120.52,2,99.88,Healthy,0.51,21.91
845,5.41,32.17,50,9.83,124.2,2,99.88,Healthy,0.29,21.67
846,5.41,32.28,60,10.3,124.05,2,99.87,Healthy,0.42,22.19
847,5.46,32.32,70,10.02,122.5,2,99.87,Healthy,0.47,21.86
848,5.45,32.26,80,9.82,124.93,2,99.86,Healthy,0.45,21.81
849,5.29,32.21,90,10.05,120.48,2,99.86,Healthy,0.36,22.19
850,5.23,32.3,100,9.86,123.49,2,99.86,Healthy,0.5,22.54
851,5.22,32.29,90,9.9,123.59,2,99.86,Healthy,0.39,21.79
852,5.36,32.24,80,10.32,122.45,2,99.86,Healthy,0.48,22.34
853,5.26,32.18,70,10.26,123.64,2,99.85,Healthy,0.45,21.92
854,5.29,32.34,60,10.04,121.53,2,99.85,Healthy,0.53,21.82
855,5.43,32.26,50,10.03,120.48,2,99.85,Healthy,0.32,22.31
856,5.26,32.31,40,10.05,124.54,2,99.85,Valve Sticking,0.32,21.67
857,5.3,32.24,30,9.66,121.99,2,99.85,Valve Sticking,0.37,22.3
858,5.33,32.18,20,10.07,123.02,2,99.85,Valve Sticking,0.53,22.88
859,5.26,32.26,10,10.25,123.89,2,99.84,Valve Sticking,0.54,22.84
860,5.29,32.26,0,10.31,123.28,3,99.83,Valve Sticking,0.59,22.38
861,5.42,32.24,10,10.34,124.45,3,99.82,Valve Sticking,0.58,21.96
862,5.3,32.18,20,10.25,120.77,3,99.81,Valve Sticking,0.5,21.45
863,5.22,32.21,30,9.67,122.48,3,99.8,Valve Sticking,0.47,20.81
864,5.24,32.38,40,10.15,120.07,3,99.79,Valve Sticking,0.7,21.04
865,5.4,32.23,50,9.99,120.7,3,99.78,Valve Sticking,0.63,21.23
866,5.19,32.35,60,9.99,122.05,3,99.76,Valve Sticking,0.59,21.26
867,5.24,32.32,70,10.25,121.49,3,99.75,Valve Sticking,0.61,21.21
868,5.26,32.38,80,9.65,121.93,3,99.73,Valve Sticking,0.46,20.88
869,5.44,32.32,90,9.96,121.31,3,99.72,Valve Sticking,0.71,20.65
870,5.29,32.39,100,10.27,123.85,3,99.7,Valve Sticking,0.64,20.43
871,5.2,32.52,90,9.75,122.68,3,99.67,Valve Sticking,0.62,21.09
872,5.18,32.48,80,9.98,122.41,3,99.65,Valve Sticking,0.74,20.75
873,5.32,32.67,70,9.63,122.6,3,99.62,Valve Sticking,0.84,20.99
874,5.39,32.65,60,10.11,121.38,3,99.6,Valve Sticking,0.62,21.04
875,5.39,32.64,50,9.93,120.65,3,99.57,Valve Sticking,0.64,21.74
876,5.31,32.66,40,9.81,123.02,3,99.54,Valve Sticking,0.7,21.62
877,5.4,32.7,30,9.93,122.65,3,99.52,Valve Sticking,0.67,21.24
878,5.43,32.72,20,9.73,119.26,3,99.49,Valve Sticking,0.69,21.08
879,5.23,32.83,10,9.69,123.9,3,99.47,Valve Sticking,0.58,21.21
880,5.44,33.04,0,9.8,120.48,4,99.43,Valve Sticking,1.0,21.6
881,5.26,33.17,10,10.01,119.62,4,99.4,Valve Sticking,0.89,22.21
882,5.33,33.26,20,9.77,120.54,4,99.36,Valve Sticking,0.89,22.0
883,5.25,33.29,30,9.59,122.93,4,99.31,Valve Sticking,0.63,21.92
884,5.25,33.3,40,9.79,122.26,4,99.26,Valve Sticking,1.07,22.04
885,5.4,33.35,50,9.91,119.71,4,99.22,Valve Sticking,0.87,22.16
886,5.22,33.16,60,9.59,117.3,4,99.17,Valve Sticking,1.12,22.72
887,5.44,33.11,70,10.0,118.5,4,99.14,Valve Sticking,1.26,22.14
888,5.32,33.38,80,10.23,118.76,4,99.1,Valve Sticking,1.18,22.37
889,5.15,33.25,90,9.82,122.75,4,99.05,Valve Sticking,1.07,22.07
890,5.25,33.36,100,9.68,118.82,4,99.01,Valve Sticking,1.34,22.58
891,5.22,33.5,90,9.8,118.61,4,98.95,Valve Sticking,1.12,22.65
892,5.51,33.48,80,9.79,118.44,4,98.92,Valve Sticking,0.59,22.74
893,5.27,33.55,70,10.02,117.85,4,98.86,Valve Sticking,1.18,23.1
894,5.21,33.44,60,10.11,119.39,4,98.8,Valve Sticking,1.29,22.59
895,5.49,33.66,50,9.74,119.49,4,98.76,Valve Sticking,1.49,23.02
896,5.21,33.69,40,10.29,120.88,4,98.72,Valve Sticking,1.31,23.05
897,5.11,33.81,30,10.19,118.54,4,98.66,Valve Sticking,0.76,23.05
898,5.22,34.1,20,10.27,117.76,4,98.59,Valve Sticking,0.83,23.23
899,5.41,34.1,10,10.18,123.07,4,98.55,Valve Sticking,1.15,22.88
900,5.28,34.13,0,9.75,116.79,5,98.5,Valve Sticking,1.51,23.16
901,5.29,34.11,10,9.5,121.86,5,98.44,Valve Sticking,0.84,23.01
902,5.5,34.13,20,10.35,116.93,5,98.37,Valve Sticking,1.16,22.85
903,5.35,34.28,30,9.62,118.02,5,98.3,Valve Sticking,1.35,22.65
904,5.37,34.24,40,10.06,116.43,5,98.22,Valve Sticking,1.16,22.12
905,5.28,34.18,50,9.79,117.69,5,98.14,Valve Sticking,1.13,21.77
906,5.12,34.06,60,10.01,122.43,5,98.07,Valve Sticking,0.89,21.52
907,5.37,34.07,70,10.12,120.08,5,97.98,Valve Sticking,0.73,21.71
908,5.07,34.25,80,9.74,118.4,5,97.91,Valve Sticking,1.46,22.31
909,5.18,34.19,90,10.07,116.95,5,97.85,Valve Sticking,1.48,21.76
910,5.44,34.04,100,9.66,121.54,5,97.77,Valve Sticking,1.33,21.32
911,5.41,34.0,90,9.7,121.64,5,97.7,Valve Sticking,1.42,21.19
912,5.19,33.98,80,10.19,116.27,5,97.64,Valve Sticking,1.33,21.02
913,5.01,34.03,70,9.7,115.59,5,97.57,Valve Sticking,0.99,21.08
914,5.12,34.02,60,10.29,119.49,5,97.48,Valve Sticking,1.38,21.16
915,5.36,34.43,50,9.82,117.9,5,97.42,Valve Sticking,1.49,21.45
916,5.41,34.39,40,10.21,121.52,5,97.35,Valve Sticking,1.37,21.03
917,5.29,34.26,30,9.98,114.66,5,97.27,Valve Sticking,1.08,20.45
918,4.98,34.19,20,9.67,121.68,5,97.19,Valve Sticking,1.36,20.27
919,5.14,34.36,10,10.11,123.07,5,97.1,Valve Sticking,1.68,20.56
920,5.31,34.18,0,10.13,115.6,6,97.01,Valve Sticking,1.84,20.97
921,5.31,34.25,10,9.79,116.59,6,96.95,Valve Sticking,1.56,21.73
922,5.24,34.4,20,9.64,115.45,6,96.85,Valve Sticking,1.69,21.59
923,5.31,34.56,30,10.1,118.42,6,96.78,Valve Sticking,1.26,21.22
924,5.32,34.63,40,9.98,118.48,6,96.69,Valve Sticking,2.08,21.76
925,5.36,34.8,50,9.92,117.86,6,96.57,Valve Sticking,1.85,21.49
926,5.11,35.03,60,9.6,121.06,6,96.47,Valve Sticking,1.84,21.34
927,5.24,35.18,70,10.3,115.45,6,96.38,Valve Sticking,1.57,21.17
928,4.95,35.42,80,10.41,113.77,6,96.29,Valve Sticking,1.77,21.58
929,4.96,35.17,90,9.62,116.41,6,96.18,Valve Sticking,1.72,21.48
930,4.98,35.35,100,10.23,118.65,6,96.1,Valve Sticking,1.24,22.14
931,5.1,35.35,90,9.42,119.61,6,95.97,Valve Sticking,1.84,21.59
932,5.14,35.41,80,10.07,114.8,6,95.87,Valve Sticking,2.06,22.18
933,5.05,35.63,70,10.45,115.34,6,95.75,Valve Sticking,1.06,22.45
934,5.47,35.81,60,9.77,119.25,6,95.67,Valve Sticking,1.16,22.32
935,5.2,35.84,50,10.0,118.83,6,95.59,Valve Sticking,1.38,22.04
936,5.24,36.07,40,10.21,118.23,6,95.51,Valve Sticking,1.89,22.05
937,5.14,36.15,30,9.4,116.01,6,95.37,Valve Sticking,2.27,22.18
938,5.52,36.13,20,10.06,113.31,6,95.3,Valve Sticking,1.66,22.81
939,5.0,36.3,10,9.65,116.17,6,95.16,Valve Sticking,0.89,22.34
940,5.31,36.59,0,9.64,110.03,7,95.06,Valve Sticking,1.92,22.85
941,5.03,37.03,10,10.26,116.8,7,94.92,Valve Sticking,1.48,22.8
942,5.51,37.08,20,9.62,117.84,7,94.81,Valve Sticking,1.01,23.3
943,4.96,37.16,30,9.56,112.83,7,94.68,Valve Sticking,1.66,23.1
944,5.27,37.1,40,9.7,116.76,7,94.55,Valve Sticking,1.46,23.35
945,5.52,36.83,50,9.62,116.75,7,94.4,Valve Sticking,2.14,23.23
946,5.17,36.7,60,9.97,111.71,7,94.26,Valve Sticking,2.08,22.9
947,5.06,36.65,70,9.83,114.04,7,94.16,Valve Sticking,1.76,22.56
948,5.21,36.8,80,9.65,113.73,7,94.05,Valve Sticking,1.12,23.11
949,5.26,36.51,90,9.66,111.16,7,93.9,Valve Sticking,1.7,23.21
950,5.42,36.72,100,10.19,113.03,7,93.73,Valve Sticking,2.6,23.51
951,5.09,36.54,90,10.25,115.81,7,93.56,Valve Sticking,1.77,23.66
952,5.29,36.73,80,10.0,114.75,7,93.47,Valve Sticking,2.06,23.84
953,5.53,36.74,70,10.22,118.31,7,93.29,Valve Sticking,1.44,24.05
954,5.47,36.45,60,10.42,109.86,7,93.11,Valve Sticking,2.83,23.53
955,5.06,36.5,50,9.4,118.32,7,92.94,Valve Sticking,1.25,24.04
956,5.46,36.75,40,9.95,109.25,7,92.8,Valve Sticking,1.41,23.96
957,5.18,36.44,30,10.15,117.62,7,92.66,Valve Sticking,1.67,23.72
958,5.53,36.39,20,10.16,111.99,7,92.52,Valve Sticking,1.48,23.94
959,5.44,36.02,10,9.75,116.07,7,92.35,Valve Sticking,3.07,24.39
960,5.59,35.91,0,10.49,115.07,8,92.21,Valve Sticking,1.83,23.52
961,5.14,35.94,10,10.26,112.35,8,92.11,Valve Sticking,2.95,22.86
962,5.16,35.85,20,10.28,112.61,8,92.0,Valve Sticking,1.7,22.78
963,5.43,36.09,30,10.44,114.84,8,91.86,Valve Sticking,1.59,22.99
964,5.47,36.21,40,9.59,118.64,8,91.73,Valve Sticking,1.46,22.24
965,5.54,35.88,50,9.65,117.22,8,91.62,Valve Sticking,1.17,22.8
966,5.11,35.63,60,9.79,115.88,8,91.43,Valve Sticking,3.0,22.59
967,5.12,36.23,70,9.91,111.02,8,91.25,Valve Sticking,2.61,22.45
968,5.3,36.41,80,10.07,117.6,8,91.12,Valve Sticking,1.71,22.49
969,5.51,36.36,90,9.76,115.07,8,90.93,Valve Sticking,2.64,22.73
970,5.09,36.58,100,10.1,116.25,8,90.73,Valve Sticking,3.05,22.84
971,5.45,37.26,90,9.84,114.15,8,90.54,Valve Sticking,1.62,22.62
972,5.05,36.99,80,9.66,114.54,8,90.37,Valve Sticking,3.28,22.5
973,5.52,37.56,70,9.52,110.76,8,90.19,Valve Sticking,2.35,21.92
974,4.9,37.68,60,9.91,114.95,8,90.01,Valve Sticking,3.26,21.48
975,5.62,37.34,50,9.59,119.16,8,89.86,Valve Sticking,3.2,21.7
976,5.34,37.45,40,9.89,111.3,8,89.71,Valve Sticking,2.31,21.6
977,5.23,37.33,30,10.28,119.08,8,89.57,Valve Sticking,1.56,21.13
978,5.08,37.28,20,10.11,112.27,8,89.42,Valve Sticking,2.73,21.5
979,5.37,36.97,10,10.29,107.39,8,89.28,Valve Sticking,2.98,21.98
980,4.93,37.28,0,10.33,109.09,9,89.1,Valve Sticking,1.68,21.5
981,5.39,37.44,10,9.71,117.11,9,88.93,Valve Sticking,1.75,21.43
982,5.45,37.42,20,9.65,112.53,9,88.83,Valve Sticking,2.55,21.44
983,5.06,37.4,30,10.03,109.92,9,88.66,Valve Sticking,2.98,20.92
984,5.35,37.16,40,10.05,107.54,9,88.53,Valve Sticking,1.62,20.9
985,4.95,37.41,50,10.27,118.43,9,88.35,Valve Sticking,1.89,20.85
986,5.39,37.02,60,9.8,114.99,9,88.14,Valve Sticking,1.96,20.45
987,5.22,37.32,70,10.39,115.36,9,88.01,Valve Sticking,2.21,20.3
988,5.18,36.93,80,9.33,108.75,9,87.81,Valve Sticking,2.45,19.94
989,5.16,37.38,90,9.94,111.02,9,87.68,Valve Sticking,2.74,20.32
990,5.03,37.69,100,9.86,115.57,9,87.55,Valve Sticking,1.97,20.05
991,5.03,37.58,90,9.55,113.64,9,87.42,Valve Sticking,2.49,20.84
992,4.95,37.7,80,10.11,118.08,9,87.24,Valve Sticking,1.94,21.33
993,4.79,37.55,70,10.46,119.23,9,87.12,Valve Sticking,2.64,21.48
994,5.64,37.7,60,9.38,114.27,9,87.01,Valve Sticking,2.93,21.18
995,5.36,37.47,50,9.64,110.09,9,86.84,Valve Sticking,1.88,21.03
996,5.47,37.86,40,10.15,110.4,9,86.66,Valve Sticking,1.34,20.81
997,5.27,37.37,30,10.26,109.09,9,86.55,Valve Sticking,3.22,20.29
998,5.48,37.14,20,9.69,117.8,9,86.43,Valve Sticking,2.05,20.28
999,4.94,37.17,10,10.32,116.88,9,86.22,Valve Sticking,2.49,19.98
1000,4.78,37.18,0,9.41,114.61,10,86.05,Valve Sticking,2.25,19.44
1001,5.12,37.42,10,9.93,114.89,10,85.94,Valve Sticking,3.18,19.14
1002,4.96,37.52,20,9.29,118.9,10,85.75,Valve Sticking,1.79,19.96
1003,5.62,37.04,30,9.97,108.99,10,85.56,Valve Sticking,1.2,20.51
1004,5.55,36.99,40,9.98,113.77,10,85.45,Valve Sticking,2.78,20.83
1005,5.13,36.93,50,9.78,113.7,10,85.27,Valve Sticking,2.2,21.28
1006,5.31,36.71,60,9.33,114.07,10,85.14,Valve Sticking,1.28,20.7
1007,5.26,36.58,70,10.16,118.57,10,85.01,Valve Sticking,2.2,20.84
1008,5.48,36.86,80,9.54,116.79,10,84.89,Valve Sticking,2.52,21.21
1009,5.21,36.97,90,9.92,109.16,10,84.69,Valve Sticking,2.67,21.11
1010,5.54,36.92,100,9.5,108.62,10,84.51,Valve Sticking,1.16,21.38
1011,4.89,37.12,90,9.59,115.67,10,84.38,Valve Sticking,3.23,20.89
1012,5.03,36.93,80,9.3,106.48,10,84.28,Valve Sticking,2.34,20.66
1013,5.25,37.14,70,9.94,109.23,10,84.1,Valve Sticking,2.18,20.6
1014,5.01,37.01,60,10.0,120.79,10,83.93,Valve Sticking,3.06,20.05
1015,5.05,36.99,50,9.2,108.01,10,83.76,Valve Sticking,1.42,19.96
1016,4.75,37.08,40,9.11,117.44,10,83.6,Valve Sticking,2.83,20.42
1017,5.15,37.06,30,10.23,117.51,10,83.45,Valve Sticking,1.73,19.86
1018,5.51,36.79,20,10.02,115.37,10,83.35,Valve Sticking,2.76,20.57
1019,5.04,36.72,10,10.01,112.65,10,83.22,Valve Sticking,2.14,20.54
1020,5.43,36.74,0,10.1,109.89,11,83.08,Valve Sticking,2.15,20.87
1021,5.49,36.51,10,10.19,115.32,11,82.88,Valve Sticking,1.97,20.68
1022,5.64,36.69,20,9.7,109.91,11,82.75,Valve Sticking,2.29,20.67
1023,5.25,36.38,30,10.16,111.45,11,82.61,Valve Sticking,1.36,20.4
1024,4.93,36.81,40,9.87,117.54,11,82.48,Valve Sticking,2.05,19.94
1025,5.02,36.92,50,10.18,111.2,11,82.38,Valve Sticking,1.85,20.51
1026,5.26,37.53,60,9.83,110.82,11,82.23,Valve Sticking,1.92,21.24
1027,5.07,37.63,70,9.67,112.13,11,82.03,Valve Sticking,2.98,20.61
1028,5.56,37.72,80,9.71,114.49,11,81.87,Valve Sticking,3.2,20.28
1029,5.43,37.41,90,9.3,107.98,11,81.7,Valve Sticking,1.77,21.08
1030,4.91,37.19,100,9.83,116.57,11,81.57,Valve Sticking,2.64,20.9
1031,5.11,36.65,90,9.51,117.42,11,81.37,Valve Sticking,2.07,20.99
1032,5.04,36.58,80,9.11,104.71,11,81.23,Valve Sticking,1.29,21.56
1033,4.97,36.38,70,10.07,114.93,11,81.12,Valve Sticking,1.49,22.15
1034,5.02,36.77,60,9.93,117.84,11,80.97,Valve Sticking,2.7,22.43
1035,5.59,36.97,50,9.89,109.38,11,80.85,Valve Sticking,1.47,22.7
1036,5.21,36.93,40,9.8,115.92,11,80.65,Valve Sticking,1.85,23.11
1037,4.84,37.25,30,9.86,112.0,11,80.48,Valve Sticking,3.15,23.27
1038,5.33,37.19,20,10.36,116.45,11,80.33,Valve Sticking,2.98,22.89
1039,5.56,37.66,10,9.5,108.83,11,80.22,Valve Sticking,2.0,22.87
1040,5.47,37.66,0,9.84,116.77,12,80.02,Valve Sticking,2.86,23.12
1041,4.83,37.37,10,10.15,108.8,12,79.87,Valve Sticking,1.57,22.61
1042,5.37,37.3,20,10.08,116.54,12,79.67,Valve Sticking,2.32,23.04
1043,5.2,37.52,30,9.57,115.42,12,79.57,Valve Sticking,1.47,23.12
1044,5.26,37.42,40,10.55,114.77,12,79.37,Valve Sticking,1.98,22.84
1045,5.53,37.8,50,9.67,114.82,12,79.26,Valve Sticking,1.86,23.4
1046,4.9,38.18,60,9.73,118.74,12,79.11,Valve Sticking,2.72,23.02
1047,5.44,38.37,70,9.74,116.21,12,78.91,Valve Sticking,1.66,22.54
1048,4.97,38.54,80,9.43,113.47,12,78.81,Valve Sticking,1.8,22.63
1049,5.1,38.41,90,9.44,115.56,12,78.65,Valve Sticking,3.12,22.76
1050,5.21,38.11,100,9.39,107.83,12,78.53,Valve Sticking,1.18,22.38
1051,5.28,38.1,90,10.17,110.56,12,78.42,Valve Sticking,3.0,22.49
1052,4.79,37.83,80,9.67,117.47,12,78.32,Valve Sticking,2.79,22.74
1053,5.26,37.9,70,9.59,107.3,12,78.11,Valve Sticking,2.07,22.25
1054,4.99,37.79,60,9.33,112.32,12,77.99,Valve Sticking,1.31,21.71
1055,5.08,37.84,50,9.23,120.96,12,77.85,Valve Sticking,2.55,21.7
1056,5.38,38.2,40,9.64,112.81,12,77.74,Valve Sticking,2.55,22.18
1057,4.95,38.25,30,10.34,115.33,12,77.62,Valve Sticking,1.86,21.99
1058,5.56,37.9,20,9.38,106.62,12,77.51,Valve Sticking,1.94,22.52
1059,5.31,38.09,10,10.07,112.44,12,77.38,Valve Sticking,2.9,22.45
1060,5.16,37.79,0,9.98,115.95,13,77.25,Valve Sticking,1.14,22.23
1061,5.48,37.99,10,10.3,116.83,13,77.06,Valve Sticking,2.27,21.86
1062,4.95,37.53,20,9.28,112.98,13,76.85,Valve Sticking,2.27,21.97
1063,5.07,37.28,30,9.84,120.12,13,76.75,Valve Sticking,2.94,22.06
1064,5.09,37.3,40,10.42,118.15,13,76.64,Valve Sticking,2.42,22.25
1065,4.93,37.24,50,9.8,112.26,13,76.49,Valve Sticking,1.75,22.44
1066,5.07,37.81,60,9.78,106.02,13,76.32,Valve Sticking,1.48,22.44
1067,5.46,37.48,70,9.81,109.94,13,76.22,Valve Sticking,1.96,22.53
1068,5.24,37.58,80,10.0,118.67,13,76.05,Valve Sticking,2.77,21.92
1069,5.32,38.02,90,9.71,112.8,13,75.87,Valve Sticking,2.6,21.76
1070,5.07,37.8,100,10.13,108.2,13,75.68,Valve Sticking,1.16,21.75
1071,4.72,37.74,90,9.92,113.55,13,75.51,Valve Sticking,1.84,22.01
1072,5.22,37.94,80,10.47,111.14,13,75.31,Valve Sticking,2.0,22.12
1073,5.13,38.21,70,9.39,118.69,13,75.17,Valve Sticking,2.39,22.35
1074,5.29,38.23,60,9.35,106.5,13,75.06,Valve Sticking,2.57,22.45
1075,4.92,38.15,50,10.08,111.37,13,74.88,Valve Sticking,2.9,22.08
1076,5.23,37.85,40,9.54,113.65,13,74.73,Valve Sticking,1.7,22.72
1077,5.65,37.69,30,10.27,116.61,13,74.54,Valve Sticking,2.75,22.94
1078,4.89,37.77,20,9.41,107.35,13,74.34,Valve Sticking,2.21,22.67
1079,5.12,37.97,10,9.62,112.46,13,74.24,Valve Sticking,2.58,22.09
1080,4.77,37.9,0,10.05,115.81,14,74.11,Valve Sticking,1.8,21.65
1081,5.16,37.53,10,10.09,110.06,14,73.93,Valve Sticking,2.48,21.63
1082,5.4,37.47,20,9.97,104.22,14,73.81,Valve Sticking,2.72,21.61
1083,5.15,37.34,30,10.25,115.41,14,73.66,Valve Sticking,3.09,21.94
1084,5.3,37.11,40,10.19,118.23,14,73.53,Valve Sticking,1.81,21.93
1085,5.43,37.22,50,10.47,114.55,14,73.42,Valve Sticking,2.59,22.39
1086,5.34,37.34,60,10.6,110.03,14,73.29,Valve Sticking,1.54,22.11
1087,5.38,37.51,70,9.8,116.34,14,73.18,Valve Sticking,2.76,21.65
1088,4.96,37.3,80,10.11,114.54,14,72.98,Valve Sticking,2.42,21.93
1089,5.05,37.13,90,9.55,119.27,14,72.88,Valve Sticking,1.95,22.35
1090,5.16,37.46,100,9.78,118.23,14,72.73,Valve Sticking,2.56,22.74
1091,4.79,37.28,90,9.22,114.63,14,72.63,Valve Sticking,1.26,22.4
1092,4.91,37.52,80,9.32,114.95,14,72.54,Valve Sticking,3.06,22.58
1093,4.91,37.57,70,9.31,115.23,14,72.41,Valve Sticking,3.22,22.63
1094,4.77,37.89,60,10.1,116.33,14,72.22,Valve Sticking,2.89,22.43
1095,4.83,38.05,50,9.86,118.77,14,72.12,Valve Sticking,2.14,22.25
1096,5.43,37.84,40,9.99,115.74,14,71.95,Valve Sticking,1.53,22.23
1097,5.29,37.58,30,9.71,113.68,14,71.8,Valve Sticking,2.38,22.75
1098,5.01,37.58,20,9.49,115.82,14,71.7,Valve Sticking,2.35,22.6
1099,5.14,37.28,10,9.43,114.48,14,71.51,Valve Sticking,1.51,22.37
1100,5.23,37.7,0,9.89,107.8,15,71.37,Valve Sticking,2.75,21.88
1101,4.89,37.77,10,10.45,114.14,15,71.21,Valve Sticking,2.39,21.41
1102,5.25,37.45,20,10.11,113.56,15,71.05,Valve Sticking,2.22,21.0
1103,4.99,37.91,30,9.93,118.69,15,70.89,Valve Sticking,1.5,20.88
1104,5.21,38.19,40,10.29,115.14,15,70.78,Valve Sticking,2.05,21.31
1105,4.81,38.02,50,9.92,112.95,15,70.66,Valve Sticking,1.3,21.85
1106,5.49,38.33,60,9.72,117.94,15,70.48,Valve Sticking,2.97,22.23
1107,5.23,37.93,70,9.22,117.43,15,70.38,Valve Sticking,2.99,22.01
1108,4.94,38.0,80,9.73,113.58,15,70.22,Valve Sticking,1.27,21.71
1109,5.27,37.72,90,9.8,115.24,15,70.04,Valve Sticking,2.8,21.1
1110,5.56,37.58,100,9.64,110.93,15,69.93,Valve Sticking,2.66,21.06
1111,4.74,37.23,90,9.59,113.69,15,69.77,Valve Sticking,2.73,21.48
1112,5.35,36.8,80,9.93,107.74,15,69.58,Valve Sticking,2.63,22.2
1113,5.29,37.16,70,10.15,111.15,15,69.4,Valve Sticking,1.87,21.94
1114,5.13,37.11,60,9.76,115.72,15,69.28,Valve Sticking,2.57,21.96
1115,4.92,37.38,50,10.0,107.85,15,69.12,Valve Sticking,2.32,22.45
1116,5.46,37.37,40,9.52,117.01,15,68.98,Valve Sticking,2.1,22.12
1117,5.14,37.63,30,9.95,118.69,15,68.79,Valve Sticking,1.8,21.82
1118,5.41,37.4,20,10.3,110.21,15,68.66,Valve Sticking,1.37,21.26
1119,4.98,38.03,10,9.97,116.05,15,68.47,Valve Sticking,1.24,21.79
1120,4.96,37.83,0,9.96,116.33,16,68.32,Valve Sticking,3.03,22.34
1121,5.12,37.59,10,9.66,108.48,16,68.12,Valve Sticking,2.46,22.29
1122,4.94,37.21,20,9.55,108.26,16,67.99,Valve Sticking,3.31,22.66
1123,5.29,37.03,30,9.84,111.23,16,67.85,Valve Sticking,2.76,22.36
1124,5.4,37.5,40,9.51,110.6,16,67.67,Valve Sticking,2.95,22.16
1125,5.52,37.33,50,9.86,117.56,16,67.56,Valve Sticking,2.93,22.42
1126,4.83,37.37,60,9.57,113.86,16,67.36,Valve Sticking,1.77,22.39
1127,5.03,37.89,70,10.01,114.68,16,67.26,Valve Sticking,1.53,21.92
1128,4.86,37.46,80,9.8,111.28,16,67.06,Valve Sticking,2.85,22.56
1129,5.58,37.46,90,10.39,106.35,16,66.87,Valve Sticking,2.09,22.6
1130,5.39,37.95,100,9.96,116.7,16,66.69,Valve Sticking,2.71,22.17
1131,5.47,38.04,90,10.32,115.04,16,66.55,Valve Sticking,1.61,22.37
1132,4.89,37.81,80,9.65,114.33,16,66.37,Valve Sticking,2.12,22.08
1133,5.02,37.36,70,10.41,109.84,16,66.25,Valve Sticking,2.7,21.76
1134,5.15,37.23,60,9.97,112.47,16,66.09,Valve Sticking,1.37,22.14
1135,4.75,37.73,50,9.81,118.95,16,65.93,Valve Sticking,2.19,21.76
1136,5.19,37.75,40,9.75,112.46,16,65.75,Valve Sticking,2.46,21.1
1137,5.19,37.45,30,10.43,112.73,16,65.61,Valve Sticking,2.32,21.63
1138,5.09,37.3,20,9.98,112.66,16,65.5,Valve Sticking,2.23,21.99
1139,4.92,37.52,10,9.58,107.84,16,65.29,Valve Sticking,3.24,22.41
1140,5.46,37.35,0,10.11,121.13,17,65.14,Valve Sticking,1.56,22.05
1141,4.82,37.01,10,9.66,115.28,17,64.96,Valve Sticking,1.23,22.17
1142,5.42,37.11,20,10.16,119.97,17,64.85,Valve Sticking,3.13,22.72
1143,5.56,37.22,30,9.17,108.44,17,64.66,Valve Sticking,1.28,22.41
1144,5.4,36.94,40,9.61,113.51,17,64.53,Valve Sticking,2.62,22.01
1145,5.23,37.12,50,9.87,114.97,17,64.42,Valve Sticking,2.06,21.86
1146,5.34,36.7,60,9.68,111.42,17,64.25,Valve Sticking,1.51,22.52
1147,5.08,36.43,70,9.68,120.73,17,64.14,Valve Sticking,2.05,22.57
1148,5.08,36.23,80,9.25,113.3,17,63.99,Valve Sticking,1.9,21.81
1149,5.35,36.33,90,10.53,111.86,17,63.89,Valve Sticking,1.67,21.49
1150,4.82,36.01,100,9.62,113.51,17,63.75,Valve Sticking,2.9,22.06
1151,4.93,35.83,90,9.72,108.4,17,63.55,Valve Sticking,1.63,22.24
1152,5.13,36.38,80,9.73,111.73,17,63.43,Valve Sticking,1.26,22.22
1153,5.5,36.48,70,10.07,118.0,17,63.24,Valve Sticking,2.3,21.88
1154,5.35,36.28,60,9.68,111.6,17,63.08,Valve Sticking,1.64,22.25
1155,4.98,36.25,50,9.81,114.92,17,62.98,Valve Sticking,1.54,22.3
1156,5.3,36.4,40,9.42,106.32,17,62.84,Valve Sticking,2.68,22.35
1157,5.04,36.21,30,9.64,113.68,17,62.68,Valve Sticking,1.44,21.66
1158,5.41,36.59,20,9.07,111.23,17,62.58,Valve Sticking,1.66,21.85
1159,5.26,36.38,10,9.89,114.03,17,62.46,Valve Sticking,2.45,21.96
1160,5.38,36.07,0,9.38,116.1,18,62.27,Valve Sticking,3.07,22.28
1161,4.87,36.6,10,9.5,111.3,18,62.15,Valve Sticking,3.03,21.96
1162,5.13,37.16,20,9.84,110.83,18,61.95,Valve Sticking,3.05,21.46
1163,5.38,37.08,30,10.16,116.74,18,61.86,Valve Sticking,1.59,21.01
1164,5.29,37.38,40,10.26,119.07,18,61.66,Valve Sticking,3.06,20.94
1165,4.95,37.48,50,9.99,114.06,18,61.52,Valve Sticking,2.95,21.12
1166,5.39,37.1,60,9.46,109.05,18,61.42,Valve Sticking,2.48,21.23
1167,5.46,37.35,70,9.58,110.27,18,61.24,Valve Sticking,2.73,21.58
1168,5.08,37.66,80,10.32,109.26,18,61.15,Valve Sticking,2.56,21.02
1169,5.33,37.98,90,9.55,116.62,18,60.99,Valve Sticking,2.45,20.59
1170,4.94,37.84,100,9.6,108.95,18,60.86,Valve Sticking,1.33,21.26
1171,4.8,37.75,90,9.93,109.72,18,60.73,Valve Sticking,3.21,21.49
1172,5.13,37.64,80,9.77,113.28,18,60.54,Valve Sticking,2.12,21.05
1173,5.53,37.19,70,10.51,110.27,18,60.36,Valve Sticking,2.17,21.5
1174,5.53,37.39,60,9.94,117.96,18,60.24,Valve Sticking,1.55,21.19
1175,5.21,37.25,50,9.95,116.86,18,60.13,Valve Sticking,1.22,21.48
1176,5.25,37.96,40,9.37,113.03,18,59.99,Valve Sticking,2.43,21.82
1177,5.31,38.25,30,9.34,118.61,18,59.86,Valve Sticking,2.66,21.52
1178,4.92,37.84,20,9.61,120.21,18,59.74,Valve Sticking,2.73,21.95
1179,4.95,37.59,10,10.07,109.58,18,59.55,Valve Sticking,1.56,22.26
1180,5.43,37.67,0,10.21,120.08,19,59.44,Valve Sticking,2.17,21.79
1181,5.02,37.4,10,9.81,103.4,19,59.26,Valve Sticking,2.01,21.16
1182,5.46,37.33,20,10.45,114.09,19,59.16,Valve Sticking,1.3,21.57
1183,5.24,37.19,30,9.28,111.41,19,58.97,Valve Sticking,2.58,22.03
1184,5.23,37.77,40,10.25,117.47,19,58.78,Valve Sticking,1.37,22.14
1185,5.1,38.0,50,9.13,116.46,19,58.66,Valve Sticking,1.59,22.31
1186,4.94,38.12,60,9.24,110.0,19,58.56,Valve Sticking,1.34,22.41
1187,5.44,37.71,70,10.29,112.25,19,58.36,Valve Sticking,2.71,22.17
1188,5.38,37.58,80,9.85,105.08,19,58.15,Valve Sticking,2.58,22.76
1189,5.11,37.56,90,9.37,109.96,19,58.03,Valve Sticking,2.78,23.06
1190,4.78,37.18,100,10.06,111.79,19,57.88,Valve Sticking,1.89,22.99
1191,4.8,37.37,90,9.7,107.74,19,57.7,Valve Sticking,2.5,23.45
1192,5.24,37.78,80,9.32,108.23,19,57.54,Valve Sticking,2.6,23.74
1193,5.47,37.74,70,9.88,108.65,19,57.4,Valve Sticking,3.06,23.41
1194,5.33,37.95,60,9.5,111.41,19,57.29,Valve Sticking,1.47,23.12
1195,5.35,38.18,50,10.13,112.59,19,57.18,Valve Sticking,3.22,23.41
1196,5.68,37.95,40,9.74,112.86,19,57.06,Valve Sticking,2.53,23.65
1197,5.4,38.39,30,10.51,109.7,19,56.89,Valve Sticking,1.54,24.13
1198,5.38,38.54,20,10.04,114.02,19,56.79,Valve Sticking,1.94,23.72
1199,4.85,38.53,10,9.55,112.58,19,56.67,Valve Sticking,3.27,24.02
1200,5.33,38.67,0,9.24,119.79,20,56.48,Valve Sticking,2.18,23.52
1201,5.37,30.13,10,9.73,126.55,0,100.0,Healthy,0.32,17.31
1202,5.37,30.37,20,10.23,121.1,0,100.0,Healthy,0.37,19.75
1203,5.36,30.45,30,9.7,124.24,0,99.99,Healthy,0.38,21.25
1204,5.38,30.57,40,9.96,122.17,0,99.99,Healthy,0.47,22.79
1205,5.38,30.71,50,9.96,121.2,0,99.99,Healthy,0.47,23.96
1206,5.5,30.85,60,10.12,122.32,0,99.99,Healthy,0.44,25.57
1207,5.53,31.34,70,10.3,123.41,0,99.99,Healthy,0.45,27.51
1208,5.37,31.46,80,10.31,121.65,0,99.98,Healthy,0.56,29.36
1209,5.41,31.87,90,10.3,119.86,0,99.98,Healthy,0.38,30.1
1210,5.63,32.2,100,9.97,118.76,0,99.98,Healthy,0.55,31.32
1211,5.51,32.39,90,9.8,119.65,0,99.98,Healthy,0.58,32.01
1212,5.68,32.5,80,9.91,118.16,0,99.98,Healthy,0.56,33.18
1213,5.64,32.5,70,9.77,119.79,0,99.98,Healthy,0.56,34.32
1214,5.6,32.66,60,9.85,116.77,0,99.98,Healthy,0.52,35.68
1215,5.73,32.83,50,10.28,119.97,0,99.97,Healthy,0.49,36.54
1216,5.69,32.93,40,10.26,120.4,0,99.97,Healthy,0.57,37.75
1217,5.78,33.14,30,9.77,118.47,0,99.97,Healthy,0.49,38.43
1218,5.66,33.27,20,10.23,120.05,0,99.97,Healthy,0.58,38.65
1219,5.65,33.37,10,9.67,116.59,0,99.97,Healthy,0.61,39.48
1220,5.75,33.62,0,9.95,118.67,1,99.96,Healthy,0.49,40.11
1221,5.66,33.59,10,9.93,118.87,1,99.96,Healthy,0.58,41.18
1222,5.63,33.67,20,10.24,115.75,1,99.96,Healthy,0.47,41.61
1223,5.78,33.9,30,9.66,116.36,1,99.96,Healthy,0.62,42.2
1224,5.64,33.84,40,10.11,119.43,1,99.95,Healthy,0.53,42.0
1225,5.77,33.95,50,9.68,117.63,1,99.95,Healthy,0.46,42.24
1226,5.76,34.07,60,9.66,115.47,1,99.95,Healthy,0.4,42.23
1227,5.81,34.24,70,10.11,117.26,1,99.95,Healthy,0.54,42.67
1228,5.66,34.31,80,10.27,116.25,1,99.95,Healthy,0.52,42.63
1229,5.74,34.4,90,10.03,116.87,1,99.94,Healthy,0.61,42.58
1230,5.68,34.34,100,10.28,116.57,1,99.94,Healthy,0.44,42.64
1231,5.77,34.46,90,9.84,118.58,1,99.94,Healthy,0.41,42.23
1232,5.76,34.46,80,9.92,115.35,1,99.93,Healthy,0.61,42.52
1233,5.83,34.42,70,9.87,117.54,1,99.93,Healthy,0.57,42.3
1234,5.64,34.49,60,10.1,117.92,1,99.92,Healthy,0.48,42.83
1235,5.85,34.53,50,10.18,116.33,1,99.92,Healthy,0.48,43.3
1236,5.7,34.56,40,10.28,115.13,1,99.92,Healthy,0.6,43.75
1237,5.77,34.61,30,9.93,114.9,1,99.92,Healthy,0.55,43.95
1238,5.84,34.66,20,10.17,118.21,1,99.92,Healthy,0.6,44.73
1239,5.89,34.6,10,10.05,114.45,1,99.91,Healthy,0.47,44.88
1240,5.85,34.51,0,10.16,118.7,2,99.91,Healthy,0.63,44.52
1241,5.89,34.45,10,9.81,117.61,2,99.91,Healthy,0.55,44.16
1242,5.9,34.42,20,9.72,117.51,2,99.91,Healthy,0.41,44.8
1243,5.92,34.38,30,10.04,113.83,2,99.9,Healthy,0.52,45.52
1244,5.73,34.45,40,10.09,114.45,2,99.9,Healthy,0.53,45.16
1245,5.79,34.46,50,9.99,114.23,2,99.9,Healthy,0.57,44.67
1246,5.86,34.41,60,9.8,115.68,2,99.89,Healthy,0.51,44.12
1247,5.83,34.51,70,9.91,118.69,2,99.89,Healthy,0.51,43.71
1248,5.75,34.64,80,10.25,114.55,2,99.89,Healthy,0.46,43.51
1249,5.68,34.49,90,10.32,118.17,2,99.88,Healthy,0.48,43.9
1250,5.7,34.4,100,10.06,116.35,2,99.88,Healthy,0.58,44.68
1251,5.7,34.48,90,10.24,116.69,2,99.88,Healthy,0.49,44.45
1252,5.86,34.33,80,10.22,116.23,2,99.88,Healthy,0.48,44.32
1253,5.79,34.27,70,9.96,115.43,2,99.88,Healthy,0.52,44.85
1254,5.85,34.34,60,10.03,115.52,2,99.88,Healthy,0.64,45.27
1255,5.84,34.54,50,9.77,114.37,2,99.87,Healthy,0.63,45.61
1256,5.77,34.67,40,9.75,118.01,2,99.87,Healthy,0.42,45.53
1257,5.84,34.52,30,9.81,118.64,2,99.87,Healthy,0.62,45.17
1258,5.9,34.49,20,9.7,113.75,2,99.86,Healthy,0.42,45.65
1259,5.74,34.58,10,9.72,115.21,2,99.86,Healthy,0.53,45.74
1260,5.83,34.71,0,10.0,117.75,3,99.86,Healthy,0.47,46.44
1261,5.93,34.57,10,10.1,114.28,3,99.85,Healthy,0.5,46.31
1262,5.78,34.58,20,9.8,118.47,3,99.85,Healthy,0.6,45.8
1263,5.88,34.49,30,9.78,113.86,3,99.85,Healthy,0.45,46.25
1264,5.72,34.41,40,9.91,113.68,3,99.85,Healthy,0.47,45.94
1265,5.82,34.43,50,9.67,114.38,3,99.85,Healthy,0.54,46.24
1266,5.93,34.53,60,9.99,115.05,3,99.84,Healthy,0.5,46.61
1267,5.91,34.58,70,10.31,115.14,3,99.84,Healthy,0.53,46.38
1268,5.92,34.57,80,10.04,117.14,3,99.84,Valve Sticking,0.55,46.27
1269,5.93,34.76,90,10.1,118.1,3,99.83,Valve Sticking,0.68,46.55
1270,5.91,34.81,100,10.1,116.15,3,99.83,Valve Sticking,0.54,46.82
1271,5.84,34.82,90,9.87,115.37,3,99.82,Valve Sticking,0.62,46.32
1272,5.88,34.86,80,10.2,116.05,3,99.82,Valve Sticking,0.51,45.94
1273,5.9,34.87,70,9.99,115.94,3,99.81,Valve Sticking,0.55,45.58
1274,5.89,34.88,60,9.71,117.18,3,99.8,Valve Sticking,0.69,46.03
1275,5.84,34.87,50,10.01,115.69,3,99.79,Valve Sticking,0.56,46.56
1276,5.87,34.86,40,10.37,116.24,3,99.78,Valve Sticking,0.71,46.97
1277,5.72,35.02,30,9.75,115.9,3,99.77,Valve Sticking,0.85,47.35
1278,5.79,34.98,20,10.04,116.13,3,99.75,Valve Sticking,0.69,46.95
1279,5.72,34.94,10,9.76,113.24,3,99.73,Valve Sticking,0.7,46.37
1280,5.73,34.9,0,9.91,112.86,4,99.71,Valve Sticking,0.79,45.75
1281,5.86,34.96,10,9.68,115.3,4,99.69,Valve Sticking,0.83,45.93
1282,5.65,35.06,20,9.8,117.09,4,99.67,Valve Sticking,0.98,45.61
1283,5.86,35.28,30,10.05,113.57,4,99.64,Valve Sticking,0.97,46.11
1284,5.78,35.19,40,9.94,112.43,4,99.61,Valve Sticking,0.89,45.56
1285,5.73,35.28,50,10.36,116.81,4,99.59,Valve Sticking,0.61,45.18
1286,5.61,35.26,60,10.08,117.64,4,99.57,Valve Sticking,1.02,45.37
1287,5.84,35.25,70,10.05,115.83,4,99.53,Valve Sticking,1.11,45.92
1288,5.79,35.19,80,10.34,113.52,4,99.51,Valve Sticking,0.75,46.11
1289,5.79,35.19,90,9.93,113.09,4,99.48,Valve Sticking,1.18,46.56
1290,5.86,35.28,100,9.75,111.84,4,99.43,Valve Sticking,0.79,46.36
1291,5.78,35.26,90,9.69,112.55,4,99.4,Valve Sticking,1.09,46.6
1292,5.8,35.2,80,9.74,114.74,4,99.38,Valve Sticking,0.96,46.26
1293,5.64,35.37,70,9.83,113.57,4,99.33,Valve Sticking,0.79,45.69
1294,5.69,35.48,60,10.1,115.86,4,99.28,Valve Sticking,0.9,45.12
1295,5.56,35.46,50,10.06,114.29,4,99.23,Valve Sticking,1.23,45.59
1296,5.72,35.5,40,9.88,112.38,4,99.18,Valve Sticking,1.17,46.11
1297,5.92,35.78,30,9.8,113.51,4,99.14,Valve Sticking,1.3,46.53
1298,5.75,35.69,20,9.61,112.67,4,99.07,Valve Sticking,0.87,46.35
1299,5.69,35.82,10,10.08,113.76,4,99.04,Valve Sticking,1.05,46.55
1300,5.67,35.72,0,10.07,112.65,5,98.98,Valve Sticking,1.24,46.45
1301,5.92,35.88,10,10.19,110.08,5,98.91,Valve Sticking,1.17,47.01
1302,5.86,36.18,20,10.08,111.87,5,98.87,Valve Sticking,1.59,47.56
1303,5.81,36.24,30,10.19,111.63,5,98.82,Valve Sticking,0.92,47.78
1304,5.75,36.24,40,9.78,110.1,5,98.75,Valve Sticking,1.4,46.99
1305,5.71,36.45,50,10.23,113.3,5,98.71,Valve Sticking,1.45,47.14
1306,5.71,36.65,60,10.04,113.14,5,98.63,Valve Sticking,1.42,46.4
1307,5.81,36.6,70,9.96,111.06,5,98.55,Valve Sticking,1.09,46.62
1308,5.76,36.53,80,9.83,106.0,5,98.51,Valve Sticking,0.84,46.84
1309,5.63,36.67,90,10.12,113.23,5,98.44,Valve Sticking,1.06,47.43
1310,5.96,36.67,100,9.66,110.28,5,98.39,Valve Sticking,1.54,47.46
1311,5.85,36.8,90,10.25,110.48,5,98.32,Valve Sticking,1.59,47.8
1312,5.62,36.63,80,10.2,107.61,5,98.26,Valve Sticking,1.05,48.19
1313,5.62,36.54,70,9.45,110.31,5,98.17,Valve Sticking,0.87,47.5
1314,5.9,36.74,60,9.69,107.95,5,98.12,Valve Sticking,1.81,47.72
1315,5.76,37.07,50,10.13,113.36,5,98.03,Valve Sticking,1.53,46.98
1316,5.83,36.92,40,9.77,110.13,5,97.94,Valve Sticking,1.36,46.53
1317,5.77,36.84,30,10.02,111.49,5,97.89,Valve Sticking,1.68,45.93
1318,5.53,37.02,20,10.07,112.13,5,97.82,Valve Sticking,1.13,46.18
1319,5.59,36.95,10,9.63,111.59,5,97.72,Valve Sticking,1.19,45.53
1320,5.92,37.12,0,9.84,113.71,6,97.62,Valve Sticking,1.17,45.95
1321,5.72,36.91,10,10.12,111.01,6,97.52,Valve Sticking,1.04,45.72
1322,5.63,37.03,20,10.12,110.46,6,97.43,Valve Sticking,1.26,46.26
1323,5.63,37.21,30,9.9,108.97,6,97.35,Valve Sticking,1.5,45.75
1324,5.65,37.23,40,10.31,109.0,6,97.23,Valve Sticking,1.54,45.2
1325,5.54,37.4,50,10.14,112.75,6,97.18,Valve Sticking,2.22,44.57
1326,5.84,37.54,60,10.02,109.17,6,97.07,Valve Sticking,0.96,45.09
1327,5.45,37.59,70,9.84,108.42,6,96.99,Valve Sticking,1.5,45.12
1328,5.84,37.77,80,10.35,113.9,6,96.89,Valve Sticking,1.5,44.65
1329,5.45,37.82,90,9.82,113.18,6,96.78,Valve Sticking,1.9,44.52
1330,5.66,38.02,100,9.5,102.19,6,96.69,Valve Sticking,1.71,44.79
1331,5.76,37.88,90,9.96,112.61,6,96.63,Valve Sticking,0.96,44.41
1332,5.83,38.15,80,9.55,109.36,6,96.51,Valve Sticking,0.95,44.68
1333,5.91,37.86,70,10.27,110.96,6,96.43,Valve Sticking,1.33,45.11
1334,5.84,37.87,60,9.52,109.08,6,96.3,Valve Sticking,0.95,45.06
1335,5.73,38.08,50,10.21,106.72,6,96.2,Valve Sticking,1.85,45.36
1336,5.83,38.08,40,9.79,108.15,6,96.13,Valve Sticking,1.65,44.92
1337,5.62,38.13,30,10.24,109.06,6,96.02,Valve Sticking,1.86,44.42
1338,5.96,38.32,20,10.54,110.58,6,95.9,Valve Sticking,1.8,43.97
1339,5.82,38.04,10,9.3,110.12,6,95.79,Valve Sticking,1.66,44.72
1340,5.47,37.98,0,9.65,112.89,7,95.71,Valve Sticking,2.27,44.99
1341,5.55,38.06,10,9.99,111.0,7,95.61,Valve Sticking,2.41,45.13
1342,5.88,37.9,20,9.78,108.26,7,95.46,Valve Sticking,1.31,45.7
1343,5.7,37.79,30,10.19,99.46,7,95.36,Valve Sticking,1.3,46.34
1344,5.79,37.92,40,10.16,114.93,7,95.24,Valve Sticking,2.55,45.72
1345,5.47,38.05,50,9.81,110.17,7,95.1,Valve Sticking,2.15,45.76
1346,5.73,38.35,60,10.06,100.97,7,94.99,Valve Sticking,1.16,45.81
1347,6.0,38.64,70,9.88,103.25,7,94.86,Valve Sticking,1.65,46.29
1348,5.92,38.46,80,9.85,112.11,7,94.76,Valve Sticking,1.15,46.72
1349,5.59,38.29,90,9.93,106.96,7,94.65,Valve Sticking,2.23,47.29
1350,6.03,38.26,100,10.06,107.18,7,94.55,Valve Sticking,2.49,47.32
1351,5.67,38.46,90,9.89,111.32,7,94.39,Valve Sticking,1.35,47.53
1352,5.74,38.53,80,10.37,102.16,7,94.3,Valve Sticking,2.77,47.21
1353,5.87,38.29,70,9.89,110.68,7,94.2,Valve Sticking,2.09,47.58
1354,6.07,38.3,60,10.04,98.53,7,94.04,Valve Sticking,2.05,47.71
1355,5.9,38.12,50,9.6,107.03,7,93.89,Valve Sticking,1.63,48.18
1356,5.49,38.16,40,9.72,106.05,7,93.73,Valve Sticking,1.17,47.61
1357,5.49,38.42,30,10.14,112.2,7,93.56,Valve Sticking,2.06,48.16
1358,5.8,38.7,20,10.1,106.89,7,93.39,Valve Sticking,1.48,47.85
1359,5.7,38.55,10,10.08,104.3,7,93.2,Valve Sticking,1.48,47.1
1360,6.03,38.65,0,9.52,107.16,8,93.06,Valve Sticking,1.71,47.4
1361,5.72,38.74,10,10.25,105.29,8,92.91,Valve Sticking,1.8,46.84
1362,5.65,38.71,20,9.41,109.4,8,92.77,Valve Sticking,2.48,47.25
1363,5.82,39.04,30,9.73,107.79,8,92.58,Valve Sticking,2.69,46.73
1364,5.94,39.06,40,9.14,110.47,8,92.41,Valve Sticking,3.08,46.09
1365,5.88,38.87,50,10.2,111.01,8,92.27,Valve Sticking,1.35,45.61
1366,5.67,38.44,60,10.2,104.89,8,92.16,Valve Sticking,1.43,45.36
1367,5.88,39.03,70,9.52,110.32,8,91.97,Valve Sticking,2.35,45.93
1368,5.33,38.69,80,9.9,105.55,8,91.8,Valve Sticking,1.28,45.87
1369,5.64,38.83,90,9.93,103.94,8,91.7,Valve Sticking,2.23,46.53
1370,5.81,38.96,100,10.52,104.42,8,91.54,Valve Sticking,2.84,46.53
1371,5.7,39.07,90,9.69,105.97,8,91.38,Valve Sticking,3.22,45.98
1372,5.5,39.43,80,9.71,105.73,8,91.22,Valve Sticking,2.67,46.27
1373,5.93,39.31,70,9.34,106.16,8,91.1,Valve Sticking,2.59,46.89
1374,5.39,39.75,60,9.72,108.61,8,90.97,Valve Sticking,2.77,46.63
1375,5.54,39.06,50,10.19,105.96,8,90.82,Valve Sticking,2.99,47.07
1376,5.33,39.28,40,10.55,107.15,8,90.64,Valve Sticking,3.23,46.61
1377,5.4,39.37,30,10.28,97.76,8,90.46,Valve Sticking,1.73,47.24
1378,5.46,39.12,20,10.09,100.0,8,90.33,Valve Sticking,2.55,47.66
1379,5.44,38.88,10,10.17,102.85,8,90.18,Valve Sticking,2.14,47.04
1380,5.76,39.03,0,9.71,108.34,9,90.0,Valve Sticking,1.53,47.52
1381,5.36,38.93,10,10.47,106.28,9,89.88,Valve Sticking,2.31,47.65
1382,5.91,38.93,20,9.95,101.88,9,89.76,Valve Sticking,1.51,47.57
1383,5.73,39.18,30,9.87,109.69,9,89.61,Valve Sticking,1.63,47.79
1384,5.57,39.4,40,10.03,105.8,9,89.51,Valve Sticking,1.61,47.32
1385,5.34,39.73,50,9.75,109.15,9,89.34,Valve Sticking,1.49,46.55
1386,5.55,39.93,60,9.31,103.2,9,89.15,Valve Sticking,1.9,45.85
1387,5.31,40.02,70,9.69,108.67,9,88.97,Valve Sticking,2.07,45.79
1388,5.67,39.62,80,9.57,105.99,9,88.87,Valve Sticking,3.11,45.75
1389,5.58,39.61,90,9.91,110.11,9,88.67,Valve Sticking,1.97,45.6
1390,5.41,39.56,100,10.14,107.74,9,88.54,Valve Sticking,2.02,45.56
1391,5.42,39.22,90,9.55,110.42,9,88.43,Valve Sticking,2.67,45.8
1392,5.36,39.57,80,10.04,109.16,9,88.31,Valve Sticking,1.92,45.34
1393,5.69,39.74,70,10.56,103.38,9,88.19,Valve Sticking,2.84,44.89
1394,5.5,39.37,60,9.41,110.69,9,87.98,Valve Sticking,3.25,44.7
1395,5.39,39.05,50,9.85,104.49,9,87.82,Valve Sticking,1.39,44.35
1396,5.93,38.95,40,10.07,109.33,9,87.64,Valve Sticking,2.28,44.34
1397,5.51,39.5,30,10.02,108.59,9,87.49,Valve Sticking,2.07,44.14
1398,5.45,39.48,20,9.69,102.03,9,87.36,Valve Sticking,3.18,44.92
1399,5.67,39.19,10,9.94,104.42,9,87.15,Valve Sticking,3.17,44.41
1400,5.94,39.5,0,9.81,104.89,10,86.95,Valve Sticking,2.61,44.02
1401,5.39,39.74,10,9.78,109.45,10,86.86,Valve Sticking,1.81,44.78
1402,5.43,39.84,20,9.23,110.98,10,86.74,Valve Sticking,1.58,44.91
1403,5.99,39.95,30,9.47,100.33,10,86.63,Valve Sticking,2.8,44.79
1404,5.98,39.96,40,9.26,108.07,10,86.51,Valve Sticking,2.58,45.08
1405,5.72,40.16,50,10.44,104.8,10,86.34,Valve Sticking,1.48,45.1
1406,5.27,40.28,60,9.34,107.41,10,86.21,Valve Sticking,3.19,45.38
1407,5.82,40.67,70,9.2,104.01,10,86.08,Valve Sticking,1.71,46.07
1408,5.91,40.47,80,9.97,105.35,10,85.88,Valve Sticking,2.72,45.57
1409,5.56,40.44,90,9.86,103.91,10,85.71,Valve Sticking,2.62,45.81
1410,5.77,40.12,100,10.5,105.94,10,85.59,Valve Sticking,1.38,46.36
1411,5.67,39.56,90,9.21,107.08,10,85.38,Valve Sticking,1.59,46.47
1412,6.06,39.42,80,10.14,104.17,10,85.2,Valve Sticking,2.67,46.03
1413,5.42,39.83,70,10.22,108.88,10,85.02,Valve Sticking,3.32,45.99
1414,5.96,40.2,60,9.91,107.7,10,84.88,Valve Sticking,1.68,45.68
1415,5.51,40.17,50,10.58,96.34,10,84.76,Valve Sticking,3.06,46.14
1416,5.95,40.24,40,10.01,96.53,10,84.62,Valve Sticking,1.92,46.38
1417,5.56,40.32,30,9.93,107.83,10,84.43,Valve Sticking,3.02,46.19
1418,5.78,40.28,20,10.16,108.17,10,84.25,Valve Sticking,1.23,46.78
1419,5.61,40.1,10,9.26,110.89,10,84.09,Valve Sticking,2.13,46.83
1420,5.65,40.45,0,10.26,105.51,11,83.95,Valve Sticking,2.24,46.96
1421,5.38,40.2,10,9.76,102.32,11,83.74,Valve Sticking,2.65,46.96
1422,6.07,40.32,20,10.3,102.04,11,83.63,Valve Sticking,3.14,47.15
1423,5.97,40.14,30,9.87,108.73,11,83.44,Valve Sticking,1.43,46.47
1424,6.01,39.73,40,9.75,107.13,11,83.31,Valve Sticking,2.16,46.8
1425,5.97,39.7,50,9.4,103.88,11,83.12,Valve Sticking,2.12,46.96
1426,5.84,39.78,60,10.21,107.35,11,82.95,Valve Sticking,3.19,46.21
1427,5.67,39.59,70,10.2,108.95,11,82.83,Valve Sticking,1.68,46.39
1428,5.84,39.64,80,10.17,109.37,11,82.71,Valve Sticking,3.25,46.07
1429,5.43,39.83,90,9.73,105.12,11,82.52,Valve Sticking,2.07,45.81
1430,6.01,39.83,100,10.47,108.6,11,82.41,Valve Sticking,2.63,45.45
1431,5.98,40.01,90,9.96,107.6,11,82.29,Valve Sticking,2.48,44.85
1432,5.23,39.79,80,10.11,112.68,11,82.12,Valve Sticking,3.21,44.37
1433,5.43,39.81,70,9.4,110.15,11,81.96,Valve Sticking,1.83,44.89
1434,5.44,40.09,60,9.83,108.95,11,81.84,Valve Sticking,3.0,45.06
1435,5.93,40.39,50,10.5,108.48,11,81.72,Valve Sticking,1.82,45.23
1436,5.92,40.54,40,9.37,109.28,11,81.52,Valve Sticking,1.58,45.04
1437,5.44,40.48,30,9.59,106.17,11,81.33,Valve Sticking,2.62,44.68
1438,5.85,40.68,20,10.13,112.05,11,81.23,Valve Sticking,3.34,45.23
1439,5.51,40.12,10,10.45,109.67,11,81.12,Valve Sticking,3.07,45.51
1440,5.88,39.7,0,9.94,103.85,12,80.99,Valve Sticking,1.63,45.97
1441,5.37,39.6,10,9.52,112.28,12,80.85,Valve Sticking,1.52,45.45
1442,5.85,39.85,20,9.75,110.97,12,80.75,Valve Sticking,1.4,45.42
1443,5.35,40.26,30,9.22,104.18,12,80.55,Valve Sticking,3.02,46.07
1444,5.51,39.85,40,9.75,98.87,12,80.35,Valve Sticking,3.12,46.47
1445,5.88,39.51,50,10.01,110.32,12,80.15,Valve Sticking,1.61,46.08
1446,5.32,39.42,60,9.93,101.99,12,79.97,Valve Sticking,3.22,46.66
1447,5.74,39.41,70,10.0,103.51,12,79.86,Valve Sticking,2.55,46.71
1448,5.24,39.49,80,9.75,99.73,12,79.66,Valve Sticking,3.09,46.2
1449,5.82,39.42,90,10.52,107.65,12,79.53,Valve Sticking,2.57,46.84
1450,6.06,39.26,100,10.56,102.29,12,79.34,Valve Sticking,2.38,46.9
1451,5.88,39.63,90,9.52,97.42,12,79.13,Valve Sticking,2.78,46.32
1452,5.67,39.41,80,10.22,106.46,12,78.96,Valve Sticking,1.34,45.99
1453,5.81,39.8,70,9.75,106.41,12,78.76,Valve Sticking,2.04,45.81
1454,5.86,39.63,60,9.35,107.01,12,78.66,Valve Sticking,2.16,45.95
1455,5.43,40.02,50,9.56,102.92,12,78.53,Valve Sticking,2.81,46.37
1456,5.48,40.13,40,9.7,103.17,12,78.39,Valve Sticking,2.73,46.69
1457,5.4,40.34,30,9.49,106.1,12,78.2,Valve Sticking,1.28,46.39
1458,5.86,40.17,20,10.35,106.17,12,78.04,Valve Sticking,2.58,46.63
1459,5.91,40.14,10,9.51,111.06,12,77.93,Valve Sticking,1.3,47.08
1460,5.59,40.65,0,10.2,105.28,13,77.76,Valve Sticking,2.49,47.46
1461,5.51,40.58,10,9.84,111.53,13,77.66,Valve Sticking,2.77,47.02
1462,5.87,40.98,20,9.18,103.45,13,77.46,Valve Sticking,3.22,46.48
1463,6.12,40.62,30,9.61,106.77,13,77.31,Valve Sticking,1.65,45.85
1464,5.37,40.75,40,9.33,100.36,13,77.11,Valve Sticking,2.33,45.23
1465,5.48,40.56,50,9.94,101.34,13,77.0,Valve Sticking,1.63,44.59
1466,5.97,40.83,60,9.79,102.58,13,76.8,Valve Sticking,1.64,45.08
1467,5.68,40.7,70,10.21,109.19,13,76.62,Valve Sticking,3.21,45.14
1468,5.29,40.72,80,10.28,109.2,13,76.46,Valve Sticking,3.05,45.57
1469,5.85,40.47,90,10.08,114.28,13,76.36,Valve Sticking,2.69,45.03
1470,5.57,40.74,100,9.86,113.08,13,76.23,Valve Sticking,2.44,45.73
1471,5.71,40.52,90,9.46,101.88,13,76.11,Valve Sticking,3.06,46.11
1472,5.52,40.4,80,9.86,104.72,13,75.94,Valve Sticking,2.01,46.32
1473,5.37,40.48,70,9.49,101.47,13,75.83,Valve Sticking,2.7,45.71
1474,5.64,40.41,60,10.17,111.48,13,75.68,Valve Sticking,2.56,46.22
1475,5.69,40.28,50,9.89,110.22,13,75.57,Valve Sticking,3.0,46.33
1476,5.69,40.12,40,10.12,113.36,13,75.44,Valve Sticking,2.89,46.23
1477,5.36,39.91,30,10.27,103.37,13,75.31,Valve Sticking,1.54,46.61
1478,5.6,40.29,20,10.35,110.52,13,75.21,Valve Sticking,2.43,46.69
1479,5.98,40.17,10,10.12,109.73,13,75.01,Valve Sticking,3.34,46.6
1480,5.99,40.38,0,9.45,104.43,14,74.8,Valve Sticking,2.59,46.94
1481,5.67,40.18,10,10.23,103.12,14,74.62,Valve Sticking,2.47,46.65
1482,5.29,40.61,20,10.08,107.45,14,74.49,Valve Sticking,1.43,45.91
1483,5.95,40.73,30,9.98,100.17,14,74.38,Valve Sticking,2.11,46.56
1484,5.46,40.95,40,10.07,110.76,14,74.26,Valve Sticking,1.67,46.89
1485,5.65,40.7,50,9.85,102.53,14,74.16,Valve Sticking,2.54,47.0
1486,5.48,40.51,60,9.88,107.19,14,73.98,Valve Sticking,3.14,47.36
1487,5.72,40.42,70,10.57,107.48,14,73.82,Valve Sticking,2.32,47.09
1488,5.39,40.54,80,9.83,107.94,14,73.68,Valve Sticking,2.03,47.05
1489,5.33,40.24,90,10.1,109.29,14,73.53,Valve Sticking,1.45,47.62
1490,5.93,40.41,100,9.98,108.84,14,73.34,Valve Sticking,2.27,47.85
1491,5.63,39.86,90,9.74,111.5,14,73.17,Valve Sticking,1.71,47.79
1492,5.72,40.2,80,10.18,112.54,14,73.02,Valve Sticking,1.33,47.27
1493,5.72,40.19,70,9.63,107.86,14,72.83,Valve Sticking,3.15,46.46
1494,5.43,40.29,60,10.25,105.05,14,72.65,Valve Sticking,2.21,46.43
1495,5.64,40.14,50,10.09,104.15,14,72.49,Valve Sticking,3.34,46.51
1496,5.8,40.55,40,9.62,109.8,14,72.33,Valve Sticking,2.77,46.86
1497,6.03,40.64,30,10.4,107.38,14,72.17,Valve Sticking,3.12,46.65
1498,5.86,40.9,20,9.98,108.37,14,72.06,Valve Sticking,2.8,46.5
1499,5.96,40.9,10,10.32,109.64,14,71.95,Valve Sticking,2.71,46.36
1500,5.87,40.62,0,10.19,103.11,15,71.81,Valve Sticking,2.43,45.64
1501,5.76,40.08,10,10.35,111.91,15,71.66,Valve Sticking,1.8,45.69
1502,5.88,39.98,20,10.26,105.61,15,71.5,Valve Sticking,3.13,45.38
1503,5.8,39.78,30,9.72,105.99,15,71.35,Valve Sticking,2.27,45.24
1504,5.92,39.9,40,9.62,108.38,15,71.16,Valve Sticking,1.19,45.63
1505,5.29,40.11,50,9.54,105.75,15,71.06,Valve Sticking,3.01,46.33
1506,5.65,39.95,60,9.9,105.16,15,70.95,Valve Sticking,1.98,46.05
1507,5.78,39.89,70,10.12,106.03,15,70.81,Valve Sticking,3.27,46.3
1508,6.03,39.72,80,9.58,105.94,15,70.68,Valve Sticking,2.1,46.07
1509,5.71,39.77,90,9.5,101.58,15,70.58,Valve Sticking,2.11,45.9
1510,5.79,39.24,100,9.79,111.21,15,70.42,Valve Sticking,3.28,46.48
1511,6.05,39.52,90,10.52,114.02,15,70.32,Valve Sticking,2.38,46.01
1512,5.75,39.59,80,9.97,109.89,15,70.12,Valve Sticking,2.4,45.5
1513,6.01,39.72,70,9.88,105.85,15,69.94,Valve Sticking,1.36,45.63
1514,5.4,39.86,60,10.02,102.67,15,69.79,Valve Sticking,2.52,45.34
1515,6.13,40.29,50,9.8,106.94,15,69.69,Valve Sticking,3.11,45.31
1516,5.63,40.49,40,9.81,104.88,15,69.51,Valve Sticking,1.75,45.08
1517,5.44,40.65,30,10.0,111.65,15,69.4,Valve Sticking,3.14,45.07
1518,5.34,40.56,20,9.98,101.06,15,69.3,Valve Sticking,2.83,44.62
1519,5.38,40.37,10,9.61,111.86,15,69.2,Valve Sticking,3.0,45.07
1520,5.72,40.41,0,9.54,107.1,16,69.01,Valve Sticking,2.34,45.11
1521,5.32,40.65,10,9.43,107.65,16,68.9,Valve Sticking,2.59,45.27
1522,5.35,40.36,20,9.62,110.24,16,68.79,Valve Sticking,2.79,45.78
1523,5.41,40.81,30,10.12,103.87,16,68.69,Valve Sticking,2.48,45.13
1524,5.56,40.95,40,9.85,113.26,16,68.58,Valve Sticking,1.24,44.62
1525,5.62,41.22,50,9.24,112.45,16,68.4,Valve Sticking,1.98,44.77
1526,5.76,40.8,60,9.12,108.18,16,68.22,Valve Sticking,1.51,45.27
1527,5.36,40.62,70,9.99,108.77,16,68.02,Valve Sticking,2.9,45.02
1528,5.44,40.41,80,9.83,111.93,16,67.82,Valve Sticking,2.62,45.41
1529,5.92,40.59,90,9.49,104.17,16,67.72,Valve Sticking,1.92,45.4
1530,5.36,40.39,100,9.87,109.26,16,67.56,Valve Sticking,2.97,44.88
1531,5.37,40.76,90,9.77,104.1,16,67.46,Valve Sticking,2.37,44.84
1532,5.29,40.38,80,9.77,101.04,16,67.28,Valve Sticking,2.11,45.27
1533,5.46,40.15,70,9.88,107.44,16,67.08,Valve Sticking,2.47,45.92
1534,5.34,39.7,60,9.87,114.75,16,66.88,Valve Sticking,1.58,45.27
1535,5.2,39.43,50,9.68,104.73,16,66.75,Valve Sticking,1.83,44.82
1536,5.24,39.15,40,9.51,104.8,16,66.57,Valve Sticking,3.4,44.36
1537,5.79,39.49,30,9.64,104.59,16,66.42,Valve Sticking,2.89,44.65
1538,5.65,39.4,20,10.18,112.14,16,66.21,Valve Sticking,1.48,45.07
1539,6.05,39.68,10,9.29,109.65,16,66.07,Valve Sticking,2.03,45.15
1540,5.42,39.31,0,9.81,106.09,17,65.93,Valve Sticking,2.16,44.87
1541,5.76,38.89,10,10.51,105.13,17,65.76,Valve Sticking,1.41,44.29
1542,5.82,39.33,20,9.9,104.37,17,65.64,Valve Sticking,3.41,44.85
1543,5.45,39.13,30,9.95,104.76,17,65.44,Valve Sticking,1.85,44.97
1544,5.63,39.49,40,9.46,105.02,17,65.23,Valve Sticking,3.35,44.36
1545,5.5,39.34,50,9.66,114.19,17,65.07,Valve Sticking,1.22,44.26
1546,5.25,39.22,60,10.24,104.35,17,64.95,Valve Sticking,2.13,44.33
1547,5.86,39.69,70,10.23,102.84,17,64.82,Valve Sticking,1.87,44.5
1548,5.8,39.62,80,9.36,108.78,17,64.65,Valve Sticking,1.25,44.15
1549,5.63,39.2,90,9.84,106.88,17,64.54,Valve Sticking,3.26,43.87
1550,5.9,39.36,100,9.68,111.65,17,64.34,Valve Sticking,2.2,43.97
1551,5.95,39.48,90,9.6,108.64,17,64.17,Valve Sticking,3.0,44.76
1552,5.53,39.31,80,10.0,109.22,17,64.04,Valve Sticking,3.09,44.65
1553,5.93,39.47,70,9.71,108.32,17,63.92,Valve Sticking,1.93,44.63
1554,5.4,39.34,60,9.9,106.25,17,63.83,Valve Sticking,2.5,45.39
1555,5.88,39.5,50,9.96,105.74,17,63.62,Valve Sticking,1.87,45.66
1556,5.51,39.44,40,9.2,105.01,17,63.5,Valve Sticking,2.78,45.54
1557,5.21,39.23,30,10.21,106.16,17,63.3,Valve Sticking,2.82,46.07
1558,5.66,39.0,20,10.39,109.93,17,63.1,Valve Sticking,1.94,45.64
1559,5.55,39.38,10,9.73,109.04,17,62.9,Valve Sticking,1.53,45.62
1560,5.79,39.74,0,9.6,106.13,18,62.76,Valve Sticking,2.51,46.0
1561,5.73,39.72,10,9.2,102.56,18,62.66,Valve Sticking,2.71,45.3
1562,5.35,39.47,20,9.59,106.51,18,62.47,Valve Sticking,2.68,44.83
1563,5.46,39.13,30,9.63,111.45,18,62.27,Valve Sticking,2.22,45.16
1564,5.61,38.88,40,10.24,108.37,18,62.08,Valve Sticking,2.61,44.52
1565,5.38,39.22,50,10.65,104.86,18,61.91,Valve Sticking,2.41,44.12
1566,5.51,39.15,60,10.32,102.72,18,61.78,Valve Sticking,2.89,43.58
1567,6.05,39.69,70,9.87,110.67,18,61.58,Valve Sticking,3.16,44.09
1568,5.78,39.72,80,9.8,97.42,18,61.42,Valve Sticking,1.83,43.75
1569,5.39,39.86,90,9.71,107.61,18,61.25,Valve Sticking,2.4,44.35
1570,5.37,40.05,100,10.0,106.09,18,61.04,Valve Sticking,1.87,44.11
1571,5.53,40.33,90,9.76,104.66,18,60.89,Valve Sticking,1.47,44.24
1572,5.41,40.69,80,9.47,111.63,18,60.74,Valve Sticking,2.62,44.35
1573,5.98,40.51,70,9.87,109.87,18,60.64,Valve Sticking,1.63,44.09
1574,5.7,40.46,60,10.3,104.38,18,60.51,Valve Sticking,2.85,43.81
1575,5.52,40.19,50,9.47,107.91,18,60.33,Valve Sticking,1.46,43.59
1576,5.48,39.85,40,9.76,110.6,18,60.21,Valve Sticking,1.3,43.63
1577,5.88,39.46,30,10.0,107.11,18,60.04,Valve Sticking,2.6,43.77
1578,5.99,39.53,20,9.81,109.51,18,59.85,Valve Sticking,1.59,44.41
1579,5.58,40.0,10,9.6,105.2,18,59.73,Valve Sticking,2.03,44.18
1580,5.56,39.86,0,10.33,106.87,19,59.55,Valve Sticking,1.87,43.63
1581,5.63,39.35,10,10.2,106.6,19,59.44,Valve Sticking,1.33,43.14
1582,5.76,39.05,20,10.54,113.75,19,59.3,Valve Sticking,2.9,42.8
1583,5.39,38.85,30,9.72,107.45,19,59.19,Valve Sticking,2.99,42.75
1584,5.55,39.19,40,10.08,110.64,19,59.04,Valve Sticking,1.52,42.87
1585,5.65,39.27,50,10.42,105.23,19,58.93,Valve Sticking,3.35,43.65
1586,5.8,39.23,60,9.83,109.27,19,58.81,Valve Sticking,3.23,44.29
1587,5.79,39.0,70,10.14,101.55,19,58.7,Valve Sticking,2.83,44.5
1588,5.48,38.62,80,9.75,109.2,19,58.59,Valve Sticking,3.42,44.89
1589,5.68,38.76,90,9.6,101.58,19,58.49,Valve Sticking,1.92,44.87
1590,6.04,38.47,100,10.13,96.11,19,58.28,Valve Sticking,1.44,45.26
1591,6.03,38.39,90,9.99,111.25,19,58.16,Valve Sticking,1.9,45.78
1592,5.54,38.96,80,9.21,102.29,19,58.06,Valve Sticking,2.9,46.35
1593,5.42,39.13,70,9.65,105.96,19,57.94,Valve Sticking,2.56,46.84
1594,5.57,39.07,60,9.15,108.13,19,57.83,Valve Sticking,2.78,47.15
1595,5.99,39.84,50,10.27,105.75,19,57.72,Valve Sticking,2.47,47.51
1596,5.44,39.88,40,10.03,107.93,19,57.52,Valve Sticking,3.08,47.01
1597,5.6,39.79,30,9.56,107.86,19,57.39,Valve Sticking,3.17,46.7
1598,5.85,39.69,20,10.52,100.53,19,57.21,Valve Sticking,2.99,46.86
1599,5.31,39.49,10,10.3,101.95,19,57.1,Valve Sticking,2.01,46.83
1600,5.92,39.52,0,9.64,112.33,20,56.91,Valve Sticking,3.32,46.86
1601,5.17,30.35,10,10.21,123.5,0,100.0,Healthy,0.45,16.45
1602,5.22,30.57,20,10.03,123.88,0,100.0,Healthy,0.42,18.16
1603,5.21,30.73,30,9.77,124.22,0,99.99,Healthy,0.36,18.66
1604,5.24,31.08,40,10.15,124.53,0,99.99,Healthy,0.34,18.91
1605,5.36,31.36,50,10.16,123.62,0,99.99,Healthy,0.41,19.77
1606,5.38,31.32,60,9.74,124.71,0,99.99,Healthy,0.4,20.46
1607,5.25,31.53,70,9.86,121.62,0,99.99,Healthy,0.5,21.3
1608,5.26,31.58,80,9.76,121.23,0,99.99,Healthy,0.47,22.08
1609,5.47,31.81,90,9.93,123.82,0,99.99,Healthy,0.4,23.09
1610,5.47,31.97,100,10.1,120.24,0,99.98,Healthy,0.49,23.97
1611,5.4,32.05,90,10.07,123.69,0,99.98,Healthy,0.46,24.12
1612,5.3,32.22,80,9.93,120.96,0,99.97,Healthy,0.38,24.47
1613,5.32,32.28,70,9.7,123.77,0,99.97,Healthy,0.31,24.69
1614,5.31,32.25,60,9.8,121.24,0,99.97,Healthy,0.46,25.41
1615,5.31,32.13,50,10.06,121.22,0,99.97,Healthy,0.32,25.69
1616,5.41,32.16,40,9.68,121.36,0,99.96,Healthy,0.53,25.49
1617,5.52,32.13,30,10.26,121.4,0,99.96,Healthy,0.43,25.19
1618,5.35,32.07,20,9.77,120.68,0,99.96,Healthy,0.51,25.64
1619,5.35,32.13,10,10.26,120.16,0,99.96,Healthy,0.31,26.2
1620,5.33,32.12,0,9.95,119.86,1,99.95,Healthy,0.33,26.16
1621,5.52,32.18,10,9.79,120.08,1,99.95,Healthy,0.53,26.13
1622,5.53,32.16,20,9.67,123.43,1,99.95,Healthy,0.37,26.29
1623,5.36,32.17,30,9.95,119.59,1,99.94,Healthy,0.39,25.92
1624,5.52,32.16,40,10.0,122.04,1,99.94,Healthy,0.39,26.9
1625,5.37,32.13,50,9.87,122.85,1,99.94,Healthy,0.43,26.82
1626,5.52,32.15,60,10.0,120.76,1,99.94,Healthy,0.45,27.43
1627,5.53,32.34,70,9.91,119.75,1,99.94,Healthy,0.35,28.12
1628,5.39,32.34,80,10.01,122.19,1,99.94,Healthy,0.48,28.5
1629,5.47,32.39,90,9.89,122.99,1,99.94,Healthy,0.55,28.35
1630,5.42,32.49,100,10.06,118.7,1,99.93,Healthy,0.46,28.14
1631,5.44,32.55,90,9.86,122.92,1,99.93,Healthy,0.5,27.92
1632,5.48,32.57,80,9.84,120.75,1,99.93,Healthy,0.41,28.69
1633,5.56,32.59,70,10.26,119.67,1,99.93,Healthy,0.44,28.97
1634,5.49,32.49,60,10.22,123.3,1,99.93,Healthy,0.48,28.64
1635,5.47,32.4,50,10.08,118.68,1,99.93,Healthy,0.43,28.53
1636,5.36,32.55,40,10.01,120.03,1,99.92,Healthy,0.48,29.09
1637,5.41,32.49,30,9.94,122.84,1,99.92,Healthy,0.54,28.83
1638,5.45,32.51,20,10.01,119.56,1,99.92,Healthy,0.48,28.56
1639,5.52,32.63,10,10.27,119.12,1,99.92,Healthy,0.37,28.51
1640,5.58,32.69,0,10.1,122.23,2,99.92,Healthy,0.51,29.09
1641,5.41,32.8,10,10.18,121.75,2,99.92,Healthy,0.34,29.03
1642,5.43,32.86,20,10.22,121.88,2,99.91,Healthy,0.53,28.95
1643,5.54,32.81,30,9.87,123.39,2,99.91,Healthy,0.33,28.86
1644,5.55,32.86,40,10.14,118.84,2,99.91,Healthy,0.46,28.41
1645,5.45,32.84,50,10.16,118.65,2,99.91,Healthy,0.37,28.56
1646,5.5,32.7,60,10.32,122.86,2,99.9,Healthy,0.37,29.01
1647,5.49,32.73,70,10.08,121.63,2,99.9,Healthy,0.46,29.42
1648,5.53,32.8,80,10.33,122.24,2,99.9,Healthy,0.38,28.95
1649,5.5,32.76,90,10.23,119.76,2,99.9,Healthy,0.43,29.58
1650,5.52,32.86,100,10.13,121.44,2,99.9,Seal Wear,0.36,29.89
1651,5.53,32.85,90,9.95,118.13,2,99.9,Seal Wear,0.38,30.24
1652,5.45,32.85,80,10.29,121.48,2,99.9,Seal Wear,0.55,30.89
1653,5.5,32.95,70,10.25,118.02,2,99.89,Seal Wear,0.58,30.23
1654,5.42,33.08,60,10.11,119.02,2,99.89,Seal Wear,0.56,30.77
1655,5.39,33.14,50,10.07,118.71,2,99.89,Seal Wear,0.37,30.13
1656,5.4,33.32,40,9.76,118.86,2,99.88,Seal Wear,0.49,29.47
1657,5.39,33.24,30,10.01,121.21,2,99.88,Seal Wear,0.5,28.81
1658,5.49,33.11,20,10.28,122.78,2,99.87,Seal Wear,0.45,28.32
1659,5.54,33.16,10,10.35,120.29,2,99.87,Seal Wear,0.6,28.61
1660,5.55,33.08,0,10.0,118.2,3,99.86,Seal Wear,0.57,28.71
1661,5.36,33.07,10,10.31,123.13,3,99.86,Seal Wear,0.47,28.11
1662,5.52,33.0,20,9.66,122.89,3,99.85,Seal Wear,0.47,28.05
1663,5.35,33.02,30,10.04,120.36,3,99.85,Seal Wear,0.6,28.17
1664,5.42,33.07,40,10.17,120.69,3,99.84,Seal Wear,0.57,27.78
1665,5.44,33.07,50,10.21,123.19,3,99.83,Seal Wear,0.59,27.79
1666,5.33,33.05,60,9.84,121.71,3,99.82,Seal Wear,0.4,27.42
1667,5.36,33.31,70,10.29,120.41,3,99.81,Seal Wear,0.65,27.7
1668,5.5,33.32,80,10.18,122.89,3,99.8,Seal Wear,0.53,27.45
1669,5.34,33.38,90,10.32,122.35,3,99.79,Seal Wear,0.66,27.65
1670,5.33,33.31,100,10.3,119.95,3,99.77,Seal Wear,0.7,27.67
1671,5.5,33.39,90,10.25,122.67,3,99.76,Seal Wear,0.57,28.15
1672,5.37,33.52,80,10.07,120.59,3,99.75,Seal Wear,0.59,28.33
1673,5.5,33.5,70,9.7,118.8,3,99.74,Seal Wear,0.56,29.08
1674,5.45,33.71,60,10.32,120.81,3,99.72,Seal Wear,0.63,29.68
1675,5.52,33.76,50,9.84,122.41,3,99.71,Seal Wear,0.5,29.09
1676,5.54,33.68,40,10.25,117.99,3,99.69,Seal Wear,0.62,29.33
1677,5.46,33.65,30,9.7,120.35,3,99.68,Seal Wear,0.55,29.09
1678,5.41,33.71,20,9.89,120.66,3,99.66,Seal Wear,0.54,29.77
1679,5.6,33.78,10,9.86,119.89,3,99.65,Seal Wear,0.47,29.47
1680,5.58,33.81,0,10.3,120.6,4,99.63,Seal Wear,0.67,30.15
1681,5.41,33.83,10,10.15,122.1,4,99.61,Seal Wear,0.53,30.77
1682,5.38,33.96,20,9.93,121.18,4,99.6,Seal Wear,0.73,30.47
1683,5.61,33.87,30,9.69,119.34,4,99.59,Seal Wear,0.48,30.62
1684,5.38,33.93,40,10.22,120.76,4,99.57,Seal Wear,0.62,30.22
1685,5.37,33.89,50,10.04,121.56,4,99.55,Seal Wear,0.61,30.5
1686,5.5,33.85,60,9.9,122.4,4,99.54,Seal Wear,0.75,30.18
1687,5.61,33.8,70,9.9,121.68,4,99.52,Seal Wear,0.71,29.69
1688,5.53,33.77,80,9.72,120.21,4,99.51,Seal Wear,0.83,30.33
1689,5.57,33.68,90,9.77,119.72,4,99.49,Seal Wear,0.6,29.85
1690,5.47,33.79,100,9.87,119.38,4,99.48,Seal Wear,0.65,29.96
1691,5.42,33.82,90,10.2,121.43,4,99.46,Seal Wear,0.56,30.22
1692,5.55,33.83,80,10.1,120.08,4,99.43,Seal Wear,0.64,30.51
1693,5.58,33.8,70,9.92,122.33,4,99.42,Seal Wear,0.68,30.54
1694,5.46,33.74,60,9.91,121.71,4,99.4,Seal Wear,0.65,30.3
1695,5.43,33.62,50,9.69,119.09,4,99.38,Seal Wear,0.86,30.43
1696,5.51,33.74,40,9.92,120.44,4,99.36,Seal Wear,0.57,29.84
1697,5.37,33.67,30,10.21,119.31,4,99.33,Seal Wear,0.76,29.67
1698,5.39,33.81,20,9.9,120.81,4,99.3,Seal Wear,0.5,29.79
1699,5.42,34.12,10,9.92,118.23,4,99.28,Seal Wear,0.83,29.9
1700,5.48,34.0,0,9.93,118.59,5,99.26,Seal Wear,0.81,29.86
1701,5.38,33.88,10,9.95,121.48,5,99.24,Seal Wear,0.61,30.34
1702,5.52,33.86,20,10.12,117.43,5,99.23,Seal Wear,0.5,30.2
1703,5.42,34.17,30,9.99,118.91,5,99.2,Seal Wear,0.92,29.79
1704,5.51,34.25,40,9.78,121.97,5,99.17,Seal Wear,0.93,29.14
1705,5.4,34.21,50,10.29,119.73,5,99.14,Seal Wear,0.72,28.78
1706,5.35,34.11,60,9.86,121.5,5,99.12,Seal Wear,0.79,28.21
1707,5.42,34.17,70,9.86,117.76,5,99.09,Seal Wear,0.82,28.46
1708,5.49,34.28,80,10.37,119.08,5,99.07,Seal Wear,0.87,27.9
1709,5.36,34.29,90,10.31,118.59,5,99.03,Seal Wear,0.88,27.99
1710,5.47,34.37,100,9.83,121.2,5,99.01,Seal Wear,0.72,27.51
1711,5.41,34.5,90,9.91,117.05,5,98.97,Seal Wear,0.79,27.91
1712,5.5,34.7,80,9.76,118.02,5,98.93,Seal Wear,0.81,27.62
1713,5.42,34.8,70,10.04,119.09,5,98.91,Seal Wear,0.95,28.36
1714,5.32,34.74,60,10.06,117.26,5,98.87,Seal Wear,0.74,28.87
1715,5.51,34.93,50,9.94,117.23,5,98.84,Seal Wear,0.74,29.12
1716,5.57,34.87,40,10.28,118.52,5,98.8,Seal Wear,0.82,28.98
1717,5.57,34.72,30,9.89,118.72,5,98.76,Seal Wear,0.83,28.89
1718,5.49,34.88,20,10.18,120.8,5,98.72,Seal Wear,0.86,29.32
1719,5.38,34.88,10,10.33,119.95,5,98.68,Seal Wear,0.58,29.08
1720,5.36,35.03,0,9.78,119.93,6,98.63,Seal Wear,0.85,29.66
1721,5.3,34.92,10,10.23,118.37,6,98.59,Seal Wear,0.93,29.27
1722,5.42,34.98,20,10.28,121.2,6,98.54,Seal Wear,0.95,29.91
1723,5.4,34.63,30,10.13,120.15,6,98.51,Seal Wear,0.98,29.36
1724,5.47,34.61,40,10.0,118.56,6,98.46,Seal Wear,0.96,29.68
1725,5.51,34.61,50,10.27,116.58,6,98.41,Seal Wear,0.74,29.85
1726,5.55,34.65,60,10.04,118.08,6,98.37,Seal Wear,0.71,29.2
1727,5.6,34.66,70,9.98,120.74,6,98.33,Seal Wear,0.6,29.83
1728,5.53,34.56,80,9.99,119.48,6,98.28,Seal Wear,0.73,29.58
1729,5.48,34.69,90,10.08,118.87,6,98.23,Seal Wear,1.05,29.24
1730,5.54,34.94,100,10.26,119.79,6,98.19,Seal Wear,0.86,29.73
1731,5.37,35.0,90,10.21,117.85,6,98.14,Seal Wear,1.05,29.59
1732,5.47,35.03,80,10.19,120.55,6,98.11,Seal Wear,1.07,28.91
1733,5.4,34.92,70,9.95,117.42,6,98.07,Seal Wear,0.95,28.63
1734,5.5,35.03,60,10.04,118.85,6,98.03,Seal Wear,0.58,29.38
1735,5.49,35.18,50,9.85,118.81,6,97.99,Seal Wear,0.95,28.93
1736,5.31,35.12,40,9.86,117.99,6,97.93,Seal Wear,0.79,29.46
1737,5.39,35.11,30,10.03,119.82,6,97.89,Seal Wear,1.14,28.92
1738,5.56,35.34,20,10.22,121.12,6,97.85,Seal Wear,0.89,29.17
1739,5.45,35.33,10,10.21,116.31,6,97.81,Seal Wear,1.04,29.27
1740,5.48,35.32,0,10.21,119.03,7,97.78,Seal Wear,1.05,29.42
1741,5.45,35.26,10,9.94,118.75,7,97.73,Seal Wear,1.1,29.26
1742,5.42,35.53,20,10.13,122.4,7,97.68,Seal Wear,1.04,29.21
1743,5.47,35.73,30,10.22,118.16,7,97.63,Seal Wear,0.69,29.76
1744,5.36,35.71,40,10.02,121.25,7,97.6,Seal Wear,0.97,29.48
1745,5.32,35.72,50,10.08,117.14,7,97.55,Seal Wear,0.87,29.48
1746,5.52,35.91,60,10.41,120.41,7,97.5,Seal Wear,1.07,29.52
1747,5.31,35.88,70,10.34,119.21,7,97.46,Seal Wear,1.16,29.29
1748,5.44,35.84,80,10.0,121.64,7,97.42,Seal Wear,0.79,29.74
1749,5.4,35.84,90,10.19,116.69,7,97.36,Seal Wear,1.0,29.8
1750,5.39,35.88,100,10.11,120.08,7,97.31,Seal Wear,1.02,29.14
1751,5.52,36.19,90,10.33,118.8,7,97.27,Seal Wear,0.85,29.51
1752,5.43,36.17,80,10.12,120.62,7,97.2,Seal Wear,1.01,29.71
1753,5.43,36.18,70,10.02,115.83,7,97.12,Seal Wear,0.59,29.43
1754,5.5,36.15,60,10.02,119.7,7,97.05,Seal Wear,0.86,28.9
1755,5.56,35.93,50,10.36,119.12,7,96.98,Seal Wear,1.31,28.58
1756,5.54,35.8,40,10.36,121.09,7,96.94,Seal Wear,1.06,28.55
1757,5.38,36.1,30,10.18,116.74,7,96.9,Seal Wear,1.26,29.25
1758,5.28,35.91,20,10.08,121.5,7,96.86,Seal Wear,1.32,29.36
1759,5.49,35.96,10,10.06,119.5,7,96.82,Seal Wear,0.9,29.16
1760,5.48,36.07,0,10.16,117.49,8,96.77,Seal Wear,1.08,28.66
1761,5.51,35.89,10,9.85,117.96,8,96.72,Seal Wear,1.27,29.36
1762,5.48,36.35,20,9.76,120.26,8,96.68,Seal Wear,1.05,29.35
1763,5.51,36.68,30,10.5,120.27,8,96.62,Seal Wear,1.13,29.23
1764,5.54,36.61,40,9.85,118.79,8,96.54,Seal Wear,1.39,29.09
1765,5.49,36.95,50,9.86,119.26,8,96.5,Seal Wear,0.79,29.47
1766,5.39,36.99,60,10.07,119.01,8,96.43,Seal Wear,1.13,30.04
1767,5.37,36.7,70,9.85,116.47,8,96.39,Seal Wear,0.89,29.68
1768,5.55,36.59,80,9.82,116.63,8,96.33,Seal Wear,1.28,30.1
1769,5.42,36.31,90,9.89,117.22,8,96.26,Seal Wear,0.81,29.83
1770,5.38,36.59,100,10.36,117.9,8,96.21,Seal Wear,1.17,30.24
1771,5.45,36.39,90,9.81,120.95,8,96.14,Seal Wear,0.83,30.26
1772,5.51,36.31,80,9.98,120.01,8,96.1,Seal Wear,1.03,29.62
1773,5.34,36.36,70,9.67,118.16,8,96.06,Seal Wear,1.29,30.13
1774,5.51,36.27,60,10.34,116.8,8,95.98,Seal Wear,0.89,30.4
1775,5.49,36.14,50,9.75,118.63,8,95.92,Seal Wear,1.06,29.65
1776,5.29,36.08,40,10.27,118.38,8,95.88,Seal Wear,1.18,29.85
1777,5.27,36.0,30,10.46,119.47,8,95.81,Seal Wear,1.34,29.39
1778,5.52,35.69,20,9.79,117.79,8,95.74,Seal Wear,1.38,28.83
1779,5.42,35.55,10,9.79,115.23,8,95.68,Seal Wear,1.06,28.48
1780,5.29,35.41,0,10.15,119.65,9,95.64,Seal Wear,0.64,28.78
1781,5.41,35.33,10,10.46,120.34,9,95.58,Seal Wear,0.82,28.39
1782,5.48,35.45,20,10.14,119.0,9,95.53,Seal Wear,1.17,28.2
1783,5.38,35.47,30,10.21,118.85,9,95.47,Seal Wear,0.97,28.22
1784,5.4,35.73,40,9.91,118.64,9,95.4,Seal Wear,0.94,28.71
1785,5.4,35.88,50,10.14,118.69,9,95.33,Seal Wear,1.15,29.3
1786,5.56,36.15,60,10.39,117.05,9,95.25,Seal Wear,1.03,29.71
1787,5.5,35.92,70,10.23,115.12,9,95.21,Seal Wear,0.85,29.8
1788,5.5,35.93,80,10.35,119.07,9,95.15,Seal Wear,1.1,29.72
1789,5.33,36.17,90,10.3,117.24,9,95.11,Seal Wear,1.21,29.94
1790,5.52,35.76,100,10.15,118.43,9,95.06,Seal Wear,0.78,29.34
1791,5.42,35.73,90,9.83,120.06,9,95.01,Seal Wear,1.12,29.19
1792,5.49,35.92,80,9.85,119.76,9,94.94,Seal Wear,0.79,29.54
1793,5.57,35.79,70,10.24,118.57,9,94.86,Seal Wear,0.74,29.89
1794,5.52,35.95,60,9.81,118.83,9,94.82,Seal Wear,1.21,29.99
1795,5.5,35.8,50,10.02,118.7,9,94.76,Seal Wear,1.5,29.89
1796,5.33,35.76,40,10.05,120.47,9,94.71,Seal Wear,0.83,30.25
1797,5.58,36.1,30,10.12,116.33,9,94.63,Seal Wear,0.89,30.42
1798,5.5,36.17,20,9.8,116.44,9,94.56,Seal Wear,1.14,30.86
1799,5.39,36.54,10,10.42,115.29,9,94.52,Seal Wear,0.9,30.12
1800,5.52,36.64,0,10.11,115.41,10,94.48,Seal Wear,1.02,30.73
1801,5.45,36.41,10,9.83,114.58,10,94.44,Seal Wear,1.5,30.02
1802,5.4,36.35,20,10.25,115.69,10,94.39,Seal Wear,1.25,30.38
1803,5.55,36.38,30,9.67,121.39,10,94.35,Seal Wear,1.4,30.88
1804,5.5,36.46,40,10.27,119.1,10,94.28,Seal Wear,1.14,30.75
1805,5.59,36.24,50,10.09,119.35,10,94.21,Seal Wear,0.91,30.07
1806,5.38,36.11,60,10.4,117.22,10,94.16,Seal Wear,0.89,29.43
1807,5.5,36.25,70,10.07,116.44,10,94.09,Seal Wear,0.94,29.19
1808,5.37,35.95,80,10.38,116.55,10,94.03,Seal Wear,0.75,28.91
1809,5.41,35.81,90,10.45,119.46,10,93.98,Seal Wear,1.12,28.73
1810,5.48,35.96,100,10.01,119.15,10,93.91,Seal Wear,1.26,28.66
1811,5.53,36.07,90,10.12,121.13,10,93.85,Seal Wear,1.26,28.04
1812,5.44,36.2,80,10.09,120.51,10,93.8,Seal Wear,0.87,28.6
1813,5.48,36.2,70,9.81,117.09,10,93.75,Seal Wear,1.25,28.46
1814,5.47,35.99,60,9.77,118.56,10,93.67,Seal Wear,1.33,28.7
1815,5.25,36.03,50,10.39,120.96,10,93.64,Seal Wear,1.23,28.55
1816,5.32,35.89,40,10.19,120.63,10,93.56,Seal Wear,0.77,29.23
1817,5.39,35.77,30,10.18,119.4,10,93.52,Seal Wear,1.21,28.59
1818,5.41,35.79,20,10.04,121.24,10,93.49,Seal Wear,1.19,28.88
1819,5.32,35.71,10,10.41,118.56,10,93.42,Seal Wear,0.67,28.55
1820,5.46,35.76,0,9.83,119.52,11,93.35,Seal Wear,1.46,28.94
1821,5.35,35.73,10,10.32,118.27,11,93.3,Seal Wear,1.18,29.12
1822,5.46,35.84,20,10.1,116.91,11,93.26,Seal Wear,0.84,28.67
1823,5.39,35.8,30,9.8,118.3,11,93.2,Seal Wear,0.58,28.48
1824,5.41,35.74,40,10.18,119.02,11,93.15,Seal Wear,1.29,28.42
1825,5.52,35.66,50,10.29,116.38,11,93.07,Seal Wear,1.1,28.07
1826,5.26,35.69,60,10.08,116.7,11,93.03,Seal Wear,1.06,28.05
1827,5.32,35.5,70,10.23,118.27,11,92.95,Seal Wear,0.8,28.1
1828,5.38,35.65,80,9.82,115.77,11,92.9,Seal Wear,1.03,27.71
1829,5.27,35.56,90,9.88,118.31,11,92.84,Seal Wear,0.81,27.37
1830,5.56,35.58,100,9.69,116.36,11,92.77,Seal Wear,1.01,27.51
1831,5.28,35.76,90,9.86,119.15,11,92.7,Seal Wear,0.93,28.12
1832,5.47,35.88,80,9.91,119.61,11,92.65,Seal Wear,0.78,27.54
1833,5.46,36.15,70,9.9,120.63,11,92.6,Seal Wear,1.25,27.52
1834,5.55,36.37,60,10.16,119.39,11,92.53,Seal Wear,1.31,27.3
1835,5.29,36.33,50,10.29,115.97,11,92.49,Seal Wear,1.08,26.95
1836,5.41,36.11,40,10.29,118.01,11,92.45,Seal Wear,1.15,26.7
1837,5.28,36.08,30,9.89,118.24,11,92.4,Seal Wear,1.02,27.24
1838,5.35,35.99,20,10.12,119.13,11,92.33,Seal Wear,0.95,26.91
1839,5.3,36.09,10,9.83,118.67,11,92.25,Seal Wear,0.98,26.54
1840,5.29,36.08,0,10.22,118.08,12,92.17,Seal Wear,0.72,26.29
1841,5.28,36.01,10,10.25,118.02,12,92.13,Seal Wear,1.04,26.85
1842,5.49,36.11,20,10.29,119.4,12,92.06,Seal Wear,1.31,26.75
1843,5.5,36.13,30,10.0,117.66,12,91.98,Seal Wear,1.33,26.95
1844,5.36,35.88,40,9.97,117.6,12,91.94,Seal Wear,1.05,26.82
1845,5.34,35.87,50,10.18,119.53,12,91.89,Seal Wear,0.72,26.92
1846,5.38,35.97,60,9.85,116.84,12,91.84,Seal Wear,0.7,27.12
1847,5.44,36.36,70,10.37,116.04,12,91.8,Seal Wear,1.15,27.83
1848,5.49,36.43,80,10.2,117.86,12,91.74,Seal Wear,0.79,28.54
1849,5.42,36.33,90,10.2,120.18,12,91.67,Seal Wear,0.62,28.05
1850,5.49,36.61,100,10.03,117.67,12,91.62,Seal Wear,1.15,27.91
1851,5.25,36.49,90,9.89,119.64,12,91.56,Seal Wear,1.12,27.35
1852,5.5,36.72,80,10.12,118.94,12,91.5,Seal Wear,0.77,27.18
1853,5.43,36.82,70,10.14,118.57,12,91.47,Seal Wear,1.42,27.23
1854,5.55,36.5,60,9.94,118.9,12,91.43,Seal Wear,1.18,28.1
1855,5.51,36.51,50,9.77,116.51,12,91.35,Seal Wear,1.18,28.43
1856,5.44,36.41,40,10.02,120.03,12,91.28,Seal Wear,0.6,28.12
1857,5.45,36.34,30,10.27,117.73,12,91.21,Seal Wear,0.96,28.01
1858,5.46,36.15,20,10.08,118.68,12,91.14,Seal Wear,1.28,27.45
1859,5.48,36.01,10,10.04,119.41,12,91.06,Seal Wear,1.09,28.02
1860,5.4,36.14,0,9.83,118.93,13,90.98,Seal Wear,0.76,28.17
1861,5.52,36.06,10,9.97,120.64,13,90.93,Seal Wear,0.93,28.58
1862,5.38,35.92,20,9.88,118.83,13,90.88,Seal Wear,1.36,28.47
1863,5.43,36.11,30,10.06,116.56,13,90.83,Seal Wear,0.68,27.92
1864,5.46,36.06,40,9.82,121.43,13,90.78,Seal Wear,1.24,27.57
1865,5.38,36.03,50,9.89,115.34,13,90.7,Seal Wear,1.17,28.25
1866,5.4,36.27,60,10.31,117.17,13,90.62,Seal Wear,1.48,28.83
1867,5.37,36.28,70,9.86,120.98,13,90.55,Seal Wear,0.83,28.89
1868,5.32,36.45,80,9.84,118.71,13,90.49,Seal Wear,1.29,29.24
1869,5.51,36.71,90,10.27,120.64,13,90.44,Seal Wear,1.05,29.63
1870,5.42,36.69,100,10.2,120.89,13,90.37,Seal Wear,1.04,29.56
1871,5.33,36.8,90,10.27,120.25,13,90.32,Seal Wear,1.18,29.25
1872,5.37,36.81,80,9.68,119.27,13,90.27,Seal Wear,0.7,29.45
1873,5.4,36.9,70,9.7,119.54,13,90.2,Seal Wear,1.2,29.8
1874,5.47,36.95,60,10.37,120.57,13,90.13,Seal Wear,1.09,30.35
1875,5.36,37.04,50,9.93,115.66,13,90.06,Seal Wear,0.86,30.25
1876,5.59,37.0,40,10.08,117.02,13,89.98,Seal Wear,0.86,29.62
1877,5.42,36.95,30,9.84,117.07,13,89.91,Seal Wear,0.76,30.29
1878,5.45,36.92,20,10.2,118.56,13,89.84,Seal Wear,1.17,30.64
1879,5.36,36.77,10,10.41,120.76,13,89.81,Seal Wear,1.34,30.13
1880,5.57,36.71,0,10.21,114.99,14,89.73,Seal Wear,0.61,29.45
1881,5.51,36.6,10,9.95,117.17,14,89.66,Seal Wear,1.4,29.08
1882,5.32,36.37,20,10.32,119.01,14,89.61,Seal Wear,1.19,29.0
1883,5.51,36.58,30,9.86,118.48,14,89.53,Seal Wear,0.67,29.72
1884,5.35,36.65,40,10.1,115.59,14,89.49,Seal Wear,1.08,29.06
1885,5.49,36.36,50,10.29,117.01,14,89.43,Seal Wear,1.16,29.18
1886,5.51,36.68,60,10.13,119.14,14,89.36,Seal Wear,0.91,29.18
1887,5.28,36.66,70,10.14,121.37,14,89.3,Seal Wear,0.92,29.01
1888,5.42,36.55,80,9.81,119.14,14,89.22,Seal Wear,1.16,28.37
1889,5.37,36.32,90,10.16,120.36,14,89.16,Seal Wear,0.82,27.76
1890,5.43,36.71,100,9.93,117.76,14,89.12,Seal Wear,0.89,27.62
1891,5.43,36.81,90,10.14,117.84,14,89.06,Seal Wear,1.04,28.4
1892,5.32,36.39,80,10.34,118.15,14,89.01,Seal Wear,0.96,27.9
1893,5.46,36.16,70,10.27,118.88,14,88.97,Seal Wear,0.65,28.66
1894,5.31,36.12,60,10.16,120.42,14,88.93,Seal Wear,0.88,28.92
1895,5.37,36.2,50,9.8,114.95,14,88.88,Seal Wear,0.66,29.46
1896,5.41,36.36,40,10.22,115.68,14,88.83,Seal Wear,1.45,29.01
1897,5.43,36.42,30,10.27,119.84,14,88.78,Seal Wear,1.16,29.59
1898,5.54,36.49,20,9.91,117.48,14,88.7,Seal Wear,1.03,30.15
1899,5.55,36.65,10,9.91,120.25,14,88.65,Seal Wear,0.87,29.89
1900,5.43,36.75,0,10.02,116.83,15,88.61,Seal Wear,0.99,29.39
1901,5.45,36.54,10,9.85,118.62,15,88.56,Seal Wear,0.92,29.41
1902,5.42,36.38,20,10.03,115.97,15,88.5,Seal Wear,0.88,29.56
1903,5.29,36.45,30,10.06,116.44,15,88.46,Seal Wear,1.44,29.88
1904,5.47,36.45,40,10.18,121.58,15,88.42,Seal Wear,1.05,30.51
1905,5.39,36.48,50,10.23,116.3,15,88.36,Seal Wear,1.24,29.79
1906,5.44,36.52,60,10.24,117.93,15,88.32,Seal Wear,1.22,29.44
1907,5.46,36.62,70,9.88,119.9,15,88.25,Seal Wear,0.89,29.67
1908,5.34,36.28,80,9.95,115.56,15,88.18,Seal Wear,1.3,29.11
1909,5.42,36.31,90,10.11,117.81,15,88.14,Seal Wear,0.88,29.6
1910,5.36,36.13,100,9.84,118.29,15,88.08,Seal Wear,0.67,29.97
1911,5.55,36.11,90,10.3,120.68,15,88.02,Seal Wear,0.71,30.58
1912,5.3,36.03,80,10.12,114.91,15,87.98,Seal Wear,1.05,30.35
1913,5.55,36.25,70,9.89,114.6,15,87.93,Seal Wear,1.24,30.62
1914,5.57,36.25,60,10.4,114.99,15,87.87,Seal Wear,1.02,30.96
1915,5.32,36.35,50,9.93,120.43,15,87.81,Seal Wear,0.73,31.06
1916,5.48,36.12,40,9.98,118.97,15,87.74,Seal Wear,1.42,31.31
1917,5.46,36.42,30,10.37,118.18,15,87.68,Seal Wear,0.95,31.37
1918,5.48,36.58,20,10.27,114.48,15,87.63,Seal Wear,1.37,30.98
1919,5.46,36.49,10,10.23,117.03,15,87.59,Seal Wear,0.87,30.32
1920,5.42,36.16,0,10.05,119.67,16,87.53,Seal Wear,1.05,30.01
1921,5.56,36.29,10,10.07,118.13,16,87.49,Seal Wear,0.92,30.13
1922,5.52,36.24,20,10.36,119.32,16,87.41,Seal Wear,0.94,30.08
1923,5.44,36.37,30,10.2,118.09,16,87.35,Seal Wear,0.83,29.72
1924,5.38,36.2,40,9.94,119.87,16,87.3,Seal Wear,0.88,29.14
1925,5.37,36.3,50,10.11,119.68,16,87.24,Seal Wear,1.28,28.68
1926,5.44,36.23,60,9.82,118.71,16,87.21,Seal Wear,0.87,29.06
1927,5.51,36.39,70,9.88,118.98,16,87.13,Seal Wear,1.16,29.45
1928,5.4,36.29,80,9.97,118.19,16,87.09,Seal Wear,1.09,29.39
1929,5.52,36.19,90,10.23,118.72,16,87.02,Seal Wear,0.92,28.86
1930,5.46,36.14,100,10.12,117.07,16,86.96,Seal Wear,0.82,29.05
1931,5.37,36.12,90,9.94,120.49,16,86.88,Seal Wear,0.73,28.95
1932,5.32,36.0,80,10.46,117.41,16,86.83,Seal Wear,0.77,28.97
1933,5.47,36.09,70,9.87,116.16,16,86.77,Seal Wear,0.85,28.85
1934,5.3,36.04,60,10.11,122.45,16,86.71,Seal Wear,0.84,28.62
1935,5.55,36.08,50,10.3,116.91,16,86.66,Seal Wear,1.2,28.82
1936,5.46,35.81,40,10.3,117.52,16,86.62,Seal Wear,1.27,28.5
1937,5.32,35.75,30,9.79,121.95,16,86.56,Seal Wear,0.82,28.34
1938,5.31,35.74,20,10.03,117.26,16,86.49,Seal Wear,1.13,28.46
1939,5.44,35.89,10,10.24,119.39,16,86.44,Seal Wear,0.78,28.87
1940,5.5,36.25,0,10.36,116.18,17,86.38,Seal Wear,1.02,29.42
1941,5.58,36.43,10,10.16,117.44,17,86.31,Seal Wear,1.07,29.68
1942,5.46,36.68,20,9.8,119.9,17,86.24,Seal Wear,0.77,30.01
1943,5.58,36.76,30,9.72,117.21,17,86.19,Seal Wear,1.05,30.18
1944,5.42,36.81,40,10.05,120.86,17,86.16,Seal Wear,1.06,30.39
1945,5.43,36.65,50,10.12,115.63,17,86.08,Seal Wear,0.77,30.81
1946,5.41,36.78,60,10.11,117.5,17,86.01,Seal Wear,0.71,31.15
1947,5.4,36.94,70,10.35,116.9,17,85.96,Seal Wear,1.49,31.57
1948,5.43,37.08,80,9.84,121.37,17,85.91,Seal Wear,1.1,31.4
1949,5.55,36.7,90,10.28,117.82,17,85.86,Seal Wear,1.17,30.91
1950,5.45,36.67,100,10.46,115.32,17,85.82,Seal Wear,1.21,31.03
1951,5.46,36.87,90,10.31,117.29,17,85.78,Seal Wear,1.04,31.59
1952,5.62,36.64,80,10.05,120.87,17,85.73,Seal Wear,0.68,31.01
1953,5.46,36.69,70,10.3,120.89,17,85.69,Seal Wear,1.02,31.11
1954,5.43,36.88,60,10.32,116.57,17,85.62,Seal Wear,1.38,30.61
1955,5.37,37.12,50,9.91,119.92,17,85.56,Seal Wear,0.63,30.76
1956,5.62,37.08,40,10.02,117.72,17,85.51,Seal Wear,1.24,30.88
1957,5.52,37.05,30,9.82,118.65,17,85.43,Seal Wear,0.78,30.52
1958,5.31,36.77,20,9.92,117.33,17,85.37,Seal Wear,0.99,29.78
1959,5.45,36.39,10,9.86,117.64,17,85.33,Seal Wear,1.24,30.37
1960,5.52,36.29,0,10.23,120.96,18,85.28,Seal Wear,0.76,30.55
1961,5.55,36.38,10,10.18,116.92,18,85.23,Seal Wear,0.9,30.04
1962,5.41,36.19,20,10.28,119.49,18,85.18,Seal Wear,0.86,29.35
1963,5.49,36.7,30,10.2,116.64,18,85.11,Seal Wear,1.22,29.14
1964,5.53,36.56,40,9.88,118.41,18,85.07,Seal Wear,1.42,29.65
1965,5.53,36.58,50,10.04,115.74,18,85.0,Seal Wear,1.46,29.59
1966,5.4,36.65,60,9.95,122.04,18,84.93,Seal Wear,1.05,29.74
1967,5.49,36.54,70,9.97,114.35,18,84.86,Seal Wear,1.11,30.24
1968,5.47,36.58,80,9.99,119.14,18,84.82,Seal Wear,0.99,30.79
1969,5.44,36.56,90,10.2,118.7,18,84.78,Seal Wear,0.96,30.68
1970,5.58,36.48,100,9.99,118.9,18,84.71,Seal Wear,1.01,31.25
1971,5.41,36.4,90,9.8,118.55,18,84.66,Seal Wear,0.99,31.47
1972,5.55,36.74,80,10.28,118.52,18,84.6,Seal Wear,1.19,30.69
1973,5.4,36.7,70,10.11,118.58,18,84.53,Seal Wear,0.93,30.96
1974,5.39,36.32,60,10.31,117.3,18,84.45,Seal Wear,0.93,30.18
1975,5.58,36.11,50,10.18,118.57,18,84.41,Seal Wear,1.46,29.63
1976,5.35,36.15,40,10.2,117.94,18,84.36,Seal Wear,1.21,29.35
1977,5.44,36.16,30,10.0,120.21,18,84.3,Seal Wear,0.93,29.28
1978,5.58,36.44,20,10.02,119.18,18,84.26,Seal Wear,1.09,29.55
1979,5.52,36.41,10,9.99,117.64,18,84.2,Seal Wear,1.26,29.54
1980,5.51,36.56,0,9.74,121.11,19,84.14,Seal Wear,0.66,29.2
1981,5.38,36.1,10,9.99,116.03,19,84.08,Seal Wear,1.08,29.02
1982,5.5,35.9,20,10.21,120.71,19,84.01,Seal Wear,0.82,28.43
1983,5.44,36.16,30,9.89,119.23,19,83.97,Seal Wear,1.46,28.73
1984,5.35,36.36,40,9.8,120.51,19,83.93,Seal Wear,0.85,29.44
1985,5.51,36.44,50,10.06,118.17,19,83.85,Seal Wear,1.36,29.71
1986,5.32,36.49,60,10.26,118.07,19,83.79,Seal Wear,0.79,29.56
1987,5.52,36.52,70,10.26,118.86,19,83.75,Seal Wear,1.47,29.42
1988,5.37,36.73,80,10.26,119.25,19,83.68,Seal Wear,1.21,29.63
1989,5.52,36.54,90,10.08,120.13,19,83.61,Seal Wear,0.8,29.87
1990,5.48,36.36,100,9.76,118.67,19,83.56,Seal Wear,0.78,29.44
1991,5.52,36.16,90,10.3,117.25,19,83.49,Seal Wear,1.44,28.77
1992,5.32,36.21,80,10.4,119.81,19,83.43,Seal Wear,0.6,28.7
1993,5.47,36.22,70,10.09,116.78,19,83.37,Seal Wear,0.76,28.44
1994,5.46,36.0,60,10.34,117.73,19,83.32,Seal Wear,1.38,28.29
1995,5.54,35.81,50,10.42,115.11,19,83.24,Seal Wear,0.9,28.82
1996,5.55,35.88,40,10.23,120.12,19,83.2,Seal Wear,1.32,28.31
1997,5.27,35.99,30,10.21,116.69,19,83.15,Seal Wear,0.83,28.99
1998,5.38,36.02,20,9.77,115.9,19,83.1,Seal Wear,1.22,28.99
1999,5.28,36.25,10,10.01,115.76,19,83.05,Seal Wear,0.88,28.39
2000,5.4,36.35,0,10.09,120.76,20,82.99,Seal Wear,1.3,28.86
2001,5.15,30.24,10,9.71,125.45,0,100.0,Healthy,0.28,14.81
2002,5.18,30.32,20,10.1,125.6,0,100.0,Healthy,0.27,15.52
2003,5.23,30.38,30,9.74,125.29,0,99.99,Healthy,0.44,16.19
2004,5.34,30.66,40,9.76,122.16,0,99.99,Healthy,0.35,16.98
2005,5.33,30.72,50,10.05,123.47,0,99.99,Healthy,0.4,17.64
2006,5.32,30.92,60,10.17,121.44,0,99.99,Healthy,0.3,18.28
2007,5.31,31.08,70,9.99,124.96,0,99.99,Healthy,0.38,19.06
2008,5.38,31.12,80,10.11,125.88,0,99.99,Healthy,0.35,18.51
2009,5.3,31.17,90,10.31,121.88,0,99.98,Healthy,0.35,19.08
2010,5.31,31.26,100,10.01,125.93,0,99.98,Healthy,0.44,18.54
2011,5.16,31.21,90,9.92,122.7,0,99.98,Healthy,0.46,18.71
2012,5.24,31.29,80,9.86,123.64,0,99.98,Healthy,0.47,18.73
2013,5.33,31.41,70,9.67,125.63,0,99.97,Healthy,0.51,18.64
2014,5.32,31.44,60,9.79,121.75,0,99.97,Healthy,0.42,18.62
2015,5.28,31.47,50,10.02,125.99,0,99.97,Healthy,0.48,18.37
2016,5.31,31.49,40,10.23,121.52,0,99.97,Healthy,0.51,19.11
2017,5.38,31.46,30,9.67,121.4,0,99.96,Healthy,0.45,19.8
2018,5.3,31.54,20,10.06,124.1,0,99.96,Healthy,0.49,20.44
2019,5.18,31.66,10,9.88,124.69,0,99.96,Healthy,0.49,20.03
2020,5.36,31.73,0,10.04,125.53,1,99.95,Healthy,0.36,20.43
2021,5.38,31.7,10,10.16,125.66,1,99.95,Healthy,0.39,20.09
2022,5.42,31.62,20,9.94,121.79,1,99.95,Healthy,0.42,20.64
2023,5.32,31.7,30,10.22,121.91,1,99.95,Healthy,0.41,20.94
2024,5.41,31.67,40,9.88,123.99,1,99.94,Healthy,0.5,21.28
2025,5.37,31.89,50,10.26,121.29,1,99.94,Healthy,0.46,21.43
2026,5.25,31.89,60,9.82,121.72,1,99.94,Healthy,0.41,20.8
2027,5.42,31.95,70,9.95,125.3,1,99.93,Healthy,0.4,20.48
2028,5.32,31.9,80,9.99,122.18,1,99.93,Healthy,0.36,20.22
2029,5.26,31.86,90,9.79,125.69,1,99.93,Healthy,0.36,19.65
2030,5.4,31.88,100,10.14,123.38,1,99.93,Healthy,0.39,19.88
2031,5.32,31.98,90,10.33,123.02,1,99.93,Healthy,0.5,19.31
2032,5.34,31.97,80,9.73,124.3,1,99.92,Healthy,0.34,18.86
2033,5.23,31.94,70,10.19,125.13,1,99.92,Healthy,0.49,18.78
2034,5.22,31.83,60,10.16,125.74,1,99.92,Healthy,0.5,19.04
2035,5.35,31.73,50,9.93,122.22,1,99.92,Healthy,0.46,18.71
2036,5.2,31.69,40,9.85,121.8,1,99.91,Healthy,0.41,19.03
2037,5.21,31.73,30,9.92,123.84,1,99.91,Healthy,0.4,19.37
2038,5.18,31.65,20,10.09,123.76,1,99.91,Healthy,0.28,18.82
2039,5.18,31.67,10,10.25,125.53,1,99.9,Healthy,0.33,19.01
2040,5.34,31.65,0,9.72,122.91,2,99.9,Healthy,0.37,18.98
2041,5.25,31.8,10,10.08,123.48,2,99.9,Healthy,0.5,18.61
2042,5.28,31.72,20,9.68,122.84,2,99.9,Healthy,0.5,19.03
2043,5.19,31.83,30,10.13,124.67,2,99.9,Healthy,0.36,19.24
2044,5.36,32.02,40,9.91,121.23,2,99.89,Healthy,0.49,19.58
2045,5.38,32.03,50,10.1,124.19,2,99.89,Healthy,0.49,19.96
2046,5.32,31.92,60,9.71,121.55,2,99.89,Healthy,0.34,20.51
2047,5.31,31.93,70,9.85,122.75,2,99.88,Healthy,0.43,20.47
2048,5.22,31.97,80,10.2,123.45,2,99.88,Healthy,0.31,20.92
2049,5.21,31.92,90,10.05,124.14,2,99.88,Healthy,0.47,20.7
2050,5.21,31.86,100,10.3,123.88,2,99.88,Air Leakage,0.47,20.26
2051,5.25,31.85,90,10.29,123.18,2,99.88,Air Leakage,0.36,20.1
2052,5.29,31.89,80,9.9,122.85,2,99.87,Air Leakage,0.53,20.08
2053,5.24,31.95,70,9.75,121.78,2,99.87,Air Leakage,0.42,20.37
2054,5.32,32.07,60,9.85,123.9,2,99.87,Air Leakage,0.47,20.75
2055,5.25,32.07,50,10.14,124.32,2,99.86,Air Leakage,0.34,20.16
2056,5.39,32.14,40,9.94,120.67,2,99.86,Air Leakage,0.51,20.23
2057,5.26,32.15,30,9.77,125.09,2,99.85,Air Leakage,0.53,20.45
2058,5.25,32.08,20,9.89,122.61,2,99.84,Air Leakage,0.55,20.64
2059,5.36,32.11,10,9.89,121.68,2,99.83,Air Leakage,0.54,21.05
2060,5.27,31.98,0,9.84,124.43,3,99.82,Air Leakage,0.33,20.34
2061,5.36,32.0,10,9.89,120.65,3,99.81,Air Leakage,0.54,20.29
2062,5.34,32.13,20,9.88,123.23,3,99.81,Air Leakage,0.48,20.11
2063,5.25,32.13,30,10.08,122.47,3,99.79,Air Leakage,0.43,20.37
2064,5.31,32.21,40,9.76,121.23,3,99.78,Air Leakage,0.57,20.72
2065,5.28,32.3,50,10.2,121.88,3,99.77,Air Leakage,0.6,20.43
2066,5.33,32.3,60,10.2,121.51,3,99.76,Air Leakage,0.52,20.66
2067,5.29,32.39,70,9.92,123.84,3,99.74,Air Leakage,0.63,21.26
2068,5.35,32.47,80,10.22,124.96,3,99.72,Air Leakage,0.4,20.63
2069,5.29,32.42,90,10.35,120.34,3,99.71,Air Leakage,0.5,21.02
2070,5.22,32.35,100,9.95,123.7,3,99.7,Air Leakage,0.66,20.78
2071,5.37,32.38,90,9.91,124.65,3,99.68,Air Leakage,0.44,20.35
2072,5.23,32.28,80,9.8,124.28,3,99.66,Air Leakage,0.45,20.25
2073,5.2,32.22,70,9.78,120.88,3,99.65,Air Leakage,0.5,19.9
2074,5.17,32.29,60,10.16,124.43,3,99.63,Air Leakage,0.56,20.51
2075,5.33,32.41,50,9.81,121.36,3,99.61,Air Leakage,0.46,20.71
2076,5.15,32.34,40,9.97,124.04,3,99.6,Air Leakage,0.59,21.12
2077,5.22,32.49,30,10.29,120.79,3,99.58,Air Leakage,0.56,20.41
2078,5.1,32.56,20,10.28,125.42,3,99.56,Air Leakage,0.58,20.03
2079,5.25,32.53,10,10.06,119.65,3,99.53,Air Leakage,0.44,20.12
2080,5.16,32.52,0,9.79,120.38,4,99.5,Air Leakage,0.57,20.77
2081,5.19,32.43,10,10.36,120.97,4,99.47,Air Leakage,0.55,21.34
2082,5.09,32.4,20,9.98,124.75,4,99.44,Air Leakage,0.41,21.02
2083,5.28,32.32,30,10.0,119.84,4,99.41,Air Leakage,0.51,20.39
2084,5.22,32.42,40,10.14,123.07,4,99.38,Air Leakage,0.46,20.32
2085,5.06,32.44,50,9.88,121.67,4,99.35,Air Leakage,0.49,20.6
2086,5.29,32.55,60,10.06,124.02,4,99.32,Air Leakage,0.57,20.52
2087,5.27,32.65,70,10.34,124.18,4,99.28,Air Leakage,0.57,20.44
2088,5.19,32.77,80,10.12,124.71,4,99.25,Air Leakage,0.44,20.2
2089,5.18,32.85,90,10.49,122.75,4,99.21,Air Leakage,0.6,20.13
2090,5.26,32.81,100,10.44,122.38,4,99.19,Air Leakage,0.46,19.95
2091,5.18,32.87,90,10.17,122.22,4,99.15,Air Leakage,0.65,20.32
2092,5.22,32.89,80,10.1,122.85,4,99.11,Air Leakage,0.61,20.44
2093,5.25,32.86,70,10.05,119.83,4,99.08,Air Leakage,0.62,20.74
2094,5.12,32.82,60,10.15,122.49,4,99.06,Air Leakage,0.55,21.06
2095,5.32,32.91,50,10.61,119.55,4,99.03,Air Leakage,0.67,21.63
2096,5.13,32.87,40,10.32,119.36,4,98.99,Air Leakage,0.77,21.15
2097,5.18,32.8,30,10.5,120.8,4,98.95,Air Leakage,0.76,21.72
2098,5.02,32.89,20,10.31,120.36,4,98.91,Air Leakage,0.65,21.75
2099,5.14,32.92,10,9.79,124.1,4,98.87,Air Leakage,0.66,22.03
2100,5.22,33.18,0,10.14,122.57,5,98.83,Air Leakage,0.65,21.65
2101,5.27,33.43,10,9.77,122.22,5,98.79,Air Leakage,0.45,21.4
2102,5.26,33.46,20,10.51,123.21,5,98.76,Air Leakage,0.86,21.4
2103,5.15,33.48,30,10.54,122.49,5,98.72,Air Leakage,0.71,21.74
2104,5.32,33.41,40,10.11,120.94,5,98.7,Air Leakage,0.63,21.25
2105,5.26,33.4,50,10.49,119.63,5,98.65,Air Leakage,0.68,21.44
2106,5.16,33.44,60,10.17,121.04,5,98.61,Air Leakage,0.71,20.75
2107,5.13,33.32,70,10.41,117.4,5,98.57,Air Leakage,0.57,21.17
2108,5.25,33.29,80,10.48,118.39,5,98.54,Air Leakage,0.92,21.1
2109,5.09,33.24,90,10.22,121.44,5,98.49,Air Leakage,0.71,21.02
2110,4.94,33.22,100,10.21,119.42,5,98.43,Air Leakage,0.49,20.94
2111,5.05,33.1,90,9.97,120.31,5,98.39,Air Leakage,0.9,20.82
2112,5.09,33.25,80,10.09,120.96,5,98.35,Air Leakage,0.63,20.54
2113,5.14,33.11,70,10.62,123.88,5,98.3,Air Leakage,0.84,21.03
2114,4.98,33.25,60,10.28,121.5,5,98.24,Air Leakage,0.96,21.24
2115,4.92,33.33,50,10.15,122.45,5,98.2,Air Leakage,0.63,20.83
2116,5.05,33.55,40,10.19,122.43,5,98.15,Air Leakage,0.65,20.66
2117,4.95,33.53,30,10.29,124.1,5,98.1,Air Leakage,0.86,20.84
2118,5.3,33.5,20,10.13,122.9,5,98.07,Air Leakage,0.79,20.28
2119,5.09,33.72,10,9.99,123.15,5,98.01,Air Leakage,0.67,20.65
2120,5.09,33.63,0,10.28,122.43,6,97.97,Air Leakage,0.6,20.48
2121,5.1,33.79,10,10.7,118.04,6,97.92,Air Leakage,0.76,21.14
2122,5.02,33.59,20,10.3,123.09,6,97.87,Air Leakage,0.94,20.96
2123,5.05,33.47,30,10.05,120.86,6,97.8,Air Leakage,0.96,21.3
2124,5.11,33.65,40,10.35,121.81,6,97.76,Air Leakage,0.67,21.43
2125,4.9,33.65,50,10.36,117.71,6,97.7,Air Leakage,0.8,21.33
2126,4.93,33.68,60,10.65,122.58,6,97.66,Air Leakage,0.98,21.38
2127,5.25,33.57,70,9.93,117.04,6,97.61,Air Leakage,0.56,21.75
2128,4.98,33.43,80,10.04,118.75,6,97.56,Air Leakage,0.7,21.08
2129,4.87,33.33,90,10.09,119.01,6,97.48,Air Leakage,0.69,20.43
2130,5.1,33.33,100,10.24,119.03,6,97.41,Air Leakage,0.93,20.09
2131,4.96,33.35,90,10.2,120.24,6,97.33,Air Leakage,0.94,20.61
2132,4.93,33.38,80,10.56,117.68,6,97.28,Air Leakage,1.03,20.38
2133,4.9,33.27,70,10.47,120.74,6,97.21,Air Leakage,1.12,20.37
2134,5.04,33.46,60,10.34,123.7,6,97.17,Air Leakage,0.63,19.86
2135,4.88,33.57,50,10.18,121.0,6,97.1,Air Leakage,0.78,19.26
2136,5.28,33.67,40,10.25,120.62,6,97.04,Air Leakage,0.92,19.24
2137,4.91,33.64,30,10.54,117.78,6,96.98,Air Leakage,0.56,19.31
2138,5.11,33.74,20,10.56,116.29,6,96.9,Air Leakage,0.87,19.4
2139,4.87,33.55,10,10.22,121.63,6,96.83,Air Leakage,0.78,19.84
2140,5.18,33.55,0,10.12,117.62,7,96.79,Air Leakage,0.54,20.5
2141,5.08,33.52,10,10.69,122.1,7,96.71,Air Leakage,0.97,20.35
2142,5.06,33.47,20,10.33,120.92,7,96.66,Air Leakage,0.82,20.02
2143,5.0,33.42,30,10.68,123.5,7,96.59,Air Leakage,0.82,19.84
2144,4.98,33.58,40,9.95,119.43,7,96.53,Air Leakage,0.79,19.39
2145,5.17,33.54,50,10.28,118.68,7,96.46,Air Leakage,1.09,18.9
2146,5.04,33.56,60,10.62,121.82,7,96.4,Air Leakage,0.83,18.51
2147,4.95,33.42,70,10.5,121.8,7,96.35,Air Leakage,0.65,18.73
2148,5.21,33.49,80,9.95,116.37,7,96.3,Air Leakage,0.74,18.9
2149,5.08,33.52,90,10.68,120.13,7,96.24,Air Leakage,0.57,18.93
2150,5.02,33.29,100,10.36,119.65,7,96.19,Air Leakage,0.66,18.55
2151,5.31,33.42,90,10.01,116.6,7,96.11,Air Leakage,0.64,19.18
2152,5.03,33.45,80,10.32,118.41,7,96.04,Air Leakage,0.87,18.59
2153,5.05,33.47,70,10.16,117.18,7,96.0,Air Leakage,0.68,18.85
2154,4.88,33.47,60,10.26,119.34,7,95.92,Air Leakage,0.68,19.39
2155,5.07,33.48,50,10.79,116.16,7,95.86,Air Leakage,0.92,19.94
2156,4.9,33.67,40,10.3,121.22,7,95.79,Air Leakage,1.08,19.28
2157,5.04,33.69,30,10.49,119.62,7,95.75,Air Leakage,1.14,19.85
2158,5.03,33.71,20,10.27,116.61,7,95.71,Air Leakage,0.67,19.32
2159,5.07,33.74,10,10.17,116.85,7,95.65,Air Leakage,0.88,19.6
2160,4.98,33.43,0,10.25,117.27,8,95.61,Air Leakage,0.71,19.37
2161,5.24,33.35,10,10.6,120.09,8,95.53,Air Leakage,0.83,19.21
2162,4.81,33.1,20,10.9,120.06,8,95.49,Air Leakage,0.82,19.34
2163,5.09,33.14,30,10.19,123.49,8,95.42,Air Leakage,1.01,19.88
2164,5.07,33.12,40,10.29,120.42,8,95.36,Air Leakage,0.68,19.27
2165,4.98,33.09,50,10.43,123.1,8,95.29,Air Leakage,0.61,19.99
2166,4.84,33.22,60,10.66,120.5,8,95.23,Air Leakage,0.66,19.89
2167,5.11,33.15,70,10.33,123.04,8,95.15,Air Leakage,0.97,19.66
2168,4.79,33.13,80,10.56,118.87,8,95.08,Air Leakage,0.77,19.4
2169,5.14,33.21,90,10.52,121.56,8,95.03,Air Leakage,1.1,19.2
2170,5.25,33.21,100,10.59,117.33,8,94.96,Air Leakage,0.78,19.87
2171,5.19,33.09,90,10.13,121.02,8,94.88,Air Leakage,0.83,19.87
2172,4.91,33.26,80,10.27,119.13,8,94.82,Air Leakage,0.99,19.49
2173,5.21,33.19,70,10.82,121.08,8,94.77,Air Leakage,0.99,18.99
2174,4.78,33.06,60,10.43,123.63,8,94.7,Air Leakage,0.84,19.18
2175,4.93,32.98,50,10.16,120.97,8,94.65,Air Leakage,1.11,19.88
2176,4.98,33.06,40,10.22,118.98,8,94.61,Air Leakage,1.06,19.23
2177,5.09,32.81,30,10.38,120.18,8,94.54,Air Leakage,1.17,19.07
2178,5.05,32.88,20,10.11,119.29,8,94.5,Air Leakage,0.91,19.52
2179,5.07,32.9,10,10.21,121.03,8,94.43,Air Leakage,0.89,19.01
2180,4.97,32.91,0,10.36,123.08,9,94.35,Air Leakage,0.54,19.75
2181,5.13,33.0,10,10.4,119.44,9,94.29,Air Leakage,0.55,19.75
2182,5.01,33.14,20,10.14,119.9,9,94.25,Air Leakage,1.06,20.33
2183,5.1,33.09,30,10.28,120.46,9,94.21,Air Leakage,1.0,19.9
2184,5.09,33.19,40,10.33,117.0,9,94.16,Air Leakage,0.97,19.57
2185,4.8,33.13,50,10.3,119.43,9,94.09,Air Leakage,0.58,19.57
2186,4.88,33.38,60,10.44,118.29,9,94.01,Air Leakage,0.9,20.0
2187,5.09,33.17,70,10.07,118.14,9,93.95,Air Leakage,0.75,19.43
2188,5.09,33.17,80,10.53,121.91,9,93.91,Air Leakage,0.66,19.73
2189,4.83,33.01,90,10.5,119.34,9,93.86,Air Leakage,0.6,20.08
2190,4.93,33.21,100,10.57,118.5,9,93.78,Air Leakage,1.0,20.15
2191,5.28,33.14,90,10.33,120.22,9,93.7,Air Leakage,0.61,20.83
2192,4.88,32.99,80,10.13,120.27,9,93.63,Air Leakage,0.72,21.45
2193,5.17,33.06,70,10.78,119.38,9,93.56,Air Leakage,0.75,20.88
2194,4.89,32.95,60,10.76,121.76,9,93.49,Air Leakage,0.54,20.34
2195,5.31,32.98,50,10.26,117.76,9,93.42,Air Leakage,0.62,21.01
2196,5.04,33.1,40,10.03,122.16,9,93.35,Air Leakage,0.82,20.36
2197,5.13,33.02,30,10.5,119.56,9,93.31,Air Leakage,0.59,19.68
2198,5.14,33.03,20,9.85,117.36,9,93.25,Air Leakage,0.98,19.62
2199,5.15,33.28,10,10.79,122.8,9,93.2,Air Leakage,1.09,19.26
2200,5.19,33.25,0,10.18,118.39,10,93.12,Air Leakage,0.75,19.24
2201,5.09,33.1,10,10.3,120.08,10,93.06,Air Leakage,0.96,19.17
2202,5.28,32.81,20,10.51,119.71,10,93.0,Air Leakage,0.79,18.77
2203,4.93,32.88,30,10.45,120.9,10,92.94,Air Leakage,0.69,19.56
2204,5.12,33.1,40,10.59,121.94,10,92.85,Air Leakage,1.04,18.99
2205,5.13,33.23,50,10.81,117.96,10,92.78,Air Leakage,0.78,18.65
2206,5.08,32.99,60,10.4,121.01,10,92.7,Air Leakage,0.58,18.73
2207,5.11,32.99,70,10.15,120.38,10,92.62,Air Leakage,1.12,18.91
2208,5.08,33.08,80,10.07,122.32,10,92.56,Air Leakage,0.9,18.63
2209,5.02,33.36,90,9.93,120.58,10,92.51,Air Leakage,0.91,18.91
2210,4.89,33.36,100,10.65,116.59,10,92.43,Air Leakage,1.06,18.68
2211,4.98,33.31,90,10.72,119.36,10,92.38,Air Leakage,0.75,19.34
2212,5.05,33.27,80,10.45,118.94,10,92.31,Air Leakage,1.07,19.77
2213,5.2,33.33,70,10.34,118.4,10,92.23,Air Leakage,0.84,20.14
2214,4.83,33.56,60,10.3,121.88,10,92.17,Air Leakage,1.11,20.64
2215,5.0,33.6,50,10.42,117.97,10,92.13,Air Leakage,0.57,20.64
2216,5.16,33.92,40,10.58,121.95,10,92.08,Air Leakage,0.95,20.74
2217,5.29,33.89,30,10.39,118.82,10,92.0,Air Leakage,0.73,20.16
2218,4.93,33.96,20,10.48,123.41,10,91.93,Air Leakage,0.67,20.87
2219,4.95,33.87,10,10.48,120.98,10,91.86,Air Leakage,0.9,20.92
2220,4.89,33.84,0,10.33,117.02,11,91.82,Air Leakage,1.22,21.29
2221,5.18,33.79,10,10.75,117.21,11,91.76,Air Leakage,0.86,21.48
2222,5.02,33.79,20,10.54,119.78,11,91.69,Air Leakage,0.83,20.9
2223,5.23,33.85,30,10.65,123.05,11,91.62,Air Leakage,0.7,20.47
2224,5.06,33.7,40,9.94,117.23,11,91.57,Air Leakage,0.5,19.98
2225,5.11,33.81,50,10.68,119.8,11,91.5,Air Leakage,0.6,19.82
2226,5.2,33.72,60,10.64,120.03,11,91.42,Air Leakage,0.82,19.96
2227,5.14,33.84,70,10.54,119.02,11,91.37,Air Leakage,0.82,20.47
2228,4.97,33.6,80,10.1,118.38,11,91.32,Air Leakage,0.74,20.35
2229,5.14,33.71,90,10.2,122.04,11,91.27,Air Leakage,0.94,20.35
2230,4.99,33.67,100,10.44,119.66,11,91.21,Air Leakage,1.06,20.8
2231,5.27,33.42,90,9.91,119.33,11,91.17,Air Leakage,0.86,20.32
2232,5.27,33.34,80,10.38,120.4,11,91.13,Air Leakage,0.83,20.63
2233,4.9,33.57,70,10.52,119.71,11,91.06,Air Leakage,0.71,20.17
2234,4.79,33.59,60,10.37,120.64,11,90.99,Air Leakage,0.96,20.33
2235,4.99,33.64,50,10.34,116.31,11,90.95,Air Leakage,1.05,20.26
2236,5.11,33.71,40,10.71,122.28,11,90.9,Air Leakage,0.46,19.84
2237,4.9,33.41,30,10.19,120.71,11,90.85,Air Leakage,0.76,19.77
2238,5.07,33.35,20,10.63,123.98,11,90.79,Air Leakage,1.03,19.33
2239,5.25,33.41,10,10.16,120.89,11,90.71,Air Leakage,0.89,19.85
2240,5.09,33.4,0,10.32,120.82,12,90.66,Air Leakage,1.03,19.95
2241,4.99,33.37,10,10.45,121.0,12,90.57,Air Leakage,0.54,19.29
2242,5.11,33.35,20,10.37,123.61,12,90.53,Air Leakage,0.67,19.23
2243,4.88,33.44,30,10.48,120.84,12,90.49,Air Leakage,0.93,19.4
2244,5.17,33.34,40,10.27,119.59,12,90.42,Air Leakage,0.86,19.4
2245,5.14,33.39,50,10.01,119.71,12,90.38,Air Leakage,0.91,18.85
2246,5.05,33.44,60,9.84,124.5,12,90.34,Air Leakage,0.61,18.34
2247,5.06,33.37,70,10.29,122.08,12,90.27,Air Leakage,1.19,17.87
2248,5.04,33.33,80,10.73,121.37,12,90.19,Air Leakage,0.91,18.03
2249,5.01,33.35,90,10.23,120.84,12,90.13,Air Leakage,0.6,18.9
2250,4.94,33.38,100,9.95,117.96,12,90.07,Air Leakage,0.86,18.47
2251,4.92,33.55,90,10.27,121.86,12,90.03,Air Leakage,1.1,18.25
2252,5.14,33.58,80,10.47,123.07,12,89.98,Air Leakage,0.85,18.46
2253,5.1,33.44,70,9.93,122.8,12,89.92,Air Leakage,0.7,18.77
2254,4.9,33.41,60,10.06,120.91,12,89.87,Air Leakage,0.55,18.8
2255,4.9,33.33,50,10.62,120.78,12,89.79,Air Leakage,0.63,19.2
2256,4.96,33.14,40,10.24,120.6,12,89.75,Air Leakage,1.01,19.17
2257,5.17,33.3,30,10.41,123.51,12,89.67,Air Leakage,1.1,19.77
2258,5.0,33.18,20,10.5,119.42,12,89.62,Air Leakage,0.84,19.79
2259,4.78,33.24,10,10.26,118.22,12,89.56,Air Leakage,0.63,19.14
2260,5.15,33.15,0,10.54,117.82,13,89.5,Air Leakage,1.13,19.24
2261,5.13,33.05,10,10.3,121.12,13,89.43,Air Leakage,0.65,19.45
2262,4.93,33.03,20,10.5,119.21,13,89.35,Air Leakage,1.05,20.22
2263,5.21,33.05,30,10.07,119.97,13,89.29,Air Leakage,0.6,20.91
2264,4.91,33.28,40,9.9,123.37,13,89.21,Air Leakage,1.01,21.27
2265,5.2,33.12,50,10.18,120.24,13,89.17,Air Leakage,0.86,21.15
2266,4.88,33.34,60,10.26,121.96,13,89.09,Air Leakage,0.75,20.68
2267,5.06,33.44,70,10.56,116.66,13,89.05,Air Leakage,0.75,20.54
2268,4.94,33.44,80,10.43,119.75,13,88.97,Air Leakage,1.01,20.38
2269,4.96,33.31,90,10.49,118.49,13,88.89,Air Leakage,0.67,19.91
2270,5.01,33.46,100,10.48,119.94,13,88.84,Air Leakage,0.62,20.11
2271,4.78,33.66,90,10.13,120.04,13,88.76,Air Leakage,0.64,19.49
2272,4.84,33.44,80,10.39,119.98,13,88.69,Air Leakage,1.13,19.15
2273,5.12,33.34,70,10.57,120.05,13,88.65,Air Leakage,0.94,18.81
2274,5.06,33.44,60,10.65,118.01,13,88.6,Air Leakage,0.96,19.27
2275,4.89,33.48,50,10.59,124.12,13,88.54,Air Leakage,0.72,19.25
2276,5.25,33.49,40,10.47,117.37,13,88.49,Air Leakage,1.12,18.95
2277,5.07,33.36,30,10.79,118.92,13,88.41,Air Leakage,0.96,18.72
2278,4.73,33.53,20,10.0,119.82,13,88.35,Air Leakage,1.03,18.79
2279,4.8,33.6,10,10.44,121.81,13,88.28,Air Leakage,0.83,18.54
2280,5.01,33.7,0,10.36,118.73,14,88.22,Air Leakage,0.5,18.28
2281,5.12,33.74,10,10.02,120.83,14,88.17,Air Leakage,0.59,17.97
2282,5.08,33.82,20,10.32,118.64,14,88.13,Air Leakage,0.6,17.54
2283,4.76,33.96,30,10.16,118.02,14,88.07,Air Leakage,0.74,17.38
2284,5.06,33.86,40,10.41,120.19,14,88.0,Air Leakage,0.73,18.09
2285,5.02,33.73,50,10.46,123.32,14,87.94,Air Leakage,1.03,18.09
2286,5.03,33.81,60,10.59,119.89,14,87.85,Air Leakage,0.8,18.53
2287,4.76,33.7,70,10.79,121.38,14,87.82,Air Leakage,0.92,18.94
2288,4.77,33.57,80,10.04,120.22,14,87.74,Air Leakage,0.52,19.27
2289,5.02,33.66,90,10.4,122.49,14,87.67,Air Leakage,0.57,19.59
2290,5.16,33.67,100,10.18,120.17,14,87.61,Air Leakage,1.06,19.29
2291,4.76,33.62,90,10.11,117.3,14,87.54,Air Leakage,0.88,19.78
2292,4.83,33.48,80,10.44,122.21,14,87.48,Air Leakage,0.46,20.12
2293,5.21,33.49,70,10.14,119.61,14,87.41,Air Leakage,0.78,20.78
2294,5.03,33.34,60,10.11,121.16,14,87.35,Air Leakage,0.58,21.01
2295,5.13,33.26,50,10.21,116.17,14,87.31,Air Leakage,0.8,20.54
2296,4.96,33.14,40,10.75,120.39,14,87.25,Air Leakage,0.93,20.36
2297,4.98,33.29,30,10.21,119.88,14,87.18,Air Leakage,1.15,20.45
2298,5.19,33.43,20,9.82,121.05,14,87.11,Air Leakage,0.8,19.84
2299,4.9,33.4,10,10.43,118.61,14,87.05,Air Leakage,0.75,19.33
2300,5.05,33.27,0,10.75,120.46,15,87.0,Air Leakage,1.05,19.79
2301,5.05,33.43,10,10.64,121.61,15,86.93,Air Leakage,0.61,19.69
2302,5.05,33.46,20,10.45,121.86,15,86.88,Air Leakage,0.52,20.41
2303,5.28,33.49,30,10.81,120.64,15,86.81,Air Leakage,0.65,20.99
2304,5.11,33.52,40,9.98,121.01,15,86.74,Air Leakage,0.61,20.97
2305,5.04,33.5,50,10.4,118.35,15,86.66,Air Leakage,0.78,20.69
2306,4.89,33.45,60,10.62,119.87,15,86.62,Air Leakage,0.77,20.65
2307,5.14,33.61,70,10.5,120.32,15,86.56,Air Leakage,0.95,21.01
2308,5.22,33.47,80,10.28,121.77,15,86.5,Air Leakage,0.69,20.94
2309,5.07,33.37,90,10.31,124.04,15,86.46,Air Leakage,0.78,21.31
2310,5.19,33.22,100,10.22,120.26,15,86.39,Air Leakage,0.79,21.16
2311,5.19,33.42,90,10.83,116.21,15,86.34,Air Leakage,0.5,21.39
2312,5.01,33.5,80,10.11,117.97,15,86.3,Air Leakage,0.66,21.65
2313,5.03,33.56,70,10.44,116.75,15,86.21,Air Leakage,1.02,22.04
2314,4.92,33.52,60,10.09,117.29,15,86.17,Air Leakage,0.75,22.39
2315,5.23,33.48,50,10.73,117.64,15,86.1,Air Leakage,0.95,21.84
2316,4.98,33.42,40,10.32,116.43,15,86.03,Air Leakage,0.64,21.34
2317,5.09,33.43,30,10.13,118.51,15,85.97,Air Leakage,0.54,21.13
2318,4.92,33.57,20,10.45,122.41,15,85.89,Air Leakage,0.83,20.72
2319,5.14,33.36,10,10.33,121.0,15,85.82,Air Leakage,1.02,20.17
2320,5.2,33.44,0,10.26,118.19,16,85.78,Air Leakage,0.92,20.46
2321,5.06,33.43,10,10.06,121.12,16,85.73,Air Leakage,0.82,21.14
2322,4.93,33.33,20,10.29,122.33,16,85.69,Air Leakage,0.9,20.61
2323,5.1,33.54,30,10.63,118.17,16,85.64,Air Leakage,1.13,20.88
2324,5.24,33.73,40,10.23,119.81,16,85.6,Air Leakage,1.14,21.12
2325,4.97,33.6,50,10.62,121.5,16,85.55,Air Leakage,1.03,20.66
2326,5.18,33.6,60,10.61,116.11,16,85.47,Air Leakage,1.03,20.32
2327,4.97,33.55,70,10.23,115.9,16,85.42,Air Leakage,0.59,20.56
2328,4.92,33.66,80,10.01,121.25,16,85.37,Air Leakage,0.61,20.85
2329,5.04,33.76,90,10.23,118.07,16,85.3,Air Leakage,1.05,21.13
2330,5.12,33.75,100,9.88,118.35,16,85.23,Air Leakage,1.0,21.39
2331,5.12,33.61,90,10.61,119.97,16,85.16,Air Leakage,0.87,20.65
2332,5.23,33.43,80,10.71,120.22,16,85.09,Air Leakage,0.5,20.21
2333,5.34,33.53,70,10.11,123.04,16,85.02,Air Leakage,0.66,19.79
2334,5.26,33.77,60,10.68,120.35,16,84.96,Air Leakage,0.79,19.71
2335,4.96,33.67,50,10.29,119.56,16,84.9,Air Leakage,0.82,19.45
2336,5.15,33.66,40,10.66,121.67,16,84.81,Air Leakage,0.61,19.22
2337,5.08,33.62,30,10.06,123.8,16,84.73,Air Leakage,1.01,18.99
2338,5.07,33.63,20,10.8,118.15,16,84.66,Air Leakage,0.48,18.72
2339,5.12,33.57,10,10.34,119.1,16,84.59,Air Leakage,0.68,19.55
2340,4.75,33.73,0,10.28,117.66,17,84.51,Air Leakage,1.05,19.43
2341,5.27,33.57,10,10.15,121.0,17,84.46,Air Leakage,1.09,19.37
2342,4.99,33.74,20,10.46,121.09,17,84.39,Air Leakage,0.86,18.95
2343,4.75,33.51,30,10.15,119.83,17,84.32,Air Leakage,0.58,19.36
2344,5.1,33.39,40,10.51,123.64,17,84.24,Air Leakage,0.76,19.7
2345,4.86,33.59,50,10.16,122.15,17,84.2,Air Leakage,0.89,19.43
2346,4.94,33.6,60,10.03,122.48,17,84.14,Air Leakage,0.8,20.17
2347,4.92,33.63,70,10.47,120.97,17,84.07,Air Leakage,0.73,19.7
2348,5.1,33.56,80,10.2,120.24,17,84.02,Air Leakage,0.85,19.24
2349,4.85,33.63,90,10.34,119.58,17,83.98,Air Leakage,0.94,19.6
2350,4.9,33.77,100,10.57,121.9,17,83.9,Air Leakage,0.84,18.98
2351,5.0,33.76,90,10.56,121.21,17,83.84,Air Leakage,0.61,19.55
2352,5.0,33.56,80,10.28,119.74,17,83.76,Air Leakage,0.92,19.15
2353,4.97,33.47,70,10.47,120.2,17,83.73,Air Leakage,0.55,18.95
2354,5.21,33.65,60,10.1,120.05,17,83.66,Air Leakage,0.62,18.57
2355,5.06,33.82,50,10.47,120.18,17,83.59,Air Leakage,0.72,18.66
2356,4.82,33.86,40,10.13,122.03,17,83.51,Air Leakage,0.67,18.91
2357,5.14,33.55,30,10.55,119.34,17,83.43,Air Leakage,1.08,18.95
2358,4.8,33.64,20,10.22,119.01,17,83.36,Air Leakage,0.7,19.23
2359,5.09,33.63,10,10.15,120.69,17,83.32,Air Leakage,0.73,19.76
2360,5.2,33.61,0,10.47,116.59,18,83.24,Air Leakage,0.54,20.18
2361,5.06,33.48,10,10.29,123.2,18,83.18,Air Leakage,0.94,20.53
2362,5.0,33.32,20,10.57,117.16,18,83.14,Air Leakage,0.99,20.52
2363,5.14,33.46,30,10.42,117.88,18,83.08,Air Leakage,0.79,21.11
2364,5.1,33.52,40,9.79,120.12,18,83.02,Air Leakage,0.69,20.44
2365,5.22,33.8,50,10.22,121.61,18,82.95,Air Leakage,0.66,20.38
2366,5.33,33.69,60,10.42,119.03,18,82.89,Air Leakage,1.11,20.66
2367,5.17,33.67,70,10.25,120.34,18,82.85,Air Leakage,0.58,20.24
2368,5.3,33.45,80,9.98,121.2,18,82.81,Air Leakage,0.89,20.02
2369,4.9,33.34,90,10.56,122.36,18,82.73,Air Leakage,0.93,19.88
2370,5.02,33.36,100,10.49,123.29,18,82.69,Air Leakage,0.99,19.68
2371,4.84,33.37,90,10.89,120.76,18,82.64,Air Leakage,0.89,19.05
2372,5.23,33.17,80,9.89,119.0,18,82.6,Air Leakage,0.76,19.15
2373,5.23,33.24,70,10.75,119.82,18,82.55,Air Leakage,0.93,19.76
2374,4.86,33.27,60,10.61,118.18,18,82.48,Air Leakage,1.0,19.33
2375,5.16,33.46,50,10.22,123.54,18,82.42,Air Leakage,0.55,19.99
2376,5.02,33.43,40,10.26,119.14,18,82.35,Air Leakage,0.58,20.58
2377,5.2,33.47,30,10.4,117.58,18,82.28,Air Leakage,0.77,20.57
2378,5.11,33.68,20,10.55,121.61,18,82.24,Air Leakage,0.78,21.25
2379,5.03,33.69,10,9.96,118.88,18,82.16,Air Leakage,0.53,20.68
2380,5.03,33.64,0,10.53,117.76,19,82.11,Air Leakage,0.88,20.52
2381,4.82,33.82,10,10.48,122.37,19,82.06,Air Leakage,0.99,21.03
2382,5.01,34.0,20,10.47,122.2,19,82.0,Air Leakage,0.55,20.88
2383,5.19,34.02,30,10.49,121.27,19,81.94,Air Leakage,0.8,20.16
2384,5.14,33.92,40,10.06,116.07,19,81.87,Air Leakage,0.89,19.6
2385,5.14,33.83,50,10.78,116.45,19,81.8,Air Leakage,1.01,20.21
2386,4.86,33.84,60,10.72,118.82,19,81.73,Air Leakage,0.93,20.27
2387,5.18,33.92,70,9.9,120.88,19,81.66,Air Leakage,1.12,19.76
2388,4.98,33.85,80,9.9,118.87,19,81.6,Air Leakage,0.91,19.31
2389,5.21,33.68,90,10.01,121.58,19,81.53,Air Leakage,0.72,19.92
2390,5.09,33.79,100,10.12,120.88,19,81.49,Air Leakage,0.97,19.98
2391,5.01,33.87,90,10.08,118.34,19,81.41,Air Leakage,0.75,19.52
2392,4.91,33.95,80,10.14,119.77,19,81.36,Air Leakage,0.77,20.18
2393,4.95,33.95,70,10.3,120.71,19,81.29,Air Leakage,0.73,20.55
2394,5.19,33.95,60,10.38,117.03,19,81.24,Air Leakage,0.9,21.18
2395,5.16,34.03,50,10.3,122.15,19,81.16,Air Leakage,0.54,21.12
2396,5.05,33.93,40,10.01,121.21,19,81.12,Air Leakage,0.82,21.51
2397,4.82,33.94,30,10.07,116.64,19,81.07,Air Leakage,0.73,20.78
2398,4.95,33.76,20,10.18,119.5,19,81.0,Air Leakage,0.85,20.11
2399,5.0,33.7,10,10.09,120.95,19,80.93,Air Leakage,0.53,20.58
2400,4.89,33.68,0,10.46,116.75,20,80.88,Air Leakage,0.79,21.18
2401,5.17,30.22,10,10.3,123.2,0,100.0,Healthy,0.4,15.59
2402,5.19,30.34,20,9.81,123.21,0,99.99,Healthy,0.4,16.1
2403,5.23,30.54,30,9.71,125.55,0,99.99,Healthy,0.45,16.79
2404,5.24,30.65,40,10.17,124.43,0,99.99,Healthy,0.4,17.09
2405,5.25,30.81,50,10.24,124.05,0,99.99,Healthy,0.49,17.27
2406,5.21,30.88,60,10.06,124.27,0,99.99,Healthy,0.37,16.87
2407,5.33,31.03,70,10.06,122.1,0,99.98,Healthy,0.31,16.5
2408,5.2,31.09,80,10.04,126.33,0,99.98,Healthy,0.34,17.2
2409,5.35,31.1,90,10.17,126.24,0,99.98,Healthy,0.36,17.06
2410,5.25,31.18,100,9.65,121.69,0,99.98,Healthy,0.37,17.51
2411,5.13,31.36,90,10.33,123.49,0,99.97,Healthy,0.31,17.48
2412,5.35,31.29,80,10.2,124.95,0,99.97,Healthy,0.4,17.05
2413,5.33,31.38,70,10.03,124.09,0,99.97,Healthy,0.45,17.19
2414,5.28,31.38,60,9.79,121.59,0,99.96,Healthy,0.46,17.72
2415,5.17,31.4,50,10.18,126.04,0,99.96,Healthy,0.5,17.71
2416,5.19,31.53,40,9.78,122.84,0,99.96,Healthy,0.32,17.59
2417,5.34,31.57,30,10.04,122.2,0,99.96,Healthy,0.34,17.37
2418,5.35,31.56,20,9.78,121.91,0,99.96,Healthy,0.32,16.92
2419,5.13,31.51,10,10.04,125.25,0,99.95,Healthy,0.36,17.43
2420,5.22,31.5,0,9.89,123.5,1,99.95,Healthy,0.5,16.95
2421,5.34,31.53,10,9.77,124.88,1,99.95,Healthy,0.45,16.92
2422,5.18,31.56,20,10.13,123.27,1,99.95,Healthy,0.39,17.56
2423,5.22,31.57,30,9.8,125.51,1,99.95,Healthy,0.32,17.62
2424,5.27,31.71,40,10.06,122.74,1,99.94,Healthy,0.4,17.37
2425,5.18,31.66,50,10.2,125.76,1,99.94,Healthy,0.42,17.9
2426,5.18,31.6,60,10.26,121.5,1,99.94,Healthy,0.33,18.46
2427,5.24,31.72,70,9.78,122.13,1,99.94,Healthy,0.4,19.14
2428,5.32,31.77,80,9.71,125.28,1,99.93,Healthy,0.37,19.8
2429,5.38,31.64,90,10.23,124.37,1,99.93,Healthy,0.48,20.16
2430,5.2,31.69,100,10.34,123.26,1,99.93,Healthy,0.5,20.15
2431,5.29,31.85,90,9.81,123.12,1,99.93,Healthy,0.42,20.14
2432,5.22,31.91,80,9.78,122.54,1,99.93,Healthy,0.29,19.58
2433,5.41,31.95,70,10.28,125.56,1,99.92,Healthy,0.39,19.61
2434,5.39,31.99,60,9.96,122.06,1,99.92,Healthy,0.39,19.35
2435,5.32,32.04,50,9.72,125.98,1,99.92,Healthy,0.32,19.08
2436,5.17,31.98,40,10.33,123.15,1,99.91,Healthy,0.4,19.54
2437,5.28,31.98,30,9.69,125.61,1,99.91,Healthy,0.44,19.74
2438,5.41,32.12,20,9.99,125.14,1,99.9,Healthy,0.42,19.66
2439,5.42,32.11,10,9.94,122.21,1,99.9,Healthy,0.32,20.17
2440,5.35,32.05,0,10.27,124.58,2,99.9,Healthy,0.38,20.54
2441,5.29,31.99,10,10.17,122.78,2,99.9,Healthy,0.42,20.16
2442,5.25,31.94,20,10.09,124.74,2,99.9,Healthy,0.38,19.46
2443,5.31,31.86,30,9.83,125.12,2,99.9,Healthy,0.39,18.76
2444,5.32,31.81,40,10.17,124.22,2,99.89,Healthy,0.33,19.07
2445,5.25,31.95,50,10.22,122.75,2,99.89,Healthy,0.28,18.39
2446,5.27,32.02,60,9.79,124.06,2,99.89,Healthy,0.41,18.24
2447,5.28,31.84,70,9.86,125.18,2,99.89,Healthy,0.49,17.93
2448,5.18,31.68,80,10.33,125.95,2,99.89,Healthy,0.27,17.61
2449,5.31,31.61,90,10.24,122.99,2,99.89,Healthy,0.45,18.13
2450,5.26,31.56,100,10.09,123.67,2,99.88,Healthy,0.34,17.81
2451,5.3,31.56,90,10.35,126.29,2,99.88,Healthy,0.37,17.78
2452,5.18,31.6,80,9.99,125.47,2,99.88,Healthy,0.39,18.36
2453,5.33,31.68,70,10.18,122.66,2,99.88,Healthy,0.29,18.79
2454,5.17,31.79,60,10.21,121.79,2,99.87,Healthy,0.35,18.77
2455,5.36,31.74,50,9.98,124.51,2,99.87,Healthy,0.32,18.44
2456,5.21,31.86,40,9.8,122.97,2,99.87,Healthy,0.36,18.36
2457,5.36,31.81,30,9.67,125.36,2,99.87,Healthy,0.45,18.52
2458,5.32,31.82,20,9.67,123.51,2,99.87,Healthy,0.35,17.88
2459,5.33,31.74,10,10.14,125.04,2,99.86,Healthy,0.31,17.37
2460,5.15,31.66,0,9.8,122.19,3,99.86,Healthy,0.38,17.34
2461,5.2,31.77,10,10.12,125.1,3,99.86,Healthy,0.49,17.49
2462,5.13,31.85,20,10.29,124.1,3,99.86,Healthy,0.39,17.59
2463,5.24,31.77,30,10.1,122.03,3,99.86,Healthy,0.37,18.11
2464,5.19,31.76,40,10.03,124.66,3,99.86,Healthy,0.45,18.1
2465,5.19,31.69,50,10.24,123.37,3,99.85,Healthy,0.49,17.47
2466,5.34,31.7,60,10.26,124.61,3,99.85,Healthy,0.39,17.82
2467,5.28,31.78,70,10.22,122.57,3,99.85,Healthy,0.37,18.41
2468,5.26,31.85,80,10.17,122.79,3,99.85,Healthy,0.47,19.06
2469,5.3,31.94,90,10.11,125.52,3,99.84,Healthy,0.42,19.59
2470,5.19,31.84,100,10.09,122.71,3,99.84,Healthy,0.45,20.18
2471,5.2,31.98,90,10.17,121.63,3,99.84,Healthy,0.44,20.24
2472,5.33,32.07,80,9.92,121.92,3,99.84,Healthy,0.48,20.26
2473,5.29,32.0,70,9.84,120.74,3,99.84,Healthy,0.39,20.63
2474,5.38,32.04,60,10.24,124.84,3,99.83,Healthy,0.33,20.28
2475,5.34,32.12,50,9.9,121.18,3,99.83,Healthy,0.36,20.67
2476,5.41,32.27,40,9.75,121.12,3,99.83,Healthy,0.48,19.93
2477,5.26,32.06,30,10.26,124.7,3,99.83,Healthy,0.34,20.4
2478,5.31,32.06,20,10.15,121.97,3,99.83,Healthy,0.39,20.06
2479,5.33,31.99,10,10.02,124.5,3,99.82,Healthy,0.45,20.49
2480,5.21,31.99,0,10.25,123.47,4,99.82,Healthy,0.49,20.39
2481,5.4,32.08,10,10.25,123.9,4,99.82,Healthy,0.3,19.76
2482,5.28,32.07,20,9.94,123.68,4,99.82,Healthy,0.45,19.49
2483,5.17,32.1,30,10.01,124.12,4,99.81,Healthy,0.48,18.79
2484,5.27,32.01,40,9.92,124.71,4,99.81,Healthy,0.47,18.45
2485,5.32,32.04,50,10.27,125.64,4,99.81,Healthy,0.39,18.17
2486,5.21,31.99,60,9.82,123.1,4,99.81,Healthy,0.47,18.09
2487,5.3,31.94,70,10.21,125.98,4,99.8,Healthy,0.35,18.54
2488,5.32,32.01,80,10.11,123.53,4,99.8,Healthy,0.34,18.57
2489,5.27,31.97,90,9.91,125.67,4,99.8,Healthy,0.48,18.58
2490,5.35,31.89,100,10.17,125.38,4,99.8,Healthy,0.42,18.52
2491,5.21,31.98,90,9.88,123.3,4,99.79,Healthy,0.4,17.93
2492,5.35,31.88,80,10.3,125.72,4,99.79,Healthy,0.37,17.88
2493,5.31,31.83,70,9.99,122.13,4,99.79,Healthy,0.32,18.35
2494,5.26,31.69,60,9.83,124.92,4,99.78,Healthy,0.35,18.77
2495,5.29,31.65,50,10.13,123.04,4,99.78,Healthy,0.29,19.45
2496,5.31,31.74,40,9.84,123.7,4,99.78,Healthy,0.47,18.85
2497,5.29,31.8,30,10.2,123.04,4,99.77,Healthy,0.35,18.66
2498,5.39,31.93,20,9.95,123.95,4,99.77,Healthy,0.33,19.09
2499,5.33,31.93,10,10.25,123.17,4,99.77,Healthy,0.41,19.28
2500,5.39,31.92,0,10.17,121.76,5,99.77,Healthy,0.45,18.55
2501,5.24,31.86,10,9.88,123.67,5,99.76,Healthy,0.31,18.53
2502,5.21,31.96,20,10.04,125.71,5,99.76,Healthy,0.42,18.67
2503,5.26,32.05,30,10.02,125.98,5,99.76,Healthy,0.51,18.91
2504,5.17,32.04,40,9.91,125.34,5,99.75,Healthy,0.41,18.23
2505,5.15,32.04,50,9.93,121.74,5,99.75,Healthy,0.31,17.86
2506,5.27,31.9,60,9.82,124.53,5,99.75,Healthy,0.27,17.54
2507,5.24,32.01,70,9.77,124.81,5,99.75,Healthy,0.4,17.72
2508,5.36,31.96,80,10.01,125.36,5,99.75,Healthy,0.38,17.5
2509,5.33,31.89,90,9.74,121.7,5,99.74,Healthy,0.39,17.29
2510,5.23,31.93,100,9.85,122.92,5,99.74,Healthy,0.37,17.74
2511,5.27,31.97,90,10.19,125.35,5,99.74,Healthy,0.41,17.77
2512,5.3,31.96,80,10.01,124.88,5,99.74,Healthy,0.38,17.98
2513,5.22,31.9,70,10.02,124.74,5,99.74,Healthy,0.5,18.14
2514,5.29,31.97,60,10.14,122.46,5,99.74,Healthy,0.35,18.87
2515,5.29,31.91,50,9.66,122.12,5,99.73,Healthy,0.46,18.36
2516,5.35,31.87,40,9.84,125.95,5,99.73,Healthy,0.38,19.01
2517,5.2,31.81,30,10.34,121.91,5,99.73,Healthy,0.47,19.63
2518,5.41,31.86,20,10.1,122.3,5,99.73,Healthy,0.31,19.77
2519,5.28,31.95,10,10.04,122.45,5,99.72,Healthy,0.44,19.28
2520,5.24,31.92,0,10.27,123.72,6,99.72,Healthy,0.4,19.23
2521,5.3,31.86,10,10.13,125.76,6,99.72,Healthy,0.46,18.95
2522,5.35,31.87,20,9.91,125.14,6,99.71,Healthy,0.41,19.17
2523,5.36,31.92,30,9.74,123.18,6,99.71,Healthy,0.43,18.91
2524,5.21,31.92,40,9.94,122.29,6,99.71,Healthy,0.36,19.04
2525,5.37,31.75,50,10.21,122.12,6,99.71,Healthy,0.31,18.82
2526,5.26,31.64,60,9.72,123.1,6,99.71,Healthy,0.35,18.73
2527,5.25,31.64,70,10.31,121.18,6,99.7,Healthy,0.37,19.39
2528,5.31,31.63,80,9.68,121.37,6,99.7,Healthy,0.32,19.87
2529,5.39,31.76,90,9.98,123.05,6,99.7,Healthy,0.33,19.87
2530,5.19,31.79,100,9.85,121.92,6,99.7,Healthy,0.28,20.05
2531,5.34,31.72,90,9.7,124.91,6,99.69,Healthy,0.37,20.37
2532,5.29,31.9,80,10.24,124.82,6,99.69,Healthy,0.42,19.92
2533,5.26,31.83,70,9.74,121.01,6,99.69,Healthy,0.43,19.96
2534,5.24,31.76,60,10.28,123.34,6,99.68,Healthy,0.36,20.29
2535,5.4,31.67,50,10.15,121.48,6,99.68,Healthy,0.3,20.14
2536,5.23,31.66,40,9.93,123.68,6,99.68,Healthy,0.48,20.57
2537,5.29,31.66,30,10.33,121.64,6,99.68,Healthy,0.3,20.12
2538,5.23,31.77,20,9.95,122.54,6,99.68,Healthy,0.32,20.44
2539,5.27,31.72,10,10.01,122.94,6,99.68,Healthy,0.39,20.18
2540,5.21,31.76,0,9.69,122.11,7,99.68,Healthy,0.39,20.01
2541,5.17,31.87,10,10.27,122.78,7,99.67,Healthy,0.48,19.65
2542,5.27,31.79,20,9.65,123.34,7,99.67,Healthy,0.29,19.56
2543,5.25,31.88,30,10.26,124.2,7,99.67,Healthy,0.51,18.92
2544,5.22,31.91,40,10.14,122.33,7,99.66,Healthy,0.36,19.02
2545,5.4,31.91,50,10.26,123.2,7,99.66,Healthy,0.29,19.28
2546,5.18,31.86,60,10.02,121.41,7,99.66,Healthy,0.37,18.74
2547,5.31,31.87,70,10.13,124.84,7,99.66,Healthy,0.31,19.14
2548,5.39,31.88,80,9.88,122.57,7,99.66,Healthy,0.46,19.49
2549,5.25,31.98,90,9.91,122.42,7,99.65,Healthy,0.32,19.0
2550,5.25,32.09,100,9.86,123.43,7,99.65,Healthy,0.28,19.28
2551,5.34,32.06,90,9.83,123.52,7,99.65,Healthy,0.43,18.7
2552,5.37,32.12,80,9.84,121.76,7,99.64,Healthy,0.35,18.02
2553,5.31,32.19,70,10.21,125.73,7,99.64,Healthy,0.42,18.15
2554,5.34,32.05,60,10.03,123.33,7,99.64,Healthy,0.36,18.13
2555,5.27,32.1,50,10.17,126.21,7,99.64,Healthy,0.33,18.33
2556,5.22,31.92,40,9.9,125.66,7,99.64,Healthy,0.36,17.74
2557,5.16,31.89,30,10.06,126.4,7,99.64,Healthy,0.43,18.13
2558,5.33,31.96,20,9.68,123.04,7,99.63,Healthy,0.42,18.62
2559,5.4,32.05,10,9.88,122.17,7,99.63,Healthy,0.39,19.09
2560,5.38,31.96,0,9.65,122.27,8,99.62,Healthy,0.28,19.75
2561,5.33,31.98,10,10.15,123.27,8,99.62,Healthy,0.47,19.57
2562,5.38,32.07,20,10.11,124.79,8,99.62,Healthy,0.3,20.18
2563,5.37,32.21,30,9.67,123.77,8,99.61,Healthy,0.34,20.57
2564,5.24,32.12,40,10.05,125.02,8,99.61,Healthy,0.39,19.82
2565,5.33,32.04,50,10.12,123.75,8,99.61,Healthy,0.48,19.23
2566,5.36,31.92,60,10.25,125.07,8,99.61,Healthy,0.44,19.14
2567,5.37,31.9,70,9.72,123.96,8,99.6,Healthy,0.43,19.12
2568,5.16,31.85,80,9.99,122.24,8,99.6,Healthy,0.42,18.82
2569,5.4,31.81,90,10.22,121.91,8,99.59,Healthy,0.47,19.07
2570,5.21,31.96,100,10.3,125.39,8,99.59,Healthy,0.43,18.87
2571,5.31,31.91,90,9.9,121.35,8,99.58,Healthy,0.38,19.25
2572,5.27,31.85,80,9.98,122.85,8,99.58,Healthy,0.31,19.53
2573,5.27,31.9,70,10.34,123.64,8,99.58,Healthy,0.37,19.13
2574,5.39,31.91,60,10.11,122.62,8,99.57,Healthy,0.37,19.34
2575,5.22,31.8,50,9.75,121.18,8,99.57,Healthy,0.33,19.64
2576,5.31,31.72,40,9.75,125.1,8,99.57,Healthy,0.3,19.47
2577,5.25,31.63,30,10.12,122.25,8,99.56,Healthy,0.46,18.98
2578,5.25,31.7,20,9.74,125.25,8,99.56,Healthy,0.39,18.71
2579,5.25,31.79,10,9.77,122.0,8,99.56,Healthy,0.46,18.48
2580,5.18,31.87,0,10.04,123.33,9,99.56,Healthy,0.41,18.51
2581,5.29,31.89,10,9.77,121.97,9,99.56,Healthy,0.29,18.46
2582,5.37,31.81,20,10.21,124.23,9,99.56,Healthy,0.44,18.25
2583,5.31,31.87,30,9.87,126.1,9,99.55,Healthy,0.39,18.66
2584,5.21,31.81,40,9.7,122.07,9,99.55,Healthy,0.34,18.08
2585,5.31,31.79,50,9.7,123.07,9,99.54,Healthy,0.48,18.13
2586,5.28,31.68,60,10.01,125.21,9,99.54,Healthy,0.41,17.71
2587,5.23,31.61,70,10.27,122.86,9,99.54,Healthy,0.29,17.58
2588,5.38,31.59,80,10.21,124.12,9,99.54,Healthy,0.37,18.09
2589,5.31,31.54,90,9.84,125.26,9,99.54,Healthy,0.45,18.73
2590,5.33,31.54,100,9.98,124.37,9,99.53,Healthy,0.48,18.72
2591,5.34,31.68,90,10.21,123.98,9,99.53,Healthy,0.42,18.02
2592,5.2,31.73,80,9.76,125.62,9,99.52,Healthy,0.33,18.28
2593,5.21,31.64,70,10.0,124.66,9,99.52,Healthy,0.35,17.91
2594,5.22,31.82,60,9.69,122.01,9,99.51,Healthy,0.37,17.7
2595,5.17,31.77,50,10.23,123.32,9,99.51,Healthy,0.37,17.31
2596,5.34,31.76,40,9.89,122.69,9,99.51,Healthy,0.44,18.07
2597,5.15,31.75,30,10.24,121.81,9,99.5,Healthy,0.43,18.23
2598,5.38,31.87,20,10.21,125.85,9,99.5,Healthy,0.34,18.85
2599,5.16,31.87,10,10.2,126.03,9,99.5,Healthy,0.51,18.21
2600,5.18,31.83,0,9.78,121.95,10,99.5,Healthy,0.46,18.64
2601,5.2,31.82,10,10.09,123.55,10,99.49,Healthy,0.37,19.23
2602,5.32,31.91,20,9.71,124.81,10,99.49,Healthy,0.34,19.1
2603,5.25,31.86,30,10.21,121.89,10,99.49,Healthy,0.5,18.98
2604,5.34,31.85,40,10.27,123.79,10,99.49,Healthy,0.42,19.53
2605,5.31,31.92,50,10.14,121.92,10,99.48,Healthy,0.42,19.54
2606,5.33,31.94,60,9.72,122.32,10,99.48,Healthy,0.5,19.99
2607,5.17,32.05,70,9.71,125.16,10,99.48,Healthy,0.44,19.34
2608,5.19,31.91,80,10.25,123.28,10,99.47,Healthy,0.49,18.86
2609,5.25,31.93,90,10.27,122.17,10,99.47,Healthy,0.39,18.2
2610,5.27,31.9,100,10.32,123.3,10,99.47,Healthy,0.34,18.41
2611,5.37,31.87,90,10.07,122.59,10,99.47,Healthy,0.48,18.38
2612,5.24,31.88,80,10.32,124.97,10,99.47,Healthy,0.51,17.86
2613,5.16,31.77,70,10.11,126.08,10,99.47,Healthy,0.28,17.44
2614,5.22,31.84,60,10.26,125.58,10,99.46,Healthy,0.32,16.99
2615,5.13,31.92,50,9.74,126.03,10,99.46,Healthy,0.49,17.43
2616,5.15,31.8,40,9.82,125.5,10,99.46,Healthy,0.3,17.51
2617,5.2,31.88,30,9.82,123.59,10,99.46,Healthy,0.47,17.97
2618,5.3,31.91,20,10.16,124.6,10,99.45,Healthy,0.43,18.41
2619,5.37,31.89,10,9.95,123.26,10,99.45,Healthy,0.29,18.64
2620,5.28,31.93,0,9.74,121.33,11,99.44,Healthy,0.32,19.16
2621,5.35,31.88,10,10.14,125.74,11,99.44,Healthy,0.29,18.46
2622,5.33,31.8,20,10.0,125.81,11,99.44,Healthy,0.39,18.84
2623,5.23,31.89,30,10.27,123.54,11,99.44,Healthy,0.51,18.39
2624,5.38,31.95,40,9.95,125.09,11,99.44,Healthy,0.44,17.97
2625,5.27,31.99,50,9.72,124.33,11,99.43,Healthy,0.39,17.59
2626,5.29,31.98,60,9.77,125.84,11,99.43,Healthy,0.37,17.25
2627,5.14,31.9,70,9.78,125.92,11,99.43,Healthy,0.49,17.71
2628,5.28,31.77,80,10.06,121.86,11,99.43,Healthy,0.37,17.82
2629,5.17,31.83,90,9.82,125.19,11,99.42,Healthy,0.35,17.31
2630,5.14,31.85,100,9.99,121.46,11,99.42,Healthy,0.49,18.12
2631,5.29,31.92,90,10.2,123.35,11,99.42,Healthy,0.38,18.39
2632,5.33,31.98,80,9.82,126.05,11,99.41,Healthy,0.49,18.3
2633,5.29,31.88,70,10.17,122.63,11,99.41,Healthy,0.49,18.79
2634,5.35,31.84,60,9.78,121.53,11,99.41,Healthy,0.29,18.37
2635,5.31,31.95,50,9.73,125.2,11,99.41,Healthy,0.29,17.99
2636,5.3,31.91,40,10.33,125.54,11,99.4,Healthy,0.37,17.83
2637,5.23,31.81,30,9.67,121.64,11,99.4,Healthy,0.48,18.53
2638,5.24,31.92,20,10.14,125.62,11,99.4,Healthy,0.38,18.21
2639,5.36,31.93,10,10.23,122.17,11,99.4,Healthy,0.4,18.55
2640,5.33,31.97,0,10.02,124.58,12,99.4,Healthy,0.45,17.95
2641,5.32,31.9,10,10.25,122.99,12,99.4,Healthy,0.47,18.26
2642,5.38,31.89,20,9.95,125.06,12,99.4,Healthy,0.47,18.65
2643,5.21,31.78,30,10.34,121.67,12,99.39,Healthy,0.4,19.14
2644,5.25,31.82,40,10.19,125.23,12,99.39,Healthy,0.33,18.48
2645,5.29,31.9,50,10.01,121.29,12,99.39,Healthy,0.35,18.95
2646,5.38,31.87,60,9.74,123.63,12,99.39,Healthy,0.45,19.18
2647,5.27,31.9,70,10.33,121.63,12,99.38,Healthy,0.39,18.51
2648,5.32,31.89,80,9.85,124.47,12,99.38,Healthy,0.49,18.1
2649,5.22,31.84,90,10.1,124.56,12,99.38,Healthy,0.45,18.8
2650,5.23,31.8,100,10.26,125.44,12,99.38,Healthy,0.37,18.16
2651,5.16,31.84,90,9.89,123.22,12,99.37,Healthy,0.41,17.66
2652,5.38,31.77,80,10.13,122.07,12,99.37,Healthy,0.5,18.11
2653,5.18,31.87,70,9.71,123.23,12,99.36,Healthy,0.44,18.44
2654,5.38,31.98,60,10.04,124.81,12,99.36,Healthy,0.47,18.82
2655,5.24,31.95,50,9.69,123.76,12,99.36,Healthy,0.29,18.73
2656,5.38,31.97,40,9.81,123.7,12,99.36,Healthy,0.31,18.15
2657,5.22,32.0,30,10.06,123.18,12,99.35,Healthy,0.37,17.56
2658,5.33,31.85,20,10.23,122.62,12,99.35,Healthy,0.4,17.86
2659,5.31,31.71,10,10.2,124.93,12,99.35,Healthy,0.42,18.59
2660,5.23,31.75,0,9.88,122.26,13,99.35,Healthy,0.46,18.58
2661,5.33,31.87,10,9.67,125.73,13,99.34,Healthy,0.42,18.83
2662,5.32,31.84,20,9.87,121.41,13,99.34,Healthy,0.4,18.75
2663,5.38,31.73,30,10.17,126.26,13,99.34,Healthy,0.36,18.06
2664,5.3,31.7,40,9.89,124.96,13,99.33,Healthy,0.35,17.68
2665,5.31,31.83,50,9.68,125.41,13,99.33,Healthy,0.44,17.46
2666,5.26,31.85,60,10.02,126.36,13,99.33,Healthy,0.48,17.84
2667,5.36,31.89,70,9.72,126.25,13,99.32,Healthy,0.38,17.41
2668,5.15,31.93,80,10.18,122.98,13,99.32,Healthy,0.29,18.11
2669,5.31,31.96,90,9.91,123.91,13,99.32,Healthy,0.48,18.03
2670,5.29,31.93,100,9.87,123.76,13,99.32,Healthy,0.39,17.42
2671,5.17,32.02,90,9.85,125.53,13,99.31,Healthy,0.29,18.17
2672,5.17,31.99,80,9.66,122.0,13,99.31,Healthy,0.46,18.17
2673,5.15,32.03,70,9.85,122.88,13,99.31,Healthy,0.28,18.17
2674,5.24,32.08,60,10.02,126.41,13,99.31,Healthy,0.43,18.04
2675,5.33,32.15,50,10.1,121.65,13,99.3,Healthy,0.33,18.35
2676,5.29,32.12,40,10.17,126.04,13,99.3,Healthy,0.33,18.31
2677,5.21,32.17,30,10.02,121.9,13,99.3,Healthy,0.32,18.3
2678,5.22,32.26,20,9.82,125.25,13,99.3,Healthy,0.44,19.0
2679,5.21,32.3,10,9.91,121.48,13,99.3,Healthy,0.29,19.39
2680,5.24,32.35,0,10.16,121.76,14,99.3,Healthy,0.47,19.7
2681,5.41,32.2,10,10.13,121.93,14,99.3,Healthy,0.3,20.06
2682,5.37,32.02,20,9.83,124.24,14,99.3,Healthy,0.48,19.43
2683,5.16,32.05,30,9.72,124.94,14,99.29,Healthy,0.32,18.72
2684,5.16,32.06,40,10.12,122.73,14,99.29,Healthy,0.37,18.2
2685,5.34,31.96,50,9.91,122.22,14,99.29,Healthy,0.31,18.87
2686,5.19,31.98,60,10.13,124.43,14,99.29,Healthy,0.45,19.33
2687,5.33,31.92,70,10.02,125.39,14,99.28,Healthy,0.33,19.16
2688,5.39,31.95,80,9.93,121.85,14,99.28,Healthy,0.36,18.87
2689,5.36,31.88,90,10.11,126.01,14,99.28,Healthy,0.32,19.02
2690,5.36,32.02,100,10.01,124.61,14,99.27,Healthy,0.45,19.13
2691,5.28,32.0,90,9.89,125.91,14,99.27,Healthy,0.28,18.64
2692,5.31,32.06,80,10.27,125.55,14,99.27,Healthy,0.36,18.07
2693,5.24,32.04,70,9.85,124.77,14,99.26,Healthy,0.39,18.71
2694,5.22,32.01,60,10.06,121.4,14,99.26,Healthy,0.47,18.8
2695,5.37,32.01,50,10.3,123.16,14,99.26,Healthy,0.3,18.9
2696,5.36,32.08,40,10.0,124.06,14,99.25,Healthy,0.47,19.31
2697,5.33,31.94,30,9.92,123.88,14,99.25,Healthy,0.28,19.78
2698,5.25,31.89,20,10.22,122.89,14,99.25,Healthy,0.38,19.22
2699,5.4,31.82,10,10.25,125.17,14,99.25,Healthy,0.43,19.29
2700,5.26,31.93,0,9.75,124.43,15,99.25,Healthy,0.3,19.33
2701,5.36,31.98,10,9.8,122.89,15,99.25,Healthy,0.33,19.55
2702,5.23,31.99,20,10.09,123.55,15,99.24,Healthy,0.51,19.6
2703,5.21,32.08,30,10.3,123.14,15,99.24,Healthy,0.4,19.64
2704,5.26,32.14,40,10.21,123.95,15,99.24,Healthy,0.36,19.89
2705,5.39,32.19,50,9.77,124.49,15,99.23,Healthy,0.4,20.12
2706,5.38,32.07,60,9.96,121.29,15,99.23,Healthy,0.49,20.52
2707,5.23,32.1,70,10.33,122.95,15,99.23,Healthy,0.31,19.71
2708,5.25,32.25,80,9.67,124.17,15,99.23,Healthy,0.35,20.22
2709,5.2,32.16,90,10.04,122.08,15,99.23,Healthy,0.31,19.92
2710,5.38,32.03,100,9.74,124.68,15,99.23,Healthy,0.39,19.32
2711,5.25,32.13,90,10.21,125.83,15,99.22,Healthy,0.5,19.05
2712,5.27,32.05,80,9.84,122.24,15,99.22,Healthy,0.44,18.91
2713,5.41,31.9,70,9.97,124.74,15,99.21,Healthy,0.38,19.35
2714,5.31,31.82,60,9.71,125.78,15,99.21,Healthy,0.28,19.68
2715,5.2,31.78,50,9.79,124.05,15,99.21,Healthy,0.52,19.97
2716,5.37,31.77,40,10.33,125.54,15,99.2,Healthy,0.49,19.97
2717,5.2,31.8,30,9.67,121.85,15,99.2,Healthy,0.41,19.84
2718,5.36,31.84,20,10.34,121.41,15,99.2,Healthy,0.48,19.09
2719,5.2,31.76,10,9.74,123.38,15,99.19,Healthy,0.51,19.63
2720,5.18,31.86,0,10.34,121.81,16,99.19,Healthy,0.44,19.59
2721,5.35,31.91,10,10.02,122.96,16,99.19,Healthy,0.28,19.98
2722,5.32,32.04,20,9.98,125.47,16,99.18,Healthy,0.31,19.23
2723,5.2,31.99,30,10.07,124.43,16,99.18,Healthy,0.37,18.88
2724,5.22,32.01,40,10.08,125.28,16,99.18,Healthy,0.44,18.28
2725,5.33,31.85,50,9.67,122.26,16,99.18,Healthy,0.5,18.12
2726,5.14,31.83,60,10.07,126.13,16,99.18,Healthy,0.27,18.08
2727,5.19,31.86,70,9.67,123.79,16,99.18,Healthy,0.37,17.6
2728,5.22,31.99,80,10.13,123.12,16,99.18,Healthy,0.41,18.09
2729,5.21,32.07,90,10.23,123.67,16,99.17,Healthy,0.36,17.91
2730,5.17,32.03,100,9.95,123.31,16,99.17,Healthy,0.3,17.46
2731,5.36,32.05,90,9.81,124.42,16,99.17,Healthy,0.34,17.3
2732,5.22,31.96,80,9.72,126.1,16,99.16,Healthy,0.31,17.08
2733,5.35,32.07,70,9.72,125.46,16,99.16,Healthy,0.44,17.71
2734,5.26,32.14,60,10.28,124.13,16,99.16,Healthy,0.37,18.45
2735,5.38,32.08,50,10.31,123.82,16,99.16,Healthy,0.42,19.09
2736,5.35,32.15,40,9.96,124.41,16,99.15,Healthy,0.34,18.92
2737,5.29,32.08,30,10.03,125.77,16,99.15,Healthy,0.39,18.54
2738,5.36,32.01,20,9.73,124.98,16,99.15,Healthy,0.43,18.66
2739,5.4,31.89,10,10.34,123.31,16,99.15,Healthy,0.38,19.22
2740,5.26,31.88,0,9.7,123.64,17,99.14,Healthy,0.37,19.31
2741,5.39,32.07,10,9.75,121.2,17,99.14,Healthy,0.47,19.82
2742,5.23,32.13,20,10.32,125.62,17,99.14,Healthy,0.31,20.37
2743,5.44,32.0,30,9.76,121.89,17,99.13,Healthy,0.47,20.93
2744,5.39,32.08,40,9.73,121.83,17,99.13,Healthy,0.33,20.86
2745,5.31,32.19,50,10.16,120.9,17,99.13,Healthy,0.5,20.0
2746,5.19,32.29,60,10.32,121.02,17,99.13,Healthy,0.35,20.12
2747,5.29,32.25,70,10.11,121.4,17,99.12,Healthy,0.39,20.46
2748,5.34,32.29,80,10.25,124.99,17,99.12,Healthy,0.48,20.87
2749,5.19,32.18,90,10.0,125.58,17,99.12,Healthy,0.35,20.06
2750,5.18,32.22,100,9.84,124.05,17,99.11,Healthy,0.44,19.3
2751,5.25,32.21,90,9.96,124.49,17,99.11,Healthy,0.48,18.96
2752,5.27,32.29,80,10.26,125.65,17,99.11,Healthy,0.45,19.23
2753,5.23,32.24,70,9.91,123.54,17,99.1,Healthy,0.4,19.52
2754,5.19,32.29,60,9.77,123.58,17,99.1,Healthy,0.43,19.46
2755,5.29,32.21,50,9.77,122.06,17,99.1,Healthy,0.42,19.55
2756,5.21,32.17,40,10.26,125.33,17,99.1,Healthy,0.48,19.08
2757,5.17,32.05,30,9.97,125.25,17,99.1,Healthy,0.51,19.14
2758,5.4,32.01,20,9.83,124.97,17,99.1,Healthy,0.5,19.42
2759,5.24,32.05,10,10.16,123.27,17,99.1,Healthy,0.37,19.82
2760,5.23,32.09,0,9.71,121.43,18,99.09,Healthy,0.46,19.86
2761,5.36,32.17,10,10.12,123.22,18,99.09,Healthy,0.5,19.76
2762,5.38,32.16,20,9.99,123.0,18,99.08,Healthy,0.31,19.52
2763,5.32,32.21,30,10.06,122.67,18,99.08,Healthy,0.5,19.24
2764,5.31,32.18,40,10.01,123.85,18,99.08,Healthy,0.39,18.9
2765,5.22,32.19,50,9.77,123.44,18,99.08,Healthy,0.41,18.61
2766,5.3,32.06,60,10.03,125.16,18,99.08,Healthy,0.4,18.77
2767,5.34,32.11,70,9.75,123.49,18,99.08,Healthy,0.32,18.16
2768,5.22,32.14,80,9.69,121.7,18,99.08,Healthy,0.51,18.72
2769,5.38,32.18,90,9.73,121.69,18,99.07,Healthy,0.34,19.17
2770,5.24,32.08,100,10.02,122.74,18,99.07,Healthy,0.35,19.14
2771,5.22,31.96,90,9.94,123.5,18,99.07,Healthy,0.38,18.89
2772,5.25,31.99,80,10.05,124.11,18,99.07,Healthy,0.38,18.29
2773,5.37,31.95,70,10.32,126.01,18,99.07,Healthy,0.48,18.08
2774,5.32,31.99,60,10.05,124.84,18,99.06,Healthy,0.38,18.62
2775,5.19,31.84,50,10.31,123.21,18,99.06,Healthy,0.3,18.68
2776,5.34,31.92,40,10.16,122.07,18,99.06,Healthy,0.49,18.14
2777,5.19,31.95,30,9.79,125.34,18,99.06,Healthy,0.4,18.47
2778,5.17,31.91,20,10.33,123.66,18,99.05,Healthy,0.41,18.3
2779,5.33,32.02,10,9.65,124.82,18,99.05,Healthy,0.47,17.71
2780,5.31,32.05,0,10.08,125.97,19,99.05,Healthy,0.47,17.17
2781,5.25,32.09,10,9.72,122.12,19,99.04,Healthy,0.46,17.94
2782,5.36,32.15,20,10.16,123.32,19,99.04,Healthy,0.47,18.19
2783,5.14,32.02,30,9.92,123.64,19,99.04,Healthy,0.46,17.79
2784,5.26,31.95,40,9.85,125.21,19,99.04,Healthy,0.35,17.67
2785,5.19,32.04,50,10.1,123.19,19,99.04,Healthy,0.41,17.44
2786,5.35,32.0,60,9.69,125.94,19,99.04,Healthy,0.31,17.79
2787,5.13,32.03,70,10.32,124.58,19,99.04,Healthy,0.33,17.56
2788,5.36,31.93,80,10.05,125.48,19,99.03,Healthy,0.33,17.77
2789,5.13,31.83,90,10.08,123.96,19,99.03,Healthy,0.4,17.44
2790,5.36,31.81,100,9.74,125.86,19,99.03,Healthy,0.42,17.81
2791,5.23,31.8,90,9.96,123.81,19,99.02,Healthy,0.32,17.54
2792,5.23,31.75,80,9.72,126.26,19,99.02,Healthy,0.29,17.09
2793,5.3,31.71,70,10.17,122.43,19,99.02,Healthy,0.38,16.83
2794,5.12,31.63,60,10.1,122.95,19,99.02,Healthy,0.47,16.38
2795,5.22,31.66,50,10.25,124.58,19,99.02,Healthy,0.47,16.48
2796,5.24,31.69,40,9.8,126.13,19,99.01,Healthy,0.47,17.1
2797,5.22,31.58,30,9.73,124.86,19,99.01,Healthy,0.37,16.6
2798,5.2,31.54,20,10.12,122.13,19,99.01,Healthy,0.31,17.17
2799,5.18,31.64,10,9.77,125.65,19,99.01,Healthy,0.48,17.92
2800,5.13,31.63,0,9.84,122.88,20,99.01,Healthy,0.48,17.41
2801,5.26,30.09,10,10.22,124.54,0,100.0,Healthy,0.29,14.48
2802,5.23,30.36,20,9.97,123.12,0,99.99,Healthy,0.48,14.77
2803,5.18,30.69,30,9.68,125.58,0,99.99,Healthy,0.47,14.49
2804,5.08,30.79,40,10.29,123.39,0,99.99,Healthy,0.3,14.47
2805,5.24,30.84,50,9.8,127.17,0,99.98,Healthy,0.43,15.02
2806,5.3,30.91,60,9.85,123.98,0,99.98,Healthy,0.37,15.58
2807,5.1,31.05,70,9.85,126.19,0,99.98,Healthy,0.31,15.44
2808,5.27,31.24,80,10.18,124.32,0,99.98,Healthy,0.32,15.16
2809,5.17,31.22,90,9.79,122.96,0,99.97,Healthy,0.3,14.82
2810,5.21,31.41,100,9.73,125.88,0,99.97,Healthy,0.35,15.23
2811,5.18,31.4,90,10.06,123.76,0,99.97,Healthy,0.27,15.62
2812,5.16,31.35,80,9.8,125.71,0,99.97,Healthy,0.4,16.11
2813,5.13,31.45,70,9.66,122.92,0,99.96,Healthy,0.29,15.64
2814,5.31,31.4,60,10.09,126.4,0,99.96,Healthy,0.41,15.34
2815,5.09,31.31,50,9.75,124.55,0,99.96,Healthy,0.3,14.63
2816,5.25,31.21,40,9.76,125.52,0,99.96,Healthy,0.25,14.03
2817,5.14,31.16,30,10.34,123.41,0,99.96,Healthy,0.4,14.42
2818,5.24,31.25,20,10.3,125.11,0,99.96,Healthy,0.39,15.11
2819,5.25,31.17,10,10.22,123.21,0,99.95,Healthy,0.39,15.3
2820,5.17,31.29,0,10.0,124.33,1,99.95,Healthy,0.27,15.94
2821,5.19,31.28,10,10.34,124.03,1,99.95,Healthy,0.39,15.55
2822,5.31,31.28,20,10.09,123.42,1,99.95,Healthy,0.29,14.77
2823,5.21,31.39,30,9.88,123.18,1,99.94,Healthy,0.36,15.07
2824,5.21,31.5,40,10.25,123.4,1,99.94,Healthy,0.29,14.85
2825,5.23,31.47,50,9.86,126.5,1,99.94,Healthy,0.38,14.8
2826,5.09,31.41,60,10.13,124.71,1,99.93,Healthy,0.41,14.74
2827,5.32,31.39,70,9.94,122.76,1,99.93,Healthy,0.48,15.24
2828,5.21,31.38,80,10.34,126.65,1,99.92,Healthy,0.38,15.02
2829,5.25,31.45,90,10.32,126.92,1,99.92,Healthy,0.3,15.32
2830,5.31,31.57,100,10.18,125.44,1,99.92,Healthy,0.42,15.93
2831,5.2,31.48,90,10.15,124.15,1,99.92,Healthy,0.42,15.84
2832,5.16,31.51,80,10.11,126.25,1,99.91,Healthy,0.39,16.39
2833,5.21,31.54,70,10.06,126.1,1,99.91,Healthy,0.45,15.81
2834,5.29,31.64,60,10.09,125.11,1,99.91,Healthy,0.28,15.84
2835,5.11,31.68,50,9.92,122.41,1,99.91,Healthy,0.3,16.33
2836,5.19,31.6,40,9.8,126.58,1,99.9,Healthy,0.46,16.3
2837,5.18,31.52,30,9.65,124.67,1,99.9,Healthy,0.38,16.4
2838,5.21,31.48,20,9.78,126.08,1,99.9,Healthy,0.35,16.38
2839,5.26,31.47,10,9.97,125.24,1,99.9,Healthy,0.4,15.87
2840,5.11,31.53,0,10.06,127.27,2,99.9,Healthy,0.48,15.06
2841,5.14,31.61,10,10.18,126.81,2,99.9,Healthy,0.39,15.66
2842,5.32,31.5,20,9.99,123.86,2,99.89,Healthy,0.33,16.07
2843,5.2,31.54,30,10.09,126.68,2,99.89,Healthy,0.37,15.4
2844,5.32,31.58,40,10.24,122.29,2,99.89,Healthy,0.42,15.98
2845,5.24,31.63,50,10.16,123.33,2,99.89,Healthy,0.42,16.37
2846,5.25,31.64,60,9.66,123.98,2,99.89,Healthy,0.43,15.67
2847,5.13,31.68,70,10.17,123.87,2,99.88,Healthy,0.35,15.64
2848,5.12,31.66,80,9.8,122.82,2,99.88,Healthy,0.34,14.91
2849,5.14,31.56,90,10.27,124.65,2,99.88,Healthy,0.44,15.44
2850,5.27,31.65,100,10.34,124.69,2,99.87,Healthy,0.38,14.82
2851,5.14,31.71,90,9.88,125.09,2,99.87,Healthy,0.43,14.1
2852,5.09,31.64,80,10.08,124.23,2,99.87,Healthy,0.44,13.45
2853,5.13,31.55,70,10.12,124.38,2,99.87,Healthy,0.4,14.03
2854,5.07,31.55,60,9.88,124.1,2,99.87,Healthy,0.37,14.29
2855,5.19,31.47,50,9.81,124.81,2,99.86,Healthy,0.36,14.91
2856,5.25,31.44,40,10.35,125.56,2,99.86,Healthy,0.41,14.96
2857,5.16,31.45,30,10.15,122.36,2,99.86,Healthy,0.29,14.93
2858,5.15,31.48,20,10.16,124.88,2,99.86,Healthy,0.29,15.57
2859,5.17,31.56,10,9.71,123.1,2,99.85,Healthy,0.32,14.96
2860,5.08,31.53,0,10.27,125.35,3,99.85,Healthy,0.3,14.76
2861,5.18,31.65,10,10.15,123.91,3,99.85,Healthy,0.44,14.13
2862,5.13,31.61,20,9.9,126.53,3,99.85,Healthy,0.36,14.39
2863,5.22,31.66,30,9.76,127.37,3,99.85,Healthy,0.45,13.97
2864,5.2,31.55,40,10.03,123.17,3,99.84,Healthy,0.48,13.34
2865,5.08,31.61,50,10.18,126.8,3,99.84,Healthy,0.33,14.01
2866,5.16,31.54,60,10.28,125.53,3,99.84,Healthy,0.31,13.91
2867,5.2,31.45,70,10.2,124.85,3,99.83,Healthy,0.27,13.93
2868,5.25,31.35,80,9.74,123.36,3,99.83,Healthy,0.25,13.93
2869,5.16,31.39,90,10.26,124.9,3,99.83,Healthy,0.33,13.59
2870,5.14,31.39,100,10.06,126.08,3,99.83,Healthy,0.37,13.83
2871,5.17,31.27,90,9.77,124.96,3,99.83,Healthy,0.39,13.68
2872,5.23,31.23,80,10.27,125.7,3,99.82,Healthy,0.47,14.06
2873,5.18,31.29,70,10.12,123.63,3,99.82,Healthy,0.38,13.73
2874,5.08,31.23,60,9.97,125.65,3,99.82,Healthy,0.42,13.49
2875,5.1,31.22,50,9.7,126.51,3,99.81,Healthy,0.35,13.05
2876,5.12,31.18,40,10.34,123.95,3,99.81,Healthy,0.32,13.13
2877,5.24,31.15,30,9.94,123.9,3,99.81,Healthy,0.26,12.76
2878,5.12,31.32,20,9.79,127.46,3,99.81,Healthy,0.28,12.32
2879,5.23,31.27,10,10.04,124.04,3,99.8,Healthy,0.33,12.03
2880,5.21,31.29,0,9.73,127.67,4,99.8,Healthy,0.31,12.04
2881,5.03,31.3,10,9.98,124.54,4,99.8,Healthy,0.31,11.74
2882,5.2,31.34,20,9.71,126.01,4,99.8,Healthy,0.28,11.66
2883,5.04,31.22,30,9.91,124.08,4,99.79,Healthy,0.47,11.52
2884,5.06,31.14,40,9.83,125.09,4,99.79,Healthy,0.38,11.95
2885,5.19,31.17,50,9.88,126.45,4,99.79,Healthy,0.37,11.8
2886,5.05,31.17,60,9.82,123.12,4,99.78,Healthy,0.43,12.12
2887,5.22,31.3,70,9.8,124.39,4,99.78,Healthy,0.29,12.51
2888,5.14,31.26,80,10.27,123.87,4,99.78,Healthy,0.29,12.45
2889,5.08,31.18,90,10.34,127.65,4,99.77,Healthy,0.35,12.04
2890,5.06,31.25,100,9.79,123.36,4,99.77,Healthy,0.26,12.07
2891,5.2,31.11,90,10.06,123.67,4,99.77,Healthy,0.43,12.15
2892,5.25,31.06,80,10.07,127.35,4,99.77,Healthy,0.45,12.69
2893,5.21,31.07,70,9.68,124.56,4,99.77,Healthy,0.45,12.97
2894,5.07,31.03,60,10.28,124.4,4,99.77,Healthy,0.48,13.2
2895,5.24,30.99,50,9.78,127.53,4,99.76,Healthy,0.47,13.88
2896,5.28,30.95,40,10.32,125.6,4,99.76,Healthy,0.29,14.62
2897,5.23,30.89,30,10.03,123.21,4,99.76,Healthy,0.36,14.27
2898,5.22,30.9,20,10.33,124.98,4,99.76,Healthy,0.26,14.43
2899,5.26,31.0,10,9.75,124.58,4,99.76,Healthy,0.3,13.86
2900,5.29,31.09,0,9.7,127.37,5,99.75,Healthy,0.29,14.39
2901,5.24,31.09,10,10.07,124.66,5,99.75,Healthy,0.37,14.73
2902,5.25,31.08,20,10.08,123.08,5,99.74,Healthy,0.34,15.26
2903,5.23,31.11,30,10.02,126.34,5,99.74,Healthy,0.36,15.42
2904,5.16,31.17,40,9.8,123.72,5,99.74,Healthy,0.28,14.79
2905,5.22,31.33,50,10.33,123.94,5,99.74,Healthy,0.43,15.25
2906,5.24,31.34,60,10.08,126.96,5,99.74,Healthy,0.26,15.56
2907,5.2,31.37,70,10.29,122.33,5,99.73,Healthy,0.46,15.2
2908,5.14,31.35,80,9.92,125.74,5,99.73,Healthy,0.45,14.56
2909,5.25,31.28,90,10.25,124.34,5,99.73,Healthy,0.37,13.89
2910,5.15,31.22,100,9.82,123.49,5,99.73,Healthy,0.31,13.56
2911,5.14,31.23,90,10.23,126.12,5,99.72,Healthy,0.41,14.26
2912,5.12,31.32,80,10.26,123.78,5,99.72,Healthy,0.44,14.22
2913,5.07,31.4,70,9.77,124.3,5,99.72,Healthy,0.38,13.75
2914,5.21,31.36,60,9.71,125.06,5,99.71,Healthy,0.29,13.94
2915,5.28,31.43,50,10.08,125.3,5,99.71,Healthy,0.49,14.33
2916,5.17,31.51,40,9.83,126.74,5,99.71,Healthy,0.39,14.74
2917,5.19,31.43,30,9.84,124.67,5,99.71,Healthy,0.31,14.34
2918,5.09,31.38,20,9.75,125.47,5,99.71,Healthy,0.46,13.76
2919,5.22,31.46,10,9.79,127.4,5,99.71,Healthy,0.34,13.59
2920,5.06,31.36,0,9.74,124.93,6,99.71,Healthy,0.31,13.36
2921,5.11,31.24,10,9.83,124.81,6,99.7,Healthy,0.39,13.31
2922,5.08,31.28,20,9.92,124.63,6,99.7,Healthy,0.44,12.9
2923,5.05,31.17,30,10.32,123.36,6,99.7,Healthy,0.45,12.38
2924,5.22,31.18,40,10.21,124.26,6,99.69,Healthy,0.33,12.13
2925,5.12,31.23,50,10.21,125.28,6,99.69,Healthy,0.4,12.04
2926,5.13,31.17,60,10.04,123.48,6,99.69,Healthy,0.46,11.66
2927,5.19,31.28,70,10.16,125.27,6,99.68,Healthy,0.43,11.76
2928,5.24,31.24,80,9.91,124.99,6,99.68,Healthy,0.39,11.76
2929,5.06,31.16,90,9.88,127.27,6,99.68,Healthy,0.33,12.62
2930,5.08,31.16,100,10.09,125.64,6,99.68,Healthy,0.3,13.33
2931,5.1,31.3,90,9.82,125.91,6,99.67,Healthy,0.3,13.77
2932,5.21,31.2,80,9.87,126.44,6,99.67,Healthy,0.25,13.56
2933,5.23,31.29,70,9.66,125.02,6,99.67,Healthy,0.32,13.13
2934,5.23,31.4,60,9.98,123.66,6,99.67,Healthy,0.46,12.95
2935,5.23,31.45,50,9.83,123.33,6,99.67,Healthy,0.45,13.75
2936,5.11,31.44,40,9.96,124.4,6,99.67,Healthy,0.29,13.35
2937,5.23,31.37,30,10.32,125.38,6,99.66,Healthy,0.36,13.06
2938,5.1,31.49,20,10.34,125.73,6,99.66,Healthy,0.39,12.73
2939,5.12,31.43,10,10.07,127.48,6,99.66,Healthy,0.42,13.5
2940,5.2,31.46,0,9.87,126.7,7,99.66,Healthy,0.32,13.87
2941,5.11,31.36,10,10.06,122.82,7,99.66,Healthy,0.34,13.66
2942,5.27,31.32,20,10.02,124.99,7,99.66,Healthy,0.31,14.25
2943,5.18,31.42,30,9.99,125.94,7,99.65,Healthy,0.28,14.27
2944,5.26,31.41,40,10.08,126.09,7,99.65,Healthy,0.29,14.9
2945,5.1,31.46,50,10.0,122.65,7,99.65,Healthy,0.33,14.23
2946,5.27,31.53,60,10.0,123.78,7,99.65,Healthy,0.26,14.54
2947,5.13,31.46,70,10.17,125.48,7,99.64,Healthy,0.42,14.15
2948,5.14,31.49,80,9.77,124.32,7,99.64,Healthy,0.42,13.96
2949,5.08,31.53,90,10.04,124.69,7,99.63,Healthy,0.37,13.58
2950,5.16,31.51,100,10.27,125.21,7,99.63,Healthy,0.33,13.91
2951,5.25,31.47,90,10.12,123.07,7,99.63,Healthy,0.38,13.71
2952,5.1,31.4,80,10.3,124.02,7,99.63,Healthy,0.4,13.13
2953,5.21,31.32,70,9.73,127.4,7,99.63,Healthy,0.39,12.97
2954,5.25,31.29,60,10.3,125.53,7,99.63,Healthy,0.39,12.58
2955,5.2,31.39,50,9.95,125.6,7,99.62,Healthy,0.46,13.36
2956,5.2,31.41,40,10.04,125.22,7,99.62,Healthy,0.45,13.97
2957,5.09,31.39,30,9.95,123.61,7,99.61,Healthy,0.37,14.35
2958,5.27,31.36,20,10.34,123.43,7,99.61,Healthy,0.39,14.2
2959,5.28,31.38,10,9.74,124.03,7,99.61,Healthy,0.42,13.85
2960,5.08,31.38,0,10.07,125.58,8,99.61,Healthy,0.35,13.48
2961,5.16,31.35,10,10.12,124.02,8,99.61,Healthy,0.35,12.89
2962,5.12,31.3,20,9.98,126.1,8,99.6,Healthy,0.35,12.89
2963,5.18,31.39,30,9.87,123.31,8,99.6,Healthy,0.45,12.55
2964,5.2,31.44,40,9.98,123.15,8,99.6,Healthy,0.32,12.31
2965,5.19,31.38,50,9.92,126.82,8,99.59,Healthy,0.41,12.21
2966,5.05,31.18,60,10.01,126.83,8,99.59,Healthy,0.3,12.26
2967,5.24,31.15,70,10.12,126.48,8,99.59,Healthy,0.4,12.92
2968,5.11,31.23,80,10.29,127.86,8,99.59,Healthy,0.41,12.44
2969,5.05,31.31,90,9.99,125.99,8,99.59,Healthy,0.29,12.6
2970,5.18,31.23,100,10.31,124.55,8,99.58,Healthy,0.26,12.37
2971,5.18,31.16,90,9.85,122.9,8,99.58,Healthy,0.41,13.03
2972,5.19,31.11,80,10.34,122.91,8,99.58,Healthy,0.33,13.38
2973,5.08,31.22,70,9.79,126.22,8,99.57,Healthy,0.28,13.7
2974,5.16,31.1,60,9.72,125.87,8,99.57,Healthy,0.44,13.52
2975,5.17,31.0,50,10.04,125.02,8,99.57,Healthy,0.42,13.41
2976,5.25,30.92,40,9.85,125.51,8,99.57,Healthy,0.33,13.19
2977,5.17,31.03,30,10.28,127.32,8,99.56,Healthy,0.26,13.3
2978,5.15,31.12,20,10.05,124.0,8,99.56,Healthy,0.34,13.31
2979,5.17,31.19,10,10.35,127.6,8,99.56,Healthy,0.44,13.19
2980,5.21,31.33,0,10.15,125.53,9,99.55,Healthy,0.46,13.51
2981,5.12,31.44,10,10.2,123.62,9,99.55,Healthy,0.44,13.67
2982,5.25,31.49,20,9.94,124.64,9,99.55,Healthy,0.31,13.71
2983,5.13,31.59,30,10.19,127.49,9,99.55,Healthy,0.42,13.55
2984,5.13,31.47,40,9.93,124.96,9,99.54,Healthy,0.47,13.44
2985,5.24,31.5,50,10.32,126.4,9,99.54,Healthy,0.34,13.86
2986,5.09,31.47,60,10.1,122.65,9,99.54,Healthy,0.39,14.3
2987,5.18,31.45,70,10.02,127.65,9,99.54,Healthy,0.25,13.66
2988,5.29,31.46,80,10.15,125.25,9,99.53,Healthy,0.48,14.29
2989,5.17,31.41,90,10.25,124.61,9,99.53,Healthy,0.29,14.41
2990,5.25,31.39,100,10.0,127.51,9,99.53,Healthy,0.35,14.03
2991,5.23,31.34,90,9.89,125.83,9,99.52,Healthy,0.44,14.17
2992,5.18,31.41,80,9.67,123.79,9,99.52,Healthy,0.3,14.32
2993,5.07,31.36,70,10.31,127.37,9,99.52,Healthy,0.36,14.65
2994,5.14,31.38,60,10.11,126.08,9,99.52,Healthy,0.38,14.98
2995,5.12,31.49,50,9.72,127.29,9,99.52,Healthy,0.35,14.46
2996,5.18,31.41,40,10.01,122.78,9,99.52,Healthy,0.33,14.14
2997,5.12,31.45,30,9.74,124.27,9,99.52,Healthy,0.43,13.6
2998,5.23,31.43,20,10.33,127.14,9,99.52,Healthy,0.38,14.25
2999,5.25,31.43,10,9.81,124.07,9,99.51,Healthy,0.31,14.18
3000,5.23,31.33,0,9.67,125.42,10,99.51,Healthy,0.28,14.65
3001,5.09,31.42,10,9.8,123.0,10,99.51,Healthy,0.34,14.47
3002,5.23,31.28,20,10.15,124.19,10,99.5,Healthy,0.27,14.66
3003,5.15,31.32,30,9.86,126.26,10,99.5,Healthy,0.29,14.22
3004,5.19,31.35,40,10.09,126.33,10,99.5,Healthy,0.42,13.79
3005,5.18,31.34,50,9.96,124.82,10,99.5,Healthy,0.45,13.49
3006,5.26,31.49,60,10.02,127.26,10,99.49,Healthy,0.45,14.03
3007,5.07,31.61,70,9.8,125.49,10,99.49,Healthy,0.38,14.53
3008,5.23,31.5,80,9.66,122.87,10,99.49,Healthy,0.31,14.76
3009,5.22,31.37,90,10.13,124.73,10,99.48,Healthy,0.34,14.32
3010,5.19,31.3,100,9.89,123.88,10,99.48,Healthy,0.33,14.86
3011,5.26,31.3,90,10.01,122.78,10,99.48,Healthy,0.36,14.28
3012,5.31,31.34,80,10.2,126.53,10,99.47,Healthy,0.4,14.42
3013,5.09,31.31,70,10.33,127.59,10,99.47,Healthy,0.35,13.81
3014,5.11,31.31,60,10.13,122.58,10,99.47,Healthy,0.34,14.22
3015,5.22,31.36,50,9.84,125.46,10,99.47,Healthy,0.29,14.37
3016,5.11,31.34,40,9.93,125.37,10,99.46,Healthy,0.48,14.33
3017,5.15,31.31,30,9.97,126.22,10,99.46,Healthy,0.43,14.68
3018,5.28,31.29,20,10.02,127.19,10,99.46,Healthy,0.43,15.1
3019,5.09,31.39,10,9.73,124.86,10,99.46,Healthy,0.44,15.15
3020,5.2,31.5,0,9.82,123.34,11,99.46,Healthy,0.28,15.43
3021,5.32,31.48,10,10.1,122.54,11,99.46,Healthy,0.46,15.24
3022,5.14,31.57,20,10.16,127.17,11,99.45,Healthy,0.31,15.33
3023,5.19,31.48,30,10.01,124.5,11,99.45,Healthy,0.4,14.81
3024,5.24,31.5,40,10.25,126.3,11,99.44,Healthy,0.31,14.61
3025,5.25,31.45,50,9.97,124.25,11,99.44,Healthy,0.46,14.09
3026,5.29,31.45,60,9.74,123.5,11,99.44,Healthy,0.45,14.16
3027,5.22,31.34,70,10.26,123.35,11,99.44,Healthy,0.28,13.86
3028,5.24,31.31,80,10.13,127.04,11,99.44,Healthy,0.48,14.29
3029,5.26,31.36,90,10.32,127.51,11,99.43,Healthy,0.26,14.19
3030,5.19,31.41,100,10.18,126.09,11,99.43,Healthy,0.35,14.9
3031,5.1,31.44,90,10.08,123.35,11,99.43,Healthy,0.32,14.43
3032,5.29,31.49,80,9.81,125.14,11,99.42,Healthy,0.46,13.98
3033,5.11,31.39,70,10.06,127.04,11,99.42,Healthy,0.37,13.58
3034,5.17,31.39,60,9.76,125.54,11,99.42,Healthy,0.47,13.04
3035,5.24,31.29,50,9.89,124.13,11,99.42,Healthy,0.46,12.46
3036,5.18,31.43,40,10.26,123.13,11,99.41,Healthy,0.38,12.19
3037,5.05,31.45,30,10.23,125.61,11,99.41,Healthy,0.4,12.17
3038,5.12,31.44,20,10.02,123.81,11,99.41,Healthy,0.46,12.69
3039,5.11,31.43,10,9.92,126.28,11,99.41,Healthy,0.45,13.01
3040,5.25,31.44,0,10.03,123.68,12,99.41,Healthy,0.4,13.23
3041,5.11,31.38,10,9.8,124.6,12,99.41,Healthy,0.45,13.85
3042,5.24,31.43,20,10.33,123.38,12,99.4,Healthy,0.31,13.86
3043,5.06,31.53,30,10.23,124.1,12,99.4,Healthy,0.37,13.64
3044,5.29,31.47,40,9.83,125.95,12,99.39,Healthy,0.49,13.62
3045,5.27,31.53,50,9.72,124.9,12,99.39,Healthy,0.35,13.07
3046,5.13,31.57,60,9.87,123.16,12,99.39,Healthy,0.37,13.21
3047,5.29,31.52,70,9.76,127.08,12,99.39,Healthy,0.43,13.91
3048,5.16,31.59,80,9.68,126.32,12,99.38,Healthy,0.43,13.69
3049,5.14,31.46,90,9.65,124.87,12,99.38,Healthy,0.27,13.31
3050,5.24,31.48,100,10.09,127.41,12,99.38,Healthy,0.46,12.98
3051,5.04,31.46,90,9.92,125.46,12,99.37,Healthy,0.32,12.5
3052,5.08,31.53,80,9.7,124.56,12,99.37,Healthy,0.46,13.15
3053,5.19,31.57,70,9.89,126.39,12,99.37,Healthy,0.25,13.63
3054,5.23,31.52,60,10.18,125.58,12,99.37,Healthy,0.29,14.3
3055,5.29,31.49,50,9.67,124.68,12,99.36,Healthy,0.31,14.09
3056,5.25,31.47,40,10.0,122.89,12,99.36,Healthy,0.43,14.34
3057,5.19,31.37,30,10.21,125.41,12,99.36,Healthy,0.43,13.74
3058,5.11,31.29,20,10.32,127.01,12,99.36,Healthy,0.44,14.25
3059,5.24,31.38,10,9.75,126.59,12,99.35,Healthy,0.39,14.77
3060,5.18,31.34,0,9.88,122.63,13,99.35,Healthy,0.27,14.63
3061,5.24,31.37,10,10.07,123.71,13,99.34,Healthy,0.31,14.11
3062,5.16,31.33,20,10.17,123.29,13,99.34,Healthy,0.35,14.49
3063,5.19,31.5,30,9.85,122.66,13,99.33,Healthy,0.48,14.57
3064,5.17,31.52,40,9.83,125.41,13,99.33,Healthy,0.29,14.54
3065,5.08,31.5,50,9.81,122.47,13,99.33,Healthy,0.32,14.86
3066,5.28,31.44,60,10.06,122.52,13,99.32,Healthy,0.26,15.05
3067,5.23,31.4,70,10.25,125.69,13,99.32,Healthy,0.26,14.68
3068,5.2,31.32,80,9.77,122.53,13,99.32,Healthy,0.32,15.24
3069,5.1,31.4,90,9.7,122.98,13,99.32,Healthy,0.46,14.8
3070,5.16,31.36,100,10.13,124.98,13,99.31,Healthy,0.48,14.43
3071,5.12,31.34,90,9.86,123.85,13,99.31,Healthy,0.34,14.42
3072,5.24,31.41,80,10.19,126.76,13,99.31,Healthy,0.31,14.27
3073,5.11,31.46,70,10.01,123.54,13,99.3,Healthy,0.34,14.35
3074,5.21,31.47,60,9.85,123.94,13,99.3,Healthy,0.44,14.61
3075,5.25,31.44,50,9.88,127.33,13,99.3,Healthy,0.42,14.45
3076,5.31,31.43,40,9.8,125.98,13,99.3,Healthy,0.35,15.08
3077,5.27,31.38,30,10.04,123.67,13,99.3,Healthy,0.35,14.54
3078,5.2,31.3,20,10.18,123.38,13,99.3,Healthy,0.41,15.06
3079,5.25,31.32,10,10.27,124.33,13,99.29,Healthy,0.38,14.83
3080,5.29,31.42,0,10.27,123.69,14,99.29,Healthy,0.28,15.23
3081,5.26,31.51,10,9.97,123.9,14,99.29,Healthy,0.3,15.15
3082,5.15,31.53,20,10.06,125.37,14,99.29,Healthy,0.36,15.04
3083,5.27,31.52,30,10.33,124.04,14,99.28,Healthy,0.36,14.81
3084,5.25,31.47,40,10.19,123.45,14,99.28,Healthy,0.31,15.38
3085,5.24,31.52,50,10.3,124.67,14,99.28,Healthy,0.33,15.8
3086,5.18,31.45,60,10.09,123.31,14,99.28,Healthy,0.38,16.34
3087,5.26,31.52,70,10.11,124.65,14,99.28,Healthy,0.45,15.64
3088,5.24,31.46,80,9.92,124.51,14,99.28,Healthy,0.36,16.14
3089,5.22,31.62,90,9.88,127.19,14,99.27,Healthy,0.36,15.35
3090,5.15,31.67,100,9.98,123.16,14,99.27,Healthy,0.39,14.78
3091,5.12,31.68,90,9.99,125.05,14,99.27,Healthy,0.38,15.23
3092,5.31,31.64,80,10.06,125.47,14,99.26,Healthy,0.41,14.83
3093,5.31,31.57,70,10.19,126.79,14,99.26,Healthy,0.42,14.59
3094,5.28,31.52,60,9.79,125.18,14,99.26,Healthy,0.35,14.18
3095,5.23,31.55,50,10.23,123.95,14,99.26,Healthy,0.45,13.67
3096,5.22,31.49,40,9.84,126.77,14,99.25,Healthy,0.26,13.04
3097,5.21,31.45,30,9.87,126.84,14,99.25,Healthy,0.48,12.63
3098,5.07,31.52,20,10.16,125.43,14,99.25,Healthy,0.42,12.81
3099,5.09,31.51,10,10.35,126.55,14,99.24,Healthy,0.42,12.53
3100,5.23,31.38,0,10.29,125.5,15,99.24,Healthy,0.34,12.15
3101,5.15,31.47,10,10.31,125.4,15,99.23,Healthy,0.45,13.02
3102,5.11,31.55,20,10.12,127.19,15,99.23,Healthy,0.45,13.79
3103,5.1,31.61,30,10.1,125.48,15,99.23,Healthy,0.42,14.19
3104,5.23,31.57,40,9.65,125.77,15,99.23,Healthy,0.47,13.96
3105,5.11,31.4,50,9.91,126.36,15,99.22,Healthy,0.28,14.65
3106,5.19,31.59,60,9.9,124.84,15,99.22,Healthy,0.36,14.49
3107,5.24,31.56,70,10.13,122.93,15,99.22,Healthy,0.43,14.59
3108,5.15,31.56,80,10.35,124.59,15,99.22,Healthy,0.4,15.0
3109,5.23,31.54,90,9.99,125.9,15,99.21,Healthy,0.29,14.97
3110,5.11,31.38,100,9.89,123.58,15,99.21,Healthy,0.41,14.84
3111,5.15,31.27,90,9.94,126.85,15,99.21,Healthy,0.35,14.56
3112,5.28,31.31,80,9.76,125.7,15,99.2,Healthy,0.36,14.51
3113,5.23,31.37,70,10.14,122.76,15,99.2,Healthy,0.34,13.95
3114,5.27,31.27,60,9.98,122.97,15,99.2,Healthy,0.44,14.28
3115,5.16,31.25,50,9.95,127.27,15,99.2,Healthy,0.25,14.59
3116,5.22,31.25,40,10.11,125.96,15,99.19,Healthy,0.39,14.27
3117,5.29,31.26,30,10.17,127.2,15,99.19,Healthy,0.41,13.82
3118,5.28,31.2,20,9.67,124.38,15,99.19,Healthy,0.28,13.5
3119,5.24,31.18,10,10.29,125.36,15,99.18,Healthy,0.33,14.08
3120,5.06,31.22,0,9.66,126.3,16,99.18,Healthy,0.48,13.85
3121,5.28,31.23,10,9.68,124.73,16,99.18,Healthy,0.44,13.42
3122,5.26,31.36,20,10.06,127.03,16,99.18,Healthy,0.38,13.07
3123,5.19,31.32,30,10.07,127.01,16,99.17,Healthy,0.35,13.79
3124,5.14,31.41,40,9.91,125.1,16,99.17,Healthy,0.39,13.61
3125,5.26,31.36,50,9.79,127.11,16,99.17,Healthy,0.33,13.49
3126,5.1,31.42,60,10.19,123.98,16,99.17,Healthy,0.37,13.5
3127,5.17,31.36,70,9.76,123.49,16,99.16,Healthy,0.43,14.27
3128,5.09,31.45,80,10.14,127.25,16,99.16,Healthy,0.31,13.69
3129,5.12,31.53,90,10.27,124.83,16,99.16,Healthy,0.37,14.0
3130,5.22,31.42,100,9.77,126.26,16,99.16,Healthy,0.38,13.71
3131,5.27,31.49,90,10.11,123.85,16,99.15,Healthy,0.48,13.85
3132,5.24,31.42,80,10.16,123.06,16,99.15,Healthy,0.35,14.41
3133,5.07,31.37,70,9.66,126.68,16,99.15,Healthy,0.38,14.56
3134,5.22,31.3,60,10.34,122.7,16,99.14,Healthy,0.26,14.31
3135,5.29,31.35,50,10.04,126.38,16,99.14,Healthy,0.46,13.66
3136,5.14,31.4,40,10.1,126.18,16,99.14,Healthy,0.44,14.02
3137,5.08,31.38,30,9.82,123.03,16,99.14,Healthy,0.35,13.61
3138,5.2,31.32,20,9.76,127.59,16,99.13,Healthy,0.35,13.17
3139,5.16,31.39,10,9.75,126.31,16,99.13,Healthy,0.38,12.94
3140,5.14,31.45,0,10.22,126.09,17,99.13,Healthy,0.43,12.58
3141,5.18,31.51,10,10.24,124.79,17,99.13,Healthy,0.28,13.04
3142,5.23,31.43,20,9.91,127.52,17,99.12,Healthy,0.42,13.64
3143,5.17,31.28,30,10.25,125.27,17,99.12,Healthy,0.25,13.55
3144,5.14,31.33,40,10.3,125.4,17,99.12,Healthy,0.32,14.11
3145,5.14,31.36,50,10.26,126.25,17,99.12,Healthy,0.32,13.5
3146,5.1,31.27,60,9.98,123.58,17,99.11,Healthy,0.42,13.05
3147,5.06,31.2,70,9.78,123.35,17,99.11,Healthy,0.45,13.0
3148,5.17,31.22,80,9.87,124.7,17,99.11,Healthy,0.25,13.51
3149,5.13,31.2,90,10.33,125.26,17,99.1,Healthy,0.4,13.7
3150,5.17,31.3,100,10.02,125.4,17,99.1,Healthy,0.28,14.0
3151,5.15,31.39,90,9.79,124.47,17,99.1,Healthy,0.35,13.88
3152,5.1,31.46,80,9.94,123.71,17,99.1,Healthy,0.36,14.19
3153,5.21,31.4,70,10.08,126.27,17,99.09,Healthy,0.33,14.25
3154,5.26,31.5,60,9.67,126.9,17,99.09,Healthy,0.45,14.72
3155,5.27,31.39,50,10.0,125.96,17,99.08,Healthy,0.28,14.02
3156,5.23,31.33,40,10.11,125.61,17,99.08,Healthy,0.3,13.38
3157,5.25,31.35,30,10.1,126.37,17,99.08,Healthy,0.25,12.9
3158,5.08,31.43,20,10.02,126.95,17,99.08,Healthy,0.48,13.36
3159,5.16,31.42,10,9.99,126.31,17,99.08,Healthy,0.4,13.99
3160,5.09,31.44,0,10.26,123.88,18,99.07,Healthy,0.38,14.63
3161,5.17,31.42,10,10.2,125.6,18,99.07,Healthy,0.42,14.69
3162,5.12,31.33,20,10.3,127.0,18,99.06,Healthy,0.33,14.88
3163,5.13,31.34,30,9.9,126.31,18,99.06,Healthy,0.44,14.33
3164,5.15,31.42,40,9.77,123.04,18,99.06,Healthy,0.38,14.26
3165,5.15,31.36,50,9.87,127.31,18,99.06,Healthy,0.35,14.89
3166,5.26,31.49,60,9.99,126.54,18,99.06,Healthy,0.3,14.71
3167,5.15,31.55,70,9.88,125.71,18,99.05,Healthy,0.4,15.1
3168,5.22,31.67,80,9.96,124.66,18,99.05,Healthy,0.39,15.05
3169,5.13,31.7,90,9.89,122.88,18,99.05,Healthy,0.29,15.26
3170,5.29,31.67,100,10.15,125.8,18,99.04,Healthy,0.48,15.07
3171,5.21,31.71,90,10.21,124.84,18,99.04,Healthy,0.38,15.22
3172,5.11,31.72,80,9.81,125.03,18,99.04,Healthy,0.33,15.51
3173,5.26,31.67,70,9.7,125.71,18,99.03,Healthy,0.36,15.54
3174,5.11,31.67,60,10.08,124.29,18,99.03,Healthy,0.4,16.1
3175,5.29,31.58,50,9.92,126.18,18,99.02,Healthy,0.49,15.98
3176,5.24,31.63,40,10.15,124.76,18,99.02,Healthy,0.45,16.11
3177,5.26,31.7,30,9.67,122.16,18,99.02,Healthy,0.3,16.05
3178,5.2,31.66,20,9.87,123.61,18,99.02,Healthy,0.34,16.05
3179,5.12,31.7,10,10.14,124.17,18,99.02,Healthy,0.45,16.28
3180,5.1,31.69,0,9.84,126.68,19,99.02,Healthy,0.38,16.15
3181,5.3,31.84,10,10.28,123.61,19,99.02,Healthy,0.42,15.56
3182,5.13,31.89,20,9.86,124.67,19,99.01,Healthy,0.49,15.76
3183,5.13,31.8,30,9.88,122.98,19,99.01,Healthy,0.48,15.78
3184,5.32,31.81,40,9.97,125.56,19,99.0,Healthy,0.38,15.43
3185,5.13,31.8,50,10.21,125.93,19,99.0,Healthy,0.37,15.75
3186,5.25,31.7,60,10.06,125.31,19,99.0,Healthy,0.37,14.96
3187,5.13,31.63,70,10.01,127.03,19,98.99,Healthy,0.48,15.18
3188,5.15,31.74,80,9.93,126.71,19,98.99,Healthy,0.4,15.1
3189,5.27,31.71,90,10.28,126.05,19,98.99,Healthy,0.44,15.01
3190,5.18,31.78,100,10.11,123.59,19,98.98,Healthy,0.27,14.78
3191,5.31,31.64,90,10.29,124.27,19,98.98,Healthy,0.34,14.6
3192,5.2,31.77,80,9.87,122.31,19,98.98,Healthy,0.44,15.13
3193,5.24,31.7,70,10.11,123.89,19,98.97,Healthy,0.35,14.63
3194,5.3,31.59,60,9.78,124.23,19,98.97,Healthy,0.42,14.86
3195,5.3,31.5,50,9.73,125.25,19,98.97,Healthy,0.48,14.7
3196,5.12,31.43,40,10.26,122.66,19,98.97,Healthy,0.4,14.4
3197,5.13,31.34,30,9.66,125.53,19,98.97,Healthy,0.29,15.09
3198,5.23,31.36,20,9.92,122.75,19,98.96,Healthy,0.46,14.42
3199,5.09,31.26,10,9.86,126.87,19,98.96,Healthy,0.3,14.91
3200,5.14,31.38,0,10.3,125.83,20,98.95,Healthy,0.5,15.42
3201,5.3,30.23,10,10.27,126.12,0,100.0,Healthy,0.39,15.04
3202,5.1,30.42,20,9.9,124.74,0,99.99,Healthy,0.44,15.5
3203,5.33,30.73,30,9.92,125.78,0,99.99,Healthy,0.34,16.25
3204,5.24,30.81,40,9.68,122.34,0,99.99,Healthy,0.45,17.11
3205,5.24,30.88,50,9.79,125.83,0,99.99,Healthy,0.3,16.94
3206,5.2,31.11,60,9.9,123.93,0,99.98,Healthy,0.45,17.78
3207,5.28,31.14,70,9.91,125.18,0,99.98,Healthy,0.37,17.61
3208,5.24,31.17,80,10.04,122.07,0,99.98,Healthy,0.36,18.6
3209,5.27,31.25,90,9.67,126.24,0,99.97,Healthy,0.27,18.58
3210,5.37,31.37,100,9.77,125.86,0,99.97,Healthy,0.36,18.87
3211,5.28,31.4,90,9.91,125.62,0,99.97,Healthy,0.49,19.11
3212,5.28,31.49,80,10.11,125.18,0,99.97,Healthy,0.38,19.92
3213,5.22,31.41,70,10.01,121.42,0,99.96,Healthy,0.51,19.97
3214,5.2,31.47,60,10.03,125.46,0,99.96,Healthy,0.38,20.41
3215,5.19,31.54,50,10.12,123.54,0,99.96,Healthy,0.36,20.28
3216,5.33,31.62,40,10.13,122.74,0,99.96,Healthy,0.48,20.94
3217,5.24,31.67,30,10.02,124.65,0,99.95,Healthy,0.38,20.39
3218,5.29,31.65,20,9.88,125.4,0,99.95,Healthy,0.48,20.66
3219,5.25,31.84,10,10.32,123.62,0,99.95,Healthy,0.32,20.59
3220,5.25,31.84,0,9.73,125.18,1,99.95,Healthy,0.33,21.24
3221,5.34,31.84,10,9.85,121.96,1,99.95,Healthy,0.33,21.8
3222,5.23,31.74,20,9.98,124.0,1,99.94,Healthy,0.41,22.34
3223,5.23,31.78,30,9.9,123.33,1,99.94,Healthy,0.52,21.8
3224,5.39,31.84,40,9.87,120.97,1,99.94,Healthy,0.39,21.81
3225,5.31,31.88,50,9.79,122.71,1,99.94,Healthy,0.37,21.4
3226,5.38,31.89,60,9.89,123.68,1,99.93,Healthy,0.32,21.75
3227,5.45,31.97,70,9.83,124.37,1,99.93,Healthy,0.38,21.77
3228,5.26,32.0,80,9.99,122.77,1,99.93,Healthy,0.35,21.84
3229,5.27,32.15,90,9.97,122.35,1,99.93,Healthy,0.3,21.41
3230,5.4,32.12,100,10.23,122.68,1,99.92,Healthy,0.43,22.01
3231,5.39,32.19,90,10.22,120.66,1,99.92,Healthy,0.51,21.58
3232,5.38,32.19,80,9.96,122.44,1,99.92,Healthy,0.35,21.26
3233,5.27,32.06,70,10.3,121.97,1,99.92,Healthy,0.44,21.38
3234,5.34,31.96,60,9.82,125.07,1,99.92,Healthy,0.52,20.87
3235,5.38,32.13,50,10.26,122.54,1,99.92,Healthy,0.36,20.73
3236,5.33,32.03,40,10.35,121.44,1,99.91,Healthy,0.45,20.85
3237,5.33,32.03,30,10.18,122.27,1,99.91,Healthy,0.44,20.93
3238,5.44,31.98,20,9.98,125.21,1,99.91,Healthy,0.43,21.37
3239,5.34,31.98,10,9.82,122.65,1,99.9,Healthy,0.29,21.57
3240,5.41,32.09,0,10.3,125.34,2,99.9,Healthy,0.47,21.56
3241,5.38,32.08,10,9.96,120.98,2,99.9,Healthy,0.52,22.24
3242,5.41,32.09,20,10.13,120.19,2,99.89,Healthy,0.35,22.83
3243,5.27,32.08,30,10.01,121.9,2,99.89,Healthy,0.3,22.59
3244,5.34,32.05,40,9.73,122.4,2,99.89,Healthy,0.43,22.83
3245,5.35,32.11,50,9.84,123.15,2,99.88,Healthy,0.47,23.34
3246,5.41,32.08,60,10.34,123.34,2,99.88,Healthy,0.42,23.26
3247,5.44,32.07,70,9.91,123.66,2,99.88,Healthy,0.45,23.38
3248,5.48,32.14,80,9.67,122.12,2,99.87,Healthy,0.3,23.74
3249,5.38,32.07,90,9.96,120.41,2,99.87,Healthy,0.32,22.92
3250,5.24,32.18,100,10.3,122.55,2,99.87,Healthy,0.52,22.73
3251,5.43,32.23,90,9.73,124.93,2,99.87,Healthy,0.34,23.06
3252,5.24,32.26,80,10.27,123.53,2,99.87,Healthy,0.49,22.9
3253,5.36,32.41,70,10.13,122.81,2,99.86,Healthy,0.39,22.13
3254,5.32,32.31,60,9.79,122.44,2,99.86,Healthy,0.39,21.55
3255,5.43,32.2,50,10.04,122.76,2,99.86,Healthy,0.51,21.36
3256,5.29,32.31,40,10.17,123.59,2,99.86,Healthy,0.4,21.8
3257,5.21,32.36,30,9.88,124.72,2,99.85,Healthy,0.44,21.08
3258,5.32,32.3,20,9.87,122.4,2,99.85,Healthy,0.33,20.45
3259,5.3,32.22,10,9.75,123.44,2,99.85,Healthy,0.51,20.33
3260,5.37,32.15,0,10.16,125.52,3,99.85,Healthy,0.34,20.23
3261,5.29,32.1,10,10.13,121.31,3,99.85,Healthy,0.37,20.57
3262,5.25,32.12,20,10.14,123.03,3,99.85,Healthy,0.29,20.26
3263,5.25,32.06,30,10.31,123.63,3,99.84,Healthy,0.43,20.12
3264,5.35,32.08,40,10.3,122.73,3,99.84,Healthy,0.36,20.33
3265,5.35,32.16,50,10.28,124.97,3,99.84,Healthy,0.5,20.2
3266,5.23,32.03,60,9.86,121.63,3,99.83,Healthy,0.37,19.89
3267,5.18,31.92,70,10.16,122.23,3,99.83,Healthy,0.46,19.45
3268,5.23,31.95,80,10.1,125.05,3,99.83,Healthy,0.45,19.17
3269,5.35,31.87,90,10.16,122.34,3,99.83,Healthy,0.5,19.5
3270,5.39,31.89,100,10.16,125.26,3,99.83,Healthy,0.46,19.93
3271,5.25,31.97,90,10.13,122.84,3,99.82,Healthy,0.29,19.8
3272,5.29,32.13,80,9.66,123.98,3,99.82,Healthy,0.49,19.52
3273,5.21,32.15,70,10.28,121.98,3,99.81,Healthy,0.35,20.25
3274,5.28,32.05,60,9.72,122.05,3,99.81,Healthy,0.38,20.41
3275,5.22,31.95,50,9.89,122.98,3,99.81,Healthy,0.38,20.12
3276,5.23,31.92,40,10.18,125.16,3,99.81,Healthy,0.4,20.6
3277,5.26,31.96,30,9.68,121.09,3,99.81,Healthy,0.4,20.4
3278,5.36,31.97,20,9.71,122.29,3,99.8,Healthy,0.51,21.04
3279,5.42,32.08,10,9.71,124.82,3,99.8,Healthy,0.39,20.91
3280,5.27,32.02,0,9.72,121.42,4,99.8,Healthy,0.52,21.44
3281,5.36,31.99,10,10.2,124.14,4,99.8,Healthy,0.52,21.62
3282,5.41,32.05,20,9.73,121.41,4,99.79,Healthy,0.4,22.08
3283,5.32,32.07,30,9.66,121.28,4,99.79,Healthy,0.34,22.01
3284,5.25,32.14,40,10.28,124.5,4,99.79,Healthy,0.29,21.72
3285,5.29,32.09,50,9.83,124.17,4,99.79,Healthy,0.48,21.94
3286,5.28,31.97,60,9.88,122.13,4,99.79,Healthy,0.34,21.69
3287,5.22,32.05,70,10.02,125.26,4,99.79,Healthy,0.37,21.18
3288,5.27,32.02,80,9.74,125.34,4,99.79,Healthy,0.32,21.43
3289,5.34,31.96,90,10.1,123.09,4,99.78,Healthy,0.5,21.3
3290,5.32,31.94,100,9.76,121.5,4,99.78,Healthy,0.45,21.22
3291,5.43,31.94,90,10.16,121.8,4,99.78,Healthy,0.32,21.22
3292,5.31,31.91,80,10.29,122.74,4,99.78,Healthy,0.5,21.11
3293,5.23,31.91,70,10.09,122.04,4,99.78,Healthy,0.52,21.15
3294,5.36,31.94,60,10.33,122.1,4,99.77,Healthy,0.33,20.88
3295,5.41,32.01,50,9.76,125.03,4,99.77,Healthy,0.5,20.71
3296,5.44,31.94,40,9.65,124.0,4,99.77,Healthy,0.44,21.21
3297,5.24,32.04,30,9.78,122.66,4,99.77,Healthy,0.45,20.82
3298,5.2,31.98,20,9.82,120.88,4,99.77,Healthy,0.45,20.8
3299,5.39,31.9,10,10.12,125.04,4,99.77,Healthy,0.29,21.06
3300,5.25,32.0,0,9.95,123.16,5,99.76,Healthy,0.5,21.53
3301,5.44,31.95,10,10.1,122.22,5,99.76,Healthy,0.32,21.8
3302,5.36,31.98,20,10.03,120.72,5,99.76,Healthy,0.35,22.32
3303,5.24,32.01,30,9.91,122.28,5,99.75,Healthy,0.5,22.67
3304,5.31,32.12,40,10.32,122.4,5,99.75,Healthy,0.33,21.95
3305,5.37,32.27,50,9.74,125.03,5,99.75,Healthy,0.31,21.9
3306,5.44,32.36,60,9.95,123.72,5,99.74,Healthy,0.47,21.37
3307,5.21,32.44,70,9.85,121.05,5,99.74,Healthy,0.49,20.85
3308,5.3,32.27,80,10.15,125.01,5,99.74,Healthy,0.42,21.11
3309,5.42,32.22,90,10.02,122.8,5,99.73,Healthy,0.52,20.69
3310,5.34,32.07,100,10.22,125.25,5,99.73,Healthy,0.3,21.12
3311,5.32,32.03,90,10.33,121.11,5,99.73,Healthy,0.33,20.71
3312,5.43,32.12,80,9.67,120.9,5,99.72,Healthy,0.46,20.92
3313,5.19,32.04,70,9.77,124.07,5,99.72,Healthy,0.35,20.31
3314,5.31,31.95,60,10.02,123.46,5,99.72,Healthy,0.34,20.33
3315,5.42,31.9,50,9.76,124.55,5,99.71,Healthy,0.32,20.96
3316,5.29,31.98,40,9.68,121.92,5,99.71,Healthy,0.45,21.65
3317,5.34,32.04,30,10.27,121.75,5,99.71,Healthy,0.41,22.18
3318,5.33,32.09,20,9.69,122.65,5,99.7,Healthy,0.49,22.26
3319,5.28,32.11,10,9.94,123.18,5,99.7,Healthy,0.41,22.55
3320,5.39,32.14,0,9.85,124.74,6,99.7,Healthy,0.42,22.67
3321,5.42,32.05,10,10.33,123.17,6,99.7,Healthy,0.34,22.9
3322,5.26,32.09,20,9.81,121.88,6,99.7,Healthy,0.41,22.97
3323,5.41,32.06,30,10.12,123.16,6,99.69,Healthy,0.32,22.3
3324,5.36,31.98,40,9.79,125.04,6,99.69,Healthy,0.33,21.65
3325,5.42,31.93,50,9.92,123.68,6,99.69,Healthy,0.53,22.32
3326,5.42,31.86,60,9.81,120.9,6,99.69,Healthy,0.3,22.09
3327,5.22,31.91,70,9.71,122.73,6,99.69,Healthy,0.43,21.48
3328,5.28,31.94,80,9.73,123.91,6,99.68,Healthy,0.29,21.13
3329,5.39,32.01,90,10.18,122.43,6,99.68,Healthy,0.47,20.47
3330,5.44,32.01,100,9.91,122.48,6,99.68,Healthy,0.39,20.97
3331,5.42,32.16,90,9.76,121.65,6,99.68,Healthy,0.41,20.64
3332,5.28,32.01,80,9.88,122.98,6,99.67,Healthy,0.42,20.14
3333,5.29,31.9,70,9.71,122.36,6,99.67,Healthy,0.39,20.16
3334,5.29,32.02,60,10.13,125.62,6,99.67,Healthy,0.4,19.74
3335,5.4,32.15,50,9.87,123.39,6,99.67,Healthy,0.43,19.41
3336,5.35,32.24,40,9.93,124.63,6,99.66,Healthy,0.3,19.7
3337,5.21,32.09,30,9.83,124.38,6,99.66,Healthy,0.35,20.48
3338,5.26,32.19,20,9.94,121.88,6,99.66,Healthy,0.51,20.36
3339,5.39,32.26,10,10.15,121.25,6,99.65,Healthy,0.28,20.41
3340,5.41,32.23,0,10.11,123.55,7,99.65,Healthy,0.48,20.22
3341,5.41,32.28,10,9.71,123.42,7,99.65,Healthy,0.3,19.79
3342,5.19,32.2,20,9.72,121.49,7,99.65,Healthy,0.33,20.13
3343,5.34,32.11,30,9.97,120.93,7,99.65,Healthy,0.36,20.42
3344,5.26,32.16,40,9.67,123.48,7,99.64,Healthy,0.49,20.97
3345,5.23,32.28,50,9.93,120.99,7,99.64,Healthy,0.39,20.71
3346,5.22,32.33,60,10.26,121.8,7,99.64,Healthy,0.32,20.48
3347,5.4,32.26,70,9.83,125.6,7,99.64,Healthy,0.36,21.03
3348,5.38,32.34,80,9.75,121.83,7,99.63,Healthy,0.44,20.75
3349,5.2,32.24,90,9.71,125.42,7,99.63,Healthy,0.29,20.28
3350,5.27,32.11,100,10.09,122.45,7,99.63,Healthy,0.35,20.51
3351,5.38,32.06,90,10.0,123.0,7,99.62,Healthy,0.46,20.09
3352,5.26,31.91,80,10.2,120.8,7,99.62,Healthy,0.36,20.54
3353,5.25,31.82,70,10.34,125.3,7,99.62,Healthy,0.34,20.88
3354,5.39,31.72,60,10.09,124.33,7,99.61,Healthy,0.41,21.27
3355,5.34,31.73,50,10.05,123.91,7,99.61,Healthy,0.47,21.47
3356,5.27,31.87,40,9.66,120.92,7,99.61,Healthy,0.44,21.84
3357,5.42,31.83,30,9.82,121.74,7,99.6,Healthy,0.53,21.79
3358,5.32,31.91,20,10.07,120.59,7,99.6,Healthy,0.41,21.72
3359,5.27,31.93,10,10.12,124.69,7,99.59,Healthy,0.49,21.5
3360,5.27,31.87,0,9.66,124.93,8,99.59,Healthy,0.37,21.91
3361,5.37,31.94,10,10.17,122.19,8,99.59,Healthy,0.37,21.8
3362,5.29,31.83,20,10.3,121.35,8,99.58,Healthy,0.35,21.11
3363,5.3,31.88,30,9.79,124.97,8,99.58,Healthy,0.5,21.14
3364,5.23,32.04,40,9.89,121.87,8,99.58,Healthy,0.46,21.36
3365,5.31,32.16,50,10.17,122.91,8,99.58,Healthy,0.44,21.96
3366,5.38,32.03,60,9.93,124.27,8,99.57,Healthy,0.32,22.25
3367,5.36,31.98,70,10.07,124.7,8,99.57,Healthy,0.49,22.13
3368,5.29,31.84,80,9.99,121.17,8,99.57,Healthy,0.45,21.48
3369,5.39,31.96,90,9.95,122.67,8,99.57,Healthy,0.45,21.26
3370,5.39,31.89,100,10.0,124.21,8,99.57,Healthy,0.33,20.84
3371,5.26,31.97,90,10.29,121.16,8,99.56,Healthy,0.46,20.87
3372,5.33,31.95,80,10.28,122.13,8,99.56,Healthy,0.4,20.26
3373,5.26,32.13,70,10.33,124.2,8,99.56,Healthy,0.31,20.06
3374,5.38,32.2,60,10.1,125.5,8,99.55,Healthy,0.42,19.78
3375,5.3,32.2,50,10.08,125.69,8,99.55,Healthy,0.38,20.17
3376,5.32,32.24,40,9.97,122.05,8,99.55,Healthy,0.3,19.87
3377,5.31,32.15,30,9.71,122.67,8,99.54,Healthy,0.49,19.39
3378,5.17,32.19,20,9.88,123.07,8,99.54,Healthy,0.29,18.93
3379,5.39,32.21,10,10.23,125.18,8,99.54,Healthy,0.49,19.23
3380,5.22,32.19,0,10.25,125.51,9,99.54,Healthy,0.47,19.73
3381,5.38,32.23,10,9.69,124.7,9,99.54,Healthy,0.42,20.15
3382,5.29,32.21,20,10.34,125.86,9,99.53,Healthy,0.38,19.7
3383,5.22,32.27,30,10.34,123.2,9,99.53,Healthy,0.41,19.37
3384,5.32,32.15,40,10.22,122.07,9,99.53,Healthy,0.3,19.56
3385,5.26,32.21,50,10.15,123.57,9,99.53,Healthy,0.47,20.19
3386,5.43,32.14,60,9.96,124.47,9,99.52,Healthy,0.31,20.48
3387,5.24,32.18,70,9.84,121.76,9,99.52,Healthy,0.35,19.94
3388,5.2,32.13,80,9.87,121.9,9,99.52,Healthy,0.44,20.59
3389,5.25,32.19,90,10.16,124.17,9,99.52,Healthy,0.29,20.25
3390,5.25,32.29,100,10.34,121.04,9,99.52,Healthy,0.46,20.55
3391,5.33,32.26,90,9.77,122.39,9,99.51,Healthy,0.37,20.75
3392,5.26,32.31,80,9.87,124.95,9,99.51,Healthy,0.34,20.7
3393,5.29,32.37,70,10.27,121.04,9,99.5,Healthy,0.45,20.59
3394,5.32,32.37,60,10.34,124.47,9,99.5,Healthy,0.52,20.08
3395,5.23,32.38,50,10.07,123.36,9,99.5,Healthy,0.48,19.96
3396,5.33,32.46,40,10.33,120.92,9,99.5,Healthy,0.4,20.06
3397,5.38,32.52,30,10.06,125.28,9,99.5,Healthy,0.35,20.05
3398,5.21,32.4,20,9.72,121.95,9,99.49,Healthy,0.51,19.52
3399,5.4,32.43,10,9.82,122.77,9,99.49,Healthy,0.36,19.76
3400,5.33,32.49,0,10.07,122.48,10,99.49,Healthy,0.37,20.36
3401,5.22,32.53,10,10.22,125.66,10,99.49,Healthy,0.46,20.63
3402,5.35,32.43,20,10.07,124.92,10,99.48,Healthy,0.52,20.77
3403,5.33,32.49,30,10.18,124.6,10,99.48,Healthy,0.41,20.87
3404,5.27,32.58,40,9.88,124.26,10,99.47,Healthy,0.46,20.58
3405,5.31,32.66,50,9.86,121.52,10,99.47,Healthy,0.35,21.1
3406,5.45,32.63,60,10.29,125.04,10,99.47,Healthy,0.39,21.69
3407,5.26,32.56,70,9.73,122.37,10,99.46,Healthy,0.36,21.76
3408,5.44,32.61,80,9.7,125.02,10,99.46,Healthy,0.3,21.08
3409,5.22,32.4,90,10.09,120.63,10,99.46,Healthy,0.35,21.29
3410,5.33,32.3,100,9.65,120.84,10,99.45,Healthy,0.36,21.11
3411,5.28,32.36,90,10.09,122.6,10,99.45,Healthy,0.35,20.79
3412,5.28,32.33,80,9.66,125.69,10,99.45,Healthy,0.43,20.63
3413,5.29,32.29,70,9.69,125.68,10,99.44,Healthy,0.45,20.18
3414,5.3,32.32,60,9.77,125.44,10,99.44,Healthy,0.37,19.7
3415,5.33,32.17,50,9.91,122.77,10,99.44,Healthy,0.33,19.23
3416,5.4,32.06,40,9.7,123.41,10,99.44,Healthy,0.38,19.92
3417,5.36,31.95,30,10.16,122.83,10,99.43,Healthy,0.46,20.01
3418,5.4,31.9,20,10.19,121.57,10,99.43,Healthy,0.42,20.39
3419,5.42,32.03,10,9.72,123.37,10,99.43,Healthy,0.35,20.28
3420,5.35,31.95,0,10.07,124.49,11,99.43,Healthy,0.36,20.74
3421,5.4,32.04,10,9.7,121.24,11,99.43,Healthy,0.34,20.35
3422,5.37,32.08,20,9.85,123.07,11,99.43,Healthy,0.48,21.06
3423,5.29,32.01,30,10.05,124.09,11,99.42,Healthy,0.49,21.43
3424,5.28,31.97,40,10.27,123.34,11,99.42,Healthy,0.37,21.54
3425,5.28,32.06,50,10.33,123.22,11,99.41,Healthy,0.36,22.08
3426,5.22,32.07,60,10.32,124.09,11,99.41,Healthy,0.45,22.02
3427,5.43,32.1,70,9.98,121.26,11,99.41,Healthy,0.37,22.4
3428,5.24,32.01,80,10.03,121.02,11,99.41,Healthy,0.42,21.78
3429,5.33,31.92,90,10.14,122.29,11,99.41,Healthy,0.44,22.18
3430,5.27,31.97,100,10.24,120.78,11,99.4,Healthy,0.45,22.67
3431,5.36,32.12,90,10.3,120.12,11,99.4,Healthy,0.4,23.08
3432,5.38,32.23,80,10.24,122.41,11,99.4,Healthy,0.48,22.41
3433,5.34,32.16,70,9.68,121.64,11,99.39,Healthy,0.4,22.78
3434,5.31,32.23,60,9.9,122.21,11,99.39,Healthy,0.52,23.37
3435,5.44,32.35,50,10.14,121.61,11,99.39,Healthy,0.36,23.91
3436,5.43,32.43,40,10.26,121.35,11,99.38,Healthy,0.33,24.11
3437,5.49,32.37,30,9.84,123.55,11,99.38,Healthy,0.38,23.88
3438,5.48,32.29,20,10.31,123.25,11,99.37,Healthy,0.5,23.64
3439,5.45,32.41,10,9.88,125.12,11,99.37,Healthy,0.52,22.77
3440,5.45,32.44,0,9.98,122.93,12,99.37,Healthy,0.48,22.19
3441,5.44,32.42,10,10.0,124.97,12,99.36,Healthy,0.53,22.37
3442,5.39,32.31,20,9.95,122.18,12,99.36,Healthy,0.52,22.62
3443,5.28,32.25,30,9.98,123.49,12,99.36,Healthy,0.42,22.93
3444,5.44,32.14,40,9.85,123.39,12,99.36,Healthy,0.53,23.45
3445,5.32,32.15,50,9.98,124.49,12,99.35,Healthy,0.42,22.74
3446,5.3,32.13,60,10.35,123.13,12,99.35,Healthy,0.52,22.52
3447,5.4,32.07,70,10.21,121.8,12,99.35,Healthy,0.3,22.93
3448,5.35,32.0,80,9.69,123.27,12,99.35,Healthy,0.31,22.7
3449,5.27,32.07,90,10.24,121.88,12,99.35,Healthy,0.29,21.99
3450,5.26,32.12,100,10.34,123.31,12,99.35,Healthy,0.47,21.66
3451,5.24,32.1,90,9.92,123.31,12,99.34,Healthy,0.44,21.72
3452,5.41,32.04,80,9.94,121.87,12,99.34,Healthy,0.52,21.24
3453,5.44,32.07,70,9.83,124.93,12,99.34,Healthy,0.31,21.94
3454,5.43,32.22,60,10.04,124.78,12,99.34,Healthy,0.53,22.34
3455,5.33,32.25,50,10.06,121.06,12,99.33,Healthy,0.51,22.17
3456,5.33,32.31,40,10.27,123.8,12,99.33,Healthy,0.36,21.7
3457,5.32,32.31,30,9.99,122.01,12,99.33,Healthy,0.47,21.51
3458,5.39,32.16,20,10.26,122.73,12,99.33,Healthy,0.48,21.95
3459,5.32,32.13,10,9.9,124.99,12,99.32,Healthy,0.34,22.35
3460,5.42,32.21,0,10.11,121.93,13,99.32,Healthy,0.41,21.78
3461,5.4,32.35,10,10.18,122.67,13,99.32,Healthy,0.47,22.38
3462,5.44,32.35,20,9.71,120.98,13,99.32,Healthy,0.4,22.77
3463,5.42,32.23,30,9.92,123.33,13,99.31,Healthy,0.3,22.32
3464,5.38,32.2,40,10.26,124.94,13,99.31,Healthy,0.34,22.65
3465,5.28,32.11,50,10.12,120.51,13,99.31,Healthy,0.3,22.29
3466,5.25,32.22,60,9.7,123.27,13,99.31,Healthy,0.35,22.17
3467,5.28,32.14,70,9.91,122.76,13,99.31,Healthy,0.44,22.79
3468,5.36,32.18,80,9.91,124.85,13,99.3,Healthy,0.3,22.03
3469,5.31,32.11,90,10.24,125.2,13,99.3,Healthy,0.34,21.7
3470,5.23,32.15,100,10.11,122.66,13,99.3,Healthy,0.31,21.95
3471,5.42,32.3,90,10.35,120.22,13,99.3,Healthy,0.46,22.54
3472,5.29,32.29,80,9.8,124.2,13,99.29,Healthy,0.45,23.12
3473,5.27,32.2,70,10.27,121.37,13,99.29,Healthy,0.34,23.51
3474,5.29,32.29,60,10.26,124.67,13,99.29,Healthy,0.36,23.5
3475,5.33,32.27,50,9.84,123.54,13,99.28,Healthy,0.39,22.93
3476,5.48,32.36,40,9.84,121.68,13,99.28,Healthy,0.5,23.31
3477,5.42,32.44,30,9.67,123.82,13,99.28,Healthy,0.38,23.62
3478,5.26,32.45,20,9.73,124.76,13,99.28,Healthy,0.51,23.08
3479,5.44,32.51,10,9.76,122.14,13,99.27,Healthy,0.49,22.82
3480,5.43,32.47,0,10.35,123.01,14,99.27,Healthy,0.5,23.3
3481,5.34,32.54,10,9.87,121.61,14,99.27,Healthy,0.34,23.7
3482,5.35,32.56,20,10.26,123.13,14,99.26,Healthy,0.4,23.88
3483,5.46,32.48,30,10.27,123.57,14,99.26,Healthy,0.48,23.67
3484,5.45,32.55,40,9.72,120.18,14,99.26,Healthy,0.3,23.58
3485,5.34,32.44,50,10.29,120.05,14,99.26,Healthy,0.42,23.8
3486,5.26,32.51,60,9.84,121.41,14,99.26,Healthy,0.51,23.37
3487,5.32,32.58,70,9.75,121.84,14,99.25,Healthy,0.3,23.88
3488,5.28,32.61,80,10.22,120.87,14,99.25,Healthy,0.46,24.17
3489,5.32,32.51,90,10.08,124.8,14,99.24,Healthy,0.33,23.82
3490,5.29,32.35,100,9.75,124.35,14,99.24,Healthy,0.53,23.86
3491,5.27,32.28,90,10.02,124.32,14,99.24,Healthy,0.39,23.88
3492,5.43,32.34,80,10.2,121.93,14,99.24,Healthy,0.46,23.3
3493,5.26,32.31,70,9.68,124.02,14,99.24,Healthy,0.31,23.09
3494,5.27,32.19,60,10.17,124.37,14,99.24,Healthy,0.4,23.32
3495,5.48,32.21,50,9.9,122.19,14,99.23,Healthy,0.4,23.18
3496,5.36,32.13,40,10.13,123.1,14,99.23,Healthy,0.49,22.94
3497,5.27,32.17,30,9.79,124.83,14,99.23,Healthy,0.33,22.94
3498,5.31,32.16,20,9.99,121.35,14,99.23,Healthy,0.49,22.37
3499,5.45,32.22,10,10.12,120.7,14,99.22,Healthy,0.3,22.55
3500,5.4,32.27,0,10.09,123.96,15,99.22,Healthy,0.5,22.9
3501,5.39,32.32,10,9.77,124.06,15,99.22,Healthy,0.31,22.2
3502,5.34,32.36,20,9.68,122.28,15,99.22,Healthy,0.3,21.46
3503,5.39,32.24,30,10.16,122.42,15,99.21,Healthy,0.3,21.67
3504,5.43,32.2,40,10.09,121.98,15,99.21,Healthy,0.5,21.81
3505,5.45,32.14,50,9.93,124.46,15,99.21,Healthy,0.49,21.66
3506,5.45,32.27,60,9.74,122.28,15,99.2,Healthy,0.38,21.48
3507,5.37,32.2,70,9.77,124.73,15,99.2,Healthy,0.48,21.91
3508,5.28,32.34,80,10.08,123.22,15,99.19,Healthy,0.49,21.71
3509,5.34,32.41,90,9.72,124.49,15,99.19,Healthy,0.44,22.2
3510,5.22,32.38,100,9.65,122.42,15,99.19,Healthy,0.41,21.51
3511,5.37,32.45,90,10.22,123.4,15,99.19,Healthy,0.47,21.14
3512,5.28,32.47,80,10.11,122.57,15,99.19,Healthy,0.43,21.45
3513,5.31,32.34,70,10.05,124.59,15,99.18,Healthy,0.38,21.99
3514,5.36,32.29,60,9.69,124.52,15,99.18,Healthy,0.42,21.9
3515,5.32,32.35,50,10.02,120.69,15,99.18,Healthy,0.39,21.18
3516,5.42,32.38,40,9.68,125.36,15,99.17,Healthy,0.5,20.5
3517,5.28,32.25,30,9.99,122.06,15,99.17,Healthy,0.42,21.18
3518,5.27,32.22,20,9.92,123.24,15,99.17,Healthy,0.47,20.75
3519,5.19,32.17,10,10.14,125.59,15,99.17,Healthy,0.36,20.41
3520,5.22,32.13,0,9.98,121.34,16,99.17,Healthy,0.4,20.06
3521,5.35,32.15,10,9.74,125.83,16,99.16,Healthy,0.45,19.95
3522,5.18,32.0,20,10.17,125.15,16,99.16,Healthy,0.28,19.49
3523,5.32,32.11,30,9.68,122.38,16,99.15,Healthy,0.29,19.64
3524,5.24,32.16,40,10.19,123.19,16,99.15,Healthy,0.32,20.25
3525,5.34,32.24,50,9.96,123.2,16,99.15,Healthy,0.33,20.9
3526,5.4,32.11,60,10.07,122.57,16,99.15,Healthy,0.38,20.76
3527,5.26,32.1,70,10.22,121.45,16,99.15,Healthy,0.43,20.22
3528,5.32,32.18,80,10.22,123.59,16,99.15,Healthy,0.38,20.52
3529,5.42,32.03,90,9.89,124.28,16,99.15,Healthy,0.36,20.31
3530,5.44,32.04,100,9.85,125.37,16,99.15,Healthy,0.31,21.05
3531,5.22,32.1,90,9.86,124.17,16,99.14,Healthy,0.51,20.83
3532,5.31,32.19,80,9.94,121.78,16,99.14,Healthy,0.47,20.95
3533,5.39,32.18,70,9.82,121.87,16,99.14,Healthy,0.43,20.5
3534,5.37,32.2,60,9.88,123.84,16,99.14,Healthy,0.32,20.42
3535,5.26,32.28,50,10.23,125.24,16,99.14,Healthy,0.39,20.89
3536,5.24,32.2,40,9.68,121.44,16,99.13,Healthy,0.46,20.93
3537,5.31,32.17,30,9.9,125.6,16,99.13,Healthy,0.41,20.55
3538,5.24,32.19,20,9.78,124.81,16,99.13,Healthy,0.29,21.29
3539,5.28,32.17,10,10.0,123.67,16,99.12,Healthy,0.31,21.36
3540,5.33,32.21,0,10.11,125.05,17,99.12,Healthy,0.5,20.81
3541,5.43,32.03,10,9.77,123.89,17,99.12,Healthy,0.39,20.9
3542,5.37,32.03,20,10.28,125.1,17,99.12,Healthy,0.5,20.26
3543,5.2,31.96,30,10.16,121.62,17,99.11,Healthy,0.44,20.33
3544,5.31,31.89,40,9.7,123.22,17,99.11,Healthy,0.43,19.75
3545,5.42,31.81,50,9.96,121.9,17,99.11,Healthy,0.3,20.29
3546,5.3,31.76,60,10.25,125.41,17,99.1,Healthy,0.5,19.68
3547,5.36,31.78,70,10.31,125.62,17,99.1,Healthy,0.32,19.18
3548,5.39,31.73,80,9.97,124.74,17,99.1,Healthy,0.29,19.42
3549,5.35,31.82,90,9.95,122.94,17,99.1,Healthy,0.35,20.27
3550,5.31,31.72,100,10.13,121.76,17,99.09,Healthy,0.4,20.9
3551,5.32,31.72,90,10.3,123.96,17,99.09,Healthy,0.5,20.54
3552,5.4,31.71,80,10.02,123.24,17,99.09,Healthy,0.5,20.5
3553,5.42,31.74,70,9.72,123.9,17,99.09,Healthy,0.45,20.55
3554,5.41,31.69,60,10.12,122.48,17,99.08,Healthy,0.4,21.28
3555,5.25,31.65,50,9.73,125.52,17,99.08,Healthy,0.34,20.94
3556,5.32,31.67,40,9.95,120.64,17,99.08,Healthy,0.29,21.49
3557,5.31,31.69,30,10.28,124.22,17,99.08,Healthy,0.4,21.79
3558,5.35,31.79,20,9.99,123.87,17,99.07,Healthy,0.37,21.22
3559,5.28,31.82,10,9.83,123.3,17,99.07,Healthy,0.4,21.47
3560,5.31,31.84,0,9.74,124.26,18,99.07,Healthy,0.35,20.84
3561,5.38,31.85,10,9.72,123.31,18,99.07,Healthy,0.5,20.63
3562,5.25,31.8,20,9.82,121.37,18,99.06,Healthy,0.41,20.74
3563,5.27,31.83,30,10.27,122.94,18,99.06,Healthy,0.38,20.29
3564,5.22,31.8,40,9.9,122.47,18,99.06,Healthy,0.42,21.06
3565,5.42,31.86,50,10.14,124.76,18,99.05,Healthy,0.38,21.07
3566,5.28,31.95,60,9.69,121.17,18,99.05,Healthy,0.38,20.41
3567,5.34,32.07,70,9.95,122.06,18,99.05,Healthy,0.42,20.95
3568,5.31,32.21,80,9.9,123.92,18,99.05,Healthy,0.36,21.12
3569,5.21,32.12,90,9.98,123.27,18,99.04,Healthy,0.38,20.79
3570,5.41,32.19,100,10.11,121.36,18,99.04,Healthy,0.5,21.16
3571,5.35,32.3,90,10.03,123.25,18,99.04,Healthy,0.45,20.66
3572,5.25,32.25,80,9.73,125.55,18,99.03,Healthy,0.47,21.11
3573,5.3,32.18,70,10.09,124.15,18,99.03,Healthy,0.5,20.5
3574,5.34,32.13,60,9.83,124.1,18,99.03,Healthy,0.51,20.0
3575,5.43,32.08,50,10.29,121.97,18,99.03,Healthy,0.42,20.78
3576,5.41,31.99,40,10.12,125.3,18,99.02,Healthy,0.36,20.61
3577,5.4,31.86,30,9.71,125.69,18,99.02,Healthy,0.41,20.66
3578,5.39,31.94,20,10.28,123.57,18,99.01,Healthy,0.36,20.29
3579,5.26,31.9,10,10.3,121.73,18,99.01,Healthy,0.3,20.37
3580,5.43,31.82,0,10.17,124.79,19,99.01,Healthy,0.34,21.1
3581,5.28,31.81,10,9.81,124.97,19,99.01,Healthy,0.52,21.72
3582,5.28,31.79,20,10.1,121.88,19,99.0,Healthy,0.46,21.64
3583,5.32,31.83,30,9.95,125.1,19,99.0,Healthy,0.44,21.4
3584,5.41,31.81,40,9.98,122.86,19,99.0,Healthy,0.44,21.12
3585,5.24,31.84,50,10.26,124.23,19,99.0,Healthy,0.45,21.31
3586,5.3,31.76,60,10.28,124.02,19,98.99,Healthy,0.29,20.63
3587,5.23,31.73,70,10.01,123.68,19,98.99,Healthy,0.37,20.4
3588,5.29,31.78,80,10.0,125.56,19,98.99,Healthy,0.47,20.49
3589,5.31,31.77,90,9.7,122.58,19,98.99,Healthy,0.42,20.12
3590,5.32,31.92,100,9.83,122.02,19,98.99,Healthy,0.5,20.71
3591,5.37,31.88,90,9.85,125.42,19,98.99,Healthy,0.45,20.27
3592,5.29,31.97,80,10.11,121.05,19,98.98,Healthy,0.43,20.74
3593,5.3,31.94,70,10.17,124.02,19,98.98,Healthy,0.36,20.55
3594,5.38,31.88,60,9.74,123.15,19,98.98,Healthy,0.31,21.32
3595,5.23,31.84,50,10.11,120.87,19,98.98,Healthy,0.47,21.52
3596,5.31,31.77,40,10.33,120.85,19,98.97,Healthy,0.49,21.11
3597,5.39,31.79,30,10.1,125.07,19,98.97,Healthy,0.34,21.76
3598,5.37,31.75,20,10.18,125.45,19,98.97,Healthy,0.37,21.39
3599,5.33,31.81,10,9.83,122.97,19,98.96,Healthy,0.44,21.39
3600,5.35,31.8,0,10.01,123.08,20,98.96,Healthy,0.45,21.03
3601,5.3,30.11,10,9.86,123.4,0,100.0,Healthy,0.42,16.03
3602,5.34,30.32,20,9.97,125.27,0,100.0,Healthy,0.39,17.22
3603,5.16,30.44,30,10.21,123.28,0,99.99,Healthy,0.44,17.79
3604,5.34,30.64,40,10.03,125.2,0,99.99,Healthy,0.29,17.86
3605,5.19,30.96,50,10.33,123.74,0,99.99,Healthy,0.32,17.8
3606,5.26,31.05,60,10.28,125.89,0,99.99,Healthy,0.37,17.9
3607,5.15,31.03,70,9.73,121.54,0,99.98,Healthy,0.28,18.07
3608,5.34,31.17,80,9.9,125.36,0,99.98,Healthy,0.49,18.65
3609,5.25,31.19,90,10.1,125.8,0,99.98,Healthy,0.49,19.34
3610,5.19,31.22,100,10.14,122.7,0,99.97,Healthy,0.4,19.48
3611,5.34,31.45,90,9.98,123.97,0,99.97,Healthy,0.32,19.31
3612,5.37,31.49,80,9.92,122.04,0,99.97,Healthy,0.4,19.27
3613,5.34,31.61,70,9.89,124.54,0,99.96,Healthy,0.32,18.95
3614,5.23,31.6,60,10.07,124.96,0,99.96,Healthy,0.43,18.57
3615,5.36,31.69,50,10.07,123.91,0,99.96,Healthy,0.35,19.32
3616,5.34,31.64,40,9.77,122.23,0,99.95,Healthy,0.35,19.94
3617,5.22,31.57,30,10.0,125.48,0,99.95,Healthy,0.37,20.44
3618,5.32,31.59,20,9.65,122.9,0,99.95,Healthy,0.31,20.8
3619,5.23,31.66,10,9.67,121.54,0,99.95,Healthy,0.39,21.14
3620,5.23,31.69,0,9.84,124.32,1,99.95,Healthy,0.51,21.05
3621,5.31,31.63,10,9.91,120.66,1,99.94,Healthy,0.37,21.02
3622,5.4,31.73,20,9.65,121.31,1,99.94,Healthy,0.37,21.84
3623,5.42,31.77,30,10.24,124.61,1,99.94,Healthy,0.47,21.71
3624,5.33,31.71,40,10.33,120.79,1,99.94,Healthy,0.29,21.89
3625,5.42,31.83,50,9.76,121.46,1,99.93,Healthy,0.36,22.35
3626,5.29,31.86,60,9.99,120.48,1,99.93,Healthy,0.31,21.92
3627,5.41,32.0,70,9.97,124.64,1,99.92,Healthy,0.37,21.58
3628,5.35,31.91,80,10.32,124.12,1,99.92,Healthy,0.5,21.18
3629,5.33,32.05,90,10.1,121.27,1,99.92,Healthy,0.4,20.67
3630,5.29,32.16,100,9.69,122.88,1,99.92,Healthy,0.3,20.68
3631,5.34,32.13,90,10.05,125.09,1,99.92,Healthy,0.43,20.29
3632,5.26,32.15,80,9.96,123.58,1,99.92,Healthy,0.44,20.57
3633,5.21,32.25,70,9.75,123.75,1,99.91,Healthy,0.34,20.61
3634,5.27,32.24,60,9.98,124.92,1,99.91,Healthy,0.5,20.82
3635,5.35,32.24,50,10.34,124.35,1,99.9,Healthy,0.39,20.89
3636,5.26,32.31,40,10.14,120.51,1,99.9,Healthy,0.3,21.61
3637,5.33,32.2,30,9.88,125.44,1,99.9,Healthy,0.48,21.44
3638,5.32,32.1,20,10.25,123.94,1,99.9,Healthy,0.49,22.14
3639,5.24,32.13,10,9.66,121.08,1,99.89,Healthy,0.52,22.2
3640,5.39,32.08,0,10.23,124.16,2,99.89,Healthy,0.35,22.83
3641,5.29,32.16,10,10.1,123.61,2,99.89,Healthy,0.45,22.19
3642,5.34,32.06,20,10.03,124.21,2,99.89,Healthy,0.45,22.4
3643,5.25,32.2,30,9.82,124.26,2,99.88,Healthy,0.3,22.43
3644,5.4,32.27,40,9.85,121.6,2,99.88,Healthy,0.45,22.16
3645,5.28,32.29,50,9.83,121.03,2,99.88,Healthy,0.5,22.33
3646,5.39,32.34,60,10.13,122.23,2,99.88,Healthy,0.44,23.01
3647,5.48,32.5,70,9.68,121.99,2,99.87,Healthy,0.32,23.66
3648,5.36,32.45,80,10.1,124.11,2,99.87,Healthy,0.33,24.07
3649,5.34,32.58,90,10.33,121.71,2,99.87,Healthy,0.31,24.42
3650,5.5,32.61,100,10.04,121.1,2,99.87,Healthy,0.36,24.29
3651,5.5,32.55,90,9.88,122.09,2,99.87,Healthy,0.3,24.4
3652,5.44,32.51,80,10.01,121.83,2,99.86,Healthy,0.44,24.06
3653,5.32,32.48,70,9.86,124.58,2,99.86,Healthy,0.45,23.45
3654,5.34,32.61,60,10.0,120.83,2,99.86,Healthy,0.32,24.03
3655,5.45,32.71,50,9.93,121.01,2,99.86,Healthy,0.5,23.4
3656,5.42,32.69,40,9.98,122.53,2,99.86,Healthy,0.5,23.68
3657,5.4,32.56,30,9.9,121.85,2,99.86,Healthy,0.36,23.21
3658,5.39,32.62,20,9.73,121.69,2,99.85,Healthy,0.41,22.79
3659,5.33,32.58,10,10.33,121.11,2,99.85,Healthy,0.51,23.01
3660,5.45,32.54,0,9.79,121.98,3,99.85,Healthy,0.34,22.61
3661,5.27,32.56,10,9.87,123.65,3,99.85,Healthy,0.33,22.35
3662,5.27,32.58,20,9.89,124.11,3,99.84,Healthy,0.5,21.8
3663,5.34,32.35,30,10.27,122.23,3,99.84,Healthy,0.46,21.93
3664,5.34,32.34,40,10.35,121.94,3,99.84,Healthy,0.44,21.73
3665,5.26,32.29,50,9.92,122.16,3,99.84,Healthy,0.4,22.04
3666,5.34,32.17,60,10.19,124.61,3,99.83,Healthy,0.45,22.4
3667,5.33,32.19,70,10.02,121.97,3,99.83,Healthy,0.49,22.72
3668,5.4,32.18,80,9.71,122.3,3,99.83,Healthy,0.5,22.29
3669,5.39,32.29,90,9.96,120.24,3,99.83,Healthy,0.49,22.8
3670,5.47,32.36,100,9.96,124.6,3,99.82,Healthy,0.5,23.3
3671,5.42,32.48,90,9.71,124.96,3,99.82,Healthy,0.44,23.12
3672,5.42,32.38,80,10.24,121.14,3,99.82,Healthy,0.52,23.58
3673,5.43,32.49,70,10.11,123.69,3,99.81,Healthy,0.51,23.91
3674,5.43,32.48,60,10.24,123.65,3,99.81,Healthy,0.48,23.73
3675,5.39,32.33,50,10.3,120.81,3,99.81,Healthy,0.3,23.09
3676,5.43,32.42,40,10.23,123.32,3,99.8,Healthy,0.33,23.44
3677,5.36,32.52,30,9.96,122.9,3,99.8,Healthy,0.38,22.84
3678,5.4,32.37,20,10.07,121.39,3,99.8,Healthy,0.52,22.94
3679,5.28,32.5,10,9.75,121.99,3,99.8,Healthy,0.42,22.93
3680,5.36,32.56,0,9.92,122.44,4,99.8,Air Leakage,0.48,23.17
3681,5.28,32.49,10,10.1,123.4,4,99.8,Air Leakage,0.38,22.99
3682,5.37,32.61,20,10.02,123.51,4,99.79,Air Leakage,0.49,23.61
3683,5.33,32.59,30,9.84,124.73,4,99.79,Air Leakage,0.45,23.1
3684,5.23,32.65,40,9.82,122.21,4,99.79,Air Leakage,0.51,22.54
3685,5.37,32.56,50,10.01,123.87,4,99.78,Air Leakage,0.56,22.66
3686,5.41,32.55,60,9.81,122.53,4,99.77,Air Leakage,0.55,22.67
3687,5.25,32.56,70,9.78,121.76,4,99.77,Air Leakage,0.42,23.2
3688,5.22,32.49,80,9.82,120.56,4,99.76,Air Leakage,0.56,23.55
3689,5.28,32.48,90,9.99,120.57,4,99.76,Air Leakage,0.54,22.8
3690,5.23,32.54,100,10.13,123.91,4,99.75,Air Leakage,0.33,23.33
3691,5.19,32.65,90,10.06,123.85,4,99.74,Air Leakage,0.37,22.61
3692,5.27,32.7,80,10.35,122.53,4,99.72,Air Leakage,0.45,22.23
3693,5.39,32.65,70,10.38,121.11,4,99.71,Air Leakage,0.4,22.81
3694,5.24,32.54,60,10.41,121.4,4,99.7,Air Leakage,0.56,23.25
3695,5.22,32.69,50,10.28,122.45,4,99.69,Air Leakage,0.54,23.11
3696,5.23,32.63,40,10.18,120.48,4,99.67,Air Leakage,0.56,22.94
3697,5.16,32.6,30,10.24,120.78,4,99.65,Air Leakage,0.52,22.23
3698,5.36,32.67,20,9.8,122.53,4,99.64,Air Leakage,0.64,21.56
3699,5.21,32.73,10,9.77,120.66,4,99.61,Air Leakage,0.48,21.34
3700,5.3,32.72,0,10.32,119.86,5,99.59,Air Leakage,0.55,20.74
3701,5.19,32.79,10,9.79,121.22,5,99.57,Air Leakage,0.53,20.84
3702,5.22,32.83,20,10.44,124.67,5,99.55,Air Leakage,0.55,20.88
3703,5.33,32.82,30,10.38,122.08,5,99.53,Air Leakage,0.41,20.99
3704,5.23,32.74,40,10.15,121.91,5,99.51,Air Leakage,0.49,21.07
3705,5.14,32.71,50,10.14,122.69,5,99.5,Air Leakage,0.52,21.34
3706,5.15,32.74,60,10.35,120.01,5,99.48,Air Leakage,0.51,21.62
3707,5.15,32.83,70,9.93,122.09,5,99.46,Air Leakage,0.48,21.27
3708,5.13,32.87,80,10.48,122.56,5,99.44,Air Leakage,0.51,20.79
3709,5.31,32.77,90,10.03,120.18,5,99.41,Air Leakage,0.53,20.28
3710,5.33,32.7,100,10.27,123.92,5,99.39,Air Leakage,0.7,21.1
3711,5.32,32.67,90,10.47,121.81,5,99.37,Air Leakage,0.63,21.52
3712,5.31,32.8,80,9.99,122.16,5,99.35,Air Leakage,0.64,22.11
3713,5.18,32.6,70,10.17,122.51,5,99.32,Air Leakage,0.47,21.46
3714,5.21,32.59,60,10.07,121.01,5,99.3,Air Leakage,0.68,21.85
3715,5.34,32.57,50,9.94,122.62,5,99.26,Air Leakage,0.81,22.05
3716,5.07,32.7,40,10.22,121.03,5,99.22,Air Leakage,0.71,21.79
3717,5.18,32.65,30,9.82,119.94,5,99.18,Air Leakage,0.72,22.38
3718,5.21,32.61,20,10.22,119.64,5,99.15,Air Leakage,0.76,22.94
3719,5.38,32.54,10,10.27,122.03,5,99.12,Air Leakage,0.54,22.64
3720,5.28,32.63,0,10.33,124.13,6,99.1,Air Leakage,0.49,23.14
3721,5.21,32.77,10,10.39,119.13,6,99.07,Air Leakage,0.8,23.64
3722,5.04,32.71,20,9.91,122.59,6,99.03,Air Leakage,0.66,23.85
3723,5.24,32.71,30,10.22,120.41,6,99.01,Air Leakage,0.61,23.14
3724,5.17,32.64,40,10.12,121.77,6,98.96,Air Leakage,0.55,23.42
3725,5.24,32.7,50,10.57,121.7,6,98.93,Air Leakage,0.72,23.1
3726,5.32,32.79,60,9.79,123.4,6,98.88,Air Leakage,0.66,23.02
3727,5.07,33.09,70,10.11,121.95,6,98.85,Air Leakage,0.61,22.42
3728,5.15,33.27,80,10.31,121.34,6,98.8,Air Leakage,0.79,22.13
3729,5.1,33.19,90,9.95,120.16,6,98.77,Air Leakage,0.6,22.06
3730,5.06,33.25,100,10.49,121.83,6,98.73,Air Leakage,0.54,21.41
3731,5.27,33.41,90,10.16,118.14,6,98.7,Air Leakage,0.93,21.58
3732,5.17,33.36,80,10.2,122.48,6,98.67,Air Leakage,0.53,21.06
3733,5.03,33.32,70,10.35,120.55,6,98.63,Air Leakage,0.56,21.18
3734,5.13,33.19,60,10.41,118.91,6,98.59,Air Leakage,0.77,21.3
3735,5.02,33.3,50,10.68,122.03,6,98.54,Air Leakage,0.83,21.96
3736,4.95,33.23,40,10.6,121.6,6,98.51,Air Leakage,0.56,21.65
3737,5.18,33.35,30,10.31,120.6,6,98.47,Air Leakage,0.59,21.97
3738,5.1,33.52,20,10.03,122.96,6,98.4,Air Leakage,0.93,22.0
3739,5.19,33.52,10,10.11,119.62,6,98.37,Air Leakage,0.82,21.62
3740,5.3,33.6,0,10.41,119.1,7,98.31,Air Leakage,0.97,22.11
3741,5.19,33.62,10,10.37,117.72,7,98.26,Air Leakage,0.88,22.26
3742,5.15,33.7,20,10.48,121.21,7,98.21,Air Leakage,0.67,22.75
3743,5.0,33.74,30,10.11,120.67,7,98.15,Air Leakage,0.89,23.38
3744,5.0,33.57,40,10.11,117.88,7,98.11,Air Leakage,0.95,23.85
3745,5.17,33.69,50,10.55,121.91,7,98.08,Air Leakage,0.99,23.51
3746,5.28,33.74,60,10.39,121.32,7,98.03,Air Leakage,1.02,23.89
3747,5.05,33.75,70,10.55,119.49,7,97.96,Air Leakage,1.01,23.53
3748,5.03,33.68,80,10.27,115.52,7,97.91,Air Leakage,1.11,23.69
3749,5.0,33.78,90,10.32,119.48,7,97.84,Air Leakage,1.08,23.35
3750,5.21,33.72,100,10.17,122.6,7,97.8,Air Leakage,0.86,23.05
3751,5.23,33.61,90,10.37,119.36,7,97.74,Air Leakage,0.83,23.54
3752,5.16,33.68,80,10.26,118.14,7,97.69,Air Leakage,1.11,23.58
3753,5.21,33.72,70,10.2,123.4,7,97.63,Air Leakage,0.86,22.82
3754,5.29,33.85,60,10.37,121.67,7,97.6,Air Leakage,0.79,22.65
3755,4.93,33.76,50,10.03,119.0,7,97.55,Air Leakage,0.72,22.52
3756,5.3,33.65,40,10.36,116.31,7,97.48,Air Leakage,0.61,22.74
3757,5.11,33.58,30,10.57,115.73,7,97.43,Air Leakage,0.55,22.48
3758,5.0,33.4,20,10.25,117.85,7,97.37,Air Leakage,0.65,22.08
3759,5.12,33.57,10,10.53,122.55,7,97.34,Air Leakage,0.8,22.75
3760,4.92,33.32,0,10.45,120.92,8,97.26,Air Leakage,0.56,22.62
3761,5.06,33.21,10,10.43,118.88,8,97.18,Air Leakage,0.85,22.3
3762,5.06,33.41,20,10.43,121.14,8,97.12,Air Leakage,0.99,22.34
3763,5.18,33.33,30,10.42,121.83,8,97.07,Air Leakage,0.47,21.99
3764,4.86,33.62,40,10.23,117.67,8,97.0,Air Leakage,0.75,21.81
3765,4.79,33.5,50,10.39,123.29,8,96.93,Air Leakage,0.85,21.51
3766,4.81,33.42,60,10.44,121.07,8,96.85,Air Leakage,0.91,21.83
3767,4.81,33.4,70,10.47,121.22,8,96.8,Air Leakage,0.96,22.03
3768,5.1,33.2,80,10.47,119.55,8,96.73,Air Leakage,1.03,22.43
3769,5.19,33.2,90,9.99,115.82,8,96.68,Air Leakage,0.78,22.29
3770,5.24,33.48,100,10.62,118.15,8,96.63,Air Leakage,1.03,22.12
3771,5.27,33.44,90,10.11,117.4,8,96.57,Air Leakage,0.58,21.63
3772,5.22,33.46,80,10.31,121.83,8,96.53,Air Leakage,0.98,22.29
3773,5.07,33.48,70,10.37,116.07,8,96.47,Air Leakage,0.64,21.71
3774,5.02,33.75,60,10.31,118.61,8,96.42,Air Leakage,0.92,21.45
3775,5.18,33.72,50,10.26,123.14,8,96.37,Air Leakage,0.86,21.17
3776,5.16,33.67,40,10.24,121.06,8,96.3,Air Leakage,0.64,21.73
3777,5.34,33.68,30,10.5,118.32,8,96.25,Air Leakage,1.02,22.41
3778,4.97,33.68,20,10.54,119.72,8,96.18,Air Leakage,0.87,21.8
3779,5.16,33.71,10,9.98,122.73,8,96.11,Air Leakage,0.95,22.31
3780,5.16,33.96,0,10.69,119.88,9,96.06,Air Leakage,0.88,22.11
3781,5.0,33.96,10,10.56,121.16,9,95.99,Air Leakage,0.8,22.78
3782,5.19,33.95,20,10.59,120.88,9,95.93,Air Leakage,0.64,22.08
3783,4.99,33.94,30,10.28,117.24,9,95.89,Air Leakage,0.73,21.45
3784,4.91,33.93,40,9.98,123.16,9,95.81,Air Leakage,0.87,21.58
3785,5.14,34.15,50,10.15,122.09,9,95.73,Air Leakage,0.83,22.04
3786,5.15,34.16,60,10.46,122.43,9,95.66,Air Leakage,0.81,21.72
3787,5.19,34.08,70,10.41,116.84,9,95.59,Air Leakage,0.96,22.39
3788,5.27,34.01,80,10.56,118.04,9,95.54,Air Leakage,0.9,22.53
3789,5.06,33.94,90,10.02,120.69,9,95.48,Air Leakage,0.49,23.06
3790,5.21,33.87,100,10.59,119.02,9,95.4,Air Leakage,0.81,23.11
3791,5.18,33.78,90,10.33,120.09,9,95.33,Air Leakage,0.73,22.58
3792,4.91,33.57,80,10.81,122.44,9,95.25,Air Leakage,1.01,21.95
3793,5.03,33.36,70,10.01,118.52,9,95.18,Air Leakage,0.73,22.66
3794,4.97,33.32,60,10.4,119.35,9,95.1,Air Leakage,0.56,23.04
3795,4.97,33.32,50,10.69,118.51,9,95.05,Air Leakage,0.94,22.98
3796,5.11,33.44,40,10.65,120.93,9,94.97,Air Leakage,0.53,22.83
3797,5.12,33.3,30,10.15,121.42,9,94.93,Air Leakage,1.08,23.36
3798,5.18,33.5,20,10.34,119.08,9,94.88,Air Leakage,0.69,23.93
3799,4.84,33.39,10,10.08,123.62,9,94.8,Air Leakage,0.84,23.67
3800,5.18,33.47,0,10.14,121.45,10,94.74,Air Leakage,0.51,23.21
3801,5.1,33.64,10,10.64,121.34,10,94.68,Air Leakage,0.93,23.59
3802,5.2,33.65,20,10.3,115.97,10,94.61,Air Leakage,1.03,23.32
3803,5.18,33.79,30,10.75,117.96,10,94.54,Air Leakage,0.86,23.86
3804,5.15,33.79,40,10.72,121.42,10,94.48,Air Leakage,0.94,23.61
3805,5.04,33.73,50,10.43,119.63,10,94.4,Air Leakage,0.66,22.87
3806,4.95,33.77,60,9.84,117.98,10,94.32,Air Leakage,0.72,22.43
3807,5.1,33.96,70,10.6,122.22,10,94.25,Air Leakage,1.13,23.11
3808,5.2,33.96,80,10.26,122.1,10,94.18,Air Leakage,0.51,23.11
3809,5.2,33.79,90,9.84,117.15,10,94.12,Air Leakage,1.16,23.45
3810,5.12,33.53,100,10.02,118.03,10,94.04,Air Leakage,0.48,23.26
3811,5.19,33.68,90,10.49,119.57,10,93.99,Air Leakage,0.68,23.25
3812,5.04,33.7,80,10.29,117.08,10,93.92,Air Leakage,0.93,23.38
3813,4.94,33.77,70,10.32,118.81,10,93.89,Air Leakage,0.53,23.41
3814,5.22,33.92,60,10.92,121.86,10,93.82,Air Leakage,0.84,23.5
3815,5.02,33.98,50,10.31,122.07,10,93.75,Air Leakage,0.95,22.91
3816,4.87,33.97,40,10.8,118.09,10,93.69,Air Leakage,1.04,23.06
3817,5.1,34.1,30,10.2,121.77,10,93.61,Air Leakage,0.85,23.08
3818,5.1,34.24,20,10.67,117.41,10,93.53,Air Leakage,0.81,23.23
3819,5.08,34.26,10,10.29,119.86,10,93.47,Air Leakage,0.88,23.82
3820,5.13,34.35,0,10.41,117.36,11,93.43,Air Leakage,0.59,23.42
3821,5.26,34.1,10,10.24,119.63,11,93.37,Air Leakage,0.62,23.58
3822,5.24,34.1,20,10.42,118.48,11,93.33,Air Leakage,1.22,22.93
3823,5.05,34.08,30,10.51,121.71,11,93.27,Air Leakage,0.76,23.58
3824,5.09,34.15,40,10.24,119.34,11,93.19,Air Leakage,0.51,22.89
3825,5.12,34.13,50,10.51,123.36,11,93.14,Air Leakage,0.67,22.78
3826,5.01,33.95,60,9.96,121.04,11,93.08,Air Leakage,1.05,22.75
3827,5.18,33.97,70,10.56,122.15,11,93.01,Air Leakage,0.96,22.19
3828,4.96,34.06,80,10.54,116.94,11,92.94,Air Leakage,1.1,22.33
3829,5.21,34.29,90,10.16,121.51,11,92.86,Air Leakage,0.99,22.96
3830,5.25,34.29,100,10.21,122.07,11,92.8,Air Leakage,1.16,22.76
3831,5.11,34.16,90,10.63,119.79,11,92.75,Air Leakage,0.67,22.96
3832,5.19,34.12,80,10.07,120.5,11,92.7,Air Leakage,0.57,23.0
3833,5.26,34.08,70,10.33,123.85,11,92.64,Air Leakage,0.92,23.03
3834,4.84,34.07,60,10.18,120.75,11,92.58,Air Leakage,0.91,22.3
3835,5.3,33.74,50,10.26,119.25,11,92.51,Air Leakage,0.73,21.69
3836,5.03,33.43,40,10.35,117.07,11,92.44,Air Leakage,0.63,21.58
3837,4.86,33.43,30,10.3,121.22,11,92.39,Air Leakage,0.8,21.59
3838,5.16,33.53,20,10.22,119.84,11,92.31,Air Leakage,0.67,21.2
3839,5.0,33.47,10,10.44,120.91,11,92.24,Air Leakage,0.9,21.65
3840,5.05,33.37,0,10.32,116.73,12,92.17,Air Leakage,0.87,21.15
3841,5.13,33.5,10,10.54,121.44,12,92.11,Air Leakage,0.94,21.49
3842,5.09,33.54,20,10.66,117.36,12,92.05,Air Leakage,0.56,22.16
3843,5.26,33.63,30,10.56,119.95,12,92.0,Air Leakage,0.88,21.96
3844,4.94,33.95,40,10.7,121.07,12,91.95,Air Leakage,0.67,22.06
3845,4.98,33.98,50,10.28,119.54,12,91.88,Air Leakage,0.85,21.69
3846,5.27,33.82,60,10.48,119.12,12,91.83,Air Leakage,0.55,21.75
3847,5.23,33.87,70,10.89,120.41,12,91.75,Air Leakage,0.66,21.37
3848,4.93,33.82,80,10.49,119.11,12,91.71,Air Leakage,0.93,21.19
3849,4.93,33.9,90,10.7,120.0,12,91.63,Air Leakage,0.62,21.86
3850,5.19,33.69,100,10.35,123.07,12,91.55,Air Leakage,0.54,21.56
3851,4.93,33.96,90,10.3,120.41,12,91.5,Air Leakage,0.88,21.6
3852,5.03,34.01,80,10.47,120.44,12,91.44,Air Leakage,1.19,21.47
3853,5.15,33.87,70,10.61,120.02,12,91.38,Air Leakage,0.92,21.77
3854,5.18,33.79,60,10.34,119.57,12,91.33,Air Leakage,0.52,21.85
3855,5.07,33.72,50,10.34,121.04,12,91.28,Air Leakage,1.0,22.27
3856,5.16,33.66,40,10.38,117.33,12,91.2,Air Leakage,0.8,22.45
3857,5.17,33.7,30,10.2,117.8,12,91.14,Air Leakage,0.81,23.0
3858,5.3,33.7,20,10.32,118.62,12,91.07,Air Leakage,1.24,23.62
3859,5.25,33.82,10,10.73,121.04,12,91.02,Air Leakage,0.93,23.92
3860,5.12,33.9,0,10.38,118.25,13,90.98,Air Leakage,0.88,24.46
3861,5.29,33.94,10,10.31,117.6,13,90.91,Air Leakage,0.8,24.7
3862,5.15,34.05,20,10.29,118.94,13,90.87,Air Leakage,0.78,24.25
3863,5.08,34.02,30,10.05,121.88,13,90.81,Air Leakage,0.92,24.14
3864,5.09,34.0,40,10.42,121.11,13,90.74,Air Leakage,0.7,23.55
3865,5.06,33.92,50,9.89,119.94,13,90.66,Air Leakage,0.61,23.14
3866,5.1,33.7,60,9.92,122.73,13,90.62,Air Leakage,0.74,22.44
3867,5.28,33.69,70,10.37,121.09,13,90.58,Air Leakage,0.83,23.14
3868,4.83,33.72,80,10.12,121.25,13,90.51,Air Leakage,0.86,22.63
3869,5.2,33.68,90,9.96,118.96,13,90.46,Air Leakage,0.97,23.21
3870,5.07,33.76,100,10.37,123.25,13,90.42,Air Leakage,0.7,23.11
3871,4.98,33.67,90,10.31,123.53,13,90.34,Air Leakage,0.94,22.39
3872,5.19,33.58,80,10.18,118.61,13,90.28,Air Leakage,0.64,23.07
3873,5.16,33.61,70,10.38,120.96,13,90.22,Air Leakage,0.63,22.94
3874,5.3,33.54,60,10.26,116.98,13,90.17,Air Leakage,0.76,23.56
3875,4.99,33.8,50,10.62,120.03,13,90.1,Air Leakage,1.08,23.73
3876,5.2,33.59,40,10.01,119.93,13,90.04,Air Leakage,0.52,23.93
3877,4.93,33.49,30,10.74,120.18,13,89.95,Air Leakage,0.99,24.29
3878,4.95,33.28,20,10.32,119.04,13,89.87,Air Leakage,0.97,23.66
3879,5.12,33.19,10,10.34,116.76,13,89.81,Air Leakage,0.5,23.28
3880,5.08,33.39,0,10.46,119.83,14,89.75,Air Leakage,0.64,23.36
3881,4.93,33.38,10,10.67,122.02,14,89.68,Air Leakage,0.72,23.96
3882,5.26,33.38,20,10.62,120.93,14,89.64,Air Leakage,0.89,24.2
3883,5.13,33.64,30,10.18,117.48,14,89.56,Air Leakage,0.89,23.7
3884,5.07,33.66,40,10.51,116.55,14,89.51,Air Leakage,1.01,24.0
3885,5.18,33.63,50,10.21,118.48,14,89.43,Air Leakage,0.93,24.51
3886,5.1,33.45,60,10.29,118.09,14,89.35,Air Leakage,1.03,24.1
3887,5.21,33.44,70,10.04,116.12,14,89.27,Air Leakage,0.86,24.23
3888,5.17,33.67,80,9.99,118.99,14,89.22,Air Leakage,0.56,24.19
3889,5.14,33.85,90,10.35,120.99,14,89.19,Air Leakage,0.99,23.85
3890,5.32,33.64,100,10.05,118.34,14,89.13,Air Leakage,0.88,24.31
3891,5.23,33.63,90,10.09,118.28,14,89.06,Air Leakage,0.78,24.73
3892,5.27,33.77,80,10.35,118.66,14,89.0,Air Leakage,0.83,24.41
3893,5.09,33.78,70,10.59,117.85,14,88.93,Air Leakage,1.03,24.63
3894,5.08,33.87,60,10.0,117.35,14,88.86,Air Leakage,1.21,24.75
3895,5.05,33.93,50,10.47,120.13,14,88.79,Air Leakage,0.66,24.5
3896,5.09,33.97,40,10.42,119.51,14,88.74,Air Leakage,1.02,23.87
3897,5.31,34.2,30,10.28,122.81,14,88.7,Air Leakage,0.82,23.37
3898,4.97,34.4,20,10.77,120.75,14,88.66,Air Leakage,0.48,22.69
3899,5.16,34.37,10,10.51,117.8,14,88.6,Air Leakage,0.7,22.49
3900,4.95,33.98,0,10.44,119.2,15,88.55,Air Leakage,0.73,23.1
3901,5.07,33.71,10,10.33,117.91,15,88.48,Air Leakage,0.62,23.43
3902,5.05,33.82,20,9.94,117.3,15,88.44,Air Leakage,0.61,23.58
3903,5.0,33.62,30,10.51,115.06,15,88.41,Air Leakage,1.0,24.13
3904,5.06,33.59,40,10.33,118.24,15,88.36,Air Leakage,0.69,23.42
3905,5.09,33.54,50,9.8,119.84,15,88.32,Air Leakage,0.6,23.96
3906,5.17,33.58,60,10.49,119.46,15,88.25,Air Leakage,0.61,23.61
3907,5.13,33.57,70,10.3,120.1,15,88.21,Air Leakage,0.59,23.41
3908,4.92,33.79,80,10.36,117.95,15,88.14,Air Leakage,0.75,22.65
3909,5.26,33.92,90,9.98,119.96,15,88.1,Air Leakage,0.87,22.54
3910,5.09,33.73,100,10.72,120.4,15,88.02,Air Leakage,0.85,23.05
3911,5.15,33.67,90,10.27,121.38,15,87.97,Air Leakage,0.87,22.47
3912,5.08,33.56,80,10.33,120.06,15,87.91,Air Leakage,0.97,21.98
3913,4.89,33.42,70,10.03,116.95,15,87.86,Air Leakage,1.0,21.87
3914,5.06,33.39,60,10.12,120.52,15,87.82,Air Leakage,1.02,21.25
3915,4.91,33.52,50,10.05,121.52,15,87.77,Air Leakage,0.51,21.5
3916,4.78,33.4,40,10.33,119.24,15,87.71,Air Leakage,0.6,21.49
3917,4.87,33.26,30,10.71,120.27,15,87.64,Air Leakage,0.72,22.09
3918,5.12,33.29,20,10.42,120.64,15,87.57,Air Leakage,1.15,22.46
3919,5.23,33.17,10,10.17,119.65,15,87.51,Air Leakage,1.03,22.6
3920,5.2,33.27,0,10.13,117.57,16,87.43,Air Leakage,0.61,23.18
3921,5.38,33.25,10,10.04,118.32,16,87.39,Air Leakage,0.53,23.67
3922,5.12,33.45,20,10.43,115.89,16,87.33,Air Leakage,0.92,23.77
3923,5.11,33.3,30,10.39,122.61,16,87.28,Air Leakage,0.81,23.7
3924,5.1,33.67,40,10.67,119.61,16,87.2,Air Leakage,0.72,24.26
3925,5.0,33.77,50,10.26,120.99,16,87.13,Air Leakage,0.7,24.67
3926,4.98,33.98,60,10.13,116.68,16,87.05,Air Leakage,0.95,25.03
3927,5.32,33.68,70,10.12,120.42,16,86.97,Air Leakage,0.64,24.82
3928,5.0,33.76,80,10.22,120.86,16,86.9,Air Leakage,0.93,23.94
3929,5.17,33.99,90,10.11,117.84,16,86.82,Air Leakage,0.66,23.29
3930,4.92,33.88,100,10.86,119.14,16,86.74,Air Leakage,0.86,23.08
3931,4.9,33.83,90,10.22,119.53,16,86.68,Air Leakage,1.1,23.66
3932,5.22,34.2,80,10.13,117.69,16,86.6,Air Leakage,0.77,23.4
3933,5.1,34.26,70,10.26,118.61,16,86.52,Air Leakage,1.0,23.38
3934,5.2,34.08,60,10.16,121.85,16,86.46,Air Leakage,0.73,23.13
3935,5.16,33.94,50,10.49,115.24,16,86.39,Air Leakage,1.13,22.69
3936,5.08,33.88,40,10.51,123.51,16,86.35,Air Leakage,0.96,22.89
3937,5.01,33.84,30,10.04,121.75,16,86.31,Air Leakage,0.91,23.49
3938,5.01,33.92,20,10.21,118.0,16,86.23,Air Leakage,0.84,23.85
3939,4.9,34.19,10,10.56,118.42,16,86.15,Air Leakage,0.64,24.09
3940,4.89,34.33,0,10.15,122.94,17,86.12,Air Leakage,0.97,24.64
3941,5.12,34.28,10,10.48,117.44,17,86.04,Air Leakage,0.66,24.18
3942,5.03,34.29,20,10.11,123.01,17,85.98,Air Leakage,0.81,23.44
3943,5.06,34.34,30,10.44,115.42,17,85.91,Air Leakage,0.98,23.94
3944,5.17,34.33,40,10.54,121.95,17,85.84,Air Leakage,0.92,23.2
3945,5.23,34.01,50,10.51,119.17,17,85.76,Air Leakage,0.73,23.44
3946,4.88,34.03,60,10.37,117.99,17,85.71,Air Leakage,0.65,23.69
3947,5.21,34.07,70,10.24,120.87,17,85.64,Air Leakage,0.77,23.38
3948,5.1,34.03,80,10.13,120.47,17,85.56,Air Leakage,1.14,23.68
3949,5.11,33.85,90,10.08,120.01,17,85.51,Air Leakage,0.8,23.8
3950,5.21,34.01,100,10.69,120.54,17,85.45,Air Leakage,0.88,23.17
3951,5.16,33.9,90,10.52,118.09,17,85.38,Air Leakage,0.61,22.89
3952,5.31,33.71,80,10.48,119.43,17,85.34,Air Leakage,0.9,22.87
3953,4.95,33.74,70,10.24,119.46,17,85.27,Air Leakage,1.18,22.19
3954,4.92,33.91,60,10.49,120.81,17,85.23,Air Leakage,0.93,22.43
3955,5.27,34.12,50,10.18,117.93,17,85.17,Air Leakage,0.88,22.96
3956,5.08,33.83,40,10.28,118.26,17,85.12,Air Leakage,1.04,22.66
3957,5.15,33.79,30,10.35,118.04,17,85.07,Air Leakage,0.93,22.96
3958,5.0,33.82,20,10.17,119.95,17,85.01,Air Leakage,0.85,23.35
3959,5.17,34.07,10,10.16,118.57,17,84.96,Air Leakage,0.8,23.11
3960,5.12,34.18,0,10.11,116.84,18,84.9,Air Leakage,0.84,22.95
3961,5.13,34.31,10,9.98,118.72,18,84.86,Air Leakage,1.11,23.52
3962,5.07,34.23,20,10.64,117.87,18,84.81,Air Leakage,0.99,23.7
3963,5.27,34.18,30,10.82,118.1,18,84.74,Air Leakage,0.58,23.11
3964,5.13,34.17,40,9.83,122.77,18,84.67,Air Leakage,0.53,23.51
3965,5.29,34.21,50,10.49,120.57,18,84.62,Air Leakage,0.81,22.73
3966,5.13,34.27,60,10.55,118.86,18,84.55,Air Leakage,0.85,22.79
3967,4.85,34.23,70,10.02,118.3,18,84.47,Air Leakage,0.71,22.19
3968,4.91,34.0,80,9.88,120.96,18,84.39,Air Leakage,0.57,22.14
3969,5.0,34.18,90,10.57,120.26,18,84.34,Air Leakage,0.88,21.93
3970,5.19,34.15,100,10.55,118.85,18,84.28,Air Leakage,0.63,22.47
3971,4.85,34.19,90,10.06,122.77,18,84.21,Air Leakage,0.57,22.04
3972,5.08,34.08,80,10.75,120.33,18,84.15,Air Leakage,0.83,21.62
3973,4.93,34.22,70,9.95,116.43,18,84.11,Air Leakage,1.09,21.18
3974,5.22,34.13,60,10.9,122.4,18,84.03,Air Leakage,0.93,21.83
3975,5.0,34.24,50,10.12,120.03,18,83.96,Air Leakage,0.72,21.9
3976,5.2,34.16,40,10.52,119.7,18,83.91,Air Leakage,0.49,21.53
3977,5.03,34.0,30,10.56,118.54,18,83.84,Air Leakage,0.92,21.71
3978,5.17,33.98,20,10.14,120.65,18,83.79,Air Leakage,1.05,22.0
3979,5.31,33.89,10,10.18,122.02,18,83.73,Air Leakage,0.83,22.22
3980,4.94,33.93,0,10.29,119.37,19,83.65,Air Leakage,0.64,22.93
3981,5.09,34.12,10,10.19,119.99,19,83.57,Air Leakage,1.21,22.78
3982,5.04,34.25,20,10.15,119.94,19,83.52,Air Leakage,0.88,23.0
3983,5.18,34.19,30,10.36,123.69,19,83.45,Air Leakage,1.0,23.5
3984,5.15,34.22,40,10.13,122.4,19,83.37,Air Leakage,0.85,23.66
3985,4.91,34.31,50,10.22,121.83,19,83.3,Air Leakage,1.02,23.43
3986,5.21,33.95,60,10.5,117.26,19,83.23,Air Leakage,1.11,23.02
3987,5.1,34.12,70,10.0,120.68,19,83.17,Air Leakage,0.53,22.73
3988,5.2,34.11,80,10.46,119.35,19,83.1,Air Leakage,0.59,22.79
3989,5.11,34.13,90,10.36,118.98,19,83.05,Air Leakage,0.59,23.03
3990,4.99,34.04,100,10.54,120.38,19,82.99,Air Leakage,1.1,23.44
3991,5.08,33.77,90,10.06,121.48,19,82.91,Air Leakage,1.17,22.89
3992,5.26,33.62,80,9.96,120.95,19,82.87,Air Leakage,0.93,23.53
3993,5.02,33.73,70,10.37,119.43,19,82.82,Air Leakage,1.04,23.94
3994,5.41,33.76,60,10.19,120.56,19,82.76,Air Leakage,1.19,24.23
3995,5.19,33.85,50,10.55,118.75,19,82.71,Air Leakage,1.1,24.2
3996,5.07,33.89,40,10.35,116.94,19,82.64,Air Leakage,0.56,23.77
3997,4.98,33.83,30,10.47,121.18,19,82.59,Air Leakage,0.87,23.77
3998,4.95,34.04,20,9.87,121.93,19,82.51,Air Leakage,0.88,24.3
3999,5.29,34.05,10,10.2,121.02,19,82.45,Air Leakage,1.01,24.5
4000,5.29,34.01,0,10.23,117.2,20,82.38,Air Leakage,0.67,24.0
4001,5.15,30.18,10,9.87,122.42,0,100.0,Healthy,0.43,16.46
4002,5.25,30.37,20,10.18,126.5,0,99.99,Healthy,0.34,17.63
4003,5.24,30.45,30,9.69,121.64,0,99.99,Healthy,0.48,18.43
4004,5.18,30.55,40,9.95,125.31,0,99.99,Healthy,0.34,19.13
4005,5.35,30.84,50,10.33,122.6,0,99.99,Healthy,0.43,20.56
4006,5.23,31.06,60,10.11,122.4,0,99.98,Healthy,0.43,22.29
4007,5.38,31.3,70,10.33,124.69,0,99.98,Healthy,0.38,23.18
4008,5.29,31.42,80,9.8,119.73,0,99.98,Healthy,0.41,24.44
4009,5.45,31.63,90,10.14,120.41,0,99.98,Healthy,0.43,25.13
4010,5.46,31.82,100,9.85,120.68,0,99.97,Healthy,0.5,26.41
4011,5.34,32.04,90,10.24,123.25,0,99.97,Healthy,0.55,26.45
4012,5.42,32.15,80,10.05,119.86,0,99.97,Healthy,0.54,27.69
4013,5.41,32.34,70,9.73,122.96,0,99.97,Healthy,0.43,28.62
4014,5.48,32.4,60,10.12,122.77,0,99.97,Healthy,0.44,29.58
4015,5.59,32.56,50,10.06,122.41,0,99.96,Healthy,0.36,30.63
4016,5.53,32.58,40,10.29,120.47,0,99.96,Healthy,0.42,30.37
4017,5.46,32.72,30,9.8,122.39,0,99.96,Healthy,0.4,30.21
4018,5.57,32.76,20,10.17,122.02,0,99.95,Healthy,0.53,31.19
4019,5.41,32.82,10,10.12,119.55,0,99.95,Healthy,0.49,31.19
4020,5.54,32.74,0,10.09,118.96,1,99.95,Healthy,0.52,31.9
4021,5.46,32.82,10,9.86,118.64,1,99.94,Healthy,0.39,32.21
4022,5.55,32.86,20,9.93,122.52,1,99.94,Healthy,0.37,32.05
4023,5.6,32.86,30,10.15,120.7,1,99.94,Healthy,0.45,32.24
4024,5.62,32.99,40,9.91,117.88,1,99.93,Healthy,0.51,33.04
4025,5.56,32.97,50,10.21,119.99,1,99.93,Healthy,0.46,32.55
4026,5.51,32.97,60,10.09,121.84,1,99.93,Healthy,0.5,32.26
4027,5.53,33.13,70,10.2,117.92,1,99.93,Healthy,0.49,31.74
4028,5.65,33.13,80,9.67,117.71,1,99.93,Healthy,0.36,31.74
4029,5.65,33.06,90,10.06,118.12,1,99.92,Healthy,0.49,31.88
4030,5.42,33.22,100,9.91,121.61,1,99.92,Healthy,0.38,31.52
4031,5.57,33.35,90,9.9,119.23,1,99.92,Healthy,0.44,31.67
4032,5.48,33.27,80,9.87,120.01,1,99.92,Healthy,0.38,32.21
4033,5.52,33.25,70,10.28,119.64,1,99.92,Healthy,0.43,31.75
4034,5.59,33.23,60,10.16,120.0,1,99.92,Healthy,0.49,32.39
4035,5.43,33.33,50,10.05,122.48,1,99.91,Healthy,0.52,32.05
4036,5.48,33.25,40,9.78,119.16,1,99.91,Healthy,0.52,32.89
4037,5.59,33.22,30,10.12,121.15,1,99.91,Healthy,0.47,32.82
4038,5.52,33.09,20,10.06,118.75,1,99.9,Healthy,0.52,32.39
4039,5.44,33.21,10,10.05,119.79,1,99.9,Healthy,0.42,32.76
4040,5.47,33.3,0,10.24,118.0,2,99.9,Healthy,0.45,32.5
4041,5.48,33.3,10,10.05,117.47,2,99.9,Healthy,0.43,32.74
4042,5.51,33.37,20,9.78,117.34,2,99.9,Air Leakage,0.57,33.26
4043,5.67,33.39,30,10.26,121.62,2,99.89,Air Leakage,0.53,33.48
4044,5.56,33.33,40,10.26,119.24,2,99.89,Air Leakage,0.47,33.78
4045,5.67,33.46,50,10.03,118.73,2,99.89,Air Leakage,0.41,33.91
4046,5.49,33.38,60,10.16,118.9,2,99.89,Air Leakage,0.38,33.48
4047,5.55,33.4,70,9.86,120.23,2,99.88,Air Leakage,0.38,33.25
4048,5.57,33.42,80,9.73,117.79,2,99.88,Air Leakage,0.48,33.04
4049,5.54,33.4,90,9.68,120.23,2,99.87,Air Leakage,0.62,32.69
4050,5.59,33.38,100,9.95,118.37,2,99.87,Air Leakage,0.64,32.36
4051,5.49,33.46,90,9.94,118.25,2,99.86,Air Leakage,0.55,33.06
4052,5.56,33.39,80,9.83,121.79,2,99.85,Air Leakage,0.52,33.43
4053,5.51,33.56,70,10.26,119.46,2,99.84,Air Leakage,0.45,32.87
4054,5.53,33.52,60,10.29,117.75,2,99.84,Air Leakage,0.5,33.52
4055,5.51,33.55,50,10.15,118.45,2,99.83,Air Leakage,0.46,33.57
4056,5.49,33.46,40,9.7,117.6,2,99.82,Air Leakage,0.64,33.48
4057,5.48,33.41,30,9.86,120.59,2,99.81,Air Leakage,0.62,33.6
4058,5.51,33.4,20,10.22,119.22,2,99.79,Air Leakage,0.57,33.13
4059,5.57,33.3,10,10.3,118.62,2,99.78,Air Leakage,0.56,33.82
4060,5.61,33.33,0,10.04,116.82,3,99.77,Air Leakage,0.52,33.27
4061,5.46,33.32,10,9.81,118.09,3,99.76,Air Leakage,0.6,33.18
4062,5.46,33.33,20,10.31,117.29,3,99.75,Air Leakage,0.54,33.53
4063,5.49,33.41,30,10.02,117.04,3,99.74,Air Leakage,0.52,34.17
4064,5.53,33.45,40,9.84,117.27,3,99.72,Air Leakage,0.7,34.28
4065,5.58,33.39,50,10.03,121.41,3,99.7,Air Leakage,0.52,34.6
4066,5.66,33.33,60,9.99,117.59,3,99.68,Air Leakage,0.64,34.6
4067,5.54,33.36,70,9.98,119.78,3,99.67,Air Leakage,0.67,34.49
4068,5.4,33.44,80,10.04,120.32,3,99.65,Air Leakage,0.64,34.79
4069,5.68,33.49,90,9.96,115.93,3,99.64,Air Leakage,0.55,34.97
4070,5.46,33.64,100,10.51,116.94,3,99.62,Air Leakage,0.68,34.45
4071,5.44,33.66,90,10.04,116.35,3,99.6,Air Leakage,0.67,34.07
4072,5.44,33.81,80,10.23,117.45,3,99.57,Air Leakage,0.51,33.4
4073,5.63,33.75,70,10.42,120.54,3,99.54,Air Leakage,0.69,33.59
4074,5.46,33.75,60,10.14,119.85,3,99.52,Air Leakage,0.45,33.26
4075,5.55,33.83,50,10.41,117.56,3,99.49,Air Leakage,0.7,33.41
4076,5.56,33.73,40,10.21,118.15,3,99.47,Air Leakage,0.65,34.13
4077,5.37,33.77,30,10.22,118.73,3,99.45,Air Leakage,0.68,33.56
4078,5.41,33.84,20,10.32,120.22,3,99.43,Air Leakage,0.63,33.52
4079,5.3,33.98,10,9.9,120.04,3,99.4,Air Leakage,0.58,33.19
4080,5.29,34.0,0,9.78,118.36,4,99.38,Air Leakage,0.64,32.75
4081,5.4,33.94,10,10.31,118.96,4,99.34,Air Leakage,0.68,33.11
4082,5.31,33.79,20,10.13,115.58,4,99.31,Air Leakage,0.73,32.94
4083,5.46,33.88,30,10.04,119.08,4,99.29,Air Leakage,0.71,32.99
4084,5.43,33.93,40,10.15,117.98,4,99.25,Air Leakage,0.65,33.39
4085,5.45,33.99,50,10.09,118.21,4,99.21,Air Leakage,0.63,33.94
4086,5.55,34.02,60,9.97,117.67,4,99.18,Air Leakage,0.79,34.22
4087,5.55,34.14,70,10.2,116.33,4,99.15,Air Leakage,0.79,33.66
4088,5.38,34.18,80,10.32,117.95,4,99.12,Air Leakage,0.63,33.85
4089,5.49,34.09,90,10.34,120.2,4,99.08,Air Leakage,0.49,33.33
4090,5.32,33.91,100,10.24,119.51,4,99.06,Air Leakage,0.65,34.05
4091,5.49,34.02,90,10.31,120.42,4,99.03,Air Leakage,0.72,34.28
4092,5.65,33.99,80,10.12,117.54,4,98.99,Air Leakage,0.85,34.9
4093,5.53,34.01,70,10.49,120.42,4,98.97,Air Leakage,0.64,34.53
4094,5.43,34.02,60,9.86,116.3,4,98.93,Air Leakage,0.73,33.99
4095,5.54,33.92,50,10.06,118.1,4,98.88,Air Leakage,0.72,34.55
4096,5.51,34.22,40,10.36,117.29,4,98.84,Air Leakage,0.59,34.5
4097,5.45,34.1,30,10.31,117.75,4,98.82,Air Leakage,0.71,34.52
4098,5.24,34.29,20,10.19,119.22,4,98.77,Air Leakage,0.7,34.36
4099,5.35,34.5,10,10.26,118.31,4,98.72,Air Leakage,0.5,33.8
4100,5.32,34.51,0,10.25,115.92,5,98.7,Air Leakage,0.75,34.39
4101,5.52,34.58,10,10.23,121.2,5,98.65,Air Leakage,0.8,33.97
4102,5.37,34.7,20,10.38,118.87,5,98.62,Air Leakage,0.82,34.55
4103,5.41,34.62,30,10.47,119.52,5,98.58,Air Leakage,0.75,34.3
4104,5.34,34.63,40,9.75,116.86,5,98.55,Air Leakage,0.73,34.13
4105,5.43,34.51,50,10.29,118.91,5,98.5,Air Leakage,0.76,33.47
4106,5.37,34.5,60,10.43,116.05,5,98.46,Air Leakage,1.0,33.98
4107,5.53,34.54,70,10.3,116.65,5,98.44,Air Leakage,0.88,34.48
4108,5.5,34.67,80,10.3,119.7,5,98.4,Air Leakage,0.79,35.03
4109,5.21,34.76,90,10.44,119.21,5,98.36,Air Leakage,0.72,34.32
4110,5.46,34.76,100,10.25,116.84,5,98.33,Air Leakage,0.81,33.78
4111,5.3,34.7,90,10.31,115.66,5,98.28,Air Leakage,0.74,33.99
4112,5.23,34.75,80,9.96,116.15,5,98.25,Air Leakage,0.83,33.51
4113,5.44,34.48,70,10.14,117.23,5,98.22,Air Leakage,0.61,33.39
4114,5.4,34.38,60,10.03,116.06,5,98.17,Air Leakage,0.69,32.98
4115,5.36,34.51,50,10.3,117.92,5,98.14,Air Leakage,0.87,32.78
4116,5.35,34.56,40,10.26,116.94,5,98.11,Air Leakage,0.85,32.76
4117,5.46,34.42,30,10.67,114.53,5,98.08,Air Leakage,0.74,32.94
4118,5.52,34.27,20,10.07,117.59,5,98.05,Air Leakage,0.66,32.52
4119,5.44,34.37,10,10.25,114.38,5,98.02,Air Leakage,0.54,33.02
4120,5.44,34.34,0,10.42,119.31,6,97.99,Air Leakage,0.88,33.46
4121,5.55,34.63,10,10.06,119.76,6,97.95,Air Leakage,0.69,33.95
4122,5.38,34.46,20,10.25,115.95,6,97.92,Air Leakage,0.69,33.62
4123,5.5,34.54,30,10.07,117.09,6,97.87,Air Leakage,0.73,34.2
4124,5.42,34.4,40,10.24,117.44,6,97.84,Air Leakage,0.87,34.77
4125,5.46,34.19,50,10.11,118.73,6,97.79,Air Leakage,0.71,34.94
4126,5.42,34.23,60,9.95,119.45,6,97.74,Air Leakage,0.97,34.24
4127,5.44,34.25,70,10.49,116.88,6,97.7,Air Leakage,0.79,34.02
4128,5.36,34.33,80,10.09,117.85,6,97.67,Air Leakage,0.65,33.73
4129,5.53,34.32,90,9.95,116.76,6,97.61,Air Leakage,0.68,33.22
4130,5.34,34.34,100,10.38,117.47,6,97.56,Air Leakage,0.83,33.5
4131,5.47,34.2,90,9.99,119.18,6,97.54,Air Leakage,0.78,33.12
4132,5.31,34.12,80,10.37,119.6,6,97.5,Air Leakage,0.78,32.68
4133,5.26,34.19,70,10.15,119.92,6,97.47,Air Leakage,0.72,32.11
4134,5.28,34.08,60,10.03,117.44,6,97.44,Air Leakage,0.83,32.65
4135,5.45,34.25,50,10.27,118.71,6,97.41,Air Leakage,0.8,33.02
4136,5.41,34.23,40,10.13,117.65,6,97.37,Air Leakage,0.8,33.41
4137,5.25,34.32,30,10.21,116.59,6,97.35,Air Leakage,0.8,33.81
4138,5.39,34.3,20,9.92,116.94,6,97.31,Air Leakage,0.96,34.45
4139,5.42,34.26,10,9.8,119.7,6,97.27,Air Leakage,0.87,34.8
4140,5.58,34.25,0,10.17,118.51,7,97.24,Air Leakage,0.74,34.05
4141,5.2,34.25,10,10.35,117.36,7,97.19,Air Leakage,0.62,34.22
4142,5.42,34.29,20,10.11,120.68,7,97.14,Air Leakage,0.62,34.4
4143,5.48,34.28,30,10.25,119.41,7,97.11,Air Leakage,0.48,34.63
4144,5.26,34.23,40,10.52,119.0,7,97.07,Air Leakage,0.82,34.06
4145,5.36,34.29,50,10.33,114.78,7,97.03,Air Leakage,0.8,34.6
4146,5.39,34.44,60,10.38,114.99,7,96.99,Air Leakage,0.93,34.99
4147,5.39,34.52,70,10.39,116.05,7,96.95,Air Leakage,0.78,34.86
4148,5.47,34.4,80,10.06,119.44,7,96.92,Air Leakage,0.63,35.41
4149,5.36,34.5,90,10.35,117.55,7,96.88,Air Leakage,0.63,35.58
4150,5.33,34.45,100,10.18,117.94,7,96.85,Air Leakage,0.77,35.53
4151,5.6,34.59,90,10.5,118.96,7,96.8,Air Leakage,0.79,36.1
4152,5.57,34.43,80,10.18,114.89,7,96.76,Air Leakage,0.65,36.42
4153,5.59,34.58,70,10.04,117.48,7,96.72,Air Leakage,0.71,36.01
4154,5.29,34.63,60,9.93,114.94,7,96.67,Air Leakage,0.9,35.46
4155,5.4,34.72,50,9.81,118.61,7,96.63,Air Leakage,0.91,35.96
4156,5.47,34.67,40,9.84,116.08,7,96.6,Air Leakage,0.93,35.83
4157,5.31,34.62,30,9.96,116.88,7,96.55,Air Leakage,0.71,35.88
4158,5.4,34.66,20,10.22,116.28,7,96.51,Air Leakage,0.73,36.1
4159,5.62,34.68,10,10.27,115.44,7,96.46,Air Leakage,0.72,36.42
4160,5.47,34.63,0,10.13,116.57,8,96.43,Air Leakage,0.98,36.45
4161,5.48,34.58,10,10.2,117.19,8,96.37,Air Leakage,0.55,36.69
4162,5.41,34.56,20,9.95,113.68,8,96.33,Air Leakage,0.62,36.18
4163,5.57,34.62,30,9.96,117.63,8,96.29,Air Leakage,0.81,35.99
4164,5.36,34.5,40,10.35,114.29,8,96.25,Air Leakage,0.67,35.67
4165,5.38,34.53,50,10.4,119.32,8,96.21,Air Leakage,0.89,35.5
4166,5.51,34.58,60,9.96,117.53,8,96.18,Air Leakage,0.82,35.8
4167,5.42,34.5,70,10.08,117.02,8,96.15,Air Leakage,0.59,35.14
4168,5.57,34.59,80,10.5,117.43,8,96.12,Air Leakage,0.91,34.39
4169,5.58,34.74,90,10.03,115.53,8,96.09,Air Leakage,0.57,34.8
4170,5.42,34.85,100,10.42,115.55,8,96.06,Air Leakage,0.82,35.43
4171,5.45,34.9,90,10.3,116.54,8,96.01,Air Leakage,0.62,35.59
4172,5.5,34.67,80,10.02,120.27,8,95.96,Air Leakage,0.89,35.27
4173,5.35,34.58,70,9.94,118.76,8,95.91,Air Leakage,0.7,34.52
4174,5.35,34.52,60,10.45,116.13,8,95.88,Air Leakage,0.74,34.57
4175,5.54,34.54,50,10.65,115.68,8,95.83,Air Leakage,0.92,34.99
4176,5.48,34.6,40,10.16,116.07,8,95.78,Air Leakage,0.73,35.11
4177,5.5,34.66,30,10.22,114.85,8,95.73,Air Leakage,0.61,35.61
4178,5.35,34.72,20,10.46,117.99,8,95.7,Air Leakage,0.69,35.52
4179,5.43,34.81,10,10.12,117.81,8,95.65,Air Leakage,0.89,35.44
4180,5.46,34.86,0,10.16,118.71,9,95.63,Air Leakage,0.6,34.84
4181,5.47,34.76,10,10.15,117.72,9,95.6,Air Leakage,0.65,35.19
4182,5.43,34.71,20,10.12,118.78,9,95.55,Air Leakage,0.58,35.39
4183,5.45,34.74,30,10.09,118.08,9,95.51,Air Leakage,0.73,34.98
4184,5.42,34.71,40,10.19,118.72,9,95.47,Air Leakage,0.72,34.26
4185,5.43,34.76,50,10.39,118.21,9,95.41,Air Leakage,0.53,34.31
4186,5.34,34.69,60,10.0,117.58,9,95.37,Air Leakage,0.73,33.7
4187,5.38,34.57,70,10.34,116.01,9,95.35,Air Leakage,0.46,33.98
4188,5.23,34.32,80,10.09,117.58,9,95.32,Air Leakage,0.57,33.29
4189,5.38,34.13,90,10.44,117.45,9,95.28,Air Leakage,0.67,34.0
4190,5.61,34.1,100,10.0,118.96,9,95.23,Air Leakage,0.82,34.55
4191,5.48,34.3,90,10.1,116.56,9,95.2,Air Leakage,0.62,34.31
4192,5.39,34.37,80,9.96,119.93,9,95.17,Air Leakage,0.85,34.8
4193,5.65,34.44,70,10.04,115.16,9,95.12,Air Leakage,0.95,34.76
4194,5.61,34.33,60,10.21,115.63,9,95.1,Air Leakage,0.85,34.41
4195,5.28,34.31,50,9.76,115.58,9,95.05,Air Leakage,0.64,34.63
4196,5.5,34.25,40,10.37,115.19,9,95.01,Air Leakage,0.86,35.02
4197,5.52,34.38,30,10.11,116.47,9,94.96,Air Leakage,0.9,34.28
4198,5.44,34.37,20,10.08,120.41,9,94.91,Air Leakage,0.75,33.99
4199,5.35,34.42,10,9.94,116.04,9,94.88,Air Leakage,0.71,33.74
4200,5.4,34.36,0,9.91,118.48,10,94.83,Air Leakage,0.81,33.71
4201,5.39,34.42,10,10.25,115.96,10,94.8,Air Leakage,0.85,33.39
4202,5.5,34.35,20,10.09,114.27,10,94.75,Air Leakage,0.85,33.75
4203,5.58,34.51,30,9.92,116.62,10,94.71,Air Leakage,0.87,33.31
4204,5.38,34.62,40,10.34,120.14,10,94.67,Air Leakage,0.59,34.01
4205,5.24,34.3,50,10.37,118.35,10,94.64,Air Leakage,0.91,33.47
4206,5.49,34.3,60,10.28,119.36,10,94.6,Air Leakage,0.61,32.92
4207,5.24,34.51,70,10.27,116.11,10,94.57,Air Leakage,0.76,32.87
4208,5.49,34.45,80,9.93,120.43,10,94.54,Air Leakage,0.47,33.48
4209,5.42,34.38,90,10.13,116.92,10,94.51,Air Leakage,0.73,33.86
4210,5.5,34.34,100,10.25,118.94,10,94.46,Air Leakage,0.69,33.72
4211,5.42,34.26,90,10.09,120.99,10,94.43,Air Leakage,0.97,34.43
4212,5.45,34.46,80,10.2,116.54,10,94.38,Air Leakage,0.81,33.85
4213,5.44,34.37,70,10.06,115.24,10,94.33,Air Leakage,0.68,34.43
4214,5.35,34.37,60,10.35,116.47,10,94.29,Air Leakage,0.91,33.92
4215,5.41,34.39,50,9.99,116.64,10,94.25,Air Leakage,0.82,33.61
4216,5.39,34.49,40,10.19,118.19,10,94.2,Air Leakage,0.61,34.11
4217,5.52,34.48,30,9.83,119.31,10,94.17,Air Leakage,0.71,34.7
4218,5.45,34.48,20,10.39,117.96,10,94.11,Air Leakage,0.78,34.91
4219,5.33,34.49,10,10.16,114.18,10,94.09,Air Leakage,0.72,35.17
4220,5.28,34.61,0,9.94,115.94,11,94.04,Air Leakage,0.54,34.97
4221,5.27,34.61,10,10.07,116.84,11,94.01,Air Leakage,0.9,35.14
4222,5.43,34.45,20,10.05,114.2,11,93.97,Air Leakage,0.67,34.74
4223,5.47,34.37,30,10.09,115.98,11,93.95,Air Leakage,0.88,34.39
4224,5.49,34.26,40,10.06,119.85,11,93.91,Air Leakage,0.93,34.19
4225,5.33,34.04,50,9.96,119.81,11,93.89,Air Leakage,0.67,34.62
4226,5.52,33.97,60,10.25,115.38,11,93.84,Air Leakage,0.79,33.93
4227,5.42,34.25,70,10.07,115.81,11,93.81,Air Leakage,0.67,33.36
4228,5.56,34.22,80,10.04,118.93,11,93.75,Air Leakage,0.71,33.66
4229,5.4,34.26,90,10.5,120.39,11,93.73,Air Leakage,0.9,33.15
4230,5.51,34.29,100,10.37,116.37,11,93.68,Air Leakage,0.78,33.62
4231,5.28,34.37,90,10.43,118.12,11,93.62,Air Leakage,0.92,34.16
4232,5.37,34.36,80,10.06,119.86,11,93.58,Air Leakage,0.73,34.03
4233,5.53,34.3,70,10.08,117.25,11,93.54,Air Leakage,0.56,33.34
4234,5.58,34.27,60,10.13,116.72,11,93.51,Air Leakage,0.7,32.91
4235,5.37,34.3,50,10.15,119.71,11,93.47,Air Leakage,0.87,33.12
4236,5.39,34.35,40,9.99,117.12,11,93.45,Air Leakage,0.59,33.0
4237,5.41,34.36,30,10.01,117.12,11,93.42,Air Leakage,1.01,32.55
4238,5.55,34.33,20,10.35,115.98,11,93.37,Air Leakage,0.65,33.15
4239,5.24,34.24,10,10.16,117.85,11,93.34,Air Leakage,0.92,33.0
4240,5.38,34.32,0,9.81,116.37,12,93.31,Air Leakage,0.58,32.53
4241,5.29,34.39,10,9.89,118.3,12,93.28,Air Leakage,0.8,32.2
4242,5.36,34.56,20,9.97,120.45,12,93.24,Air Leakage,0.87,32.64
4243,5.44,34.63,30,10.02,116.12,12,93.19,Air Leakage,0.59,33.36
4244,5.45,34.64,40,10.24,119.81,12,93.16,Air Leakage,0.57,33.29
4245,5.37,34.7,50,10.33,120.06,12,93.12,Air Leakage,0.79,32.98
4246,5.32,34.68,60,10.27,118.21,12,93.07,Air Leakage,0.85,33.72
4247,5.61,34.67,70,10.3,117.46,12,93.01,Air Leakage,0.6,33.37
4248,5.43,34.54,80,10.37,121.21,12,92.99,Air Leakage,0.56,33.76
4249,5.21,34.5,90,10.35,117.05,12,92.95,Air Leakage,0.62,34.11
4250,5.44,34.5,100,10.27,116.41,12,92.91,Air Leakage,0.92,33.9
4251,5.51,34.6,90,10.51,117.79,12,92.89,Air Leakage,0.77,34.19
4252,5.28,34.61,80,10.16,118.7,12,92.84,Air Leakage,0.95,34.69
4253,5.35,34.68,70,9.94,115.88,12,92.82,Air Leakage,0.75,34.96
4254,5.43,34.63,60,10.66,117.11,12,92.78,Air Leakage,0.95,34.5
4255,5.55,34.49,50,10.53,116.15,12,92.75,Air Leakage,1.0,34.33
4256,5.62,34.56,40,10.32,118.79,12,92.71,Air Leakage,0.72,34.56
4257,5.41,34.5,30,10.4,116.71,12,92.69,Air Leakage,0.76,34.44
4258,5.34,34.42,20,10.37,115.63,12,92.65,Air Leakage,0.9,34.09
4259,5.36,34.48,10,10.47,114.54,12,92.62,Air Leakage,0.81,34.59
4260,5.38,34.38,0,9.97,117.74,13,92.59,Air Leakage,0.95,33.99
4261,5.49,34.49,10,10.3,117.72,13,92.54,Air Leakage,0.86,34.52
4262,5.3,34.48,20,9.97,119.48,13,92.51,Air Leakage,0.74,34.8
4263,5.43,34.65,30,9.98,115.97,13,92.48,Air Leakage,0.84,34.15
4264,5.28,34.71,40,10.47,118.51,13,92.45,Air Leakage,0.69,33.98
4265,5.43,34.63,50,10.16,117.77,13,92.39,Air Leakage,0.79,34.25
4266,5.27,34.77,60,10.16,120.2,13,92.34,Air Leakage,0.6,33.7
4267,5.23,34.84,70,9.93,118.03,13,92.32,Air Leakage,0.93,33.91
4268,5.29,34.82,80,10.19,116.22,13,92.29,Air Leakage,0.75,34.57
4269,5.44,34.8,90,10.32,118.09,13,92.25,Air Leakage,0.65,34.89
4270,5.44,34.67,100,10.49,116.05,13,92.22,Air Leakage,0.8,34.35
4271,5.4,34.62,90,10.12,117.29,13,92.19,Air Leakage,0.52,34.29
4272,5.46,34.44,80,10.15,114.76,13,92.16,Air Leakage,0.62,34.94
4273,5.49,34.43,70,9.94,115.22,13,92.11,Air Leakage,0.76,35.19
4274,5.53,34.34,60,10.23,116.26,13,92.06,Air Leakage,0.73,34.61
4275,5.27,34.39,50,10.39,116.31,13,92.02,Air Leakage,0.72,34.77
4276,5.46,34.31,40,10.47,117.36,13,91.98,Air Leakage,0.66,35.02
4277,5.61,34.33,30,9.8,118.76,13,91.95,Air Leakage,0.92,35.25
4278,5.55,34.34,20,10.53,117.08,13,91.9,Air Leakage,0.74,35.2
4279,5.39,34.39,10,10.4,117.78,13,91.88,Air Leakage,0.69,35.71
4280,5.43,34.53,0,10.18,119.02,14,91.85,Air Leakage,0.75,34.94
4281,5.38,34.49,10,10.3,116.76,14,91.81,Air Leakage,0.92,35.02
4282,5.24,34.39,20,10.21,115.11,14,91.76,Air Leakage,0.52,34.45
4283,5.54,34.32,30,10.08,117.32,14,91.73,Air Leakage,0.67,33.87
4284,5.53,34.43,40,9.86,115.8,14,91.69,Air Leakage,0.82,33.95
4285,5.47,34.5,50,10.41,114.66,14,91.66,Air Leakage,0.64,33.75
4286,5.65,34.33,60,10.36,119.64,14,91.63,Air Leakage,0.76,34.18
4287,5.56,34.5,70,10.17,119.77,14,91.59,Air Leakage,0.8,34.63
4288,5.26,34.55,80,10.12,119.98,14,91.56,Air Leakage,0.61,34.09
4289,5.36,34.49,90,10.46,116.15,14,91.52,Air Leakage,0.85,34.46
4290,5.46,34.55,100,10.26,118.99,14,91.49,Air Leakage,0.64,34.98
4291,5.41,34.67,90,9.84,117.74,14,91.45,Air Leakage,0.93,34.68
4292,5.59,34.66,80,10.38,117.09,14,91.42,Air Leakage,0.74,34.85
4293,5.47,34.59,70,10.45,118.56,14,91.38,Air Leakage,0.86,34.19
4294,5.34,34.71,60,9.75,117.65,14,91.34,Air Leakage,0.62,34.3
4295,5.41,34.6,50,10.46,117.34,14,91.31,Air Leakage,0.69,33.66
4296,5.28,34.67,40,10.18,116.71,14,91.28,Air Leakage,0.81,33.72
4297,5.38,34.53,30,10.19,116.56,14,91.24,Air Leakage,0.57,34.14
4298,5.51,34.58,20,10.39,119.98,14,91.19,Air Leakage,0.64,33.5
4299,5.59,34.48,10,10.17,119.09,14,91.15,Air Leakage,0.93,33.6
4300,5.24,34.28,0,10.26,116.1,15,91.11,Air Leakage,0.86,33.67
4301,5.31,34.41,10,10.39,116.04,15,91.07,Air Leakage,0.85,34.21
4302,5.43,34.42,20,10.17,119.47,15,91.04,Air Leakage,0.81,33.57
4303,5.49,34.56,30,10.54,116.85,15,90.99,Air Leakage,0.53,34.02
4304,5.59,34.63,40,10.3,119.75,15,90.94,Air Leakage,0.91,33.44
4305,5.28,34.57,50,10.08,119.25,15,90.9,Air Leakage,0.74,33.85
4306,5.55,34.58,60,10.39,118.93,15,90.87,Air Leakage,0.72,33.43
4307,5.37,34.43,70,9.89,117.27,15,90.82,Air Leakage,0.62,33.52
4308,5.37,34.54,80,10.26,114.51,15,90.77,Air Leakage,0.73,34.13
4309,5.53,34.65,90,10.05,119.74,15,90.74,Air Leakage,0.7,34.47
4310,5.36,34.58,100,9.95,116.62,15,90.7,Air Leakage,0.76,34.48
4311,5.44,34.65,90,10.38,118.98,15,90.66,Air Leakage,0.69,34.87
4312,5.53,34.76,80,10.17,117.1,15,90.61,Air Leakage,0.77,34.15
4313,5.36,34.66,70,10.18,118.61,15,90.57,Air Leakage,0.61,34.32
4314,5.38,34.58,60,10.27,119.7,15,90.53,Air Leakage,0.72,33.78
4315,5.39,34.55,50,10.12,116.76,15,90.49,Air Leakage,0.7,34.33
4316,5.39,34.65,40,10.44,120.27,15,90.45,Air Leakage,0.78,33.88
4317,5.46,34.54,30,10.37,117.93,15,90.41,Air Leakage,0.94,34.23
4318,5.39,34.61,20,10.62,118.37,15,90.38,Air Leakage,0.58,34.44
4319,5.44,34.6,10,9.96,117.74,15,90.35,Air Leakage,0.75,34.09
4320,5.33,34.53,0,10.0,116.18,16,90.32,Air Leakage,0.9,34.09
4321,5.45,34.34,10,10.26,115.86,16,90.29,Air Leakage,0.76,34.67
4322,5.3,34.34,20,9.95,118.76,16,90.25,Air Leakage,0.71,35.19
4323,5.55,34.39,30,10.72,117.07,16,90.21,Air Leakage,0.52,34.92
4324,5.27,34.34,40,9.82,115.69,16,90.16,Air Leakage,0.73,34.85
4325,5.5,34.46,50,10.53,118.27,16,90.12,Air Leakage,0.8,34.99
4326,5.36,34.51,60,10.35,118.53,16,90.08,Air Leakage,0.81,34.96
4327,5.64,34.5,70,10.28,119.84,16,90.05,Air Leakage,0.6,34.22
4328,5.39,34.46,80,9.98,117.75,16,90.02,Air Leakage,0.5,34.36
4329,5.48,34.34,90,10.59,118.35,16,89.99,Air Leakage,0.71,33.91
4330,5.46,34.47,100,9.85,118.09,16,89.95,Air Leakage,0.84,33.51
4331,5.45,34.44,90,10.44,116.37,16,89.93,Air Leakage,0.66,34.09
4332,5.52,34.37,80,10.05,117.23,16,89.89,Air Leakage,0.62,34.17
4333,5.35,34.39,70,10.07,117.25,16,89.86,Air Leakage,0.97,34.65
4334,5.51,34.27,60,10.27,114.74,16,89.82,Air Leakage,0.74,34.07
4335,5.42,34.21,50,10.21,115.51,16,89.79,Air Leakage,0.72,33.88
4336,5.5,34.24,40,10.45,118.68,16,89.76,Air Leakage,0.64,33.41
4337,5.26,34.1,30,9.97,115.76,16,89.73,Air Leakage,0.9,33.78
4338,5.5,34.09,20,10.11,119.62,16,89.7,Air Leakage,0.88,33.52
4339,5.45,34.12,10,10.47,115.7,16,89.64,Air Leakage,0.84,33.58
4340,5.52,34.18,0,10.44,115.33,17,89.6,Air Leakage,0.89,33.41
4341,5.35,34.25,10,10.05,121.28,17,89.57,Air Leakage,0.53,32.96
4342,5.39,34.32,20,10.07,118.0,17,89.52,Air Leakage,0.53,32.59
4343,5.43,34.19,30,10.61,118.56,17,89.49,Air Leakage,0.54,32.14
4344,5.31,34.31,40,10.56,116.86,17,89.44,Air Leakage,0.78,31.64
4345,5.31,34.36,50,10.2,115.86,17,89.4,Air Leakage,0.84,31.26
4346,5.49,34.46,60,9.99,116.58,17,89.37,Air Leakage,0.55,31.93
4347,5.52,34.42,70,10.39,116.83,17,89.32,Air Leakage,0.57,32.03
4348,5.33,34.39,80,10.15,117.29,17,89.28,Air Leakage,0.78,31.5
4349,5.2,34.48,90,10.28,116.66,17,89.25,Air Leakage,0.91,31.85
4350,5.57,34.4,100,9.88,119.13,17,89.22,Air Leakage,0.65,31.56
4351,5.37,34.46,90,10.21,116.15,17,89.17,Air Leakage,0.6,32.34
4352,5.35,34.27,80,10.32,116.25,17,89.14,Air Leakage,0.84,32.52
4353,5.4,34.23,70,10.1,119.5,17,89.11,Air Leakage,0.68,32.8
4354,5.26,34.25,60,10.38,114.78,17,89.07,Air Leakage,0.73,32.48
4355,5.47,34.05,50,10.17,117.33,17,89.02,Air Leakage,0.58,33.28
4356,5.48,34.2,40,10.18,119.59,17,88.97,Air Leakage,0.97,33.24
4357,5.34,34.34,30,9.82,120.33,17,88.94,Air Leakage,0.76,33.46
4358,5.42,34.21,20,10.2,116.37,17,88.89,Air Leakage,0.58,33.19
4359,5.58,34.25,10,9.93,117.46,17,88.85,Air Leakage,0.64,33.53
4360,5.46,34.29,0,10.57,118.04,18,88.81,Air Leakage,0.91,33.06
4361,5.22,34.29,10,10.03,118.59,18,88.77,Air Leakage,0.79,33.63
4362,5.52,34.51,20,9.97,118.73,18,88.74,Air Leakage,0.62,33.8
4363,5.3,34.49,30,10.45,117.06,18,88.71,Air Leakage,0.47,33.22
4364,5.47,34.5,40,10.08,117.8,18,88.69,Air Leakage,0.74,33.49
4365,5.5,34.51,50,10.03,116.04,18,88.66,Air Leakage,0.86,33.1
4366,5.41,34.41,60,9.92,116.38,18,88.64,Air Leakage,0.75,32.6
4367,5.41,34.42,70,10.49,118.77,18,88.59,Air Leakage,0.63,33.24
4368,5.4,34.44,80,10.29,117.74,18,88.57,Air Leakage,0.75,33.2
4369,5.3,34.52,90,10.17,118.35,18,88.51,Air Leakage,0.85,33.02
4370,5.4,34.37,100,10.72,116.64,18,88.48,Air Leakage,0.75,33.03
4371,5.35,34.35,90,10.32,118.07,18,88.45,Air Leakage,0.83,33.38
4372,5.33,34.43,80,10.6,119.52,18,88.4,Air Leakage,0.72,32.92
4373,5.21,34.31,70,10.45,119.22,18,88.35,Air Leakage,0.79,33.61
4374,5.33,34.34,60,10.14,118.21,18,88.31,Air Leakage,0.59,34.02
4375,5.2,34.32,50,10.4,116.98,18,88.26,Air Leakage,0.84,33.6
4376,5.4,34.21,40,9.8,118.86,18,88.22,Air Leakage,0.8,33.1
4377,5.33,34.21,30,10.29,117.56,18,88.17,Air Leakage,0.71,33.58
4378,5.35,34.1,20,10.44,117.73,18,88.13,Air Leakage,0.72,33.01
4379,5.57,33.9,10,10.33,118.13,18,88.09,Air Leakage,0.84,33.23
4380,5.63,33.77,0,10.5,116.4,19,88.05,Air Leakage,0.74,33.73
4381,5.45,33.81,10,10.63,115.58,19,88.02,Air Leakage,0.6,33.85
4382,5.44,33.89,20,10.2,117.35,19,87.97,Air Leakage,0.64,33.93
4383,5.36,33.91,30,10.33,114.99,19,87.94,Air Leakage,0.55,33.58
4384,5.51,34.0,40,10.5,118.2,19,87.89,Air Leakage,0.68,33.09
4385,5.24,34.01,50,10.34,116.56,19,87.86,Air Leakage,0.82,32.68
4386,5.3,33.86,60,9.83,116.24,19,87.84,Air Leakage,0.53,33.26
4387,5.43,33.94,70,10.47,116.56,19,87.81,Air Leakage,0.59,34.0
4388,5.33,34.03,80,10.61,115.99,19,87.77,Air Leakage,0.77,33.69
4389,5.27,34.12,90,10.4,116.23,19,87.74,Air Leakage,0.68,34.08
4390,5.6,34.05,100,10.18,115.85,19,87.71,Air Leakage,0.82,34.58
4391,5.47,34.11,90,9.88,117.92,19,87.66,Air Leakage,0.58,34.5
4392,5.47,34.07,80,9.91,118.06,19,87.64,Air Leakage,0.8,34.08
4393,5.28,34.36,70,10.64,118.6,19,87.59,Air Leakage,0.95,34.65
4394,5.5,34.5,60,10.1,120.07,19,87.54,Air Leakage,0.55,35.07
4395,5.44,34.53,50,10.34,114.05,19,87.51,Air Leakage,0.76,35.64
4396,5.23,34.55,40,10.21,117.17,19,87.45,Air Leakage,0.84,35.34
4397,5.42,34.37,30,10.09,119.77,19,87.41,Air Leakage,0.8,35.29
4398,5.44,34.35,20,10.48,116.85,19,87.37,Air Leakage,0.87,35.15
4399,5.55,34.28,10,10.07,115.35,19,87.34,Air Leakage,0.81,35.55
4400,5.52,34.18,0,9.96,115.37,20,87.3,Air Leakage,0.56,35.54
4401,5.07,30.09,10,10.19,126.8,0,100.0,Healthy,0.25,14.27
4402,5.17,30.23,20,10.16,126.71,0,100.0,Healthy,0.42,14.51
4403,5.08,30.45,30,10.07,124.84,0,99.99,Healthy,0.44,14.66
4404,5.2,30.53,40,10.05,125.43,0,99.99,Healthy,0.32,14.61
4405,5.1,30.62,50,10.3,124.97,0,99.99,Healthy,0.27,14.37
4406,5.23,30.76,60,9.93,122.47,0,99.99,Healthy,0.27,14.83
4407,5.23,30.88,70,9.86,123.0,0,99.98,Healthy,0.29,14.44
4408,5.16,31.05,80,10.14,124.6,0,99.98,Healthy,0.38,13.74
4409,5.21,31.11,90,10.21,126.73,0,99.98,Healthy,0.45,13.24
4410,5.23,31.14,100,9.69,126.71,0,99.97,Healthy,0.43,13.6
4411,5.26,31.13,90,9.76,124.93,0,99.97,Healthy,0.33,13.05
4412,5.13,31.02,80,9.93,125.08,0,99.97,Healthy,0.35,12.56
4413,5.05,30.97,70,9.68,125.59,0,99.97,Healthy,0.41,12.09
4414,5.16,31.0,60,10.19,125.91,0,99.96,Healthy,0.38,12.27
4415,5.11,31.01,50,10.26,123.75,0,99.96,Healthy,0.26,12.27
4416,5.25,31.08,40,9.78,127.25,0,99.96,Healthy,0.4,12.89
4417,5.15,31.17,30,10.0,126.1,0,99.96,Healthy,0.4,13.45
4418,5.1,31.22,20,9.85,123.64,0,99.95,Healthy,0.45,12.8
4419,5.23,31.08,10,9.74,126.45,0,99.95,Healthy,0.3,12.49
4420,5.04,31.03,0,9.66,122.88,1,99.95,Healthy,0.47,13.06
4421,5.21,31.13,10,10.28,125.73,1,99.95,Healthy,0.27,12.86
4422,5.21,31.17,20,9.75,124.66,1,99.94,Healthy,0.25,12.85
4423,5.1,31.17,30,9.69,126.47,1,99.94,Healthy,0.39,12.3
4424,5.23,31.26,40,10.19,126.87,1,99.94,Healthy,0.37,12.29
4425,5.17,31.24,50,10.03,124.78,1,99.93,Healthy,0.46,12.95
4426,5.26,31.13,60,10.12,125.35,1,99.93,Healthy,0.46,12.6
4427,5.25,31.19,70,10.05,124.47,1,99.93,Healthy,0.29,12.58
4428,5.21,31.22,80,10.09,125.12,1,99.93,Healthy,0.42,13.18
4429,5.11,31.29,90,10.23,126.69,1,99.93,Healthy,0.36,13.51
4430,5.17,31.29,100,10.3,122.79,1,99.93,Healthy,0.31,13.97
4431,5.29,31.46,90,10.26,126.95,1,99.92,Healthy,0.38,14.02
4432,5.2,31.36,80,9.91,122.69,1,99.92,Healthy,0.39,14.04
4433,5.16,31.32,70,9.84,126.16,1,99.92,Healthy,0.29,13.97
4434,5.22,31.34,60,10.03,124.09,1,99.92,Healthy,0.46,14.14
4435,5.3,31.28,50,9.87,123.84,1,99.91,Healthy,0.37,14.72
4436,5.28,31.29,40,10.3,123.2,1,99.91,Healthy,0.29,15.07
4437,5.22,31.26,30,9.82,123.9,1,99.91,Healthy,0.35,14.98
4438,5.25,31.45,20,10.23,127.31,1,99.91,Healthy,0.26,14.55
4439,5.18,31.5,10,9.94,124.7,1,99.9,Healthy,0.42,15.14
4440,5.08,31.58,0,10.08,125.74,2,99.9,Healthy,0.4,15.13
4441,5.29,31.67,10,10.24,126.3,2,99.9,Healthy,0.35,15.44
4442,5.18,31.72,20,9.71,122.37,2,99.9,Healthy,0.34,15.46
4443,5.18,31.74,30,9.7,127.11,2,99.9,Healthy,0.4,15.31
4444,5.3,31.7,40,10.06,125.78,2,99.9,Healthy,0.26,15.13
4445,5.16,31.62,50,10.25,126.55,2,99.89,Healthy,0.31,14.72
4446,5.11,31.71,60,9.91,123.1,2,99.89,Pressure Drop,0.48,14.58
4447,5.08,31.71,70,9.67,126.01,2,99.89,Pressure Drop,0.43,13.86
4448,5.15,31.61,80,10.06,126.4,2,99.88,Pressure Drop,0.44,14.19
4449,5.12,31.75,90,10.21,123.1,2,99.88,Pressure Drop,0.39,14.68
4450,5.13,31.82,100,10.07,123.39,2,99.87,Pressure Drop,0.42,14.54
4451,5.1,31.83,90,9.78,123.91,2,99.86,Pressure Drop,0.49,14.17
4452,5.04,31.83,80,9.7,124.15,2,99.84,Pressure Drop,0.4,14.69
4453,5.07,31.96,70,9.91,125.23,2,99.83,Pressure Drop,0.63,14.5
4454,5.22,31.98,60,10.28,125.51,2,99.82,Pressure Drop,0.5,14.98
4455,5.03,31.96,50,10.13,122.91,2,99.8,Pressure Drop,0.42,15.15
4456,5.15,31.8,40,9.85,121.35,2,99.78,Pressure Drop,0.59,15.55
4457,5.15,31.73,30,9.88,123.54,2,99.76,Pressure Drop,0.46,15.47
4458,5.07,31.6,20,10.01,122.41,2,99.74,Pressure Drop,0.58,15.68
4459,5.13,31.76,10,9.79,123.3,2,99.72,Pressure Drop,0.49,15.38
4460,5.01,31.82,0,10.11,121.49,3,99.69,Pressure Drop,0.5,14.89
4461,5.12,31.83,10,9.93,123.03,3,99.67,Pressure Drop,0.65,14.16
4462,4.86,32.02,20,9.67,124.08,3,99.64,Pressure Drop,0.67,14.68
4463,5.12,32.05,30,9.89,121.73,3,99.62,Pressure Drop,0.63,14.74
4464,5.13,31.93,40,9.64,121.13,3,99.58,Pressure Drop,0.79,14.64
4465,5.02,31.91,50,9.61,120.91,3,99.54,Pressure Drop,0.75,14.41
4466,4.92,31.89,60,9.78,126.04,3,99.5,Pressure Drop,0.6,14.96
4467,5.06,31.89,70,9.92,124.2,3,99.46,Pressure Drop,0.59,14.24
4468,4.99,31.77,80,10.03,123.06,3,99.42,Pressure Drop,0.56,13.65
4469,4.86,31.78,90,10.2,123.76,3,99.37,Pressure Drop,0.49,12.97
4470,5.03,31.86,100,9.72,121.84,3,99.34,Pressure Drop,0.57,13.0
4471,4.77,31.87,90,10.03,124.22,3,99.31,Pressure Drop,0.53,12.67
4472,5.1,31.92,80,9.73,123.01,3,99.26,Pressure Drop,0.69,12.94
4473,5.1,31.93,70,9.83,123.54,3,99.22,Pressure Drop,0.74,13.69
4474,4.72,32.07,60,9.47,121.39,3,99.16,Pressure Drop,0.64,13.94
4475,5.05,32.23,50,9.9,121.52,3,99.11,Pressure Drop,0.55,13.66
4476,4.64,32.13,40,9.55,121.1,3,99.05,Pressure Drop,0.69,13.14
4477,4.99,32.17,30,9.95,120.76,3,99.0,Pressure Drop,0.58,13.5
4478,5.05,32.18,20,9.58,118.6,3,98.93,Pressure Drop,0.81,14.0
4479,4.85,32.31,10,9.97,125.67,3,98.87,Pressure Drop,0.92,13.34
4480,4.99,32.31,0,9.46,122.03,4,98.8,Pressure Drop,0.65,13.71
4481,4.83,32.57,10,9.87,125.34,4,98.74,Pressure Drop,0.58,13.26
4482,4.6,32.51,20,9.79,119.93,4,98.7,Pressure Drop,0.67,12.8
4483,4.74,32.3,30,9.47,122.39,4,98.63,Pressure Drop,0.65,13.38
4484,4.84,32.25,40,9.37,119.04,4,98.56,Pressure Drop,1.07,13.83
4485,4.95,32.47,50,9.26,123.31,4,98.47,Pressure Drop,0.9,13.47
4486,4.78,32.35,60,9.87,118.13,4,98.41,Pressure Drop,0.81,13.78
4487,4.7,32.43,70,9.76,123.92,4,98.32,Pressure Drop,0.64,13.67
4488,4.87,32.42,80,9.55,120.41,4,98.26,Pressure Drop,0.75,14.16
4489,4.82,32.38,90,10.0,120.79,4,98.2,Pressure Drop,1.02,14.78
4490,4.73,32.37,100,9.24,116.16,4,98.15,Pressure Drop,0.55,14.34
4491,4.65,32.49,90,9.96,116.5,4,98.08,Pressure Drop,0.85,14.85
4492,4.39,32.48,80,9.22,121.57,4,97.99,Pressure Drop,1.04,15.01
4493,4.35,32.52,70,9.82,119.71,4,97.88,Pressure Drop,0.98,14.29
4494,4.85,32.51,60,9.9,120.39,4,97.77,Pressure Drop,0.82,14.24
4495,4.84,32.4,50,9.83,119.64,4,97.65,Pressure Drop,0.8,14.46
4496,4.81,32.39,40,10.16,121.53,4,97.57,Pressure Drop,0.93,14.35
4497,4.72,32.4,30,9.74,119.54,4,97.51,Pressure Drop,1.02,13.94
4498,4.71,32.27,20,9.72,117.57,4,97.42,Pressure Drop,1.12,14.21
4499,4.64,32.3,10,9.17,122.4,4,97.33,Pressure Drop,0.69,13.67
4500,4.26,32.2,0,10.12,120.27,5,97.24,Pressure Drop,0.95,13.15
4501,4.6,32.56,10,9.94,124.09,5,97.13,Pressure Drop,1.26,12.81
4502,4.76,32.46,20,9.9,116.57,5,97.0,Pressure Drop,1.0,12.42
4503,4.74,32.64,30,9.87,116.89,5,96.9,Pressure Drop,0.77,12.18
4504,4.22,32.44,40,9.79,119.47,5,96.77,Pressure Drop,1.15,12.67
4505,4.39,32.34,50,9.34,118.07,5,96.7,Pressure Drop,0.77,12.27
4506,4.82,32.35,60,9.59,117.84,5,96.58,Pressure Drop,1.18,12.98
4507,4.34,32.27,70,9.72,119.22,5,96.5,Pressure Drop,0.7,12.4
4508,4.54,32.17,80,9.82,118.39,5,96.36,Pressure Drop,0.63,12.83
4509,4.49,32.1,90,9.34,115.52,5,96.27,Pressure Drop,1.02,12.59
4510,4.39,32.33,100,9.96,114.33,5,96.18,Pressure Drop,1.07,12.96
4511,4.42,32.45,90,9.19,119.25,5,96.09,Pressure Drop,0.77,12.99
4512,4.81,32.49,80,9.77,118.84,5,95.96,Pressure Drop,1.0,12.53
4513,4.62,32.53,70,9.88,119.02,5,95.87,Pressure Drop,1.01,13.16
4514,4.26,32.49,60,9.88,118.89,5,95.76,Pressure Drop,1.1,13.28
4515,4.39,32.64,50,9.13,122.39,5,95.64,Pressure Drop,0.98,12.68
4516,4.79,32.77,40,10.03,120.3,5,95.51,Pressure Drop,1.31,13.05
4517,4.82,32.8,30,9.77,118.92,5,95.4,Pressure Drop,1.11,12.42
4518,4.45,32.58,20,9.83,115.35,5,95.29,Pressure Drop,1.28,12.08
4519,4.53,32.75,10,9.5,117.35,5,95.23,Pressure Drop,1.19,12.39
4520,4.74,32.66,0,9.96,115.74,6,95.12,Pressure Drop,1.35,11.99
4521,4.81,32.8,10,9.49,115.92,6,95.02,Pressure Drop,0.97,12.69
4522,4.94,32.71,20,9.76,119.51,6,94.92,Pressure Drop,0.95,13.25
4523,4.87,32.76,30,9.4,117.36,6,94.84,Pressure Drop,0.57,13.13
4524,4.49,32.98,40,9.15,123.56,6,94.74,Pressure Drop,1.36,13.15
4525,4.53,33.02,50,9.5,119.65,6,94.66,Pressure Drop,0.71,13.44
4526,4.54,32.9,60,9.7,121.71,6,94.58,Pressure Drop,1.16,13.12
4527,4.5,32.91,70,9.76,115.47,6,94.49,Pressure Drop,0.68,12.77
4528,4.79,32.77,80,9.73,114.87,6,94.39,Pressure Drop,1.23,12.88
4529,4.55,32.74,90,9.28,114.23,6,94.25,Pressure Drop,1.0,12.84
4530,4.56,33.01,100,9.36,121.0,6,94.14,Pressure Drop,0.79,12.6
4531,4.17,32.92,90,9.59,122.23,6,94.05,Pressure Drop,1.12,12.94
4532,4.54,32.86,80,9.6,121.13,6,93.91,Pressure Drop,1.35,12.45
4533,4.5,32.67,70,9.99,123.66,6,93.77,Pressure Drop,1.1,12.2
4534,4.85,32.89,60,9.88,121.92,6,93.65,Pressure Drop,1.02,11.97
4535,4.86,32.89,50,9.9,115.6,6,93.57,Pressure Drop,0.62,11.58
4536,4.71,32.84,40,9.85,121.26,6,93.45,Pressure Drop,0.99,11.4
4537,4.27,32.8,30,9.99,113.71,6,93.37,Pressure Drop,1.16,11.52
4538,4.66,32.78,20,9.65,120.28,6,93.28,Pressure Drop,1.27,11.3
4539,4.65,32.57,10,9.14,118.27,6,93.21,Pressure Drop,1.12,12.11
4540,4.59,32.68,0,9.48,120.94,7,93.07,Pressure Drop,1.26,12.46
4541,4.91,32.56,10,9.49,114.86,7,92.93,Pressure Drop,1.41,13.22
4542,4.62,32.54,20,9.84,116.34,7,92.84,Pressure Drop,1.17,13.36
4543,4.67,32.48,30,9.75,117.06,7,92.75,Pressure Drop,1.12,12.71
4544,4.39,32.4,40,9.53,121.01,7,92.66,Pressure Drop,1.15,13.17
4545,4.57,32.45,50,9.63,116.43,7,92.56,Pressure Drop,1.21,12.53
4546,4.76,32.86,60,9.18,120.36,7,92.45,Pressure Drop,0.73,12.19
4547,4.2,32.89,70,9.23,119.83,7,92.34,Pressure Drop,0.57,12.3
4548,4.55,32.74,80,9.46,115.8,7,92.23,Pressure Drop,0.8,12.75
4549,4.73,32.78,90,9.27,118.28,7,92.15,Pressure Drop,0.61,12.32
4550,4.92,32.44,100,9.51,117.87,7,92.08,Pressure Drop,1.04,12.96
4551,4.67,32.52,90,9.89,116.76,7,91.95,Pressure Drop,1.36,12.84
4552,4.54,32.67,80,9.76,119.23,7,91.88,Pressure Drop,0.99,12.55
4553,4.3,32.82,70,9.55,115.84,7,91.74,Pressure Drop,0.76,12.49
4554,4.81,32.89,60,9.68,118.1,7,91.6,Pressure Drop,1.27,12.03
4555,4.29,32.71,50,9.53,119.6,7,91.48,Pressure Drop,1.14,11.62
4556,4.48,32.53,40,9.5,121.5,7,91.38,Pressure Drop,1.0,12.19
4557,4.29,32.68,30,9.44,116.14,7,91.26,Pressure Drop,1.34,12.92
4558,4.52,32.77,20,9.41,121.89,7,91.14,Pressure Drop,0.63,13.54
4559,4.79,32.75,10,9.63,115.96,7,91.05,Pressure Drop,0.7,13.86
4560,4.61,32.82,0,9.46,122.49,8,90.95,Pressure Drop,0.94,14.05
4561,4.19,33.08,10,9.47,120.26,8,90.81,Pressure Drop,1.01,13.86
4562,4.83,33.04,20,9.45,119.86,8,90.69,Pressure Drop,0.83,14.04
4563,4.21,32.92,30,9.62,119.53,8,90.56,Pressure Drop,1.07,14.59
4564,4.86,32.93,40,9.8,119.76,8,90.44,Pressure Drop,1.18,14.17
4565,4.61,33.0,50,9.93,116.74,8,90.33,Pressure Drop,1.42,13.91
4566,4.67,33.07,60,9.35,124.2,8,90.21,Pressure Drop,0.89,13.57
4567,4.65,33.1,70,9.37,118.91,8,90.08,Pressure Drop,0.84,13.03
4568,4.96,33.08,80,9.33,117.81,8,90.01,Pressure Drop,0.67,13.38
4569,4.83,33.05,90,9.34,116.03,8,89.92,Pressure Drop,1.14,12.87
4570,4.46,32.95,100,9.47,115.44,8,89.78,Pressure Drop,1.15,13.22
4571,4.76,32.98,90,9.39,117.7,8,89.64,Pressure Drop,1.06,13.91
4572,4.87,32.86,80,9.24,118.7,8,89.52,Pressure Drop,1.03,14.09
4573,4.58,32.89,70,9.84,116.86,8,89.41,Pressure Drop,1.4,13.83
4574,4.44,33.01,60,9.19,119.96,8,89.32,Pressure Drop,1.35,13.77
4575,4.53,32.99,50,9.45,117.38,8,89.22,Pressure Drop,1.34,13.7
4576,4.51,33.03,40,9.97,118.08,8,89.13,Pressure Drop,0.95,13.38
4577,4.67,32.86,30,9.69,118.1,8,89.05,Pressure Drop,1.14,13.92
4578,4.75,32.87,20,9.99,118.81,8,88.92,Pressure Drop,0.82,14.03
4579,4.4,33.07,10,9.33,122.33,8,88.79,Pressure Drop,0.81,13.47
4580,4.5,33.33,0,9.21,115.78,9,88.69,Pressure Drop,0.96,13.42
4581,4.95,33.09,10,9.41,113.87,9,88.62,Pressure Drop,0.92,13.0
4582,4.18,33.17,20,9.76,113.33,9,88.48,Pressure Drop,0.74,13.63
4583,4.83,33.01,30,9.82,117.07,9,88.36,Pressure Drop,0.93,13.72
4584,4.32,32.93,40,9.98,119.42,9,88.28,Pressure Drop,1.05,13.7
4585,4.38,33.13,50,9.7,121.4,9,88.19,Pressure Drop,1.26,14.2
4586,4.22,33.08,60,9.86,123.69,9,88.12,Pressure Drop,1.07,13.69
4587,4.54,33.34,70,9.8,123.34,9,87.99,Pressure Drop,1.28,14.4
4588,4.37,33.14,80,10.02,122.45,9,87.91,Pressure Drop,0.67,14.13
4589,4.26,33.28,90,9.48,118.67,9,87.77,Pressure Drop,1.28,13.43
4590,4.82,33.48,100,9.72,120.1,9,87.68,Pressure Drop,1.07,13.83
4591,4.38,33.71,90,9.67,121.4,9,87.61,Pressure Drop,0.79,14.02
4592,4.42,33.58,80,9.42,114.99,9,87.49,Pressure Drop,1.28,14.67
4593,4.57,33.56,70,9.95,113.49,9,87.38,Pressure Drop,1.51,14.54
4594,4.43,33.14,60,9.44,117.13,9,87.25,Pressure Drop,1.39,14.81
4595,4.65,32.91,50,9.56,117.73,9,87.16,Pressure Drop,1.4,14.38
4596,4.33,32.83,40,9.92,119.64,9,87.03,Pressure Drop,0.65,14.18
4597,4.83,32.88,30,9.53,118.66,9,86.93,Pressure Drop,0.69,13.78
4598,4.59,32.87,20,9.26,114.77,9,86.81,Pressure Drop,0.64,14.24
4599,4.47,32.98,10,9.21,116.63,9,86.72,Pressure Drop,0.88,13.75
4600,4.45,32.98,0,9.83,117.65,10,86.6,Pressure Drop,0.76,14.19
4601,4.37,33.12,10,9.63,120.59,10,86.5,Pressure Drop,0.82,13.89
4602,4.82,33.12,20,9.4,119.56,10,86.42,Pressure Drop,0.61,14.06
4603,4.52,33.2,30,9.11,116.43,10,86.29,Pressure Drop,1.14,13.9
4604,4.54,33.21,40,9.53,117.13,10,86.17,Pressure Drop,1.09,13.82
4605,4.21,33.26,50,9.83,119.61,10,86.06,Pressure Drop,1.19,14.14
4606,4.53,33.1,60,9.41,117.74,10,85.95,Pressure Drop,0.8,13.69
4607,4.85,32.93,70,9.57,118.09,10,85.86,Pressure Drop,0.83,14.33
4608,4.53,32.94,80,9.87,115.56,10,85.72,Pressure Drop,1.37,13.69
4609,4.69,32.94,90,9.68,123.13,10,85.62,Pressure Drop,0.94,13.58
4610,4.23,33.01,100,9.56,114.28,10,85.53,Pressure Drop,0.92,13.36
4611,4.37,32.95,90,9.67,115.5,10,85.41,Pressure Drop,1.15,12.88
4612,4.46,33.1,80,9.52,114.26,10,85.33,Pressure Drop,1.13,12.5
4613,4.92,33.06,70,9.82,114.96,10,85.2,Pressure Drop,1.04,12.68
4614,4.82,33.11,60,9.76,121.42,10,85.12,Pressure Drop,0.53,12.89
4615,4.55,33.0,50,9.7,114.93,10,85.03,Pressure Drop,0.61,13.23
4616,4.29,33.24,40,9.71,121.22,10,84.95,Pressure Drop,1.01,12.83
4617,4.43,33.0,30,9.57,120.64,10,84.86,Pressure Drop,1.01,12.77
4618,4.77,32.95,20,9.6,119.0,10,84.79,Pressure Drop,0.75,12.68
4619,4.57,32.93,10,9.93,122.89,10,84.65,Pressure Drop,1.24,13.1
4620,4.47,33.01,0,9.33,118.2,11,84.55,Pressure Drop,1.26,13.48
4621,4.87,33.2,10,9.93,119.62,11,84.42,Pressure Drop,1.14,13.91
4622,4.53,33.24,20,9.63,116.95,11,84.35,Pressure Drop,1.04,13.29
4623,4.28,33.22,30,9.53,115.48,11,84.28,Pressure Drop,1.02,13.01
4624,4.22,33.23,40,9.94,117.74,11,84.19,Pressure Drop,0.97,12.52
4625,4.63,32.96,50,9.7,120.35,11,84.12,Pressure Drop,1.09,13.25
4626,4.35,33.07,60,9.86,115.11,11,84.01,Pressure Drop,0.9,13.58
4627,4.16,32.9,70,9.94,115.83,11,83.91,Pressure Drop,1.05,14.05
4628,4.52,32.81,80,10.03,119.51,11,83.83,Pressure Drop,1.12,14.62
4629,4.31,32.84,90,9.9,117.5,11,83.72,Pressure Drop,1.01,14.43
4630,4.88,32.73,100,9.15,113.05,11,83.61,Pressure Drop,1.07,14.07
4631,4.44,32.72,90,9.13,116.5,11,83.5,Pressure Drop,0.76,14.44
4632,5.03,32.62,80,9.74,119.7,11,83.37,Pressure Drop,1.24,14.31
4633,4.46,32.62,70,9.78,120.0,11,83.28,Pressure Drop,0.86,14.25
4634,4.44,32.57,60,9.41,119.5,11,83.14,Pressure Drop,1.05,13.77
4635,4.82,32.55,50,9.61,115.2,11,83.05,Pressure Drop,1.45,13.08
4636,4.55,32.54,40,10.03,116.91,11,82.93,Pressure Drop,1.0,13.42
4637,4.9,32.71,30,9.61,123.19,11,82.81,Pressure Drop,0.86,14.1
4638,4.47,32.89,20,9.8,121.96,11,82.71,Pressure Drop,1.04,14.3
4639,4.28,32.94,10,9.65,116.04,11,82.6,Pressure Drop,1.34,13.69
4640,4.67,32.82,0,9.29,117.17,12,82.51,Pressure Drop,0.83,13.02
4641,4.54,32.68,10,9.67,114.99,12,82.37,Pressure Drop,1.04,12.4
4642,4.81,32.73,20,9.2,116.05,12,82.23,Pressure Drop,0.96,12.07
4643,4.73,32.83,30,9.55,121.77,12,82.11,Pressure Drop,0.81,12.45
4644,4.64,32.68,40,9.78,119.3,12,82.03,Pressure Drop,1.26,12.46
4645,4.46,32.66,50,9.84,121.1,12,81.96,Pressure Drop,0.88,12.19
4646,4.49,32.87,60,9.77,121.49,12,81.83,Pressure Drop,1.16,11.7
4647,4.67,32.9,70,9.17,118.36,12,81.69,Pressure Drop,0.6,11.46
4648,4.35,32.92,80,9.76,122.5,12,81.6,Pressure Drop,1.07,12.35
4649,4.41,32.68,90,9.6,120.81,12,81.49,Pressure Drop,1.46,12.49
4650,4.39,32.73,100,9.52,117.48,12,81.36,Pressure Drop,1.14,13.26
4651,4.72,32.81,90,9.6,121.95,12,81.29,Pressure Drop,0.93,13.14
4652,4.65,32.84,80,9.17,115.79,12,81.19,Pressure Drop,0.95,13.31
4653,4.52,32.8,70,9.31,113.75,12,81.09,Pressure Drop,0.86,13.68
4654,4.33,32.68,60,9.29,119.02,12,80.99,Pressure Drop,0.93,14.0
4655,4.47,32.69,50,9.11,118.02,12,80.88,Pressure Drop,0.56,14.47
4656,4.63,32.56,40,9.54,116.2,12,80.75,Pressure Drop,1.07,14.04
4657,4.37,32.42,30,9.31,121.8,12,80.63,Pressure Drop,1.09,14.04
4658,4.82,32.56,20,9.83,118.95,12,80.54,Pressure Drop,1.35,14.45
4659,4.89,32.69,10,9.35,117.0,12,80.46,Pressure Drop,1.1,14.68
4660,4.59,33.0,0,9.33,112.78,13,80.35,Pressure Drop,1.13,14.72
4661,4.59,33.15,10,9.63,118.69,13,80.24,Pressure Drop,0.79,15.24
4662,4.23,33.03,20,9.4,114.53,13,80.12,Pressure Drop,1.19,14.6
4663,4.41,33.06,30,9.64,113.03,13,80.02,Pressure Drop,0.91,14.58
4664,4.27,33.01,40,10.14,121.64,13,79.9,Pressure Drop,0.94,13.99
4665,4.61,32.8,50,9.86,118.52,13,79.8,Pressure Drop,1.04,13.82
4666,4.67,32.88,60,9.25,116.09,13,79.68,Pressure Drop,1.28,13.62
4667,4.38,32.62,70,9.76,121.13,13,79.56,Pressure Drop,0.73,13.69
4668,4.43,32.29,80,9.69,118.05,13,79.45,Pressure Drop,1.1,13.55
4669,4.52,32.27,90,10.0,119.36,13,79.37,Pressure Drop,1.19,14.25
4670,4.66,32.55,100,9.12,115.81,13,79.25,Pressure Drop,0.74,13.96
4671,4.46,32.57,90,9.79,118.48,13,79.11,Pressure Drop,1.15,13.66
4672,4.47,32.61,80,9.69,115.35,13,79.02,Pressure Drop,0.92,13.08
4673,4.33,32.9,70,9.34,114.84,13,78.91,Pressure Drop,1.25,13.81
4674,4.9,32.96,60,9.88,117.47,13,78.8,Pressure Drop,1.27,14.2
4675,4.71,32.85,50,9.1,123.76,13,78.66,Pressure Drop,0.78,13.99
4676,4.24,32.75,40,9.57,117.59,13,78.58,Pressure Drop,0.67,13.99
4677,4.41,32.8,30,9.5,121.15,13,78.46,Pressure Drop,1.14,13.35
4678,4.82,32.7,20,9.34,113.75,13,78.32,Pressure Drop,0.73,13.35
4679,4.62,32.92,10,9.52,116.11,13,78.19,Pressure Drop,1.29,13.65
4680,4.59,33.15,0,9.46,122.34,14,78.1,Pressure Drop,0.87,13.06
4681,4.92,33.17,10,9.5,124.26,14,77.98,Pressure Drop,1.35,12.84
4682,4.44,33.33,20,9.27,123.8,14,77.86,Pressure Drop,0.87,13.59
4683,4.64,33.33,30,9.65,118.63,14,77.79,Pressure Drop,1.05,13.08
4684,4.77,33.22,40,9.57,118.78,14,77.7,Pressure Drop,1.04,13.25
4685,4.19,33.25,50,9.55,116.94,14,77.6,Pressure Drop,1.37,12.72
4686,4.65,33.04,60,9.9,117.63,14,77.52,Pressure Drop,0.69,12.31
4687,4.63,33.09,70,9.49,121.46,14,77.41,Pressure Drop,1.02,11.85
4688,4.71,33.27,80,9.54,115.78,14,77.29,Pressure Drop,1.25,12.48
4689,4.25,33.26,90,9.93,118.9,14,77.17,Pressure Drop,0.75,12.16
4690,4.24,33.23,100,9.3,114.75,14,77.05,Pressure Drop,0.66,12.29
4691,4.57,32.96,90,9.83,116.19,14,76.97,Pressure Drop,0.83,12.07
4692,4.42,32.88,80,9.6,122.61,14,76.83,Pressure Drop,0.56,12.18
4693,4.87,32.95,70,9.39,114.0,14,76.69,Pressure Drop,0.91,12.87
4694,4.68,32.88,60,9.42,117.37,14,76.61,Pressure Drop,1.21,13.55
4695,4.2,32.82,50,9.26,119.56,14,76.53,Pressure Drop,0.89,14.2
4696,4.62,32.74,40,10.2,120.0,14,76.46,Pressure Drop,1.03,14.38
4697,4.7,32.68,30,9.43,120.79,14,76.35,Pressure Drop,1.22,13.7
4698,4.48,32.8,20,9.48,119.86,14,76.27,Pressure Drop,0.75,13.3
4699,4.49,32.9,10,9.78,116.05,14,76.18,Pressure Drop,1.06,13.84
4700,4.66,32.67,0,10.05,119.61,15,76.08,Pressure Drop,0.66,14.0
4701,4.45,32.55,10,9.39,118.04,15,75.98,Pressure Drop,1.33,13.42
4702,4.37,32.47,20,9.36,118.44,15,75.89,Pressure Drop,1.21,13.44
4703,4.8,32.68,30,9.45,116.35,15,75.8,Pressure Drop,1.45,13.06
4704,4.46,32.77,40,9.2,119.72,15,75.71,Pressure Drop,1.1,13.28
4705,4.32,32.85,50,10.24,120.5,15,75.57,Pressure Drop,0.67,12.66
4706,4.92,32.66,60,9.87,120.77,15,75.47,Pressure Drop,1.18,12.37
4707,4.32,32.5,70,9.43,116.99,15,75.33,Pressure Drop,1.15,11.94
4708,4.38,32.5,80,9.44,112.76,15,75.22,Pressure Drop,0.84,12.73
4709,4.64,32.57,90,9.22,117.44,15,75.13,Pressure Drop,0.94,13.5
4710,4.69,32.68,100,9.42,115.46,15,75.01,Pressure Drop,1.4,13.35
4711,4.33,32.44,90,9.37,119.46,15,74.89,Pressure Drop,0.86,13.49
4712,4.39,32.55,80,10.2,117.13,15,74.82,Pressure Drop,0.89,13.42
4713,4.36,32.66,70,9.32,117.62,15,74.68,Pressure Drop,0.86,12.85
4714,4.38,32.37,60,9.47,115.88,15,74.56,Pressure Drop,0.74,13.13
4715,4.55,32.53,50,9.8,118.08,15,74.44,Pressure Drop,1.43,13.55
4716,4.61,32.53,40,9.98,122.25,15,74.33,Pressure Drop,0.95,13.14
4717,4.72,32.79,30,9.75,119.33,15,74.25,Pressure Drop,0.94,13.48
4718,4.86,32.82,20,9.37,116.92,15,74.11,Pressure Drop,1.25,13.96
4719,4.29,32.93,10,10.17,117.63,15,73.98,Pressure Drop,1.37,14.46
4720,4.31,32.86,0,9.6,113.76,16,73.89,Pressure Drop,0.91,13.83
4721,4.91,32.71,10,9.8,119.78,16,73.75,Pressure Drop,1.27,13.2
4722,4.76,32.68,20,9.82,118.31,16,73.63,Pressure Drop,0.84,13.12
4723,5.01,32.53,30,9.43,119.42,16,73.54,Pressure Drop,1.18,13.67
4724,4.33,32.66,40,9.89,119.32,16,73.44,Pressure Drop,1.29,13.38
4725,4.23,32.47,50,9.31,122.72,16,73.34,Pressure Drop,0.6,13.68
4726,4.42,32.29,60,9.54,115.32,16,73.23,Pressure Drop,0.85,14.0
4727,4.47,32.55,70,9.84,118.42,16,73.11,Pressure Drop,0.86,13.9
4728,4.64,32.54,80,9.84,119.74,16,73.02,Pressure Drop,1.1,14.4
4729,4.4,32.77,90,9.67,119.18,16,72.92,Pressure Drop,0.8,14.4
4730,4.27,32.45,100,9.37,115.46,16,72.81,Pressure Drop,1.41,14.53
4731,4.68,32.46,90,9.81,122.56,16,72.73,Pressure Drop,1.11,13.95
4732,4.74,32.61,80,9.18,119.41,16,72.63,Pressure Drop,0.69,13.89
4733,4.84,32.64,70,9.47,120.2,16,72.56,Pressure Drop,0.92,14.42
4734,4.86,32.67,60,10.05,119.06,16,72.44,Pressure Drop,0.72,14.99
4735,4.75,32.68,50,9.76,115.06,16,72.31,Pressure Drop,0.76,15.3
4736,4.87,32.72,40,9.98,116.93,16,72.17,Pressure Drop,1.25,15.38
4737,4.71,32.73,30,10.1,121.61,16,72.08,Pressure Drop,1.14,14.86
4738,4.22,32.63,20,9.68,120.32,16,71.98,Pressure Drop,1.29,15.04
4739,4.37,32.5,10,9.55,117.3,16,71.87,Pressure Drop,1.29,14.61
4740,4.87,32.71,0,9.83,118.32,17,71.76,Pressure Drop,0.85,14.8
4741,4.33,33.0,10,9.23,117.19,17,71.69,Pressure Drop,0.89,14.04
4742,4.22,32.84,20,9.65,118.46,17,71.61,Pressure Drop,0.78,13.52
4743,4.44,32.87,30,9.71,117.78,17,71.54,Pressure Drop,0.63,13.87
4744,4.44,32.82,40,9.51,115.52,17,71.42,Pressure Drop,0.67,14.23
4745,4.7,32.68,50,9.64,121.08,17,71.28,Pressure Drop,0.96,13.99
4746,4.38,32.5,60,9.58,122.43,17,71.14,Pressure Drop,1.48,14.46
4747,4.84,32.48,70,9.43,113.93,17,71.02,Pressure Drop,1.32,14.08
4748,4.75,32.62,80,9.27,119.69,17,70.9,Pressure Drop,0.65,14.39
4749,4.6,32.84,90,9.94,117.82,17,70.78,Pressure Drop,0.79,14.05
4750,4.48,32.9,100,9.7,119.63,17,70.64,Pressure Drop,0.99,13.51
4751,4.36,32.78,90,9.49,116.48,17,70.52,Pressure Drop,0.91,13.71
4752,4.83,32.81,80,9.57,120.21,17,70.38,Pressure Drop,1.23,13.86
4753,4.81,32.91,70,9.62,122.92,17,70.28,Pressure Drop,0.87,13.72
4754,4.51,32.71,60,9.23,115.4,17,70.18,Pressure Drop,1.17,14.1
4755,4.66,32.7,50,9.91,122.14,17,70.08,Pressure Drop,0.82,13.52
4756,4.66,32.71,40,9.19,121.95,17,69.94,Pressure Drop,0.77,13.21
4757,4.64,32.67,30,9.69,116.01,17,69.83,Pressure Drop,0.97,13.75
4758,4.3,32.67,20,9.62,116.85,17,69.74,Pressure Drop,0.74,13.83
4759,4.81,32.43,10,9.93,118.16,17,69.67,Pressure Drop,0.64,13.37
4760,4.4,32.71,0,9.59,118.97,18,69.59,Pressure Drop,1.22,13.74
4761,4.74,32.88,10,9.3,119.39,18,69.51,Pressure Drop,0.95,13.06
4762,4.44,32.73,20,9.44,114.24,18,69.4,Pressure Drop,0.84,13.43
4763,4.49,32.75,30,9.7,123.25,18,69.33,Pressure Drop,0.78,13.97
4764,4.42,32.66,40,9.28,113.56,18,69.21,Pressure Drop,1.05,14.51
4765,4.78,32.55,50,9.75,120.63,18,69.13,Pressure Drop,1.06,13.81
4766,4.83,32.61,60,9.27,119.76,18,69.03,Pressure Drop,1.15,13.68
4767,4.54,32.62,70,9.76,115.17,18,68.91,Pressure Drop,1.19,14.22
4768,4.96,32.86,80,9.41,121.78,18,68.79,Pressure Drop,1.04,14.33
4769,4.74,32.99,90,9.78,119.02,18,68.71,Pressure Drop,0.74,14.3
4770,4.41,32.8,100,9.72,123.13,18,68.58,Pressure Drop,0.92,13.97
4771,4.8,33.03,90,9.96,123.94,18,68.49,Pressure Drop,0.75,13.8
4772,4.74,33.08,80,9.67,122.48,18,68.37,Pressure Drop,0.73,14.13
4773,4.68,32.93,70,9.49,117.52,18,68.27,Pressure Drop,1.32,14.13
4774,4.74,32.9,60,9.65,120.71,18,68.15,Pressure Drop,0.99,14.44
4775,4.44,32.95,50,9.7,117.38,18,68.01,Pressure Drop,0.75,14.05
4776,4.85,32.82,40,9.65,120.23,18,67.87,Pressure Drop,0.98,13.6
4777,4.76,32.86,30,9.36,118.66,18,67.75,Pressure Drop,0.74,14.02
4778,4.73,33.0,20,9.71,113.5,18,67.65,Pressure Drop,0.67,14.25
4779,4.75,32.84,10,9.4,114.9,18,67.57,Pressure Drop,0.68,14.57
4780,4.66,33.0,0,9.87,116.95,19,67.46,Pressure Drop,0.61,14.1
4781,4.33,32.82,10,9.48,116.15,19,67.37,Pressure Drop,0.6,14.34
4782,4.37,32.59,20,9.7,118.4,19,67.24,Pressure Drop,1.52,14.9
4783,4.96,32.76,30,9.65,116.41,19,67.11,Pressure Drop,1.0,14.99
4784,4.51,32.82,40,10.1,116.58,19,66.97,Pressure Drop,1.0,15.25
4785,5.05,32.74,50,9.66,117.49,19,66.84,Pressure Drop,1.37,15.04
4786,4.38,32.78,60,9.22,117.72,19,66.76,Pressure Drop,1.08,15.06
4787,4.37,33.0,70,9.98,120.68,19,66.63,Pressure Drop,0.77,14.35
4788,4.51,32.8,80,9.82,119.64,19,66.51,Pressure Drop,1.26,14.9
4789,4.8,32.71,90,9.45,118.53,19,66.42,Pressure Drop,1.28,14.5
4790,4.93,32.66,100,9.19,119.94,19,66.31,Pressure Drop,1.19,13.94
4791,4.44,32.51,90,9.16,118.89,19,66.23,Pressure Drop,0.91,14.37
4792,4.23,32.63,80,9.4,118.05,19,66.12,Pressure Drop,1.37,13.71
4793,4.62,32.58,70,9.44,122.48,19,66.0,Pressure Drop,1.09,13.15
4794,4.8,32.68,60,9.21,123.59,19,65.9,Pressure Drop,1.01,13.39
4795,4.28,32.65,50,9.44,117.96,19,65.77,Pressure Drop,1.31,12.87
4796,4.8,32.7,40,9.38,117.04,19,65.7,Pressure Drop,0.57,13.57
4797,4.41,32.73,30,9.77,116.09,19,65.62,Pressure Drop,0.8,13.26
4798,4.56,32.6,20,9.27,115.8,19,65.55,Pressure Drop,0.74,13.66
4799,4.99,32.38,10,9.68,118.3,19,65.45,Pressure Drop,1.34,13.18
4800,4.64,32.15,0,10.14,123.47,20,65.37,Pressure Drop,0.78,12.61
4801,5.24,30.21,10,9.76,123.28,0,100.0,Healthy,0.34,16.98
4802,5.33,30.42,20,9.79,122.4,0,100.0,Healthy,0.28,18.77
4803,5.41,30.63,30,9.89,124.65,0,99.99,Healthy,0.37,20.48
4804,5.42,30.82,40,9.95,123.46,0,99.99,Healthy,0.49,21.6
4805,5.38,31.1,50,10.08,124.89,0,99.99,Healthy,0.48,22.98
4806,5.31,31.3,60,9.77,124.81,0,99.99,Healthy,0.35,23.69
4807,5.37,31.56,70,10.19,121.13,0,99.99,Healthy,0.51,25.27
4808,5.4,31.71,80,10.03,120.63,0,99.98,Healthy,0.51,26.26
4809,5.46,31.94,90,9.7,123.33,0,99.98,Healthy,0.49,26.65
4810,5.41,31.99,100,10.31,119.42,0,99.98,Healthy,0.47,27.06
4811,5.43,32.04,90,10.28,123.52,0,99.97,Healthy,0.32,27.22
4812,5.51,32.02,80,10.09,119.04,0,99.97,Healthy,0.5,28.44
4813,5.48,32.15,70,9.82,122.36,0,99.97,Healthy,0.43,29.64
4814,5.56,32.29,60,10.24,122.07,0,99.96,Healthy,0.41,29.85
4815,5.61,32.42,50,10.23,120.0,0,99.96,Healthy,0.55,29.92
4816,5.56,32.54,40,9.68,118.48,0,99.95,Healthy,0.45,31.06
4817,5.45,32.52,30,9.68,118.05,0,99.95,Healthy,0.45,30.97
4818,5.56,32.69,20,9.91,120.85,0,99.95,Healthy,0.46,31.7
4819,5.43,32.8,10,10.04,120.97,0,99.95,Healthy,0.38,31.76
4820,5.57,32.81,0,10.26,120.98,1,99.95,Healthy,0.43,32.39
4821,5.5,32.78,10,9.98,120.37,1,99.94,Healthy,0.5,32.46
4822,5.65,32.76,20,10.08,121.48,1,99.94,Healthy,0.43,33.28
4823,5.64,32.88,30,9.98,120.93,1,99.93,Healthy,0.56,34.01
4824,5.5,32.92,40,10.09,119.87,1,99.93,Healthy,0.48,33.58
4825,5.59,33.0,50,9.85,118.04,1,99.93,Healthy,0.57,34.13
4826,5.47,32.92,60,10.08,117.96,1,99.92,Healthy,0.48,34.56
4827,5.49,32.99,70,9.73,118.37,1,99.92,Healthy,0.44,34.38
4828,5.49,33.07,80,9.94,117.91,1,99.92,Healthy,0.53,34.52
4829,5.51,33.14,90,10.3,121.6,1,99.92,Healthy,0.47,34.11
4830,5.51,33.25,100,9.81,117.49,1,99.92,Healthy,0.49,34.77
4831,5.65,33.27,90,10.06,118.17,1,99.91,Healthy,0.56,35.59
4832,5.54,33.25,80,9.99,117.91,1,99.91,Healthy,0.44,36.18
4833,5.71,33.37,70,9.8,120.78,1,99.91,Healthy,0.55,36.7
4834,5.71,33.33,60,9.79,117.44,1,99.91,Healthy,0.39,36.33
4835,5.71,33.25,50,9.98,119.88,1,99.91,Healthy,0.45,36.03
4836,5.58,33.32,40,10.3,117.34,1,99.91,Healthy,0.42,35.68
4837,5.56,33.31,30,10.03,116.65,1,99.91,Healthy,0.52,35.6
4838,5.67,33.42,20,9.98,118.93,1,99.9,Healthy,0.42,35.75
4839,5.56,33.59,10,10.34,119.22,1,99.9,Healthy,0.51,35.52
4840,5.7,33.57,0,9.75,120.23,2,99.89,Healthy,0.57,35.97
4841,5.54,33.61,10,9.83,117.51,2,99.89,Healthy,0.47,35.5
4842,5.67,33.52,20,10.18,118.55,2,99.89,Healthy,0.49,35.38
4843,5.59,33.66,30,10.33,119.72,2,99.89,Healthy,0.37,36.06
4844,5.67,33.57,40,10.1,121.46,2,99.89,Healthy,0.56,35.64
4845,5.67,33.4,50,10.1,116.97,2,99.88,Healthy,0.54,35.95
4846,5.58,33.39,60,9.97,118.29,2,99.88,Healthy,0.57,35.97
4847,5.52,33.35,70,9.95,117.16,2,99.88,Healthy,0.56,36.76
4848,5.57,33.3,80,10.18,117.21,2,99.88,Healthy,0.39,37.28
4849,5.72,33.28,90,10.08,117.88,2,99.87,Healthy,0.37,36.66
4850,5.73,33.2,100,9.8,117.41,2,99.87,Healthy,0.46,36.76
4851,5.63,33.23,90,10.13,119.22,2,99.87,Healthy,0.48,36.79
4852,5.64,33.41,80,9.86,117.07,2,99.87,Healthy,0.51,36.68
4853,5.7,33.59,70,10.13,117.19,2,99.86,Healthy,0.51,36.88
4854,5.71,33.63,60,10.31,117.99,2,99.86,Healthy,0.56,36.87
4855,5.7,33.62,50,9.85,119.58,2,99.86,Healthy,0.57,37.32
4856,5.67,33.62,40,10.1,116.83,2,99.86,Healthy,0.48,37.34
4857,5.63,33.53,30,9.96,116.95,2,99.86,Healthy,0.54,37.45
4858,5.78,33.51,20,10.06,119.92,2,99.86,Healthy,0.49,38.01
4859,5.59,33.62,10,9.81,120.76,2,99.85,Healthy,0.46,37.63
4860,5.62,33.72,0,9.98,116.79,3,99.85,Air Leakage,0.43,37.04
4861,5.58,33.79,10,9.82,119.63,3,99.85,Air Leakage,0.52,37.68
4862,5.63,33.67,20,10.0,120.4,3,99.85,Air Leakage,0.47,37.04
4863,5.68,33.68,30,10.23,119.28,3,99.84,Air Leakage,0.45,36.42
4864,5.66,33.71,40,10.25,118.85,3,99.83,Air Leakage,0.63,36.15
4865,5.63,33.86,50,9.75,118.16,3,99.83,Air Leakage,0.48,36.51
4866,5.54,33.84,60,9.93,116.63,3,99.82,Air Leakage,0.5,37.02
4867,5.52,33.89,70,10.1,119.44,3,99.8,Air Leakage,0.41,36.5
4868,5.68,33.93,80,10.07,119.13,3,99.79,Air Leakage,0.55,36.69
4869,5.69,34.02,90,10.15,115.95,3,99.78,Air Leakage,0.63,36.39
4870,5.5,34.02,100,10.21,116.92,3,99.76,Air Leakage,0.53,36.34
4871,5.66,34.06,90,9.87,120.96,3,99.75,Air Leakage,0.65,35.98
4872,5.52,34.04,80,10.07,119.98,3,99.72,Air Leakage,0.61,35.74
4873,5.61,33.85,70,10.03,118.19,3,99.71,Air Leakage,0.57,35.19
4874,5.48,34.06,60,10.1,118.08,3,99.69,Air Leakage,0.44,35.48
4875,5.54,34.13,50,10.02,117.42,3,99.68,Air Leakage,0.55,35.03
4876,5.47,34.01,40,9.97,116.66,3,99.67,Air Leakage,0.52,35.22
4877,5.44,34.1,30,9.96,120.74,3,99.65,Air Leakage,0.49,35.91
4878,5.53,34.16,20,10.08,117.6,3,99.63,Air Leakage,0.62,35.75
4879,5.57,34.1,10,9.99,119.11,3,99.61,Air Leakage,0.7,36.46
4880,5.44,34.21,0,10.18,116.65,4,99.58,Air Leakage,0.68,36.15
4881,5.49,34.08,10,9.97,118.95,4,99.54,Air Leakage,0.6,35.69
4882,5.51,34.13,20,10.24,120.43,4,99.51,Air Leakage,0.63,35.19
4883,5.38,34.14,30,10.38,119.24,4,99.47,Air Leakage,0.67,34.7
4884,5.57,34.19,40,9.93,118.77,4,99.44,Air Leakage,0.69,34.83
4885,5.29,34.15,50,10.58,118.4,4,99.41,Air Leakage,0.6,35.46
4886,5.26,34.31,60,9.82,119.61,4,99.39,Air Leakage,0.82,35.18
4887,5.4,34.38,70,10.06,119.29,4,99.34,Air Leakage,0.75,35.32
4888,5.38,34.19,80,9.84,119.91,4,99.32,Air Leakage,0.86,34.89
4889,5.56,34.14,90,10.43,118.89,4,99.27,Air Leakage,0.58,35.75
4890,5.42,34.24,100,10.17,116.95,4,99.22,Air Leakage,0.72,35.33
4891,5.42,34.4,90,10.56,117.88,4,99.19,Air Leakage,0.73,36.06
4892,5.25,34.32,80,9.89,118.27,4,99.15,Air Leakage,1.0,35.66
4893,5.38,34.35,70,10.37,114.92,4,99.11,Air Leakage,0.89,35.36
4894,5.29,34.62,60,10.4,115.04,4,99.07,Air Leakage,0.77,35.56
4895,5.4,34.76,50,10.6,117.62,4,99.01,Air Leakage,0.88,35.58
4896,5.34,34.81,40,9.8,118.67,4,98.96,Air Leakage,0.83,35.23
4897,5.29,34.78,30,10.06,118.87,4,98.91,Air Leakage,0.69,35.74
4898,5.17,34.8,20,10.07,115.92,4,98.86,Air Leakage,0.81,35.61
4899,5.66,34.94,10,10.5,116.54,4,98.8,Air Leakage,0.82,36.23
4900,5.46,35.1,0,10.18,118.54,5,98.75,Air Leakage,0.7,36.01
4901,5.53,35.08,10,9.84,117.63,5,98.68,Air Leakage,0.73,35.48
4902,5.38,34.95,20,10.16,118.55,5,98.63,Air Leakage,0.83,36.14
4903,5.43,35.12,30,10.4,118.58,5,98.56,Air Leakage,0.71,36.28
4904,5.35,34.95,40,10.43,119.53,5,98.49,Air Leakage,1.04,36.37
4905,5.54,35.0,50,10.03,115.31,5,98.46,Air Leakage,0.66,36.8
4906,5.26,35.25,60,10.12,114.55,5,98.42,Air Leakage,0.98,37.3
4907,5.56,35.38,70,10.15,116.54,5,98.33,Air Leakage,0.72,37.01
4908,5.1,35.42,80,10.25,117.11,5,98.28,Air Leakage,0.98,36.47
4909,5.28,35.48,90,10.23,114.63,5,98.21,Air Leakage,0.86,35.87
4910,5.54,35.38,100,10.38,113.7,5,98.13,Air Leakage,1.26,36.41
4911,5.57,35.47,90,9.93,117.08,5,98.05,Air Leakage,1.26,37.03
4912,5.37,35.47,80,10.06,116.75,5,97.97,Air Leakage,0.86,36.57
4913,5.38,35.49,70,10.21,111.65,5,97.89,Air Leakage,1.2,36.63
4914,5.34,35.49,60,10.29,112.61,5,97.8,Air Leakage,0.76,36.66
4915,5.14,35.52,50,10.29,114.35,5,97.72,Air Leakage,0.64,36.1
4916,5.31,35.7,40,10.01,110.56,5,97.67,Air Leakage,0.99,36.36
4917,5.51,35.55,30,10.17,117.85,5,97.6,Air Leakage,0.88,36.2
4918,5.33,35.47,20,10.19,112.45,5,97.54,Air Leakage,0.66,36.55
4919,5.48,35.43,10,10.9,112.7,5,97.44,Air Leakage,0.76,36.44
4920,5.1,35.51,0,10.68,116.37,6,97.34,Air Leakage,1.18,36.64
4921,5.32,35.33,10,10.6,119.04,6,97.24,Air Leakage,1.26,36.92
4922,5.53,35.44,20,10.41,111.41,6,97.17,Air Leakage,1.17,36.89
4923,4.93,35.65,30,9.9,114.83,6,97.11,Air Leakage,1.05,36.77
4924,5.13,35.76,40,10.53,115.22,6,97.05,Air Leakage,1.18,36.64
4925,5.18,35.69,50,10.26,112.13,6,96.94,Air Leakage,0.93,37.28
4926,5.39,35.81,60,10.46,116.13,6,96.83,Air Leakage,1.11,37.1
4927,5.39,35.78,70,10.5,114.97,6,96.73,Air Leakage,0.64,37.16
4928,5.06,35.7,80,10.21,113.9,6,96.64,Air Leakage,1.22,37.6
4929,5.6,35.43,90,10.45,117.31,6,96.56,Air Leakage,1.13,38.2
4930,5.54,35.76,100,10.22,112.94,6,96.51,Air Leakage,1.06,37.89
4931,5.28,36.07,90,10.85,110.07,6,96.4,Air Leakage,1.24,38.27
4932,5.44,36.42,80,10.37,114.1,6,96.35,Air Leakage,1.26,38.64
4933,5.35,36.32,70,10.59,113.67,6,96.29,Air Leakage,0.79,38.17
4934,5.19,36.16,60,10.89,114.96,6,96.24,Air Leakage,0.92,38.71
4935,5.2,36.14,50,10.76,115.69,6,96.16,Air Leakage,1.41,38.46
4936,5.49,36.16,40,10.69,113.35,6,96.06,Air Leakage,0.83,38.6
4937,5.37,35.91,30,10.84,110.28,6,95.96,Air Leakage,1.34,38.77
4938,5.23,35.9,20,10.23,111.79,6,95.9,Air Leakage,1.0,38.09
4939,5.14,36.14,10,10.65,113.8,6,95.82,Air Leakage,1.3,38.1
4940,5.22,36.34,0,10.32,117.53,7,95.76,Air Leakage,0.77,38.1
4941,5.04,36.46,10,10.17,113.12,7,95.65,Air Leakage,1.21,38.43
4942,5.36,36.38,20,10.81,114.77,7,95.57,Air Leakage,1.34,38.78
4943,5.21,36.23,30,10.71,109.83,7,95.46,Air Leakage,1.39,39.31
4944,5.49,35.96,40,10.24,111.56,7,95.38,Air Leakage,1.04,39.59
4945,5.53,35.98,50,10.23,114.38,7,95.33,Air Leakage,0.92,39.37
4946,5.52,36.0,60,10.04,113.78,7,95.25,Air Leakage,1.05,39.08
4947,5.2,36.3,70,10.25,113.65,7,95.17,Air Leakage,0.84,39.61
4948,5.39,36.22,80,10.07,118.08,7,95.06,Air Leakage,1.19,39.79
4949,5.43,36.14,90,10.09,110.36,7,95.0,Air Leakage,0.87,39.65
4950,5.02,35.91,100,10.76,116.82,7,94.95,Air Leakage,0.94,39.79
4951,5.1,35.75,90,10.8,113.82,7,94.85,Air Leakage,1.36,39.8
4952,5.14,35.89,80,10.49,113.42,7,94.77,Air Leakage,0.87,39.49
4953,5.31,35.68,70,10.22,114.23,7,94.72,Air Leakage,1.36,38.76
4954,5.18,35.79,60,10.48,109.23,7,94.65,Air Leakage,1.41,38.87
4955,5.0,35.91,50,10.48,113.96,7,94.54,Air Leakage,0.85,38.13
4956,5.39,36.21,40,10.44,112.72,7,94.47,Air Leakage,1.1,38.09
4957,5.29,36.21,30,10.61,113.16,7,94.36,Air Leakage,0.79,37.61
4958,5.35,36.33,20,10.77,114.24,7,94.29,Air Leakage,0.89,37.21
4959,5.59,36.34,10,10.94,113.08,7,94.2,Air Leakage,1.14,37.63
4960,5.0,36.2,0,10.36,112.66,8,94.15,Air Leakage,1.37,38.2
4961,5.36,36.4,10,10.24,114.01,8,94.04,Air Leakage,0.87,38.8
4962,4.97,36.24,20,10.49,118.28,8,93.93,Air Leakage,1.24,38.23
4963,5.47,36.36,30,10.45,113.61,8,93.83,Air Leakage,1.03,38.83
4964,5.17,36.26,40,10.38,113.16,8,93.72,Air Leakage,0.76,39.19
4965,5.61,36.13,50,10.1,114.47,8,93.65,Air Leakage,0.89,38.57
4966,4.98,35.74,60,10.24,114.25,8,93.55,Air Leakage,1.05,38.47
4967,4.98,35.64,70,10.79,110.87,8,93.49,Air Leakage,1.21,38.29
4968,5.48,35.76,80,9.92,117.32,8,93.41,Air Leakage,1.18,38.17
4969,5.2,35.44,90,10.85,117.4,8,93.33,Air Leakage,1.2,38.63
4970,5.51,35.28,100,10.15,117.59,8,93.25,Air Leakage,0.61,37.94
4971,5.12,35.43,90,10.9,117.58,8,93.15,Air Leakage,1.41,38.35
4972,5.4,35.49,80,10.18,113.27,8,93.07,Air Leakage,1.06,38.68
4973,5.57,35.71,70,10.54,113.19,8,92.97,Air Leakage,1.1,39.0
4974,5.54,35.52,60,10.44,115.16,8,92.9,Air Leakage,1.34,38.16
4975,5.48,35.28,50,10.54,117.16,8,92.83,Air Leakage,1.32,37.91
4976,5.1,35.28,40,10.8,113.9,8,92.74,Air Leakage,0.75,37.9
4977,5.22,35.5,30,10.73,108.67,8,92.67,Air Leakage,1.1,38.48
4978,5.23,35.78,20,10.5,118.36,8,92.6,Air Leakage,1.18,37.79
4979,5.5,35.7,10,10.44,113.21,8,92.52,Air Leakage,0.94,37.74
4980,5.54,36.07,0,10.45,116.04,9,92.46,Air Leakage,1.12,38.13
4981,5.22,35.85,10,10.32,113.32,9,92.37,Air Leakage,1.01,38.16
4982,5.16,35.7,20,11.01,114.76,9,92.26,Air Leakage,1.18,38.08
4983,4.94,35.62,30,10.24,113.79,9,92.19,Air Leakage,1.11,38.63
4984,5.22,35.81,40,10.43,115.8,9,92.1,Air Leakage,1.13,38.65
4985,5.04,35.94,50,10.85,117.02,9,92.04,Air Leakage,1.45,38.62
4986,5.59,35.84,60,10.59,114.75,9,91.96,Air Leakage,0.92,39.07
4987,5.52,36.1,70,10.98,110.98,9,91.89,Air Leakage,1.13,38.49
4988,5.29,36.17,80,10.54,112.96,9,91.79,Air Leakage,0.75,38.34
4989,5.09,36.23,90,10.65,113.82,9,91.73,Air Leakage,1.18,38.87
4990,5.56,36.32,100,10.14,111.69,9,91.64,Air Leakage,0.92,38.34
4991,5.41,36.29,90,10.87,111.91,9,91.55,Air Leakage,1.15,38.56
4992,5.34,36.46,80,10.72,112.34,9,91.46,Air Leakage,1.5,38.32
4993,5.24,35.97,70,10.26,114.24,9,91.4,Air Leakage,1.29,38.9
4994,5.61,36.01,60,10.3,116.11,9,91.29,Air Leakage,1.03,38.11
4995,5.05,36.22,50,10.23,117.7,9,91.2,Air Leakage,1.39,38.49
4996,5.53,36.08,40,10.42,115.42,9,91.13,Air Leakage,1.04,37.87
4997,5.1,36.22,30,10.37,117.38,9,91.05,Air Leakage,0.75,38.01
4998,5.55,36.27,20,10.5,112.31,9,90.98,Air Leakage,0.87,38.53
4999,5.48,35.93,10,10.88,115.19,9,90.92,Air Leakage,1.29,38.28
5000,5.12,36.06,0,10.47,113.59,10,90.87,Air Leakage,1.25,37.89
5001,5.31,36.05,10,10.32,116.53,10,90.81,Air Leakage,0.9,37.26
5002,5.03,35.97,20,10.28,116.18,10,90.74,Air Leakage,0.95,36.62
5003,5.29,35.72,30,10.52,113.27,10,90.63,Air Leakage,1.1,37.0
5004,5.45,35.52,40,10.8,113.03,10,90.54,Air Leakage,1.0,37.12
5005,5.23,35.54,50,10.38,114.86,10,90.47,Air Leakage,1.16,37.71
5006,5.13,35.5,60,10.7,115.99,10,90.38,Air Leakage,0.68,37.5
5007,5.35,35.26,70,10.8,110.23,10,90.3,Air Leakage,0.64,36.96
5008,5.37,35.32,80,10.64,110.21,10,90.22,Air Leakage,1.1,37.37
5009,5.46,35.5,90,10.34,116.9,10,90.17,Air Leakage,1.08,37.37
5010,5.04,35.4,100,10.59,114.01,10,90.07,Air Leakage,1.01,37.28
5011,5.47,35.42,90,10.81,113.66,10,90.02,Air Leakage,0.88,37.02
5012,5.44,35.27,80,10.95,116.63,10,89.97,Air Leakage,1.19,37.09
5013,5.17,35.42,70,9.99,113.0,10,89.9,Air Leakage,1.08,37.61
5014,5.22,35.45,60,10.15,111.05,10,89.79,Air Leakage,0.96,37.68
5015,5.32,35.45,50,10.3,113.16,10,89.72,Air Leakage,1.41,37.3
5016,5.38,35.34,40,10.64,114.63,10,89.66,Air Leakage,1.06,36.63
5017,5.1,35.41,30,10.25,111.72,10,89.61,Air Leakage,1.23,36.74
5018,5.41,35.36,20,10.85,114.13,10,89.51,Air Leakage,0.94,36.57
5019,5.49,35.19,10,10.66,116.64,10,89.4,Air Leakage,0.7,36.61
5020,5.07,35.29,0,10.3,115.42,11,89.29,Air Leakage,1.29,36.26
5021,4.98,35.42,10,10.17,114.33,11,89.24,Air Leakage,1.28,35.67
5022,5.19,35.3,20,11.08,114.96,11,89.16,Air Leakage,1.19,36.38
5023,5.4,35.28,30,10.58,116.7,11,89.08,Air Leakage,0.97,36.68
5024,5.42,35.4,40,10.29,113.58,11,89.01,Air Leakage,0.64,36.75
5025,5.53,35.13,50,10.72,117.54,11,88.94,Air Leakage,1.25,36.41
5026,5.46,35.14,60,10.31,117.06,11,88.84,Air Leakage,1.15,36.52
5027,5.22,35.08,70,10.53,117.61,11,88.74,Air Leakage,0.96,37.13
5028,5.26,34.87,80,10.11,115.56,11,88.66,Air Leakage,1.47,37.32
5029,5.42,34.92,90,10.7,118.7,11,88.59,Air Leakage,1.09,37.79
5030,5.37,35.0,100,10.21,111.5,11,88.54,Air Leakage,1.07,37.36
5031,5.58,35.15,90,10.53,112.7,11,88.43,Air Leakage,1.07,37.81
5032,5.53,35.15,80,10.96,115.14,11,88.37,Air Leakage,0.7,37.58
5033,5.37,35.38,70,10.86,112.55,11,88.27,Air Leakage,1.09,37.96
5034,5.34,35.56,60,10.52,111.74,11,88.22,Air Leakage,1.37,38.14
5035,5.48,35.63,50,10.48,114.32,11,88.11,Air Leakage,0.77,37.57
5036,5.37,35.73,40,10.68,112.49,11,88.03,Air Leakage,1.18,37.14
5037,5.33,35.8,30,10.4,112.39,11,87.93,Air Leakage,1.15,36.85
5038,5.4,35.91,20,9.9,110.15,11,87.86,Air Leakage,0.85,36.97
5039,5.24,35.79,10,10.27,115.54,11,87.8,Air Leakage,0.79,37.04
5040,5.14,35.65,0,10.53,115.55,12,87.75,Air Leakage,1.0,36.7
5041,5.01,35.45,10,10.45,112.82,12,87.67,Air Leakage,0.88,37.21
5042,5.15,35.7,20,10.7,113.53,12,87.62,Air Leakage,1.22,37.12
5043,5.16,35.63,30,10.63,113.81,12,87.52,Air Leakage,1.39,36.9
5044,5.5,35.81,40,10.37,114.52,12,87.41,Air Leakage,1.01,36.69
5045,5.05,35.93,50,11.0,116.82,12,87.34,Air Leakage,1.22,37.3
5046,5.48,36.09,60,10.41,112.21,12,87.3,Air Leakage,1.14,37.13
5047,5.29,35.97,70,9.98,115.02,12,87.21,Air Leakage,1.22,37.37
5048,5.25,35.9,80,10.85,111.2,12,87.14,Air Leakage,1.09,37.48
5049,5.4,35.9,90,10.58,112.94,12,87.03,Air Leakage,0.98,37.12
5050,4.97,35.72,100,10.33,111.82,12,86.98,Air Leakage,1.15,37.17
5051,5.46,35.6,90,10.52,114.84,12,86.93,Air Leakage,1.2,37.68
5052,5.11,35.72,80,10.51,116.86,12,86.85,Air Leakage,1.09,37.89
5053,5.5,35.78,70,10.94,110.88,12,86.78,Air Leakage,0.78,37.66
5054,5.47,35.85,60,10.86,113.98,12,86.7,Air Leakage,0.93,37.2
5055,5.49,35.95,50,10.38,110.98,12,86.64,Air Leakage,1.12,37.87
5056,5.46,35.93,40,10.26,112.95,12,86.56,Air Leakage,1.26,37.39
5057,5.28,35.98,30,10.54,118.63,12,86.46,Air Leakage,1.25,36.9
5058,5.46,36.17,20,10.74,115.0,12,86.4,Air Leakage,1.02,36.41
5059,5.44,36.05,10,10.67,112.8,12,86.34,Air Leakage,1.26,36.22
5060,5.21,35.97,0,10.2,117.74,13,86.26,Air Leakage,1.16,35.96
5061,5.12,35.96,10,10.43,111.9,13,86.17,Air Leakage,0.67,35.46
5062,5.31,35.93,20,10.99,112.62,13,86.08,Air Leakage,0.79,35.65
5063,4.98,35.74,30,10.33,115.0,13,86.01,Air Leakage,0.58,36.32
5064,5.08,35.69,40,10.3,116.93,13,85.92,Air Leakage,1.08,36.61
5065,5.21,35.68,50,10.37,112.91,13,85.85,Air Leakage,0.73,36.67
5066,5.33,35.71,60,10.94,115.45,13,85.79,Air Leakage,1.07,37.4
5067,5.38,35.48,70,10.76,116.96,13,85.73,Air Leakage,1.13,38.03
5068,5.01,35.24,80,10.54,116.35,13,85.64,Air Leakage,1.0,38.4
5069,5.54,35.42,90,10.49,115.87,13,85.55,Air Leakage,1.4,38.73
5070,5.49,35.77,100,10.87,114.58,13,85.46,Air Leakage,0.88,38.89
5071,5.48,35.52,90,10.19,111.15,13,85.39,Air Leakage,0.59,38.62
5072,5.36,35.31,80,10.67,117.14,13,85.34,Air Leakage,1.08,38.11
5073,5.08,35.46,70,10.44,118.87,13,85.23,Air Leakage,1.18,38.63
5074,5.29,35.59,60,10.19,116.15,13,85.17,Air Leakage,1.1,38.25
5075,5.11,35.58,50,11.03,109.33,13,85.07,Air Leakage,1.34,38.34
5076,5.39,35.49,40,10.65,111.52,13,84.96,Air Leakage,0.97,37.56
5077,5.18,35.38,30,10.16,110.1,13,84.85,Air Leakage,0.77,37.76
5078,5.1,35.35,20,10.37,111.07,13,84.77,Air Leakage,0.94,38.0
5079,5.43,35.58,10,11.0,112.5,13,84.7,Air Leakage,1.11,37.35
5080,5.45,35.74,0,10.74,112.14,14,84.61,Air Leakage,1.2,37.29
5081,5.53,35.71,10,10.53,117.91,14,84.53,Air Leakage,1.53,36.73
5082,5.48,35.84,20,10.05,119.6,14,84.48,Air Leakage,0.73,37.05
5083,5.58,35.77,30,10.06,114.65,14,84.42,Air Leakage,1.16,36.43
5084,5.18,35.71,40,10.62,118.13,14,84.31,Air Leakage,1.04,36.37
5085,5.51,35.43,50,11.07,114.36,14,84.25,Air Leakage,1.33,36.2
5086,5.46,35.32,60,10.49,113.55,14,84.18,Air Leakage,1.27,36.93
5087,5.04,35.21,70,10.27,115.17,14,84.07,Air Leakage,1.04,37.53
5088,5.37,35.34,80,10.2,113.75,14,84.02,Air Leakage,0.71,37.33
5089,5.62,35.48,90,10.56,117.4,14,83.97,Air Leakage,1.34,37.02
5090,5.58,35.39,100,10.75,113.88,14,83.87,Air Leakage,0.89,37.54
5091,5.2,35.3,90,9.99,112.51,14,83.77,Air Leakage,0.81,37.18
5092,5.29,35.71,80,10.01,112.02,14,83.66,Air Leakage,1.35,37.83
5093,5.44,35.47,70,10.62,116.57,14,83.55,Air Leakage,0.75,37.19
5094,5.08,35.25,60,9.99,115.32,14,83.48,Air Leakage,0.76,36.88
5095,5.4,35.24,50,10.79,115.56,14,83.42,Air Leakage,1.03,36.5
5096,5.02,35.21,40,10.85,116.69,14,83.34,Air Leakage,1.55,37.19
5097,5.62,35.35,30,10.37,115.45,14,83.22,Air Leakage,1.25,37.35
5098,5.14,35.49,20,10.6,111.28,14,83.15,Air Leakage,0.89,36.98
5099,5.14,35.5,10,10.38,114.05,14,83.08,Air Leakage,1.16,36.98
5100,5.21,35.56,0,10.92,117.3,15,83.03,Air Leakage,1.29,36.54
5101,5.49,35.7,10,10.17,114.29,15,82.93,Air Leakage,0.74,36.67
5102,5.31,35.54,20,10.65,111.73,15,82.82,Air Leakage,1.17,36.38
5103,5.44,35.6,30,10.48,112.06,15,82.74,Air Leakage,1.04,36.86
5104,5.07,35.68,40,10.92,114.92,15,82.66,Air Leakage,1.36,37.11
5105,5.25,35.83,50,10.47,116.54,15,82.6,Air Leakage,0.86,37.57
5106,5.62,35.97,60,10.54,111.5,15,82.52,Air Leakage,0.73,38.01
5107,5.09,36.12,70,9.93,110.6,15,82.44,Air Leakage,1.14,37.68
5108,5.2,36.09,80,10.57,112.35,15,82.38,Air Leakage,1.12,38.29
5109,4.99,36.16,90,11.01,113.35,15,82.32,Air Leakage,1.1,38.12
5110,5.19,36.34,100,10.74,110.44,15,82.26,Air Leakage,1.35,38.24
5111,5.19,35.95,90,10.63,112.17,15,82.2,Air Leakage,0.62,38.16
5112,5.42,36.15,80,10.6,111.02,15,82.12,Air Leakage,1.15,38.41
5113,5.23,36.19,70,10.64,117.41,15,82.05,Air Leakage,1.1,38.07
5114,5.32,36.09,60,10.55,111.87,15,81.98,Air Leakage,0.81,38.37
5115,5.34,35.91,50,10.44,116.59,15,81.86,Air Leakage,0.73,38.68
5116,5.26,36.0,40,10.35,113.1,15,81.79,Air Leakage,0.93,38.87
5117,5.5,36.11,30,10.23,114.73,15,81.68,Air Leakage,1.25,39.25
5118,5.53,36.4,20,10.66,113.93,15,81.58,Air Leakage,1.25,39.61
5119,5.26,36.66,10,10.2,114.37,15,81.52,Air Leakage,0.97,39.09
5120,5.11,36.65,0,10.39,116.33,16,81.45,Air Leakage,1.09,38.78
5121,5.26,36.56,10,10.74,116.34,16,81.38,Air Leakage,0.89,38.41
5122,5.6,36.45,20,9.97,113.61,16,81.31,Air Leakage,1.14,38.4
5123,5.56,36.41,30,10.75,110.52,16,81.24,Air Leakage,0.78,38.78
5124,5.6,36.59,40,10.45,112.17,16,81.15,Air Leakage,1.44,39.07
5125,4.97,36.49,50,10.77,111.48,16,81.06,Air Leakage,0.83,38.48
5126,5.2,36.12,60,10.05,113.78,16,81.01,Air Leakage,1.36,38.57
5127,5.18,36.11,70,10.1,115.23,16,80.91,Air Leakage,1.2,38.87
5128,5.63,36.19,80,10.65,113.54,16,80.86,Air Leakage,0.59,38.64
5129,5.22,35.92,90,10.61,113.38,16,80.76,Air Leakage,1.03,38.23
5130,5.5,36.0,100,10.88,114.75,16,80.68,Air Leakage,1.36,38.05
5131,5.15,36.26,90,10.68,113.21,16,80.61,Air Leakage,1.19,38.05
5132,5.38,36.57,80,10.31,116.16,16,80.5,Air Leakage,1.13,37.98
5133,5.51,36.32,70,10.56,114.25,16,80.41,Air Leakage,0.89,38.45
5134,5.29,36.39,60,10.5,114.97,16,80.35,Air Leakage,1.19,39.02
5135,5.14,36.19,50,10.91,111.22,16,80.27,Air Leakage,1.51,39.22
5136,5.44,36.31,40,10.19,111.1,16,80.17,Air Leakage,1.25,38.38
5137,5.23,36.05,30,10.01,110.83,16,80.08,Air Leakage,0.8,38.64
5138,5.46,36.39,20,10.53,112.93,16,80.0,Air Leakage,0.85,39.0
5139,5.62,36.51,10,10.3,118.11,16,79.96,Air Leakage,0.92,39.12
5140,5.24,36.4,0,10.35,113.62,17,79.9,Air Leakage,1.13,38.26
5141,5.49,36.4,10,10.96,115.12,17,79.85,Air Leakage,1.13,38.19
5142,5.2,36.35,20,10.77,114.43,17,79.79,Air Leakage,1.5,38.71
5143,5.14,36.13,30,10.95,114.61,17,79.7,Air Leakage,1.38,37.9
5144,4.97,35.95,40,10.29,111.06,17,79.6,Air Leakage,1.12,37.63
5145,5.18,36.03,50,10.97,114.63,17,79.53,Air Leakage,1.18,38.2
5146,5.36,36.01,60,10.56,114.37,17,79.45,Air Leakage,1.25,38.79
5147,5.36,35.97,70,10.31,110.15,17,79.38,Air Leakage,0.64,38.97
5148,5.16,35.97,80,10.46,110.21,17,79.32,Air Leakage,1.3,39.46
5149,5.59,36.03,90,10.53,117.63,17,79.22,Air Leakage,0.75,39.11
5150,5.03,36.1,100,10.15,115.63,17,79.16,Air Leakage,1.18,38.67
5151,5.11,36.06,90,10.46,117.94,17,79.06,Air Leakage,1.49,38.05
5152,5.42,36.1,80,10.97,116.31,17,78.96,Air Leakage,1.38,38.37
5153,5.11,35.95,70,10.65,114.92,17,78.91,Air Leakage,0.82,38.15
5154,5.45,35.81,60,10.56,112.6,17,78.81,Air Leakage,1.29,38.74
5155,5.23,35.9,50,10.63,113.99,17,78.76,Air Leakage,1.08,38.66
5156,5.23,36.2,40,10.33,113.65,17,78.68,Air Leakage,1.11,38.05
5157,5.0,35.97,30,10.07,116.91,17,78.61,Air Leakage,1.15,37.91
5158,5.04,35.67,20,10.39,111.04,17,78.51,Air Leakage,0.82,37.53
5159,5.18,35.7,10,10.45,112.74,17,78.46,Air Leakage,0.8,37.0
5160,5.48,35.73,0,10.62,118.92,18,78.35,Air Leakage,0.92,36.93
5161,5.54,35.71,10,10.25,114.43,18,78.25,Air Leakage,1.15,36.57
5162,5.35,35.7,20,10.42,115.51,18,78.2,Air Leakage,0.79,36.93
5163,5.05,35.59,30,11.04,114.63,18,78.12,Air Leakage,1.16,37.43
5164,5.5,35.65,40,10.54,119.13,18,78.05,Air Leakage,0.91,37.47
5165,5.53,35.51,50,10.37,113.12,18,77.97,Air Leakage,0.65,37.39
5166,5.41,35.51,60,10.44,112.65,18,77.91,Air Leakage,1.19,37.52
5167,5.21,35.57,70,10.75,112.51,18,77.8,Air Leakage,1.1,36.86
5168,5.64,35.54,80,10.71,117.7,18,77.73,Air Leakage,1.07,36.7
5169,5.51,35.69,90,10.08,116.39,18,77.63,Air Leakage,1.38,37.42
5170,5.23,35.62,100,10.43,115.56,18,77.58,Air Leakage,1.42,37.21
5171,5.07,35.76,90,10.09,112.33,18,77.52,Air Leakage,0.9,36.84
5172,5.58,35.99,80,10.01,109.6,18,77.47,Air Leakage,0.97,37.42
5173,5.27,35.84,70,10.56,113.8,18,77.39,Air Leakage,1.1,36.95
5174,5.57,35.79,60,10.58,117.4,18,77.3,Air Leakage,1.1,36.57
5175,5.23,35.64,50,10.43,116.24,18,77.21,Air Leakage,1.46,36.71
5176,5.01,35.69,40,10.22,110.75,18,77.12,Air Leakage,1.46,36.81
5177,5.32,35.73,30,10.51,114.75,18,77.05,Air Leakage,0.79,36.65
5178,5.26,35.83,20,10.43,118.01,18,76.95,Air Leakage,1.51,36.37
5179,5.55,36.12,10,10.75,118.05,18,76.9,Air Leakage,0.81,36.4
5180,5.4,36.09,0,10.64,114.52,19,76.82,Air Leakage,1.22,36.18
5181,5.25,36.02,10,10.62,114.38,19,76.72,Air Leakage,0.93,36.15
5182,5.34,36.12,20,10.25,116.48,19,76.63,Air Leakage,0.91,36.71
5183,5.09,36.15,30,10.91,116.02,19,76.55,Air Leakage,1.25,36.62
5184,5.07,36.13,40,10.42,114.34,19,76.45,Air Leakage,1.04,36.03
5185,5.42,35.95,50,10.31,117.68,19,76.36,Air Leakage,0.76,36.15
5186,5.21,36.01,60,10.58,116.53,19,76.31,Air Leakage,1.07,36.67
5187,5.31,35.93,70,10.53,112.77,19,76.24,Air Leakage,1.37,36.93
5188,5.5,35.93,80,9.95,111.71,19,76.17,Air Leakage,1.27,37.11
5189,4.97,35.69,90,10.67,113.62,19,76.07,Air Leakage,0.82,37.52
5190,5.05,35.53,100,10.23,114.85,19,75.97,Air Leakage,0.69,38.16
5191,5.04,35.65,90,10.3,115.71,19,75.87,Air Leakage,1.38,37.45
5192,5.36,35.75,80,10.35,117.07,19,75.77,Air Leakage,0.86,38.01
5193,5.43,35.62,70,10.33,111.48,19,75.71,Air Leakage,0.87,37.49
5194,5.18,35.85,60,10.63,113.54,19,75.63,Air Leakage,1.15,37.47
5195,5.33,35.97,50,10.43,112.75,19,75.53,Air Leakage,1.06,36.94
5196,5.32,35.73,40,10.93,114.47,19,75.45,Air Leakage,0.86,36.7
5197,5.39,35.63,30,10.4,116.19,19,75.38,Air Leakage,0.77,37.33
5198,5.39,35.79,20,10.84,116.53,19,75.27,Air Leakage,0.89,37.93
5199,5.37,35.68,10,10.44,110.91,19,75.2,Air Leakage,0.72,37.93
5200,5.6,35.72,0,10.83,111.31,20,75.1,Air Leakage,1.02,38.23
5201,5.24,30.23,10,9.93,124.4,0,100.0,Healthy,0.35,14.97
5202,5.27,30.56,20,10.0,124.78,0,99.99,Healthy,0.35,15.76
5203,5.33,30.8,30,10.06,124.83,0,99.99,Healthy,0.4,16.65
5204,5.29,31.12,40,10.22,124.01,0,99.99,Healthy,0.41,17.81
5205,5.28,31.23,50,10.27,121.85,0,99.99,Healthy,0.37,18.53
5206,5.18,31.35,60,9.88,124.51,0,99.98,Healthy,0.45,19.25
5207,5.23,31.35,70,9.87,124.56,0,99.98,Healthy,0.45,19.28
5208,5.26,31.43,80,9.91,124.09,0,99.98,Healthy,0.41,20.19
5209,5.32,31.57,90,10.24,120.83,0,99.97,Healthy,0.37,20.44
5210,5.19,31.53,100,10.02,123.69,0,99.97,Healthy,0.35,20.22
5211,5.22,31.66,90,9.86,121.5,0,99.97,Healthy,0.33,20.99
5212,5.27,31.64,80,10.15,124.79,0,99.96,Healthy,0.35,21.58
5213,5.22,31.74,70,10.17,123.36,0,99.96,Healthy,0.39,21.43
5214,5.28,31.71,60,9.98,124.51,0,99.96,Healthy,0.52,22.13
5215,5.31,31.82,50,10.05,122.87,0,99.96,Healthy,0.37,22.68
5216,5.34,31.95,40,9.67,121.12,0,99.95,Healthy,0.46,22.24
5217,5.35,31.97,30,10.26,120.19,0,99.95,Healthy,0.37,22.83
5218,5.29,32.06,20,10.22,122.71,0,99.95,Healthy,0.38,23.55
5219,5.43,32.12,10,10.26,120.07,0,99.95,Healthy,0.47,23.1
5220,5.32,32.07,0,10.2,122.84,1,99.95,Healthy,0.45,23.65
5221,5.41,32.1,10,9.99,121.33,1,99.94,Healthy,0.4,23.45
5222,5.48,32.2,20,9.91,120.53,1,99.94,Healthy,0.42,23.27
5223,5.41,32.19,30,9.77,123.76,1,99.94,Healthy,0.31,22.89
5224,5.29,32.13,40,10.33,123.99,1,99.94,Healthy,0.44,23.46
5225,5.47,32.1,50,10.24,124.39,1,99.94,Healthy,0.34,23.5
5226,5.41,32.05,60,10.2,124.11,1,99.93,Healthy,0.5,22.98
5227,5.45,32.22,70,9.89,123.43,1,99.93,Healthy,0.3,23.15
5228,5.4,32.37,80,9.78,124.41,1,99.92,Healthy,0.42,22.88
5229,5.4,32.4,90,10.24,123.5,1,99.92,Healthy,0.37,23.43
5230,5.48,32.39,100,10.2,124.26,1,99.92,Healthy,0.36,23.52
5231,5.46,32.32,90,10.18,120.4,1,99.91,Healthy,0.52,23.72
5232,5.5,32.48,80,9.7,121.25,1,99.91,Healthy,0.3,23.96
5233,5.47,32.46,70,10.02,123.69,1,99.91,Healthy,0.46,24.58
5234,5.42,32.38,60,10.08,120.54,1,99.91,Healthy,0.42,24.65
5235,5.44,32.28,50,10.33,122.62,1,99.91,Healthy,0.54,24.76
5236,5.43,32.34,40,9.92,121.57,1,99.91,Healthy,0.45,24.98
5237,5.48,32.45,30,10.28,120.28,1,99.9,Healthy,0.53,24.77
5238,5.3,32.45,20,9.67,124.4,1,99.9,Healthy,0.38,24.94
5239,5.45,32.43,10,10.06,123.71,1,99.9,Healthy,0.35,24.35
5240,5.38,32.3,0,10.04,121.87,2,99.9,Healthy,0.35,24.33
5241,5.48,32.36,10,10.22,120.35,2,99.9,Healthy,0.37,24.49
5242,5.38,32.4,20,9.92,124.47,2,99.89,Healthy,0.38,24.75
5243,5.43,32.33,30,9.77,123.61,2,99.89,Healthy,0.33,24.54
5244,5.46,32.39,40,10.17,122.45,2,99.89,Healthy,0.43,24.15
5245,5.41,32.37,50,9.95,123.0,2,99.89,Healthy,0.32,23.44
5246,5.37,32.3,60,9.72,124.19,2,99.89,Healthy,0.52,22.97
5247,5.28,32.32,70,10.08,120.83,2,99.88,Healthy,0.41,22.71
5248,5.39,32.31,80,10.29,125.02,2,99.88,Healthy,0.46,22.13
5249,5.37,32.22,90,9.66,121.32,2,99.88,Healthy,0.37,21.89
5250,5.42,32.3,100,9.71,124.32,2,99.88,Healthy,0.46,22.33
5251,5.3,32.41,90,10.26,123.81,2,99.87,Healthy,0.45,23.04
5252,5.39,32.44,80,10.27,120.56,2,99.87,Healthy,0.44,23.73
5253,5.29,32.55,70,10.18,120.74,2,99.87,Healthy,0.5,24.32
5254,5.47,32.46,60,9.86,121.15,2,99.86,Healthy,0.5,23.94
5255,5.42,32.38,50,10.27,124.73,2,99.86,Healthy,0.41,23.99
5256,5.48,32.31,40,10.17,119.78,2,99.86,Healthy,0.51,24.08
5257,5.45,32.36,30,9.86,121.96,2,99.85,Healthy,0.39,24.11
5258,5.39,32.2,20,9.77,123.24,2,99.85,Healthy,0.54,23.63
5259,5.29,32.34,10,9.72,120.39,2,99.85,Healthy,0.42,23.69
5260,5.48,32.47,0,10.32,122.18,3,99.85,Healthy,0.38,23.19
5261,5.39,32.57,10,10.26,120.12,3,99.85,Healthy,0.36,22.81
5262,5.44,32.62,20,9.68,121.91,3,99.84,Healthy,0.3,22.6
5263,5.42,32.67,30,10.15,122.86,3,99.84,Healthy,0.36,23.13
5264,5.29,32.67,40,10.08,124.94,3,99.84,Healthy,0.34,23.07
5265,5.34,32.68,50,9.98,122.2,3,99.83,Healthy,0.46,23.53
5266,5.44,32.6,60,9.94,121.91,3,99.83,Healthy,0.41,23.4
5267,5.33,32.45,70,10.01,120.62,3,99.83,Healthy,0.31,23.04
5268,5.39,32.38,80,10.08,124.86,3,99.83,Healthy,0.44,23.16
5269,5.29,32.47,90,10.07,120.95,3,99.82,Healthy,0.31,22.91
5270,5.35,32.48,100,10.19,122.41,3,99.82,Healthy,0.31,22.53
5271,5.4,32.44,90,9.69,120.54,3,99.82,Healthy,0.42,22.24
5272,5.32,32.29,80,9.85,125.17,3,99.82,Healthy,0.37,22.59
5273,5.35,32.25,70,10.17,123.29,3,99.81,Healthy,0.37,23.31
5274,5.27,32.37,60,10.13,120.3,3,99.81,Valve Sticking,0.41,23.89
5275,5.46,32.48,50,9.79,121.57,3,99.81,Valve Sticking,0.47,23.74
5276,5.29,32.64,40,9.92,124.6,3,99.81,Valve Sticking,0.45,23.13
5277,5.27,32.56,30,10.19,120.69,3,99.8,Valve Sticking,0.46,23.14
5278,5.25,32.66,20,9.76,121.8,3,99.8,Valve Sticking,0.53,23.04
5279,5.28,32.56,10,10.32,121.91,3,99.79,Valve Sticking,0.5,22.74
5280,5.42,32.58,0,10.3,120.85,4,99.79,Valve Sticking,0.55,22.75
5281,5.28,32.56,10,10.31,122.99,4,99.78,Valve Sticking,0.48,22.37
5282,5.34,32.46,20,10.18,119.86,4,99.77,Valve Sticking,0.46,23.08
5283,5.25,32.56,30,9.86,120.46,4,99.76,Valve Sticking,0.37,23.7
5284,5.36,32.75,40,10.1,122.91,4,99.74,Valve Sticking,0.41,23.78
5285,5.39,32.81,50,10.1,121.01,4,99.73,Valve Sticking,0.51,23.99
5286,5.35,32.78,60,10.1,120.32,4,99.71,Valve Sticking,0.72,24.3
5287,5.42,32.8,70,10.05,123.91,4,99.7,Valve Sticking,0.65,24.14
5288,5.38,32.8,80,9.79,119.46,4,99.69,Valve Sticking,0.51,24.4
5289,5.3,32.75,90,10.27,122.97,4,99.67,Valve Sticking,0.7,24.67
5290,5.38,32.82,100,9.85,119.47,4,99.65,Valve Sticking,0.48,23.91
5291,5.45,32.78,90,9.61,123.75,4,99.63,Valve Sticking,0.67,23.29
5292,5.37,32.73,80,9.7,124.02,4,99.61,Valve Sticking,0.7,23.53
5293,5.23,32.65,70,10.27,121.37,4,99.58,Valve Sticking,0.77,23.48
5294,5.48,32.76,60,9.96,122.27,4,99.56,Valve Sticking,0.62,24.07
5295,5.27,32.73,50,9.69,118.93,4,99.53,Valve Sticking,0.78,23.42
5296,5.25,32.95,40,9.81,122.7,4,99.51,Valve Sticking,0.43,22.78
5297,5.41,33.04,30,10.01,121.27,4,99.49,Valve Sticking,0.83,23.26
5298,5.32,32.97,20,10.18,121.1,4,99.46,Valve Sticking,0.56,23.2
5299,5.21,33.07,10,10.33,123.8,4,99.43,Valve Sticking,0.5,22.8
5300,5.23,33.04,0,10.16,120.23,5,99.4,Valve Sticking,0.57,22.19
5301,5.32,33.13,10,9.86,122.27,5,99.37,Valve Sticking,0.93,22.34
5302,5.23,33.24,20,10.15,119.64,5,99.33,Valve Sticking,0.65,22.99
5303,5.45,33.26,30,10.24,121.81,5,99.29,Valve Sticking,0.59,23.42
5304,5.38,33.48,40,9.84,121.93,5,99.26,Valve Sticking,0.77,23.96
5305,5.48,33.6,50,10.0,117.18,5,99.23,Valve Sticking,0.81,24.52
5306,5.39,33.57,60,9.89,119.02,5,99.19,Valve Sticking,0.55,24.82
5307,5.31,33.5,70,9.93,121.38,5,99.16,Valve Sticking,0.66,24.06
5308,5.49,33.6,80,9.98,121.62,5,99.13,Valve Sticking,0.73,24.23
5309,5.33,33.75,90,10.28,119.27,5,99.09,Valve Sticking,0.83,24.76
5310,5.46,33.84,100,9.55,122.51,5,99.04,Valve Sticking,0.71,24.25
5311,5.33,33.76,90,9.78,121.61,5,98.99,Valve Sticking,0.99,24.67
5312,5.36,33.65,80,9.63,116.49,5,98.94,Valve Sticking,0.92,25.03
5313,5.51,33.67,70,10.27,116.77,5,98.9,Valve Sticking,1.09,24.54
5314,5.3,33.78,60,10.07,120.73,5,98.85,Valve Sticking,0.91,25.03
5315,5.28,33.61,50,9.71,119.73,5,98.8,Valve Sticking,1.01,25.06
5316,5.29,33.61,40,10.21,121.76,5,98.75,Valve Sticking,1.28,25.18
5317,5.45,33.72,30,10.13,116.82,5,98.7,Valve Sticking,0.89,25.38
5318,5.26,33.74,20,10.02,120.12,5,98.66,Valve Sticking,0.91,25.02
5319,5.54,33.86,10,10.09,118.73,5,98.62,Valve Sticking,0.9,25.09
5320,5.31,33.81,0,9.94,118.28,6,98.57,Valve Sticking,1.09,24.32
5321,5.23,33.89,10,10.31,118.58,6,98.5,Valve Sticking,0.91,23.72
5322,5.53,33.82,20,9.89,116.28,6,98.44,Valve Sticking,1.33,23.2
5323,5.35,33.94,30,9.88,117.8,6,98.37,Valve Sticking,1.41,23.0
5324,5.18,34.1,40,10.05,121.11,6,98.32,Valve Sticking,1.27,23.63
5325,5.25,34.29,50,10.3,120.78,6,98.26,Valve Sticking,0.94,23.99
5326,5.41,34.41,60,10.33,117.33,6,98.19,Valve Sticking,1.35,24.42
5327,5.46,34.47,70,9.53,118.55,6,98.13,Valve Sticking,0.92,24.92
5328,5.43,34.36,80,10.0,121.27,6,98.09,Valve Sticking,1.23,24.76
5329,5.55,34.41,90,10.11,118.56,6,98.04,Valve Sticking,1.4,24.86
5330,5.29,34.4,100,9.74,119.85,6,97.97,Valve Sticking,1.2,25.22
5331,5.31,34.54,90,10.26,119.76,6,97.91,Valve Sticking,0.74,25.63
5332,5.45,34.7,80,9.53,116.02,6,97.85,Valve Sticking,0.88,26.0
5333,5.35,34.5,70,9.58,116.4,6,97.79,Valve Sticking,1.34,25.27
5334,5.56,34.62,60,9.71,117.53,6,97.74,Valve Sticking,1.32,25.11
5335,5.49,34.74,50,9.74,118.57,6,97.68,Valve Sticking,0.95,25.06
5336,5.36,34.73,40,9.72,118.61,6,97.61,Valve Sticking,0.81,24.29
5337,5.09,34.67,30,10.25,121.5,6,97.54,Valve Sticking,0.87,24.66
5338,5.39,34.45,20,9.65,115.28,6,97.48,Valve Sticking,1.27,24.54
5339,5.14,34.53,10,10.07,120.83,6,97.43,Valve Sticking,1.3,24.05
5340,5.32,34.66,0,9.82,120.91,7,97.36,Valve Sticking,1.45,24.56
5341,5.42,34.77,10,10.17,111.03,7,97.32,Valve Sticking,1.25,24.09
5342,5.3,34.82,20,9.85,117.34,7,97.22,Valve Sticking,1.11,24.72
5343,5.36,34.55,30,9.56,122.16,7,97.16,Valve Sticking,1.48,24.79
5344,5.38,34.53,40,10.1,119.0,7,97.07,Valve Sticking,0.84,24.36
5345,5.4,34.65,50,10.07,118.62,7,97.0,Valve Sticking,0.78,23.71
5346,5.26,34.55,60,9.84,117.51,7,96.92,Valve Sticking,1.08,23.6
5347,5.22,34.79,70,10.34,117.66,7,96.83,Valve Sticking,1.13,23.61
5348,5.42,34.84,80,10.07,119.32,7,96.73,Valve Sticking,1.06,23.88
5349,5.29,34.55,90,9.98,119.91,7,96.67,Valve Sticking,1.7,24.3
5350,5.28,34.64,100,9.55,120.55,7,96.57,Valve Sticking,1.63,24.09
5351,5.16,35.0,90,9.67,115.47,7,96.51,Valve Sticking,1.65,24.31
5352,5.21,34.87,80,10.3,116.19,7,96.43,Valve Sticking,1.94,23.64
5353,5.26,34.67,70,9.85,116.05,7,96.37,Valve Sticking,1.6,23.51
5354,5.47,34.68,60,10.14,119.85,7,96.27,Valve Sticking,1.05,24.06
5355,5.18,34.7,50,9.98,116.63,7,96.21,Valve Sticking,1.75,24.25
5356,5.22,35.01,40,9.93,120.3,7,96.14,Valve Sticking,0.93,24.77
5357,5.08,35.19,30,9.94,112.74,7,96.07,Valve Sticking,1.67,24.88
5358,5.25,35.02,20,9.74,116.66,7,96.01,Valve Sticking,1.85,24.71
5359,5.39,34.79,10,9.64,118.44,7,95.92,Valve Sticking,1.42,24.42
5360,5.36,34.82,0,9.43,112.6,8,95.81,Valve Sticking,2.02,23.97
5361,5.52,34.86,10,10.07,118.55,8,95.71,Valve Sticking,1.19,24.17
5362,5.46,35.01,20,9.59,119.96,8,95.65,Valve Sticking,1.3,24.71
5363,5.26,35.18,30,9.6,116.42,8,95.59,Valve Sticking,2.22,25.08
5364,5.4,35.6,40,9.8,109.72,8,95.47,Valve Sticking,1.6,24.27
5365,5.08,35.36,50,10.31,118.26,8,95.39,Valve Sticking,1.48,24.03
5366,5.19,35.35,60,9.91,115.55,8,95.27,Valve Sticking,1.65,23.7
5367,5.6,35.33,70,9.58,119.73,8,95.18,Valve Sticking,1.93,23.72
5368,5.24,35.13,80,9.95,117.22,8,95.04,Valve Sticking,1.27,24.38
5369,5.38,35.37,90,9.88,112.59,8,94.94,Valve Sticking,1.71,24.7
5370,5.44,35.42,100,9.95,120.99,8,94.82,Valve Sticking,1.08,25.18
5371,5.28,35.41,90,9.53,113.04,8,94.71,Valve Sticking,1.32,24.9
5372,5.08,35.18,80,9.94,115.98,8,94.59,Valve Sticking,1.3,25.15
5373,5.14,35.42,70,9.69,121.68,8,94.47,Valve Sticking,2.08,24.45
5374,5.2,35.18,60,10.3,119.82,8,94.35,Valve Sticking,0.95,23.89
5375,5.1,35.55,50,10.35,111.55,8,94.26,Valve Sticking,1.95,24.16
5376,5.52,35.65,40,9.92,110.67,8,94.14,Valve Sticking,1.46,24.11
5377,5.25,35.99,30,10.03,115.07,8,94.01,Valve Sticking,2.08,24.3
5378,5.42,36.15,20,9.86,116.78,8,93.92,Valve Sticking,2.23,24.14
5379,5.13,36.0,10,10.06,113.56,8,93.78,Valve Sticking,1.91,23.53
5380,5.33,36.32,0,10.5,112.72,9,93.66,Valve Sticking,2.14,23.41
5381,5.04,36.56,10,9.58,119.71,9,93.55,Valve Sticking,2.41,23.33
5382,5.22,36.45,20,9.99,114.35,9,93.48,Valve Sticking,2.44,23.96
5383,5.16,36.63,30,9.94,114.66,9,93.39,Valve Sticking,1.8,23.93
5384,5.13,36.44,40,10.02,119.14,9,93.27,Valve Sticking,1.54,23.26
5385,5.28,36.35,50,9.81,111.12,9,93.15,Valve Sticking,2.05,23.48
5386,5.18,36.22,60,9.83,116.29,9,93.08,Valve Sticking,1.14,24.06
5387,5.28,36.29,70,9.81,119.98,9,92.94,Valve Sticking,2.4,24.04
5388,5.18,36.33,80,9.39,117.33,9,92.84,Valve Sticking,2.21,23.66
5389,5.12,36.63,90,10.45,120.36,9,92.69,Valve Sticking,1.01,23.38
5390,5.33,36.87,100,10.16,116.52,9,92.57,Valve Sticking,1.66,23.8
5391,5.37,36.58,90,10.18,114.41,9,92.46,Valve Sticking,1.17,23.37
5392,5.41,36.47,80,10.53,116.08,9,92.31,Valve Sticking,2.52,23.08
5393,5.15,36.57,70,9.58,117.85,9,92.22,Valve Sticking,2.38,23.36
5394,5.43,36.54,60,9.68,117.18,9,92.09,Valve Sticking,1.55,23.98
5395,5.05,36.44,50,9.66,112.92,9,91.97,Valve Sticking,1.96,24.62
5396,5.31,36.37,40,10.06,117.24,9,91.87,Valve Sticking,2.17,24.48
5397,5.26,36.67,30,10.18,114.84,9,91.73,Valve Sticking,1.16,24.43
5398,5.1,36.55,20,9.78,113.11,9,91.59,Valve Sticking,1.01,24.66
5399,5.04,36.43,10,9.42,118.16,9,91.43,Valve Sticking,1.34,25.15
5400,4.91,36.22,0,9.76,114.95,10,91.34,Valve Sticking,2.05,24.34
5401,5.09,36.59,10,10.15,113.61,10,91.22,Valve Sticking,1.96,23.77
5402,5.62,36.32,20,9.74,112.49,10,91.12,Valve Sticking,2.22,24.3
5403,5.08,36.16,30,9.88,111.19,10,90.97,Valve Sticking,1.71,24.28
5404,5.07,35.99,40,10.4,112.85,10,90.84,Valve Sticking,2.23,23.9
5405,5.32,35.91,50,9.94,109.91,10,90.76,Valve Sticking,1.28,24.45
5406,5.33,36.14,60,10.29,113.9,10,90.62,Valve Sticking,2.42,24.3
5407,5.23,36.42,70,10.05,112.9,10,90.48,Valve Sticking,1.29,23.72
5408,5.13,36.12,80,9.59,114.57,10,90.39,Valve Sticking,1.45,23.86
5409,5.21,36.36,90,10.04,118.67,10,90.3,Valve Sticking,1.39,23.5
5410,5.23,36.53,100,9.92,118.46,10,90.15,Valve Sticking,2.57,23.73
5411,5.31,36.7,90,10.06,112.22,10,90.04,Valve Sticking,1.0,23.46
5412,5.15,36.65,80,9.93,108.33,10,89.94,Valve Sticking,1.65,23.25
5413,5.13,36.72,70,10.28,119.66,10,89.79,Valve Sticking,2.05,23.62
5414,5.64,36.45,60,10.25,114.93,10,89.67,Valve Sticking,2.47,23.54
5415,5.17,36.8,50,9.91,114.09,10,89.51,Valve Sticking,2.2,23.41
5416,4.93,36.96,40,9.99,118.98,10,89.43,Valve Sticking,1.51,23.49
5417,5.21,36.79,30,9.5,115.68,10,89.28,Valve Sticking,2.35,22.8
5418,5.15,36.72,20,9.89,116.09,10,89.16,Valve Sticking,2.33,23.32
5419,5.35,36.65,10,9.88,112.37,10,89.01,Valve Sticking,1.27,23.15
5420,5.28,36.45,0,9.49,121.89,11,88.88,Valve Sticking,0.89,22.73
5421,5.3,36.64,10,9.94,111.13,11,88.73,Valve Sticking,1.28,23.24
5422,5.37,36.41,20,9.86,113.54,11,88.6,Valve Sticking,1.67,22.85
5423,5.27,36.61,30,9.84,115.96,11,88.46,Valve Sticking,2.07,22.36
5424,4.88,36.46,40,10.39,117.37,11,88.34,Valve Sticking,1.82,22.63
5425,5.32,36.19,50,9.8,115.42,11,88.25,Valve Sticking,1.06,22.2
5426,5.26,36.04,60,10.35,118.74,11,88.17,Valve Sticking,1.47,22.43
5427,5.4,35.59,70,10.18,113.95,11,88.02,Valve Sticking,2.07,22.75
5428,5.29,35.68,80,10.46,119.56,11,87.89,Valve Sticking,2.32,22.82
5429,5.14,35.9,90,9.89,112.75,11,87.78,Valve Sticking,1.82,22.82
5430,5.27,36.34,100,9.22,116.99,11,87.7,Valve Sticking,1.86,23.01
5431,5.11,36.59,90,9.98,114.69,11,87.61,Valve Sticking,1.34,23.71
5432,4.87,36.5,80,9.64,115.51,11,87.51,Valve Sticking,1.58,23.4
5433,4.92,36.44,70,10.1,111.87,11,87.36,Valve Sticking,1.69,23.58
5434,5.03,36.32,60,10.17,112.99,11,87.24,Valve Sticking,2.41,22.9
5435,5.39,36.66,50,9.59,119.69,11,87.13,Valve Sticking,2.32,22.39
5436,5.24,36.87,40,9.88,111.94,11,86.98,Valve Sticking,1.17,22.86
5437,5.36,36.66,30,10.44,115.0,11,86.89,Valve Sticking,1.35,23.18
5438,4.98,36.38,20,10.17,114.75,11,86.76,Valve Sticking,1.82,22.56
5439,5.24,36.52,10,9.49,119.37,11,86.64,Valve Sticking,1.6,23.25
5440,5.01,36.53,0,9.93,107.81,12,86.5,Valve Sticking,1.77,22.82
5441,5.42,36.63,10,9.58,119.6,12,86.42,Valve Sticking,2.35,23.34
5442,5.25,36.91,20,9.96,116.57,12,86.35,Valve Sticking,1.17,22.92
5443,5.28,36.75,30,10.1,111.7,12,86.21,Valve Sticking,1.19,23.47
5444,5.33,36.76,40,10.12,119.42,12,86.09,Valve Sticking,1.4,22.93
5445,5.12,37.0,50,10.1,114.09,12,85.99,Valve Sticking,2.47,23.39
5446,4.93,36.76,60,9.69,118.43,12,85.9,Valve Sticking,2.4,24.03
5447,5.52,36.69,70,9.96,116.93,12,85.78,Valve Sticking,1.77,23.88
5448,5.14,36.89,80,9.64,119.73,12,85.67,Valve Sticking,1.69,23.94
5449,5.15,37.24,90,10.07,107.1,12,85.57,Valve Sticking,2.54,23.44
5450,5.44,36.91,100,9.44,117.03,12,85.46,Valve Sticking,1.41,22.76
5451,5.45,37.03,90,9.59,115.41,12,85.31,Valve Sticking,2.1,22.52
5452,5.05,36.84,80,10.08,117.36,12,85.18,Valve Sticking,1.45,22.46
5453,5.22,37.14,70,9.97,113.18,12,85.08,Valve Sticking,1.17,22.66
5454,5.49,36.69,60,10.01,119.83,12,84.98,Valve Sticking,1.61,22.23
5455,5.37,36.72,50,10.05,117.12,12,84.91,Valve Sticking,1.95,22.99
5456,5.16,36.9,40,9.95,115.18,12,84.81,Valve Sticking,1.4,22.75
5457,5.34,36.6,30,10.31,115.97,12,84.71,Valve Sticking,1.69,23.22
5458,5.14,36.54,20,10.36,118.05,12,84.6,Valve Sticking,2.0,23.35
5459,4.94,36.3,10,9.71,117.23,12,84.44,Valve Sticking,1.29,22.7
5460,5.19,36.24,0,10.15,111.71,13,84.36,Valve Sticking,2.22,22.54
5461,5.34,35.74,10,10.15,112.47,13,84.27,Valve Sticking,1.88,22.86
5462,5.04,35.9,20,9.53,110.18,13,84.13,Valve Sticking,2.43,22.43
5463,5.57,36.17,30,10.4,114.12,13,84.04,Valve Sticking,2.44,21.82
5464,5.49,36.31,40,9.42,120.16,13,83.93,Valve Sticking,2.08,21.72
5465,5.44,36.17,50,9.51,112.63,13,83.85,Valve Sticking,1.25,21.86
5466,5.3,36.32,60,10.25,116.23,13,83.75,Valve Sticking,1.23,22.33
5467,5.34,36.1,70,9.93,112.32,13,83.63,Valve Sticking,1.96,22.89
5468,5.2,35.86,80,9.88,119.44,13,83.53,Valve Sticking,1.6,22.27
5469,4.9,35.89,90,9.85,115.94,13,83.44,Valve Sticking,1.91,22.91
5470,5.1,35.96,100,10.0,113.84,13,83.34,Valve Sticking,2.26,22.54
5471,5.4,35.87,90,9.34,113.14,13,83.26,Valve Sticking,2.42,22.16
5472,5.5,36.06,80,9.87,118.0,13,83.13,Valve Sticking,2.09,22.7
5473,5.47,35.79,70,10.16,115.37,13,83.04,Valve Sticking,1.04,22.61
5474,5.47,35.64,60,10.33,116.92,13,82.91,Valve Sticking,1.75,22.62
5475,5.09,35.68,50,10.09,118.13,13,82.79,Valve Sticking,2.38,22.54
5476,5.06,36.02,40,9.39,115.33,13,82.71,Valve Sticking,0.94,22.15
5477,5.01,36.21,30,10.18,115.93,13,82.62,Valve Sticking,1.59,22.37
5478,5.16,35.95,20,10.15,112.66,13,82.49,Valve Sticking,2.23,22.77
5479,5.09,35.43,10,9.91,113.49,13,82.37,Valve Sticking,2.0,23.07
5480,5.17,35.72,0,9.96,111.24,14,82.23,Valve Sticking,1.72,22.69
5481,5.57,35.96,10,9.93,119.48,14,82.07,Valve Sticking,1.38,23.35
5482,5.32,35.77,20,9.86,117.01,14,81.97,Valve Sticking,2.47,23.14
5483,5.09,35.69,30,9.97,115.15,14,81.83,Valve Sticking,1.78,23.76
5484,5.59,36.04,40,9.34,116.06,14,81.68,Valve Sticking,1.89,23.41
5485,5.28,36.26,50,9.49,116.69,14,81.6,Valve Sticking,1.01,24.1
5486,5.37,36.35,60,9.48,115.65,14,81.47,Valve Sticking,1.08,24.49
5487,5.13,36.26,70,10.36,119.5,14,81.36,Valve Sticking,1.59,24.69
5488,5.39,36.41,80,10.04,117.81,14,81.24,Valve Sticking,2.46,24.74
5489,5.53,36.39,90,9.99,113.34,14,81.14,Valve Sticking,1.15,24.91
5490,5.04,36.35,100,9.73,116.95,14,81.04,Valve Sticking,1.92,24.7
5491,5.41,36.21,90,10.01,118.97,14,80.95,Valve Sticking,1.21,24.46
5492,5.21,36.51,80,9.9,111.43,14,80.84,Valve Sticking,2.37,24.6
5493,4.96,36.7,70,10.35,112.12,14,80.69,Valve Sticking,1.84,25.01
5494,5.2,37.1,60,9.69,112.02,14,80.55,Valve Sticking,2.4,25.56
5495,5.44,37.09,50,9.89,119.59,14,80.43,Valve Sticking,1.2,24.94
5496,5.05,36.67,40,10.01,113.79,14,80.29,Valve Sticking,2.05,25.26
5497,5.25,36.78,30,10.15,116.8,14,80.16,Valve Sticking,1.09,25.21
5498,5.07,36.75,20,9.8,114.33,14,80.03,Valve Sticking,2.52,24.87
5499,5.23,36.89,10,10.42,116.03,14,79.94,Valve Sticking,2.39,25.17
5500,5.2,36.91,0,10.09,113.72,15,79.83,Valve Sticking,1.13,24.93
5501,5.66,37.07,10,9.88,113.44,15,79.71,Valve Sticking,2.09,25.24
5502,5.5,36.82,20,10.31,116.73,15,79.59,Valve Sticking,2.0,25.57
5503,5.14,36.71,30,9.39,111.94,15,79.46,Valve Sticking,2.17,25.93
5504,5.15,36.44,40,9.7,114.53,15,79.37,Valve Sticking,1.84,26.04
5505,5.25,36.32,50,10.1,116.26,15,79.29,Valve Sticking,2.4,26.24
5506,5.5,36.6,60,9.89,115.44,15,79.15,Valve Sticking,1.51,26.26
5507,5.06,37.02,70,9.66,115.31,15,79.04,Valve Sticking,0.97,25.75
5508,5.32,37.06,80,9.39,118.13,15,78.91,Valve Sticking,1.49,25.72
5509,5.24,37.25,90,10.0,105.12,15,78.82,Valve Sticking,1.7,26.04
5510,5.16,37.34,100,9.98,120.07,15,78.71,Valve Sticking,1.51,25.34
5511,5.52,37.3,90,9.53,118.36,15,78.64,Valve Sticking,1.13,24.95
5512,5.36,37.18,80,9.61,118.63,15,78.5,Valve Sticking,2.09,24.15
5513,5.19,37.26,70,10.29,112.04,15,78.42,Valve Sticking,1.98,24.74
5514,5.15,37.28,60,9.59,118.81,15,78.34,Valve Sticking,1.16,24.48
5515,5.18,36.94,50,9.91,120.68,15,78.21,Valve Sticking,1.5,23.94
5516,5.39,36.86,40,9.95,115.03,15,78.13,Valve Sticking,2.46,23.33
5517,5.22,36.72,30,10.44,118.39,15,77.99,Valve Sticking,1.43,23.2
5518,5.43,36.7,20,9.91,116.16,15,77.87,Valve Sticking,1.43,23.51
5519,5.37,36.53,10,9.92,116.01,15,77.75,Valve Sticking,1.63,23.51
5520,5.22,36.66,0,9.47,113.87,16,77.65,Valve Sticking,1.5,23.81
5521,5.53,36.65,10,9.52,114.97,16,77.55,Valve Sticking,2.13,23.32
5522,5.31,36.44,20,9.89,111.36,16,77.4,Valve Sticking,2.21,22.72
5523,5.22,36.45,30,9.87,114.49,16,77.26,Valve Sticking,2.06,23.04
5524,4.89,36.59,40,10.17,120.9,16,77.13,Valve Sticking,1.67,23.57
5525,4.95,36.64,50,9.48,115.59,16,77.06,Valve Sticking,1.51,23.23
5526,5.45,36.74,60,10.53,113.99,16,76.95,Valve Sticking,1.5,23.39
5527,5.22,36.85,70,9.83,115.8,16,76.81,Valve Sticking,1.21,23.91
5528,5.27,37.01,80,9.62,118.84,16,76.73,Valve Sticking,2.05,23.29
5529,5.19,37.21,90,9.84,111.93,16,76.59,Valve Sticking,1.96,23.7
5530,5.22,36.87,100,10.09,118.93,16,76.49,Valve Sticking,2.14,23.03
5531,5.36,36.97,90,9.95,106.34,16,76.37,Valve Sticking,1.96,23.6
5532,5.49,37.0,80,10.19,117.83,16,76.27,Valve Sticking,1.58,24.06
5533,5.05,36.72,70,9.45,111.07,16,76.14,Valve Sticking,1.8,23.44
5534,5.03,36.73,60,9.83,113.16,16,76.02,Valve Sticking,1.03,23.5
5535,5.18,36.47,50,9.76,120.6,16,75.92,Valve Sticking,1.26,23.82
5536,5.58,36.37,40,9.26,113.36,16,75.78,Valve Sticking,1.4,24.31
5537,5.46,36.33,30,10.21,117.57,16,75.65,Valve Sticking,2.3,24.9
5538,5.57,36.23,20,10.24,120.38,16,75.57,Valve Sticking,2.24,24.6
5539,5.39,35.76,10,9.97,117.55,16,75.49,Valve Sticking,1.72,25.13
5540,5.02,35.96,0,10.45,119.92,17,75.38,Valve Sticking,1.35,24.48
5541,5.21,35.76,10,9.61,118.87,17,75.23,Valve Sticking,1.13,24.21
5542,4.99,35.57,20,9.75,113.51,17,75.11,Valve Sticking,1.15,23.66
5543,5.14,35.82,30,9.67,121.67,17,75.01,Valve Sticking,2.28,23.73
5544,5.27,35.91,40,9.58,116.25,17,74.89,Valve Sticking,2.36,23.65
5545,5.07,35.74,50,9.88,116.28,17,74.79,Valve Sticking,1.46,23.04
5546,5.33,35.54,60,9.74,116.55,17,74.66,Valve Sticking,1.8,23.16
5547,4.97,35.4,70,9.4,115.32,17,74.56,Valve Sticking,1.87,23.18
5548,5.52,35.56,80,10.25,116.98,17,74.44,Valve Sticking,1.09,22.51
5549,5.06,35.44,90,9.78,121.41,17,74.31,Valve Sticking,2.54,22.62
5550,5.1,35.52,100,9.93,106.63,17,74.16,Valve Sticking,1.44,22.16
5551,5.04,35.52,90,9.98,119.12,17,74.06,Valve Sticking,2.01,21.98
5552,5.44,35.47,80,10.09,115.63,17,73.92,Valve Sticking,1.42,22.01
5553,5.25,35.8,70,10.42,120.03,17,73.78,Valve Sticking,1.78,21.9
5554,5.48,36.03,60,9.96,106.86,17,73.65,Valve Sticking,1.38,22.12
5555,5.57,35.99,50,9.82,116.5,17,73.53,Valve Sticking,1.28,22.81
5556,5.36,35.79,40,9.82,110.58,17,73.45,Valve Sticking,1.5,22.44
5557,5.45,35.65,30,9.77,120.89,17,73.36,Valve Sticking,1.38,23.2
5558,5.3,35.55,20,9.69,117.32,17,73.22,Valve Sticking,1.34,23.81
5559,5.12,35.94,10,10.02,115.81,17,73.14,Valve Sticking,2.03,23.41
5560,5.24,36.23,0,9.62,116.04,18,73.05,Valve Sticking,1.94,23.21
5561,5.18,36.09,10,9.66,110.93,18,72.92,Valve Sticking,2.23,23.37
5562,5.05,36.17,20,9.56,113.94,18,72.81,Valve Sticking,1.89,22.69
5563,5.15,36.31,30,10.15,115.04,18,72.72,Valve Sticking,1.49,22.51
5564,5.08,36.2,40,9.91,118.65,18,72.6,Valve Sticking,1.16,22.54
5565,5.32,36.18,50,10.44,116.22,18,72.53,Valve Sticking,2.43,22.87
5566,5.15,36.46,60,9.72,117.06,18,72.43,Valve Sticking,2.24,22.96
5567,5.23,36.44,70,10.12,111.21,18,72.35,Valve Sticking,2.11,23.32
5568,5.15,36.8,80,9.98,112.43,18,72.22,Valve Sticking,2.26,23.23
5569,5.58,36.79,90,9.46,117.23,18,72.12,Valve Sticking,2.29,23.61
5570,5.06,36.51,100,10.11,110.86,18,72.03,Valve Sticking,2.48,23.82
5571,5.33,36.4,90,9.47,113.89,18,71.94,Valve Sticking,1.51,23.35
5572,5.21,36.69,80,9.98,111.19,18,71.87,Valve Sticking,1.48,23.2
5573,5.03,36.44,70,10.35,118.38,18,71.71,Valve Sticking,2.21,23.64
5574,5.28,36.2,60,9.73,118.02,18,71.58,Valve Sticking,2.42,24.0
5575,5.46,36.22,50,10.28,113.35,18,71.45,Valve Sticking,1.14,23.49
5576,5.38,35.91,40,9.56,120.93,18,71.37,Valve Sticking,1.4,23.45
5577,5.36,36.18,30,9.83,113.71,18,71.22,Valve Sticking,1.41,23.44
5578,5.08,35.82,20,9.85,116.69,18,71.14,Valve Sticking,1.57,23.01
5579,5.0,35.84,10,9.96,120.11,18,71.02,Valve Sticking,2.21,23.11
5580,5.41,36.14,0,10.07,117.25,19,70.94,Valve Sticking,1.91,23.53
5581,5.24,35.94,10,9.62,111.34,19,70.84,Valve Sticking,1.36,23.91
5582,4.91,36.07,20,9.46,117.02,19,70.76,Valve Sticking,1.09,23.19
5583,5.24,35.8,30,10.07,112.47,19,70.65,Valve Sticking,2.1,23.66
5584,5.29,35.75,40,9.51,111.89,19,70.54,Valve Sticking,1.19,24.23
5585,5.27,35.33,50,9.38,116.18,19,70.45,Valve Sticking,0.94,24.67
5586,5.38,35.28,60,9.39,118.55,19,70.31,Valve Sticking,1.95,25.19
5587,5.05,35.23,70,10.38,115.41,19,70.2,Valve Sticking,2.12,24.35
5588,5.23,35.23,80,10.13,114.8,19,70.13,Valve Sticking,2.35,24.74
5589,5.29,35.74,90,10.02,121.55,19,70.02,Valve Sticking,1.65,24.15
5590,5.41,36.01,100,9.34,107.64,19,69.92,Valve Sticking,1.47,24.61
5591,5.57,36.13,90,9.89,115.27,19,69.84,Valve Sticking,1.01,23.97
5592,5.26,36.04,80,10.1,120.14,19,69.73,Valve Sticking,1.38,24.34
5593,5.37,35.89,70,10.11,115.91,19,69.58,Valve Sticking,2.14,24.01
5594,5.19,35.84,60,9.78,117.54,19,69.49,Valve Sticking,1.25,24.08
5595,5.12,35.79,50,9.66,114.65,19,69.36,Valve Sticking,2.03,23.48
5596,5.57,36.02,40,9.86,116.6,19,69.28,Valve Sticking,2.35,22.91
5597,5.24,35.89,30,9.77,115.81,19,69.16,Valve Sticking,1.41,22.78
5598,5.4,35.98,20,10.25,113.08,19,69.04,Valve Sticking,2.01,23.4
5599,5.38,36.09,10,9.98,115.6,19,68.94,Valve Sticking,2.03,23.53
5600,5.2,36.4,0,9.93,111.32,20,68.84,Valve Sticking,1.98,23.45
5601,5.14,30.33,10,9.98,123.87,0,100.0,Healthy,0.3,16.78
5602,5.22,30.47,20,9.7,121.5,0,100.0,Healthy,0.28,19.08
5603,5.21,30.72,30,9.96,125.1,0,99.99,Healthy,0.3,20.97
5604,5.28,30.91,40,9.74,124.82,0,99.99,Healthy,0.52,23.1
5605,5.38,31.01,50,9.83,119.55,0,99.99,Healthy,0.34,25.05
5606,5.41,31.23,60,9.89,123.18,0,99.98,Healthy,0.46,26.28
5607,5.49,31.61,70,9.74,119.62,0,99.98,Healthy,0.32,27.48
5608,5.43,31.86,80,10.31,118.77,0,99.98,Healthy,0.33,28.46
5609,5.52,32.04,90,10.02,118.95,0,99.97,Healthy,0.53,29.79
5610,5.45,32.1,100,9.9,121.09,0,99.97,Healthy,0.38,30.99
5611,5.46,32.11,90,10.13,120.12,0,99.97,Healthy,0.52,32.5
5612,5.67,32.29,80,10.13,121.94,0,99.97,Healthy,0.47,33.31
5613,5.62,32.52,70,10.24,120.71,0,99.97,Healthy,0.39,33.68
5614,5.63,32.53,60,9.74,119.66,0,99.96,Healthy,0.4,34.41
5615,5.62,32.62,50,10.02,120.45,0,99.96,Healthy,0.51,35.61
5616,5.52,32.66,40,10.11,117.58,0,99.96,Healthy,0.4,35.77
5617,5.59,32.72,30,9.75,120.71,0,99.95,Healthy,0.36,35.71
5618,5.69,32.98,20,10.17,119.59,0,99.95,Healthy,0.5,36.6
5619,5.59,33.15,10,10.13,118.36,0,99.95,Healthy,0.42,37.76
5620,5.68,33.29,0,10.08,119.84,1,99.95,Healthy,0.5,38.63
5621,5.63,33.46,10,10.01,115.65,1,99.95,Healthy,0.46,38.98
5622,5.63,33.5,20,10.24,119.98,1,99.94,Healthy,0.39,38.98
5623,5.63,33.66,30,10.02,115.81,1,99.94,Healthy,0.5,39.24
5624,5.71,33.61,40,10.33,115.81,1,99.94,Healthy,0.45,40.13
5625,5.73,33.65,50,9.97,119.18,1,99.94,Healthy,0.44,39.95
5626,5.59,33.76,60,9.82,115.31,1,99.93,Healthy,0.48,40.11
5627,5.79,33.78,70,10.17,118.33,1,99.93,Healthy,0.57,39.78
5628,5.64,33.71,80,9.66,115.48,1,99.93,Healthy,0.56,40.28
5629,5.79,33.75,90,10.28,117.13,1,99.92,Healthy,0.4,40.02
5630,5.59,33.79,100,9.8,118.86,1,99.92,Healthy,0.53,39.73
5631,5.78,33.91,90,10.27,115.42,1,99.92,Healthy,0.4,39.85
5632,5.63,33.96,80,9.83,119.7,1,99.92,Healthy,0.56,40.77
5633,5.79,33.98,70,10.16,117.93,1,99.91,Healthy,0.54,40.73
5634,5.77,33.94,60,9.87,116.92,1,99.91,Healthy,0.59,40.69
5635,5.8,33.83,50,9.8,118.44,1,99.91,Healthy,0.4,41.06
5636,5.67,33.92,40,9.9,116.64,1,99.9,Healthy,0.53,41.61
5637,5.71,34.06,30,10.23,119.02,1,99.9,Healthy,0.59,41.95
5638,5.78,34.19,20,10.07,115.27,1,99.9,Healthy,0.59,41.51
5639,5.69,34.18,10,10.26,117.12,1,99.9,Healthy,0.59,41.59
5640,5.83,34.11,0,10.31,119.61,2,99.89,Healthy,0.63,41.58
5641,5.84,34.04,10,10.23,116.65,2,99.89,Healthy,0.5,41.25
5642,5.75,34.03,20,9.87,115.99,2,99.89,Healthy,0.54,40.9
5643,5.62,34.14,30,10.14,116.17,2,99.88,Healthy,0.57,40.46
5644,5.66,34.08,40,9.83,115.27,2,99.88,Healthy,0.52,40.5
5645,5.8,34.15,50,9.77,117.64,2,99.88,Healthy,0.4,40.3
5646,5.67,34.23,60,9.68,117.03,2,99.88,Healthy,0.38,40.42
5647,5.71,34.13,70,9.93,117.05,2,99.87,Healthy,0.42,39.95
5648,5.63,34.21,80,10.27,117.52,2,99.87,Healthy,0.44,40.38
5649,5.82,34.16,90,9.68,115.59,2,99.86,Healthy,0.41,40.3
5650,5.76,34.26,100,10.24,117.9,2,99.86,Healthy,0.55,40.14
5651,5.6,34.25,90,10.05,116.07,2,99.86,Healthy,0.45,40.11
5652,5.71,34.07,80,10.17,120.03,2,99.85,Healthy,0.5,39.66
5653,5.66,34.18,70,9.73,118.95,2,99.85,Healthy,0.49,39.52
5654,5.74,34.14,60,9.77,118.44,2,99.85,Healthy,0.42,39.1
5655,5.56,34.14,50,9.83,117.51,2,99.85,Pressure Drop,0.41,39.06
5656,5.79,34.14,40,10.21,119.35,2,99.85,Pressure Drop,0.48,40.06
5657,5.56,34.12,30,10.04,120.07,2,99.85,Pressure Drop,0.62,39.83
5658,5.65,34.13,20,9.66,117.71,2,99.84,Pressure Drop,0.61,40.6
5659,5.69,34.23,10,9.84,115.48,2,99.84,Pressure Drop,0.42,41.19
5660,5.57,34.34,0,10.15,115.87,3,99.83,Pressure Drop,0.62,40.82
5661,5.64,34.27,10,9.82,115.91,3,99.82,Pressure Drop,0.46,40.99
5662,5.56,34.21,20,10.28,117.86,3,99.82,Pressure Drop,0.46,40.76
5663,5.6,34.26,30,10.15,115.59,3,99.81,Pressure Drop,0.5,40.91
5664,5.69,34.27,40,9.7,116.51,3,99.8,Pressure Drop,0.58,41.26
5665,5.71,34.22,50,9.64,118.4,3,99.79,Pressure Drop,0.66,41.28
5666,5.54,34.27,60,9.98,115.55,3,99.78,Pressure Drop,0.55,40.97
5667,5.72,34.1,70,9.98,117.44,3,99.77,Pressure Drop,0.66,41.09
5668,5.73,34.12,80,10.16,117.9,3,99.76,Pressure Drop,0.64,40.83
5669,5.74,34.13,90,10.11,116.79,3,99.74,Pressure Drop,0.44,41.27
5670,5.58,34.18,100,9.67,115.82,3,99.72,Pressure Drop,0.62,41.49
5671,5.78,34.31,90,10.09,116.64,3,99.71,Pressure Drop,0.55,41.83
5672,5.49,34.28,80,9.62,115.87,3,99.69,Pressure Drop,0.43,41.25
5673,5.69,34.23,70,9.89,115.06,3,99.68,Pressure Drop,0.66,41.66
5674,5.55,34.38,60,9.69,117.69,3,99.65,Pressure Drop,0.55,41.73
5675,5.47,34.39,50,9.93,114.67,3,99.63,Pressure Drop,0.57,41.97
5676,5.52,34.36,40,10.04,115.83,3,99.61,Pressure Drop,0.53,41.64
5677,5.73,34.35,30,9.89,117.05,3,99.58,Pressure Drop,0.68,42.12
5678,5.59,34.4,20,9.57,115.25,3,99.56,Pressure Drop,0.7,42.75
5679,5.67,34.44,10,9.78,116.76,3,99.54,Pressure Drop,0.74,42.09
5680,5.55,34.55,0,9.71,114.41,4,99.52,Pressure Drop,0.68,42.06
5681,5.55,34.53,10,9.93,115.9,4,99.49,Pressure Drop,0.71,41.98
5682,5.63,34.68,20,9.96,114.53,4,99.46,Pressure Drop,0.76,42.33
5683,5.59,34.61,30,10.24,113.26,4,99.43,Pressure Drop,0.57,42.34
5684,5.57,34.56,40,9.56,114.27,4,99.41,Pressure Drop,0.69,42.53
5685,5.6,34.56,50,9.49,116.26,4,99.38,Pressure Drop,0.75,42.06
5686,5.5,34.62,60,10.07,112.65,4,99.34,Pressure Drop,0.68,42.08
5687,5.5,34.65,70,10.2,112.46,4,99.3,Pressure Drop,0.62,42.29
5688,5.38,34.67,80,9.71,118.13,4,99.27,Pressure Drop,0.72,42.4
5689,5.58,34.65,90,10.08,113.55,4,99.23,Pressure Drop,0.66,42.41
5690,5.57,34.64,100,10.13,115.47,4,99.19,Pressure Drop,0.76,42.42
5691,5.52,34.57,90,9.77,117.9,4,99.16,Pressure Drop,0.66,42.64
5692,5.69,34.61,80,9.73,117.63,4,99.12,Pressure Drop,0.8,42.19
5693,5.29,34.64,70,9.97,113.75,4,99.08,Pressure Drop,0.64,41.65
5694,5.63,34.7,60,10.27,117.61,4,99.04,Pressure Drop,0.74,41.11
5695,5.33,34.66,50,9.73,112.36,4,99.01,Pressure Drop,0.66,40.6
5696,5.61,34.82,40,9.69,117.36,4,98.98,Pressure Drop,0.92,41.33
5697,5.42,34.84,30,9.62,113.99,4,98.92,Pressure Drop,0.69,41.37
5698,5.46,34.72,20,9.76,112.69,4,98.88,Pressure Drop,0.62,41.27
5699,5.42,34.67,10,9.91,113.9,4,98.83,Pressure Drop,0.67,40.95
5700,5.39,34.76,0,9.82,112.62,5,98.77,Pressure Drop,0.6,41.27
5701,5.59,34.84,10,9.61,113.04,5,98.72,Pressure Drop,0.6,42.08
5702,5.48,34.75,20,9.67,114.49,5,98.67,Pressure Drop,0.76,42.15
5703,5.51,34.72,30,9.95,110.29,5,98.63,Pressure Drop,0.91,41.96
5704,5.38,34.63,40,9.67,116.67,5,98.57,Pressure Drop,0.8,41.89
5705,5.44,34.74,50,10.16,115.72,5,98.53,Pressure Drop,0.86,42.63
5706,5.47,34.78,60,9.69,117.79,5,98.5,Pressure Drop,0.96,42.14
5707,5.4,34.81,70,9.93,112.39,5,98.43,Pressure Drop,0.79,41.63
5708,5.64,34.91,80,9.87,112.42,5,98.39,Pressure Drop,0.84,42.43
5709,5.33,34.91,90,10.0,110.3,5,98.33,Pressure Drop,1.01,41.96
5710,5.5,34.84,100,9.83,110.92,5,98.27,Pressure Drop,0.74,41.96
5711,5.34,34.72,90,9.85,116.76,5,98.2,Pressure Drop,0.9,42.22
5712,5.41,34.72,80,9.82,111.54,5,98.17,Pressure Drop,1.05,42.12
5713,5.55,34.89,70,9.6,112.99,5,98.12,Pressure Drop,0.82,42.57
5714,5.43,34.91,60,9.48,116.81,5,98.08,Pressure Drop,0.92,42.09
5715,5.41,34.86,50,9.76,113.65,5,98.0,Pressure Drop,0.9,41.46
5716,5.42,35.02,40,9.84,114.54,5,97.94,Pressure Drop,0.67,40.9
5717,5.21,35.1,30,10.18,116.19,5,97.88,Pressure Drop,0.72,41.43
5718,5.33,34.92,20,10.01,114.37,5,97.81,Pressure Drop,0.76,41.4
5719,5.42,34.86,10,10.01,115.61,5,97.76,Pressure Drop,0.87,41.51
5720,5.13,35.01,0,10.19,108.82,6,97.68,Pressure Drop,0.75,42.32
5721,5.57,34.92,10,9.91,116.39,6,97.63,Pressure Drop,0.96,42.67
5722,5.41,34.96,20,9.54,110.87,6,97.56,Pressure Drop,1.22,42.49
5723,5.49,34.91,30,9.64,112.59,6,97.52,Pressure Drop,0.66,43.12
5724,5.56,35.01,40,9.49,113.69,6,97.43,Pressure Drop,0.94,43.19
5725,5.2,35.16,50,9.73,112.11,6,97.38,Pressure Drop,0.88,43.65
5726,5.47,35.22,60,9.57,109.51,6,97.33,Pressure Drop,0.87,44.01
5727,5.42,35.37,70,9.86,113.26,6,97.28,Pressure Drop,0.88,43.96
5728,5.2,35.36,80,9.93,113.15,6,97.22,Pressure Drop,0.92,43.92
5729,5.03,35.39,90,9.73,112.73,6,97.15,Pressure Drop,0.83,44.41
5730,5.44,35.29,100,9.79,114.36,6,97.09,Pressure Drop,0.7,44.68
5731,5.18,35.26,90,9.69,113.88,6,97.03,Pressure Drop,0.82,44.53
5732,5.6,35.41,80,9.83,112.44,6,96.95,Pressure Drop,1.1,44.99
5733,5.29,35.5,70,10.08,111.01,6,96.86,Pressure Drop,0.75,44.32
5734,5.2,35.62,60,9.66,115.79,6,96.77,Pressure Drop,0.89,43.95
5735,5.34,35.66,50,9.47,108.03,6,96.71,Pressure Drop,0.72,43.26
5736,5.19,35.69,40,9.61,112.33,6,96.63,Pressure Drop,0.58,42.67
5737,5.07,35.51,30,9.43,110.92,6,96.53,Pressure Drop,1.17,42.59
5738,5.52,35.27,20,9.89,114.68,6,96.44,Pressure Drop,0.92,41.98
5739,5.44,35.36,10,9.69,108.34,6,96.35,Pressure Drop,0.89,42.47
5740,5.48,35.54,0,9.6,113.63,7,96.29,Pressure Drop,0.87,42.91
5741,5.39,35.58,10,9.54,115.93,7,96.2,Pressure Drop,1.04,42.57
5742,5.4,35.43,20,9.89,112.93,7,96.1,Pressure Drop,1.12,42.75
5743,4.97,35.48,30,10.06,110.85,7,96.0,Pressure Drop,0.98,42.17
5744,5.49,35.57,40,9.63,115.11,7,95.94,Pressure Drop,0.92,42.35
5745,5.12,35.55,50,9.63,110.48,7,95.88,Pressure Drop,0.87,41.84
5746,5.31,35.67,60,9.49,112.69,7,95.78,Pressure Drop,0.9,42.54
5747,5.32,35.79,70,9.22,113.93,7,95.68,Pressure Drop,0.76,42.73
5748,5.6,35.76,80,10.06,109.89,7,95.59,Pressure Drop,1.18,42.5
5749,5.22,35.7,90,9.74,114.44,7,95.51,Pressure Drop,1.2,42.08
5750,5.18,35.58,100,9.6,113.3,7,95.46,Pressure Drop,0.95,42.34
5751,5.31,35.51,90,9.91,110.64,7,95.37,Pressure Drop,0.7,42.89
5752,5.45,35.43,80,9.63,112.73,7,95.29,Pressure Drop,1.07,43.1
5753,5.24,35.42,70,9.93,112.72,7,95.2,Pressure Drop,0.88,42.63
5754,5.21,35.56,60,10.09,113.33,7,95.12,Pressure Drop,0.96,42.3
5755,5.09,35.58,50,9.39,115.52,7,95.05,Pressure Drop,0.99,41.84
5756,5.56,35.62,40,9.9,111.88,7,94.96,Pressure Drop,1.12,41.89
5757,5.29,35.55,30,9.46,111.54,7,94.87,Pressure Drop,1.12,42.57
5758,5.4,35.41,20,9.79,109.96,7,94.82,Pressure Drop,0.72,41.95
5759,5.04,35.21,10,10.22,111.15,7,94.74,Pressure Drop,0.95,42.59
5760,5.5,35.15,0,9.92,108.76,8,94.67,Pressure Drop,1.1,43.3
5761,5.24,35.18,10,9.68,111.67,8,94.58,Pressure Drop,0.99,43.45
5762,5.41,35.33,20,9.64,113.51,8,94.48,Pressure Drop,1.17,43.26
5763,5.32,35.41,30,10.08,115.76,8,94.39,Pressure Drop,0.89,42.76
5764,5.42,35.4,40,10.14,108.97,8,94.32,Pressure Drop,1.14,42.51
5765,5.35,35.29,50,9.99,111.65,8,94.22,Pressure Drop,0.71,42.88
5766,5.29,35.26,60,9.47,114.22,8,94.13,Pressure Drop,0.69,43.07
5767,5.39,35.32,70,9.88,114.72,8,94.04,Pressure Drop,1.05,42.8
5768,5.52,35.32,80,9.58,111.3,8,93.95,Pressure Drop,0.97,43.15
5769,5.58,35.09,90,9.22,112.48,8,93.86,Pressure Drop,1.06,43.26
5770,5.39,35.17,100,9.76,112.23,8,93.81,Pressure Drop,1.2,43.12
5771,5.37,35.08,90,9.6,112.35,8,93.74,Pressure Drop,0.8,43.24
5772,5.52,34.99,80,9.83,113.41,8,93.65,Pressure Drop,1.11,43.62
5773,5.14,35.03,70,9.9,112.45,8,93.57,Pressure Drop,0.95,43.48
5774,5.05,35.31,60,9.6,111.96,8,93.48,Pressure Drop,1.01,43.78
5775,5.61,35.56,50,9.8,107.45,8,93.39,Pressure Drop,1.07,44.24
5776,5.48,35.72,40,9.53,110.3,8,93.34,Pressure Drop,1.19,44.61
5777,5.43,35.52,30,9.72,112.3,8,93.27,Pressure Drop,1.03,44.4
5778,5.25,35.53,20,9.85,107.55,8,93.17,Pressure Drop,1.24,44.28
5779,5.4,35.64,10,9.87,114.73,8,93.1,Pressure Drop,1.24,44.76
5780,5.05,35.78,0,9.64,110.75,9,93.02,Pressure Drop,0.92,44.14
5781,5.31,35.81,10,9.92,111.92,9,92.93,Pressure Drop,1.24,44.05
5782,5.2,35.77,20,10.16,108.82,9,92.87,Pressure Drop,1.27,43.36
5783,5.14,35.78,30,9.67,110.43,9,92.79,Pressure Drop,1.01,42.66
5784,5.29,35.83,40,10.0,109.99,9,92.7,Pressure Drop,1.18,42.66
5785,5.22,35.55,50,9.53,114.66,9,92.65,Pressure Drop,0.63,42.99
5786,5.47,35.6,60,9.98,111.33,9,92.55,Pressure Drop,0.65,43.58
5787,5.53,35.67,70,9.62,114.08,9,92.49,Pressure Drop,0.62,43.58
5788,5.15,35.63,80,9.6,113.86,9,92.42,Pressure Drop,1.15,43.1
5789,5.51,35.71,90,9.73,113.53,9,92.37,Pressure Drop,0.94,43.09
5790,5.19,35.58,100,9.88,113.1,9,92.28,Pressure Drop,1.24,43.72
5791,5.65,35.52,90,9.26,114.39,9,92.21,Pressure Drop,1.15,43.4
5792,5.33,35.44,80,9.35,113.24,9,92.13,Pressure Drop,0.99,42.96
5793,5.17,35.44,70,9.51,114.14,9,92.08,Pressure Drop,1.03,43.16
5794,5.37,35.38,60,9.34,115.88,9,92.01,Pressure Drop,1.24,42.84
5795,5.41,35.26,50,9.44,109.29,9,91.91,Pressure Drop,0.85,42.71
5796,5.04,35.25,40,9.68,116.26,9,91.82,Pressure Drop,0.6,42.36
5797,5.55,35.28,30,9.8,111.52,9,91.72,Pressure Drop,0.99,42.77
5798,5.02,35.43,20,9.9,113.65,9,91.63,Pressure Drop,0.61,42.67
5799,5.48,35.46,10,9.7,113.13,9,91.56,Pressure Drop,0.83,42.69
5800,5.16,35.36,0,9.91,111.97,10,91.51,Pressure Drop,1.2,42.06
5801,5.11,35.64,10,10.04,114.38,10,91.45,Pressure Drop,1.0,41.69
5802,5.13,35.4,20,9.63,112.95,10,91.39,Pressure Drop,1.01,41.54
5803,5.19,35.52,30,9.43,113.06,10,91.33,Pressure Drop,0.73,41.85
5804,5.2,35.53,40,9.67,112.03,10,91.28,Pressure Drop,1.3,41.43
5805,5.18,35.56,50,9.66,108.79,10,91.2,Pressure Drop,1.03,41.73
5806,5.32,35.4,60,9.53,114.28,10,91.12,Pressure Drop,1.09,41.6
5807,5.35,35.45,70,9.42,115.64,10,91.02,Pressure Drop,0.8,42.33
5808,5.11,35.54,80,9.92,113.23,10,90.93,Pressure Drop,0.93,42.98
5809,5.69,35.55,90,9.76,113.1,10,90.86,Pressure Drop,1.24,42.9
5810,5.61,35.42,100,9.64,115.43,10,90.78,Pressure Drop,0.96,42.53
5811,5.14,35.34,90,9.91,107.0,10,90.71,Pressure Drop,1.09,42.54
5812,5.28,35.23,80,9.94,112.57,10,90.61,Pressure Drop,1.24,43.07
5813,5.4,35.08,70,9.91,114.81,10,90.51,Pressure Drop,0.68,42.4
5814,5.28,35.07,60,9.62,112.71,10,90.44,Pressure Drop,0.72,42.07
5815,5.59,35.05,50,9.31,110.9,10,90.37,Pressure Drop,0.73,42.14
5816,5.34,34.9,40,10.05,111.78,10,90.3,Pressure Drop,0.83,42.11
5817,5.16,35.01,30,9.2,112.54,10,90.22,Pressure Drop,0.96,42.79
5818,5.55,34.98,20,9.39,113.91,10,90.16,Pressure Drop,1.17,42.64
5819,5.28,34.99,10,9.93,111.58,10,90.07,Pressure Drop,0.84,43.07
5820,5.44,35.15,0,9.66,112.89,11,90.0,Pressure Drop,1.16,43.0
5821,5.19,35.02,10,9.69,113.41,11,89.9,Pressure Drop,0.75,43.24
5822,5.01,35.25,20,9.87,113.06,11,89.85,Pressure Drop,1.19,43.01
5823,5.5,35.3,30,9.76,111.32,11,89.76,Pressure Drop,0.86,43.16
5824,5.39,35.29,40,9.32,109.05,11,89.68,Pressure Drop,0.74,43.01
5825,5.49,35.41,50,9.49,111.81,11,89.63,Pressure Drop,1.23,42.56
5826,5.15,35.51,60,9.54,115.72,11,89.57,Pressure Drop,0.84,42.28
5827,5.46,35.25,70,9.77,111.35,11,89.5,Pressure Drop,1.18,41.95
5828,5.16,35.25,80,10.18,110.64,11,89.4,Pressure Drop,0.81,41.54
5829,5.25,35.27,90,10.1,110.53,11,89.32,Pressure Drop,1.21,41.15
5830,5.54,35.37,100,9.73,113.51,11,89.27,Pressure Drop,0.94,41.34
5831,5.38,35.32,90,9.81,111.84,11,89.2,Pressure Drop,0.72,41.84
5832,5.27,35.35,80,9.91,112.15,11,89.12,Pressure Drop,1.0,42.41
5833,5.19,35.43,70,9.79,112.41,11,89.04,Pressure Drop,1.01,42.9
5834,5.19,35.4,60,9.48,112.22,11,88.98,Pressure Drop,1.17,42.36
5835,5.32,35.4,50,9.49,114.22,11,88.9,Pressure Drop,0.81,42.87
5836,5.09,35.27,40,9.27,114.86,11,88.84,Pressure Drop,0.75,42.42
5837,5.51,35.34,30,9.43,114.01,11,88.77,Pressure Drop,0.9,42.1
5838,5.58,35.45,20,9.67,115.4,11,88.67,Pressure Drop,0.93,41.67
5839,5.57,35.52,10,10.1,111.35,11,88.58,Pressure Drop,0.83,41.6
5840,5.35,35.63,0,9.92,108.15,12,88.51,Pressure Drop,0.86,41.93
5841,5.4,35.65,10,9.51,113.98,12,88.45,Pressure Drop,0.63,42.21
5842,5.12,35.69,20,9.31,110.72,12,88.4,Pressure Drop,1.28,41.81
5843,5.11,35.76,30,9.82,111.99,12,88.3,Pressure Drop,0.92,41.7
5844,5.53,35.69,40,9.99,111.26,12,88.22,Pressure Drop,0.95,41.32
5845,5.49,35.79,50,9.54,114.89,12,88.15,Pressure Drop,0.97,41.47
5846,5.2,35.67,60,9.39,113.42,12,88.07,Pressure Drop,0.8,41.82
5847,5.14,35.75,70,9.81,114.95,12,87.98,Pressure Drop,1.18,42.21
5848,5.26,35.53,80,9.43,110.52,12,87.91,Pressure Drop,1.02,41.89
5849,5.14,35.55,90,10.11,113.74,12,87.82,Pressure Drop,0.78,42.51
5850,5.56,35.52,100,9.75,112.39,12,87.77,Pressure Drop,0.9,42.16
5851,5.4,35.52,90,9.7,112.95,12,87.71,Pressure Drop,0.97,41.81
5852,5.15,35.52,80,10.23,112.33,12,87.62,Pressure Drop,1.26,41.98
5853,5.47,35.48,70,9.74,114.42,12,87.52,Pressure Drop,1.07,42.65
5854,5.48,35.32,60,9.72,109.8,12,87.42,Pressure Drop,0.9,43.04
5855,5.31,35.18,50,9.61,111.77,12,87.34,Pressure Drop,1.03,43.21
5856,5.69,35.15,40,9.48,112.27,12,87.25,Pressure Drop,1.03,43.59
5857,5.54,35.38,30,9.72,113.27,12,87.15,Pressure Drop,0.91,43.61
5858,5.61,35.25,20,9.64,111.24,12,87.05,Pressure Drop,1.18,44.11
5859,5.4,35.21,10,9.65,110.05,12,87.0,Pressure Drop,0.73,44.09
5860,5.28,35.3,0,10.07,112.13,13,86.91,Pressure Drop,0.88,43.38
5861,5.29,35.25,10,9.78,111.65,13,86.84,Pressure Drop,0.65,43.89
5862,5.28,35.35,20,9.6,110.38,13,86.75,Pressure Drop,1.24,43.7
5863,5.58,35.44,30,9.53,115.2,13,86.69,Pressure Drop,0.97,43.83
5864,5.48,35.35,40,9.68,110.16,13,86.62,Pressure Drop,0.91,43.84
5865,5.08,35.23,50,9.29,111.16,13,86.52,Pressure Drop,0.93,44.31
5866,5.15,35.24,60,9.73,116.29,13,86.43,Pressure Drop,1.02,44.04
5867,5.18,35.44,70,9.58,114.21,13,86.38,Pressure Drop,0.91,44.15
5868,5.24,35.57,80,9.77,109.18,13,86.32,Pressure Drop,1.22,44.39
5869,5.13,35.55,90,10.14,115.34,13,86.26,Pressure Drop,1.12,44.57
5870,5.16,35.6,100,9.42,114.92,13,86.18,Pressure Drop,1.01,44.3
5871,5.47,35.52,90,9.53,111.03,13,86.09,Pressure Drop,1.25,43.97
5872,5.26,35.44,80,10.13,109.81,13,85.99,Pressure Drop,1.05,43.59
5873,5.37,35.43,70,9.56,113.27,13,85.93,Pressure Drop,0.72,43.99
5874,5.25,35.63,60,9.64,110.75,13,85.84,Pressure Drop,1.29,44.36
5875,5.46,35.58,50,9.7,109.74,13,85.78,Pressure Drop,0.95,44.12
5876,5.16,35.55,40,9.45,112.64,13,85.71,Pressure Drop,0.85,43.63
5877,5.46,35.56,30,9.35,112.61,13,85.64,Pressure Drop,0.98,43.56
5878,5.47,35.68,20,9.56,111.74,13,85.57,Pressure Drop,1.07,43.52
5879,5.65,35.83,10,9.62,111.08,13,85.49,Pressure Drop,1.25,42.83
5880,5.37,35.78,0,10.05,114.13,14,85.43,Pressure Drop,1.29,42.64
5881,5.43,35.7,10,10.06,111.84,14,85.33,Pressure Drop,0.75,43.19
5882,5.63,35.54,20,9.98,112.39,14,85.25,Pressure Drop,1.19,42.5
5883,5.58,35.18,30,9.77,111.49,14,85.19,Pressure Drop,1.36,41.86
5884,5.5,34.95,40,9.79,111.65,14,85.1,Pressure Drop,1.23,41.35
5885,5.36,34.84,50,9.83,110.93,14,85.01,Pressure Drop,0.7,41.45
5886,5.24,34.84,60,9.56,107.97,14,84.91,Pressure Drop,1.06,42.08
5887,5.35,34.66,70,9.89,114.97,14,84.83,Pressure Drop,0.74,41.6
5888,5.06,34.53,80,9.47,110.71,14,84.73,Pressure Drop,0.92,41.85
5889,5.19,34.65,90,9.93,113.97,14,84.65,Pressure Drop,1.11,42.43
5890,5.22,34.8,100,9.9,111.81,14,84.6,Pressure Drop,1.0,42.23
5891,5.11,34.67,90,9.75,114.84,14,84.53,Pressure Drop,0.68,41.66
5892,5.56,34.73,80,10.07,111.64,14,84.46,Pressure Drop,0.87,41.5
5893,5.47,34.8,70,10.09,113.14,14,84.37,Pressure Drop,1.13,40.92
5894,5.6,34.83,60,10.27,112.84,14,84.32,Pressure Drop,0.78,40.63
5895,5.28,35.09,50,9.97,110.24,14,84.23,Pressure Drop,0.88,41.37
5896,5.21,35.0,40,9.63,111.65,14,84.15,Pressure Drop,1.16,41.14
5897,4.99,35.06,30,9.84,110.96,14,84.11,Pressure Drop,1.22,41.18
5898,5.33,34.91,20,9.49,108.21,14,84.05,Pressure Drop,0.72,41.2
5899,5.18,34.82,10,10.01,114.02,14,83.97,Pressure Drop,1.02,41.5
5900,5.01,34.89,0,9.44,110.3,15,83.87,Pressure Drop,1.19,41.04
5901,5.03,34.91,10,9.46,109.5,15,83.8,Pressure Drop,0.76,41.19
5902,5.01,35.03,20,9.56,115.21,15,83.72,Pressure Drop,1.02,41.93
5903,5.63,34.98,30,9.33,114.69,15,83.62,Pressure Drop,0.6,41.58
5904,5.15,34.96,40,9.65,110.19,15,83.53,Pressure Drop,0.88,42.36
5905,5.11,34.89,50,10.03,113.75,15,83.46,Pressure Drop,0.64,42.76
5906,5.16,34.82,60,9.28,115.66,15,83.39,Pressure Drop,1.22,42.18
5907,5.42,35.06,70,9.24,115.62,15,83.29,Pressure Drop,0.76,42.6
5908,5.61,35.16,80,9.39,117.29,15,83.21,Pressure Drop,1.11,42.15
5909,5.31,35.07,90,9.72,111.98,15,83.12,Pressure Drop,0.69,42.41
5910,5.55,35.27,100,9.36,108.23,15,83.02,Pressure Drop,1.19,42.79
5911,5.01,35.05,90,10.03,112.67,15,82.95,Pressure Drop,0.81,42.94
5912,5.1,34.94,80,9.85,109.38,15,82.89,Pressure Drop,1.0,42.61
5913,5.41,34.99,70,9.91,111.56,15,82.84,Pressure Drop,0.84,41.99
5914,5.19,34.96,60,9.75,109.06,15,82.74,Pressure Drop,0.69,42.1
5915,5.44,35.02,50,9.39,111.27,15,82.68,Pressure Drop,1.22,42.31
5916,5.18,35.06,40,9.53,107.74,15,82.62,Pressure Drop,0.77,42.43
5917,5.46,35.17,30,9.36,112.3,15,82.57,Pressure Drop,1.0,41.89
5918,5.2,35.13,20,9.52,109.18,15,82.48,Pressure Drop,0.95,42.42
5919,5.41,35.03,10,9.63,112.34,15,82.4,Pressure Drop,1.14,42.98
5920,5.42,35.06,0,9.76,115.37,16,82.32,Pressure Drop,1.21,43.58
5921,5.24,35.34,10,9.55,111.15,16,82.22,Pressure Drop,1.12,42.99
5922,5.53,35.44,20,9.59,108.01,16,82.14,Pressure Drop,0.97,42.6
5923,5.03,35.21,30,9.32,110.62,16,82.07,Pressure Drop,1.03,42.51
5924,5.55,35.41,40,9.48,111.28,16,81.98,Pressure Drop,1.03,43.05
5925,5.28,35.31,50,9.45,110.05,16,81.9,Pressure Drop,1.0,43.44
5926,5.34,35.53,60,9.26,111.65,16,81.84,Pressure Drop,1.26,44.08
5927,5.47,35.36,70,9.75,111.63,16,81.75,Pressure Drop,0.87,44.46
5928,5.25,35.28,80,9.87,114.31,16,81.64,Pressure Drop,1.14,44.18
5929,5.53,35.33,90,9.73,114.42,16,81.59,Pressure Drop,1.15,44.43
5930,5.33,35.47,100,9.33,110.79,16,81.54,Pressure Drop,0.84,43.79
5931,5.38,35.3,90,9.96,113.82,16,81.49,Pressure Drop,1.06,43.79
5932,5.58,35.54,80,9.39,111.97,16,81.38,Pressure Drop,0.84,43.54
5933,5.55,35.67,70,9.61,112.3,16,81.31,Pressure Drop,0.8,43.65
5934,5.29,35.56,60,9.72,113.78,16,81.22,Pressure Drop,0.77,43.24
5935,5.19,35.63,50,9.47,110.93,16,81.14,Pressure Drop,1.22,43.7
5936,5.04,35.62,40,9.43,115.95,16,81.04,Pressure Drop,0.86,43.34
5937,5.23,35.63,30,9.71,112.26,16,80.96,Pressure Drop,0.98,43.37
5938,5.01,35.75,20,9.47,110.91,16,80.86,Pressure Drop,1.09,43.95
5939,5.08,35.6,10,9.74,114.55,16,80.76,Pressure Drop,0.76,43.24
5940,5.41,35.75,0,9.81,111.48,17,80.68,Pressure Drop,0.96,43.06
5941,5.08,35.81,10,9.94,111.9,17,80.63,Pressure Drop,0.74,43.25
5942,5.12,35.64,20,9.6,114.24,17,80.57,Pressure Drop,1.34,43.81
5943,5.59,35.71,30,10.12,110.08,17,80.48,Pressure Drop,1.2,44.15
5944,5.62,35.51,40,9.87,112.5,17,80.43,Pressure Drop,0.82,44.64
5945,5.18,35.62,50,9.74,111.09,17,80.35,Pressure Drop,1.19,43.85
5946,5.24,35.62,60,9.56,115.11,17,80.27,Pressure Drop,1.13,44.21
5947,5.4,35.66,70,9.52,114.51,17,80.21,Pressure Drop,0.95,43.9
5948,5.28,35.66,80,9.62,108.22,17,80.12,Pressure Drop,1.07,43.88
5949,5.36,35.47,90,9.77,109.47,17,80.02,Pressure Drop,1.04,43.89
5950,5.38,35.57,100,9.59,111.79,17,79.97,Pressure Drop,0.76,44.0
5951,5.09,35.52,90,10.09,107.84,17,79.91,Pressure Drop,0.84,44.08
5952,5.6,35.39,80,9.67,111.92,17,79.81,Pressure Drop,1.02,43.5
5953,5.1,35.42,70,9.95,111.31,17,79.74,Pressure Drop,0.98,43.6
5954,5.18,35.46,60,9.98,113.12,17,79.67,Pressure Drop,0.73,42.92
5955,5.3,35.42,50,9.48,108.63,17,79.61,Pressure Drop,0.79,42.26
5956,5.22,35.3,40,9.92,111.64,17,79.54,Pressure Drop,0.77,41.62
5957,5.31,35.45,30,9.82,113.87,17,79.44,Pressure Drop,0.94,41.37
5958,5.25,35.63,20,9.9,111.08,17,79.38,Pressure Drop,0.65,41.38
5959,5.06,35.71,10,9.72,114.92,17,79.28,Pressure Drop,0.97,41.59
5960,5.56,35.66,0,9.5,114.25,18,79.18,Pressure Drop,0.83,42.02
5961,5.06,35.72,10,9.22,108.96,18,79.08,Pressure Drop,0.79,42.32
5962,5.19,35.6,20,9.88,116.82,18,79.0,Pressure Drop,1.08,42.99
5963,5.32,35.71,30,9.8,116.59,18,78.92,Pressure Drop,0.96,43.47
5964,5.24,35.69,40,9.96,110.59,18,78.86,Pressure Drop,0.76,43.82
5965,5.37,35.4,50,9.62,113.49,18,78.75,Pressure Drop,1.09,43.48
5966,5.02,35.26,60,9.39,113.56,18,78.66,Pressure Drop,1.2,43.75
5967,5.5,35.33,70,9.76,107.21,18,78.57,Pressure Drop,1.22,43.83
5968,5.09,35.38,80,10.12,110.81,18,78.51,Pressure Drop,1.22,43.41
5969,5.42,35.3,90,9.56,113.77,18,78.42,Pressure Drop,0.81,42.82
5970,5.15,35.33,100,10.12,108.74,18,78.36,Pressure Drop,1.13,42.36
5971,5.26,35.32,90,9.66,116.7,18,78.27,Pressure Drop,0.92,42.86
5972,5.33,35.29,80,9.43,112.36,18,78.17,Pressure Drop,1.25,43.0
5973,5.64,35.4,70,9.87,110.34,18,78.11,Pressure Drop,1.02,42.96
5974,5.32,35.22,60,9.61,111.12,18,78.06,Pressure Drop,0.87,43.2
5975,5.15,35.33,50,9.87,112.12,18,77.98,Pressure Drop,0.97,43.71
5976,5.37,35.38,40,9.44,110.43,18,77.91,Pressure Drop,0.88,43.46
5977,5.53,35.57,30,9.33,111.47,18,77.85,Pressure Drop,0.8,43.07
5978,5.3,35.75,20,9.79,109.76,18,77.79,Pressure Drop,0.69,43.3
5979,5.2,35.77,10,9.99,111.53,18,77.7,Pressure Drop,1.0,42.64
5980,5.09,35.81,0,9.37,113.83,19,77.63,Pressure Drop,0.77,42.18
5981,5.2,35.71,10,9.43,115.49,19,77.57,Pressure Drop,1.29,42.93
5982,5.18,35.59,20,9.38,113.81,19,77.51,Pressure Drop,1.38,43.61
5983,5.15,35.47,30,9.55,112.27,19,77.43,Pressure Drop,1.28,44.13
5984,5.19,35.47,40,9.99,109.56,19,77.34,Pressure Drop,0.91,44.01
5985,5.3,35.4,50,9.61,114.3,19,77.23,Pressure Drop,0.86,44.15
5986,5.46,35.32,60,9.7,110.75,19,77.15,Pressure Drop,0.79,43.4
5987,5.13,35.55,70,10.04,107.93,19,77.07,Pressure Drop,1.2,42.86
5988,5.62,35.65,80,9.84,111.22,19,77.01,Pressure Drop,0.88,43.18
5989,5.37,35.52,90,9.51,111.51,19,76.95,Pressure Drop,1.09,42.66
5990,5.33,35.53,100,9.88,109.06,19,76.87,Pressure Drop,1.05,43.26
5991,5.56,35.56,90,9.78,108.9,19,76.81,Pressure Drop,1.04,43.61
5992,5.48,35.56,80,9.79,111.94,19,76.75,Pressure Drop,0.82,43.82
5993,5.24,35.49,70,9.94,115.62,19,76.66,Pressure Drop,0.96,43.42
5994,5.43,35.43,60,10.0,111.42,19,76.56,Pressure Drop,1.11,43.18
5995,5.0,35.37,50,9.77,112.36,19,76.46,Pressure Drop,0.69,43.31
5996,5.35,35.36,40,9.37,110.93,19,76.35,Pressure Drop,0.77,43.46
5997,5.4,35.45,30,9.81,108.77,19,76.26,Pressure Drop,1.26,43.76
5998,5.56,35.44,20,9.85,114.23,19,76.18,Pressure Drop,1.24,43.86
5999,5.38,35.3,10,9.44,111.63,19,76.08,Pressure Drop,0.86,43.08
6000,5.61,35.32,0,9.69,110.5,20,75.98,Pressure Drop,0.96,42.93
6001,5.21,30.17,10,9.83,125.17,0,100.0,Healthy,0.42,14.98
6002,5.08,30.52,20,9.97,123.38,0,99.99,Healthy,0.25,14.53
6003,5.16,30.73,30,10.09,122.98,0,99.99,Healthy,0.45,13.63
6004,5.21,30.79,40,9.89,126.31,0,99.99,Healthy,0.42,13.27
6005,5.2,30.78,50,9.76,126.23,0,99.99,Healthy,0.3,13.74
6006,5.21,30.82,60,9.88,126.17,0,99.98,Healthy,0.48,13.76
6007,5.08,30.93,70,10.22,123.83,0,99.98,Healthy,0.35,14.22
6008,5.26,31.06,80,10.06,127.04,0,99.98,Healthy,0.32,14.22
6009,5.21,31.13,90,9.77,125.12,0,99.97,Healthy,0.3,14.26
6010,5.19,31.14,100,9.72,126.09,0,99.97,Healthy,0.42,14.15
6011,5.16,31.09,90,9.85,127.19,0,99.97,Healthy,0.32,13.68
6012,5.25,31.06,80,9.71,125.27,0,99.97,Healthy,0.33,13.59
6013,5.28,31.13,70,10.33,123.11,0,99.97,Healthy,0.29,13.27
6014,5.08,31.16,60,9.95,126.14,0,99.97,Healthy,0.35,13.63
6015,5.06,31.21,50,9.9,123.01,0,99.96,Healthy,0.31,13.32
6016,5.19,31.33,40,9.87,127.5,0,99.96,Healthy,0.34,12.48
6017,5.24,31.27,30,9.98,127.39,0,99.96,Healthy,0.33,11.86
6018,5.2,31.36,20,9.76,126.67,0,99.96,Healthy,0.34,11.17
6019,5.11,31.26,10,9.9,126.24,0,99.95,Healthy,0.24,11.53
6020,5.15,31.21,0,9.73,124.64,1,99.95,Healthy,0.43,11.0
6021,5.17,31.25,10,10.1,127.0,1,99.95,Healthy,0.43,11.63
6022,5.04,31.18,20,9.91,126.39,1,99.95,Healthy,0.44,11.49
6023,5.23,31.07,30,10.24,124.61,1,99.95,Healthy,0.4,12.03
6024,5.23,31.19,40,9.93,127.65,1,99.95,Healthy,0.27,11.62
6025,5.09,31.11,50,10.27,123.95,1,99.94,Healthy,0.29,11.6
6026,5.23,30.99,60,10.06,124.02,1,99.94,Healthy,0.27,12.09
6027,5.2,31.15,70,9.92,127.89,1,99.94,Healthy,0.36,11.8
6028,5.14,31.21,80,9.95,126.86,1,99.94,Healthy,0.36,11.26
6029,5.2,31.03,90,10.08,125.4,1,99.93,Healthy,0.39,10.92
6030,5.11,31.05,100,9.81,127.25,1,99.93,Healthy,0.36,10.7
6031,5.08,31.11,90,9.8,126.47,1,99.93,Healthy,0.39,10.72
6032,5.21,31.18,80,10.28,124.78,1,99.93,Healthy,0.28,10.52
6033,5.05,31.12,70,10.34,127.74,1,99.92,Healthy,0.24,10.77
6034,5.06,31.01,60,9.8,126.14,1,99.92,Healthy,0.31,10.53
6035,5.04,31.11,50,10.33,123.49,1,99.92,Healthy,0.32,10.83
6036,5.24,31.17,40,10.22,127.22,1,99.92,Healthy,0.33,11.57
6037,5.11,31.22,30,9.87,123.83,1,99.91,Healthy,0.25,12.18
6038,5.03,31.3,20,10.34,128.04,1,99.91,Healthy,0.45,11.71
6039,5.24,31.27,10,9.87,124.69,1,99.91,Healthy,0.32,11.96
6040,5.07,31.25,0,9.8,127.86,2,99.91,Healthy,0.48,12.39
6041,5.17,31.21,10,10.04,123.98,2,99.91,Healthy,0.36,11.79
6042,5.25,31.16,20,10.12,126.04,2,99.9,Healthy,0.4,11.95
6043,5.05,31.22,30,9.86,124.68,2,99.9,Healthy,0.48,12.15
6044,5.19,31.17,40,10.14,127.84,2,99.9,Healthy,0.38,11.44
6045,5.07,31.17,50,9.87,125.24,2,99.9,Healthy,0.31,11.15
6046,5.09,31.19,60,10.02,124.55,2,99.9,Healthy,0.27,11.48
6047,5.11,31.19,70,9.67,123.91,2,99.9,Healthy,0.4,11.74
6048,5.19,31.2,80,10.06,123.46,2,99.89,Healthy,0.35,11.71
6049,5.1,31.13,90,10.19,126.4,2,99.89,Healthy,0.29,11.47
6050,5.25,31.12,100,9.96,123.61,2,99.89,Healthy,0.43,11.96
6051,5.23,31.05,90,10.33,125.74,2,99.89,Seal Wear,0.46,12.59
6052,5.21,31.0,80,10.34,125.27,2,99.89,Seal Wear,0.34,12.28
6053,5.06,31.03,70,10.02,127.73,2,99.89,Seal Wear,0.37,11.61
6054,5.02,31.02,60,9.78,124.36,2,99.89,Seal Wear,0.46,11.19
6055,5.11,31.0,50,10.18,124.44,2,99.88,Seal Wear,0.45,11.73
6056,5.18,31.16,40,9.85,125.55,2,99.88,Seal Wear,0.43,11.51
6057,5.21,31.21,30,9.91,124.41,2,99.88,Seal Wear,0.36,11.37
6058,5.2,31.23,20,10.27,123.52,2,99.88,Seal Wear,0.42,11.64
6059,5.02,31.37,10,10.05,124.2,2,99.87,Seal Wear,0.34,11.84
6060,5.22,31.29,0,9.98,125.39,3,99.87,Seal Wear,0.48,11.15
6061,5.02,31.39,10,9.85,126.47,3,99.86,Seal Wear,0.51,10.6
6062,5.11,31.47,20,9.7,128.44,3,99.85,Seal Wear,0.4,10.13
6063,5.09,31.43,30,10.28,125.33,3,99.84,Seal Wear,0.46,10.9
6064,5.07,31.58,40,10.04,125.64,3,99.84,Seal Wear,0.56,11.45
6065,5.0,31.68,50,9.8,125.96,3,99.83,Seal Wear,0.29,10.96
6066,5.16,31.68,60,9.96,123.96,3,99.82,Seal Wear,0.45,11.14
6067,5.22,31.54,70,10.26,126.51,3,99.81,Seal Wear,0.43,10.75
6068,5.2,31.58,80,10.21,126.5,3,99.79,Seal Wear,0.37,11.19
6069,5.0,31.66,90,10.15,123.76,3,99.78,Seal Wear,0.41,10.8
6070,5.04,31.69,100,9.91,124.54,3,99.78,Seal Wear,0.63,11.27
6071,5.02,31.75,90,9.82,127.78,3,99.77,Seal Wear,0.31,10.74
6072,5.06,31.77,80,10.28,125.76,3,99.75,Seal Wear,0.42,10.88
6073,4.99,31.67,70,9.85,123.39,3,99.74,Seal Wear,0.55,11.05
6074,5.15,31.75,60,10.23,125.9,3,99.73,Seal Wear,0.59,11.21
6075,5.03,31.83,50,9.88,125.02,3,99.72,Seal Wear,0.44,11.43
6076,5.13,31.93,40,9.77,124.25,3,99.7,Seal Wear,0.37,12.09
6077,5.09,31.92,30,10.07,123.58,3,99.69,Seal Wear,0.64,11.53
6078,5.15,31.9,20,9.86,124.83,3,99.67,Seal Wear,0.44,11.93
6079,5.03,31.9,10,10.05,125.09,3,99.66,Seal Wear,0.46,11.83
6080,4.99,32.01,0,9.98,127.03,4,99.65,Seal Wear,0.48,11.52
6081,5.06,32.03,10,10.3,126.0,4,99.63,Seal Wear,0.55,11.14
6082,5.21,32.01,20,10.01,126.3,4,99.61,Seal Wear,0.64,11.68
6083,5.24,32.1,30,10.37,126.98,4,99.59,Seal Wear,0.72,11.61
6084,5.02,32.26,40,9.94,124.44,4,99.57,Seal Wear,0.53,11.49
6085,5.12,32.34,50,10.04,124.55,4,99.55,Seal Wear,0.33,10.8
6086,5.08,32.5,60,9.95,124.18,4,99.53,Seal Wear,0.48,10.18
6087,5.1,32.47,70,10.27,126.55,4,99.51,Seal Wear,0.53,9.82
6088,4.98,32.44,80,10.08,124.65,4,99.49,Seal Wear,0.4,9.33
6089,5.07,32.5,90,9.81,126.86,4,99.48,Seal Wear,0.61,9.99
6090,5.05,32.59,100,9.72,126.48,4,99.47,Seal Wear,0.52,9.98
6091,5.04,32.48,90,9.9,127.18,4,99.45,Seal Wear,0.63,9.74
6092,5.06,32.36,80,10.37,124.97,4,99.42,Seal Wear,0.46,10.21
6093,5.2,32.48,70,9.71,127.58,4,99.39,Seal Wear,0.6,10.46
6094,4.97,32.48,60,10.18,126.72,4,99.38,Seal Wear,0.66,9.98
6095,5.19,32.52,50,10.18,124.81,4,99.34,Seal Wear,0.56,10.37
6096,5.01,32.52,40,9.73,123.47,4,99.33,Seal Wear,0.71,11.03
6097,5.06,32.61,30,10.39,125.63,4,99.3,Seal Wear,0.6,10.45
6098,5.13,32.58,20,9.72,125.42,4,99.28,Seal Wear,0.63,10.87
6099,5.03,32.42,10,10.38,124.44,4,99.26,Seal Wear,0.66,10.74
6100,5.04,32.38,0,9.91,124.07,5,99.24,Seal Wear,0.59,10.23
6101,4.96,32.26,10,9.98,127.77,5,99.2,Seal Wear,0.8,9.89
6102,5.11,32.28,20,9.92,125.62,5,99.17,Seal Wear,0.57,9.47
6103,5.16,32.22,30,10.03,124.03,5,99.15,Seal Wear,0.84,9.82
6104,5.15,32.32,40,10.22,126.06,5,99.13,Seal Wear,0.72,10.05
6105,4.98,32.28,50,9.77,127.24,5,99.1,Seal Wear,0.48,9.58
6106,5.11,32.38,60,10.24,123.95,5,99.07,Seal Wear,0.64,9.55
6107,5.06,32.52,70,9.97,126.14,5,99.04,Seal Wear,0.69,10.14
6108,5.15,32.45,80,9.88,125.66,5,99.01,Seal Wear,0.61,9.96
6109,5.09,32.5,90,9.73,127.04,5,98.97,Seal Wear,0.71,9.83
6110,5.15,32.71,100,9.98,124.9,5,98.94,Seal Wear,0.77,10.58
6111,5.16,33.06,90,9.72,126.33,5,98.89,Seal Wear,0.55,11.23
6112,5.0,33.07,80,9.74,126.93,5,98.85,Seal Wear,0.75,11.92
6113,5.06,32.97,70,9.95,122.75,5,98.82,Seal Wear,0.7,11.21
6114,5.2,33.08,60,10.08,124.58,5,98.78,Seal Wear,0.59,11.08
6115,5.11,32.86,50,10.4,126.82,5,98.74,Seal Wear,0.63,10.54
6116,5.12,33.1,40,9.73,125.55,5,98.71,Seal Wear,0.67,10.38
6117,4.95,32.87,30,10.37,123.22,5,98.68,Seal Wear,0.54,9.96
6118,5.22,32.91,20,9.77,126.17,5,98.65,Seal Wear,0.69,10.54
6119,5.12,33.02,10,10.11,124.92,5,98.61,Seal Wear,0.68,11.0
6120,4.99,33.03,0,10.27,125.92,6,98.58,Seal Wear,0.7,10.51
6121,4.99,33.02,10,10.43,125.48,6,98.54,Seal Wear,0.61,11.09
6122,5.06,33.18,20,10.14,124.02,6,98.51,Seal Wear,0.73,11.25
6123,5.11,33.16,30,10.02,122.2,6,98.47,Seal Wear,0.68,10.81
6124,5.09,33.28,40,9.85,123.93,6,98.42,Seal Wear,0.97,10.66
6125,5.19,33.42,50,9.86,123.19,6,98.39,Seal Wear,0.95,11.42
6126,4.99,33.23,60,9.9,123.96,6,98.36,Seal Wear,0.94,10.87
6127,5.11,33.18,70,9.95,125.58,6,98.3,Seal Wear,1.09,11.46
6128,5.09,33.2,80,9.85,124.76,6,98.26,Seal Wear,0.57,11.99
6129,5.13,33.2,90,9.73,122.22,6,98.23,Seal Wear,1.04,11.26
6130,5.02,33.3,100,10.11,124.4,6,98.18,Seal Wear,0.95,11.58
6131,5.18,33.17,90,10.08,123.25,6,98.12,Seal Wear,0.49,10.97
6132,5.1,33.06,80,9.75,122.58,6,98.1,Seal Wear,1.1,11.19
6133,5.22,32.89,70,10.21,127.0,6,98.04,Seal Wear,0.71,11.84
6134,5.0,33.14,60,10.38,120.97,6,97.99,Seal Wear,0.95,12.07
6135,5.02,33.26,50,9.97,125.69,6,97.94,Seal Wear,1.03,11.55
6136,4.96,33.36,40,9.97,123.62,6,97.88,Seal Wear,0.46,11.25
6137,5.15,33.29,30,9.95,121.45,6,97.82,Seal Wear,1.13,11.9
6138,5.2,33.38,20,9.9,122.11,6,97.77,Seal Wear,0.81,11.8
6139,5.17,33.48,10,10.04,121.01,6,97.73,Seal Wear,0.77,11.94
6140,5.04,33.42,0,10.28,122.55,7,97.7,Seal Wear,0.76,12.39
6141,4.97,33.5,10,9.73,125.67,7,97.67,Seal Wear,0.79,12.0
6142,5.14,33.57,20,10.09,122.34,7,97.63,Seal Wear,0.98,12.48
6143,5.13,33.54,30,9.9,120.92,7,97.57,Seal Wear,0.93,11.93
6144,5.06,33.48,40,9.92,123.37,7,97.5,Seal Wear,1.09,12.11
6145,5.12,33.83,50,10.42,123.81,7,97.47,Seal Wear,0.76,12.55
6146,5.07,33.75,60,9.92,124.32,7,97.41,Seal Wear,0.75,12.52
6147,5.04,33.82,70,9.9,124.3,7,97.35,Seal Wear,1.01,12.14
6148,5.06,34.08,80,10.03,123.93,7,97.3,Seal Wear,1.23,11.76
6149,4.96,34.02,90,9.96,125.98,7,97.26,Seal Wear,1.09,11.25
6150,5.09,33.92,100,9.87,126.16,7,97.2,Seal Wear,1.0,10.99
6151,4.98,33.79,90,9.89,123.75,7,97.14,Seal Wear,0.85,11.24
6152,5.08,33.64,80,9.98,125.01,7,97.08,Seal Wear,0.77,10.87
6153,4.92,33.8,70,10.33,124.0,7,97.03,Seal Wear,0.82,10.83
6154,4.99,34.19,60,9.84,122.97,7,96.99,Seal Wear,0.87,10.42
6155,5.17,34.0,50,10.16,121.78,7,96.94,Seal Wear,1.07,10.75
6156,4.99,33.85,40,10.32,119.62,7,96.9,Seal Wear,0.97,11.45
6157,5.06,33.94,30,10.03,123.56,7,96.82,Seal Wear,0.7,10.75
6158,5.07,34.15,20,9.84,126.99,7,96.78,Seal Wear,1.06,10.29
6159,5.0,34.57,10,10.48,125.43,7,96.74,Seal Wear,0.72,10.8
6160,5.09,34.36,0,10.34,123.35,8,96.69,Seal Wear,1.13,10.55
6161,5.11,34.35,10,10.22,125.13,8,96.62,Seal Wear,0.9,10.77
6162,5.16,34.2,20,10.11,126.94,8,96.55,Seal Wear,1.2,10.25
6163,4.94,34.4,30,9.8,120.7,8,96.48,Seal Wear,0.88,10.44
6164,5.02,34.67,40,10.2,119.83,8,96.41,Seal Wear,0.87,10.02
6165,5.13,34.78,50,9.77,122.84,8,96.35,Seal Wear,0.68,10.5
6166,4.98,34.6,60,10.2,126.15,8,96.3,Seal Wear,0.58,10.32
6167,5.16,34.23,70,10.39,126.14,8,96.23,Seal Wear,0.9,10.34
6168,4.95,33.97,80,9.96,120.34,8,96.19,Seal Wear,0.69,10.05
6169,5.08,33.92,90,10.31,126.36,8,96.14,Seal Wear,0.79,10.43
6170,4.92,33.7,100,9.92,120.41,8,96.09,Seal Wear,1.02,10.51
6171,5.1,33.96,90,10.12,124.6,8,96.05,Seal Wear,1.03,10.48
6172,5.08,34.54,80,10.38,126.1,8,95.98,Seal Wear,1.13,10.82
6173,5.17,34.67,70,10.24,120.18,8,95.94,Seal Wear,0.68,10.51
6174,5.11,34.82,60,9.82,123.71,8,95.89,Seal Wear,0.99,10.61
6175,4.94,34.97,50,10.25,125.81,8,95.83,Seal Wear,1.27,10.59
6176,5.06,34.71,40,9.73,122.65,8,95.78,Seal Wear,1.12,10.02
6177,4.99,34.6,30,10.11,124.6,8,95.71,Seal Wear,0.73,9.95
6178,5.04,34.36,20,10.35,123.81,8,95.65,Seal Wear,1.18,10.05
6179,5.05,34.38,10,10.18,122.69,8,95.6,Seal Wear,0.72,9.61
6180,5.08,34.49,0,10.25,125.34,9,95.56,Seal Wear,1.18,9.95
6181,5.04,34.21,10,9.94,126.78,9,95.5,Seal Wear,0.75,9.53
6182,5.14,34.26,20,9.76,123.98,9,95.42,Seal Wear,0.8,9.73
6183,5.1,34.23,30,10.13,119.78,9,95.35,Seal Wear,1.25,9.95
6184,5.03,34.13,40,10.16,123.12,9,95.3,Seal Wear,1.33,10.37
6185,5.04,34.1,50,10.11,125.53,9,95.25,Seal Wear,0.78,10.03
6186,5.1,34.43,60,10.2,124.19,9,95.21,Seal Wear,1.3,10.16
6187,5.03,34.64,70,10.33,121.91,9,95.14,Seal Wear,1.24,9.99
6188,4.97,34.48,80,10.17,122.5,9,95.08,Seal Wear,1.26,10.09
6189,5.02,34.62,90,9.97,124.14,9,95.04,Seal Wear,0.84,9.75
6190,5.06,34.62,100,9.66,122.36,9,94.97,Seal Wear,1.27,9.73
6191,5.04,34.16,90,10.01,123.18,9,94.9,Seal Wear,0.69,9.21
6192,5.03,34.02,80,10.01,124.62,9,94.84,Seal Wear,1.14,8.91
6193,5.1,33.96,70,9.78,123.62,9,94.8,Seal Wear,1.19,9.49
6194,5.08,34.05,60,10.07,124.61,9,94.75,Seal Wear,0.97,9.24
6195,5.01,34.05,50,10.38,122.5,9,94.7,Seal Wear,0.65,9.55
6196,5.14,34.27,40,10.41,125.79,9,94.66,Seal Wear,0.64,10.06
6197,5.05,34.14,30,9.82,123.13,9,94.62,Seal Wear,0.81,10.87
6198,5.1,33.97,20,9.77,125.73,9,94.55,Seal Wear,0.9,10.23
6199,5.09,33.95,10,9.74,124.12,9,94.48,Seal Wear,1.03,10.3
6200,5.16,34.27,0,10.39,122.66,10,94.42,Seal Wear,1.08,9.92
6201,5.06,34.3,10,10.08,123.21,10,94.36,Seal Wear,1.39,9.91
6202,5.06,34.05,20,9.94,124.91,10,94.32,Seal Wear,1.09,10.27
6203,4.9,34.11,30,10.08,122.68,10,94.27,Seal Wear,0.85,9.8
6204,4.97,34.11,40,10.24,125.54,10,94.19,Seal Wear,1.31,9.88
6205,5.08,34.22,50,10.34,125.38,10,94.13,Seal Wear,0.97,9.55
6206,4.89,34.12,60,10.38,123.92,10,94.07,Seal Wear,1.1,9.57
6207,5.11,33.99,70,10.44,127.5,10,94.03,Seal Wear,1.07,9.75
6208,5.0,34.18,80,10.11,126.6,10,93.97,Seal Wear,0.73,9.29
6209,5.12,33.94,90,10.35,124.43,10,93.9,Seal Wear,1.27,9.68
6210,5.15,33.97,100,10.03,123.23,10,93.82,Seal Wear,0.83,9.75
6211,5.08,33.73,90,10.11,122.81,10,93.77,Seal Wear,0.89,10.34
6212,4.99,33.75,80,10.11,123.19,10,93.72,Seal Wear,0.63,10.41
6213,5.1,34.13,70,10.25,122.13,10,93.66,Seal Wear,1.27,10.93
6214,4.99,34.61,60,10.28,124.64,10,93.62,Seal Wear,0.99,11.4
6215,5.01,34.42,50,9.96,119.89,10,93.54,Seal Wear,0.92,10.88
6216,5.04,34.39,40,9.96,125.3,10,93.48,Seal Wear,0.76,10.31
6217,5.2,34.45,30,9.79,122.87,10,93.41,Seal Wear,1.35,10.95
6218,5.21,34.15,20,10.16,120.56,10,93.33,Seal Wear,0.9,10.8
6219,4.98,33.96,10,9.91,120.15,10,93.25,Seal Wear,0.88,10.31
6220,5.12,34.32,0,10.11,124.05,11,93.17,Seal Wear,0.67,10.35
6221,5.17,34.15,10,9.83,125.91,11,93.11,Seal Wear,0.86,9.75
6222,5.03,34.25,20,10.32,124.05,11,93.04,Seal Wear,1.37,9.25
6223,4.95,34.15,30,10.15,122.94,11,92.97,Seal Wear,1.29,8.97
6224,5.07,34.11,40,10.37,121.28,11,92.89,Seal Wear,1.09,9.54
6225,4.94,34.24,50,9.84,120.42,11,92.85,Seal Wear,0.85,9.4
6226,5.04,34.43,60,9.96,123.83,11,92.78,Seal Wear,1.19,8.87
6227,5.15,34.24,70,10.42,126.27,11,92.73,Seal Wear,1.2,8.92
6228,4.91,34.27,80,9.88,124.5,11,92.65,Seal Wear,0.85,9.74
6229,5.1,34.1,90,9.99,126.46,11,92.58,Seal Wear,1.16,10.06
6230,5.14,34.14,100,10.19,125.09,11,92.52,Seal Wear,1.02,10.19
6231,4.97,34.25,90,10.33,125.94,11,92.46,Seal Wear,1.21,9.99
6232,5.07,34.32,80,10.35,122.87,11,92.38,Seal Wear,0.64,9.55
6233,4.9,34.5,70,9.68,123.0,11,92.3,Seal Wear,1.15,9.09
6234,5.14,34.5,60,10.08,126.34,11,92.22,Seal Wear,0.6,8.58
6235,5.13,34.59,50,10.39,122.74,11,92.16,Seal Wear,0.87,9.23
6236,4.95,34.68,40,9.92,125.71,11,92.12,Seal Wear,1.17,9.52
6237,5.08,34.85,30,10.12,121.36,11,92.06,Seal Wear,0.85,9.5
6238,5.09,34.72,20,9.8,124.88,11,92.0,Seal Wear,0.49,9.79
6239,5.15,34.79,10,10.21,122.09,11,91.96,Seal Wear,1.1,10.07
6240,4.96,34.8,0,9.89,120.53,12,91.91,Seal Wear,1.29,10.46
6241,5.2,34.78,10,10.25,124.96,12,91.86,Seal Wear,0.92,10.99
6242,5.09,34.62,20,10.08,120.62,12,91.8,Seal Wear,0.91,11.6
6243,4.99,34.76,30,10.08,122.46,12,91.72,Seal Wear,0.95,11.03
6244,5.14,34.51,40,10.17,122.96,12,91.67,Seal Wear,0.79,11.24
6245,4.99,34.81,50,9.91,119.77,12,91.61,Seal Wear,0.78,11.52
6246,5.15,34.88,60,10.27,122.19,12,91.56,Seal Wear,1.01,11.98
6247,5.08,34.97,70,10.15,121.23,12,91.49,Seal Wear,1.06,12.45
6248,5.18,34.81,80,10.07,119.42,12,91.42,Seal Wear,0.99,11.89
6249,5.07,34.53,90,10.23,125.77,12,91.34,Seal Wear,1.03,12.25
6250,4.97,34.62,100,10.25,126.84,12,91.29,Seal Wear,0.85,11.59
6251,5.04,34.21,90,10.07,124.26,12,91.22,Seal Wear,1.21,11.3
6252,5.18,34.19,80,9.83,121.51,12,91.14,Seal Wear,1.15,11.97
6253,5.18,34.55,70,10.23,126.87,12,91.11,Seal Wear,1.05,11.39
6254,4.99,34.39,60,10.22,120.98,12,91.04,Seal Wear,0.96,11.87
6255,5.18,34.5,50,9.88,121.8,12,90.98,Seal Wear,0.96,11.26
6256,5.13,34.61,40,10.12,124.14,12,90.92,Seal Wear,1.11,10.79
6257,4.99,34.59,30,10.39,124.09,12,90.86,Seal Wear,0.58,10.61
6258,4.99,34.51,20,10.39,124.76,12,90.83,Seal Wear,1.27,10.87
6259,5.05,34.29,10,10.1,124.34,12,90.76,Seal Wear,1.05,10.65
6260,5.13,34.46,0,9.89,121.31,13,90.69,Seal Wear,0.71,10.78
6261,5.18,34.37,10,10.22,123.41,13,90.62,Seal Wear,0.59,10.34
6262,4.91,34.34,20,10.2,126.28,13,90.57,Seal Wear,0.7,10.01
6263,5.12,34.22,30,9.88,122.72,13,90.5,Seal Wear,0.79,10.24
6264,5.13,34.24,40,9.89,124.87,13,90.44,Seal Wear,0.64,10.19
6265,4.97,34.3,50,9.99,122.15,13,90.37,Seal Wear,0.84,10.6
6266,5.08,34.04,60,9.94,125.03,13,90.31,Seal Wear,0.98,10.27
6267,5.18,34.18,70,9.99,126.3,13,90.26,Seal Wear,0.68,10.24
6268,4.99,34.02,80,9.9,125.99,13,90.21,Seal Wear,1.07,9.76
6269,5.05,33.94,90,9.81,122.58,13,90.17,Seal Wear,0.81,9.36
6270,5.04,33.87,100,9.91,121.52,13,90.11,Seal Wear,0.84,9.39
6271,5.0,33.95,90,9.8,126.26,13,90.04,Seal Wear,1.35,9.78
6272,5.15,34.06,80,10.06,126.14,13,90.0,Seal Wear,1.22,9.28
6273,4.96,34.09,70,10.15,122.93,13,89.92,Seal Wear,0.7,9.0
6274,4.97,34.08,60,10.24,125.04,13,89.89,Seal Wear,0.99,9.65
6275,5.02,33.96,50,9.79,122.74,13,89.84,Seal Wear,1.07,10.39
6276,5.0,33.93,40,10.26,126.75,13,89.8,Seal Wear,1.17,10.17
6277,4.96,34.05,30,10.12,126.6,13,89.74,Seal Wear,1.01,10.16
6278,5.07,34.28,20,10.03,122.56,13,89.68,Seal Wear,0.88,10.88
6279,5.2,34.32,10,10.25,122.77,13,89.62,Seal Wear,0.94,11.54
6280,5.02,34.39,0,9.83,119.38,14,89.56,Seal Wear,1.21,11.52
6281,5.04,34.23,10,9.85,121.39,14,89.52,Seal Wear,0.57,11.55
6282,5.07,34.15,20,9.8,122.75,14,89.46,Seal Wear,1.14,11.65
6283,5.14,34.41,30,10.09,121.7,14,89.38,Seal Wear,0.5,11.22
6284,5.01,34.55,40,10.27,123.22,14,89.32,Seal Wear,0.63,11.84
6285,5.12,34.66,50,10.04,124.21,14,89.28,Seal Wear,0.74,11.9
6286,5.11,34.63,60,10.0,122.71,14,89.24,Seal Wear,0.81,11.62
6287,5.07,34.65,70,9.92,120.97,14,89.17,Seal Wear,0.98,11.74
6288,4.92,34.64,80,9.85,121.61,14,89.09,Seal Wear,0.72,11.47
6289,5.16,34.84,90,9.84,121.45,14,89.02,Seal Wear,0.99,11.85
6290,4.97,34.62,100,9.83,121.12,14,88.96,Seal Wear,0.95,11.9
6291,4.95,34.65,90,10.07,125.89,14,88.89,Seal Wear,0.61,11.62
6292,4.99,34.67,80,9.95,124.63,14,88.83,Seal Wear,0.53,11.57
6293,5.07,34.47,70,10.1,120.8,14,88.77,Seal Wear,0.93,12.11
6294,5.09,34.51,60,10.39,123.11,14,88.71,Seal Wear,0.85,11.6
6295,5.1,34.4,50,9.82,121.67,14,88.66,Seal Wear,1.05,11.46
6296,5.02,34.69,40,10.06,120.82,14,88.62,Seal Wear,1.18,11.28
6297,4.95,34.38,30,10.14,123.57,14,88.56,Seal Wear,1.34,11.43
6298,5.19,34.52,20,9.95,120.88,14,88.52,Seal Wear,0.84,11.01
6299,5.13,34.25,10,10.3,122.51,14,88.45,Seal Wear,0.67,11.74
6300,5.06,34.38,0,9.73,122.47,15,88.38,Seal Wear,1.16,12.06
6301,5.11,34.56,10,10.29,125.27,15,88.32,Seal Wear,1.07,12.05
6302,5.01,34.53,20,10.36,124.2,15,88.26,Seal Wear,1.06,12.7
6303,5.09,34.35,30,9.8,122.43,15,88.19,Seal Wear,0.88,12.03
6304,4.99,34.55,40,10.11,124.37,15,88.14,Seal Wear,0.54,11.37
6305,5.16,34.54,50,9.86,123.39,15,88.07,Seal Wear,1.01,11.54
6306,5.11,34.42,60,9.77,121.04,15,88.03,Seal Wear,0.56,12.18
6307,4.99,34.6,70,10.38,125.32,15,87.99,Seal Wear,0.56,12.56
6308,4.97,34.79,80,10.04,121.56,15,87.94,Seal Wear,0.75,12.21
6309,5.09,34.8,90,9.89,123.87,15,87.88,Seal Wear,1.18,12.02
6310,5.12,34.86,100,10.18,124.51,15,87.8,Seal Wear,1.02,11.5
6311,5.05,34.66,90,9.82,124.61,15,87.76,Seal Wear,0.71,10.86
6312,5.08,34.66,80,9.69,124.44,15,87.68,Seal Wear,1.02,10.82
6313,5.05,34.62,70,9.82,124.24,15,87.64,Seal Wear,0.69,10.38
6314,5.04,34.41,60,10.24,121.86,15,87.56,Seal Wear,0.88,10.94
6315,5.07,34.57,50,10.26,122.42,15,87.52,Seal Wear,1.26,11.53
6316,5.19,34.88,40,10.18,125.92,15,87.47,Seal Wear,0.54,11.51
6317,5.19,34.88,30,10.13,122.69,15,87.41,Seal Wear,1.21,11.34
6318,5.22,34.91,20,10.37,125.45,15,87.35,Seal Wear,1.18,11.58
6319,5.08,34.98,10,9.87,124.83,15,87.31,Seal Wear,0.68,10.92
6320,5.16,34.67,0,10.3,126.62,16,87.24,Seal Wear,0.79,10.92
6321,4.92,34.59,10,10.27,122.37,16,87.2,Seal Wear,1.28,11.03
6322,4.93,34.67,20,9.87,124.59,16,87.15,Seal Wear,0.77,10.56
6323,5.08,34.69,30,9.84,122.74,16,87.08,Seal Wear,0.75,10.73
6324,5.12,34.6,40,9.84,123.85,16,87.01,Seal Wear,1.09,11.08
6325,5.01,34.76,50,10.23,122.26,16,86.94,Seal Wear,1.15,10.49
6326,5.16,34.89,60,9.78,126.39,16,86.88,Seal Wear,1.11,10.81
6327,4.99,34.66,70,10.24,125.89,16,86.82,Seal Wear,0.94,11.32
6328,5.07,34.53,80,9.73,124.47,16,86.76,Seal Wear,0.76,11.45
6329,5.1,34.52,90,10.19,120.51,16,86.69,Seal Wear,0.77,10.98
6330,5.02,34.45,100,10.06,123.83,16,86.63,Seal Wear,1.26,11.15
6331,5.11,34.59,90,9.93,122.99,16,86.59,Seal Wear,0.75,11.79
6332,5.04,34.84,80,9.99,124.5,16,86.54,Seal Wear,0.5,11.24
6333,5.14,34.69,70,9.9,122.43,16,86.47,Seal Wear,1.01,11.6
6334,5.04,34.59,60,10.29,123.05,16,86.39,Seal Wear,0.71,11.27
6335,5.06,34.59,50,10.43,123.52,16,86.32,Seal Wear,0.84,11.5
6336,5.1,34.95,40,9.96,123.66,16,86.28,Seal Wear,0.62,11.33
6337,5.17,34.96,30,10.09,126.72,16,86.21,Seal Wear,0.9,11.21
6338,5.18,35.06,20,9.97,122.16,16,86.13,Seal Wear,1.06,11.9
6339,5.15,35.2,10,10.3,120.95,16,86.07,Seal Wear,0.7,11.97
6340,5.17,34.99,0,10.09,120.94,17,86.03,Seal Wear,0.82,12.23
6341,5.18,35.21,10,10.34,123.98,17,85.95,Seal Wear,1.31,12.74
6342,5.13,34.88,20,10.16,122.15,17,85.88,Seal Wear,0.89,12.56
6343,5.21,34.95,30,10.23,124.66,17,85.84,Seal Wear,1.16,12.48
6344,5.02,35.0,40,10.36,119.95,17,85.8,Seal Wear,0.81,12.06
6345,5.0,35.07,50,10.45,124.67,17,85.74,Seal Wear,1.06,11.89
6346,5.01,35.04,60,10.16,123.55,17,85.7,Seal Wear,0.72,12.49
6347,5.09,34.84,70,10.27,123.91,17,85.65,Seal Wear,0.88,12.84
6348,4.99,35.1,80,10.4,122.28,17,85.6,Seal Wear,0.75,12.96
6349,5.17,35.19,90,9.99,124.37,17,85.52,Seal Wear,1.31,13.48
6350,5.13,35.18,100,10.33,125.61,17,85.47,Seal Wear,0.59,13.19
6351,5.12,34.98,90,10.02,124.6,17,85.4,Seal Wear,0.68,13.18
6352,5.11,34.71,80,10.28,124.94,17,85.33,Seal Wear,1.3,12.44
6353,5.11,34.35,70,10.15,124.85,17,85.29,Seal Wear,1.13,13.05
6354,5.17,34.51,60,10.14,121.55,17,85.23,Seal Wear,0.77,13.02
6355,5.15,34.71,50,10.19,125.19,17,85.15,Seal Wear,1.24,12.3
6356,5.08,34.55,40,10.2,123.69,17,85.08,Seal Wear,1.27,12.9
6357,5.01,34.33,30,9.97,122.33,17,85.02,Seal Wear,1.28,12.87
6358,5.09,34.6,20,9.94,121.53,17,84.98,Seal Wear,1.19,12.88
6359,5.0,34.65,10,9.8,123.93,17,84.91,Seal Wear,0.92,12.12
6360,5.0,34.56,0,10.29,122.38,18,84.85,Seal Wear,1.38,11.81
6361,4.97,34.36,10,10.33,123.59,18,84.78,Seal Wear,0.65,11.94
6362,5.04,34.37,20,9.9,122.56,18,84.73,Seal Wear,0.9,11.97
6363,4.99,34.49,30,10.1,126.77,18,84.65,Seal Wear,0.59,11.28
6364,5.12,34.51,40,9.9,123.09,18,84.61,Seal Wear,0.72,11.18
6365,5.02,34.33,50,9.72,122.61,18,84.55,Seal Wear,1.08,10.94
6366,5.02,34.21,60,9.86,122.43,18,84.5,Seal Wear,0.77,10.78
6367,5.18,34.51,70,10.08,123.15,18,84.46,Seal Wear,1.18,10.26
6368,5.06,34.26,80,9.81,124.22,18,84.39,Seal Wear,0.86,10.97
6369,4.91,34.47,90,9.88,120.56,18,84.33,Seal Wear,1.01,10.92
6370,4.93,34.57,100,9.98,122.99,18,84.28,Seal Wear,0.99,10.93
6371,5.01,34.45,90,9.9,124.8,18,84.24,Seal Wear,0.76,10.56
6372,5.18,34.16,80,10.1,122.72,18,84.16,Seal Wear,0.95,10.11
6373,5.07,34.24,70,10.22,123.66,18,84.11,Seal Wear,1.04,10.49
6374,4.97,34.45,60,9.98,123.56,18,84.07,Seal Wear,1.33,9.91
6375,5.11,34.48,50,10.46,126.79,18,84.02,Seal Wear,1.11,10.05
6376,5.04,34.27,40,9.82,126.13,18,83.95,Seal Wear,0.78,9.67
6377,4.9,34.13,30,9.86,123.17,18,83.87,Seal Wear,1.31,9.33
6378,5.08,34.42,20,10.11,122.19,18,83.83,Seal Wear,0.71,9.5
6379,5.15,34.4,10,10.33,125.81,18,83.75,Seal Wear,1.02,10.35
6380,4.99,34.44,0,9.83,124.32,19,83.68,Seal Wear,0.9,10.38
6381,4.97,34.69,10,10.03,120.26,19,83.6,Seal Wear,1.2,10.09
6382,5.14,34.72,20,9.93,123.0,19,83.55,Seal Wear,1.15,10.53
6383,5.09,34.55,30,10.14,126.16,19,83.51,Seal Wear,1.1,9.92
6384,5.17,34.44,40,10.04,123.48,19,83.43,Seal Wear,1.18,10.25
6385,5.03,34.33,50,10.19,126.86,19,83.35,Seal Wear,0.95,11.03
6386,5.09,34.48,60,9.72,119.77,19,83.28,Seal Wear,0.89,10.79
6387,5.1,34.26,70,10.07,122.7,19,83.23,Seal Wear,1.22,11.32
6388,5.18,34.09,80,10.45,125.28,19,83.17,Seal Wear,1.02,10.97
6389,5.0,34.31,90,10.02,121.22,19,83.09,Seal Wear,1.01,11.65
6390,4.98,34.46,100,10.25,123.16,19,83.04,Seal Wear,0.79,12.24
6391,5.18,34.59,90,10.22,125.31,19,82.98,Seal Wear,1.32,11.74
6392,5.15,34.81,80,9.77,125.46,19,82.94,Seal Wear,1.18,11.48
6393,5.04,34.93,70,9.93,124.85,19,82.87,Seal Wear,0.72,11.83
6394,5.04,34.87,60,9.98,124.51,19,82.82,Seal Wear,0.75,11.33
6395,5.01,34.91,50,9.77,121.0,19,82.78,Seal Wear,0.88,11.48
6396,5.01,34.92,40,9.79,125.54,19,82.73,Seal Wear,0.58,11.3
6397,4.91,35.25,30,9.87,122.76,19,82.66,Seal Wear,0.81,11.67
6398,5.05,35.27,20,9.79,125.61,19,82.61,Seal Wear,1.27,11.16
6399,5.15,34.88,10,10.01,120.66,19,82.54,Seal Wear,1.12,10.71
6400,5.2,34.64,0,10.16,121.28,20,82.48,Seal Wear,1.14,11.37
6401,5.22,30.23,10,10.09,125.91,0,100.0,Healthy,0.5,18.32
6402,5.35,30.45,20,10.25,122.35,0,99.99,Healthy,0.47,20.59
6403,5.38,30.88,30,9.76,123.07,0,99.99,Healthy,0.42,22.42
6404,5.42,31.27,40,9.68,120.97,0,99.98,Healthy,0.36,24.77
6405,5.34,31.37,50,10.24,121.92,0,99.98,Healthy,0.44,26.81
6406,5.43,31.44,60,10.03,122.07,0,99.98,Healthy,0.4,27.94
6407,5.43,31.68,70,9.74,118.95,0,99.98,Healthy,0.38,29.11
6408,5.57,31.97,80,9.83,121.52,0,99.97,Healthy,0.47,30.53
6409,5.52,32.05,90,9.7,122.32,0,99.97,Healthy,0.53,31.81
6410,5.52,32.15,100,10.34,120.82,0,99.97,Healthy,0.52,33.51
6411,5.72,32.3,90,9.74,119.19,0,99.97,Healthy,0.39,35.2
6412,5.51,32.61,80,10.32,119.06,0,99.97,Healthy,0.58,35.66
6413,5.52,32.72,70,10.1,117.72,0,99.97,Healthy,0.59,36.94
6414,5.62,32.76,60,9.76,116.3,0,99.97,Healthy,0.56,37.95
6415,5.79,33.04,50,9.74,118.37,0,99.96,Healthy,0.51,39.12
6416,5.61,33.32,40,9.73,119.75,0,99.96,Healthy,0.56,39.55
6417,5.81,33.32,30,10.34,119.38,0,99.96,Healthy,0.6,40.32
6418,5.69,33.32,20,10.27,119.7,0,99.96,Healthy,0.55,41.33
6419,5.68,33.52,10,10.17,117.07,0,99.96,Healthy,0.46,42.47
6420,5.75,33.62,0,9.76,117.93,1,99.96,Healthy,0.53,43.1
6421,5.83,33.7,10,9.94,117.53,1,99.95,Healthy,0.49,43.95
6422,5.82,33.7,20,10.17,116.68,1,99.95,Healthy,0.63,44.25
6423,5.77,33.77,30,10.14,114.65,1,99.95,Healthy,0.56,45.0
6424,5.9,33.82,40,10.31,115.99,1,99.95,Healthy,0.59,45.16
6425,5.72,33.86,50,9.67,115.58,1,99.95,Healthy,0.43,45.17
6426,5.89,34.03,60,9.77,117.24,1,99.94,Healthy,0.52,45.04
6427,5.72,34.04,70,9.97,118.62,1,99.94,Healthy,0.47,44.69
6428,5.71,34.04,80,10.3,114.6,1,99.93,Healthy,0.65,45.6
6429,5.85,34.12,90,9.67,117.38,1,99.93,Healthy,0.41,45.9
6430,5.92,34.12,100,9.96,116.81,1,99.93,Healthy,0.57,46.74
6431,5.85,34.29,90,9.74,116.01,1,99.93,Healthy,0.45,47.08
6432,5.88,34.25,80,9.72,114.22,1,99.93,Healthy,0.59,46.54
6433,5.84,34.27,70,9.91,116.23,1,99.92,Healthy,0.57,46.87
6434,5.94,34.26,60,10.04,113.25,1,99.92,Healthy,0.45,47.62
6435,5.8,34.29,50,9.66,114.19,1,99.92,Healthy,0.61,48.37
6436,5.8,34.46,40,9.71,115.65,1,99.91,Healthy,0.57,48.83
6437,5.8,34.51,30,9.65,112.92,1,99.91,Healthy,0.46,48.85
6438,5.91,34.47,20,10.3,115.62,1,99.91,Healthy,0.53,49.29
6439,5.91,34.5,10,10.23,113.28,1,99.91,Healthy,0.47,48.83
6440,5.79,34.6,0,10.1,113.23,2,99.9,Healthy,0.61,49.51
6441,5.93,34.61,10,9.81,112.91,2,99.9,Healthy,0.63,50
6442,5.81,34.68,20,10.06,114.4,2,99.9,Healthy,0.51,50
6443,5.8,34.89,30,10.3,115.25,2,99.9,Healthy,0.56,50
6444,5.8,34.84,40,10.14,113.55,2,99.89,Healthy,0.64,49.54
6445,5.88,34.72,50,10.05,117.37,2,99.89,Healthy,0.49,49.76
6446,5.85,34.86,60,10.12,115.58,2,99.89,Healthy,0.53,50
6447,5.99,34.82,70,10.18,116.81,2,99.89,Healthy,0.51,49.87
6448,6.01,35.01,80,10.0,117.03,2,99.88,Healthy,0.45,49.98
6449,5.89,35.09,90,10.01,115.78,2,99.88,Healthy,0.6,50
6450,5.96,35.11,100,9.89,112.74,2,99.88,Healthy,0.45,50
6451,5.9,35.07,90,10.17,113.65,2,99.88,Healthy,0.51,50
6452,5.83,35.03,80,9.75,113.58,2,99.87,Healthy,0.43,49.98
6453,5.81,35.15,70,10.28,116.54,2,99.87,Healthy,0.63,49.68
6454,5.94,35.19,60,9.71,112.7,2,99.87,Healthy,0.56,49.9
6455,5.96,35.16,50,9.99,113.18,2,99.87,Healthy,0.45,49.79
6456,5.9,35.15,40,9.66,115.14,2,99.87,Healthy,0.44,49.8
6457,5.93,35.08,30,9.72,116.28,2,99.87,Healthy,0.64,49.79
6458,5.82,35.04,20,10.0,115.44,2,99.86,Healthy,0.45,49.57
6459,5.79,35.02,10,10.16,113.13,2,99.86,Healthy,0.48,48.81
6460,5.91,34.94,0,10.07,115.9,3,99.86,Healthy,0.46,49.26
6461,5.94,34.94,10,10.1,116.39,3,99.86,Healthy,0.62,49.15
6462,5.87,34.95,20,10.05,113.35,3,99.85,Healthy,0.48,48.43
6463,5.91,34.84,30,9.69,115.28,3,99.85,Healthy,0.58,48.73
6464,5.9,34.76,40,10.05,115.36,3,99.85,Healthy,0.5,49.23
6465,5.83,34.8,50,9.72,117.06,3,99.85,Healthy,0.53,49.77
6466,5.93,34.96,60,9.69,114.31,3,99.84,Healthy,0.47,49.14
6467,5.81,34.89,70,9.82,114.53,3,99.84,Healthy,0.61,49.38
6468,5.8,34.99,80,10.03,114.56,3,99.84,Healthy,0.47,49.48
6469,5.97,34.92,90,9.93,115.19,3,99.83,Healthy,0.52,49.46
6470,5.87,34.93,100,9.81,115.85,3,99.83,Healthy,0.56,49.06
6471,5.99,34.87,90,10.31,117.41,3,99.83,Pressure Drop,0.48,48.94
6472,5.95,34.93,80,10.31,113.24,3,99.83,Pressure Drop,0.65,48.98
6473,5.75,35.02,70,9.87,116.2,3,99.82,Pressure Drop,0.53,49.36
6474,5.76,35.09,60,10.0,113.52,3,99.82,Pressure Drop,0.45,49.91
6475,5.74,34.96,50,9.97,116.74,3,99.81,Pressure Drop,0.7,49.5
6476,5.78,34.89,40,9.89,115.84,3,99.8,Pressure Drop,0.49,50
6477,5.94,35.09,30,10.16,114.01,3,99.8,Pressure Drop,0.53,50
6478,5.71,35.12,20,10.24,113.77,3,99.78,Pressure Drop,0.68,50
6479,5.85,35.16,10,9.92,112.65,3,99.77,Pressure Drop,0.74,50
6480,5.71,35.16,0,9.92,114.76,4,99.75,Pressure Drop,0.73,50
6481,5.89,35.2,10,9.74,112.42,4,99.74,Pressure Drop,0.64,49.41
6482,5.86,35.34,20,10.25,114.13,4,99.72,Pressure Drop,0.7,50
6483,5.95,35.24,30,9.8,114.83,4,99.7,Pressure Drop,0.61,49.72
6484,5.93,35.23,40,10.31,113.12,4,99.67,Pressure Drop,0.55,49.66
6485,5.77,35.2,50,10.15,113.04,4,99.65,Pressure Drop,0.81,49.58
6486,5.76,35.25,60,9.8,114.56,4,99.63,Pressure Drop,0.57,49.22
6487,5.59,35.18,70,9.84,111.23,4,99.61,Pressure Drop,0.64,48.89
6488,5.71,35.06,80,10.15,113.67,4,99.58,Pressure Drop,0.82,49.48
6489,5.79,35.0,90,9.73,113.31,4,99.56,Pressure Drop,0.8,49.94
6490,5.64,35.18,100,10.01,112.87,4,99.53,Pressure Drop,0.83,49.54
6491,5.75,35.2,90,10.19,115.85,4,99.51,Pressure Drop,0.56,48.87
6492,5.49,35.23,80,9.56,112.36,4,99.46,Pressure Drop,0.91,49.4
6493,5.64,35.19,70,9.62,111.57,4,99.42,Pressure Drop,0.55,48.68
6494,5.68,35.25,60,9.86,111.84,4,99.39,Pressure Drop,0.89,48.11
6495,5.67,35.12,50,9.67,114.09,4,99.36,Pressure Drop,0.82,47.92
6496,5.71,35.15,40,10.17,113.73,4,99.31,Pressure Drop,0.87,47.49
6497,5.51,35.28,30,9.67,110.3,4,99.27,Pressure Drop,0.61,47.58
6498,5.68,35.38,20,10.15,111.06,4,99.22,Pressure Drop,0.99,47.78
6499,5.57,35.51,10,10.09,114.78,4,99.19,Pressure Drop,0.83,48.38
6500,5.53,35.51,0,9.88,113.54,5,99.15,Pressure Drop,0.77,47.73
6501,5.56,35.55,10,9.98,111.8,5,99.1,Pressure Drop,0.79,47.95
6502,5.45,35.67,20,10.04,114.52,5,99.06,Pressure Drop,0.58,47.59
6503,5.59,35.68,30,9.77,110.68,5,99.01,Pressure Drop,0.82,47.87
6504,5.44,35.57,40,10.09,113.65,5,98.97,Pressure Drop,1.0,48.47
6505,5.4,35.67,50,9.85,111.37,5,98.91,Pressure Drop,0.73,49.17
6506,5.53,35.57,60,9.49,115.72,5,98.86,Pressure Drop,0.75,48.51
6507,5.76,35.49,70,9.95,112.85,5,98.81,Pressure Drop,0.82,48.58
6508,5.68,35.43,80,9.96,113.08,5,98.74,Pressure Drop,1.11,48.74
6509,5.43,35.57,90,10.08,109.69,5,98.69,Pressure Drop,0.71,49.03
6510,5.34,35.69,100,9.99,111.24,5,98.62,Pressure Drop,0.74,49.53
6511,5.48,35.57,90,10.09,112.63,5,98.57,Pressure Drop,0.62,49.8
6512,5.5,35.76,80,9.29,113.07,5,98.52,Pressure Drop,1.01,50.0
6513,5.48,35.84,70,9.74,110.09,5,98.45,Pressure Drop,1.11,50
6514,5.36,35.75,60,9.5,108.48,5,98.4,Pressure Drop,1.12,49.88
6515,5.68,35.9,50,9.78,114.79,5,98.31,Pressure Drop,0.66,49.14
6516,5.29,35.66,40,9.66,107.46,5,98.24,Pressure Drop,1.16,48.59
6517,5.82,35.57,30,9.88,112.31,5,98.18,Pressure Drop,0.97,49.25
6518,5.46,35.52,20,9.56,111.79,5,98.1,Pressure Drop,0.93,48.89
6519,5.52,35.48,10,9.33,112.71,5,98.03,Pressure Drop,0.7,48.3
6520,5.59,35.72,0,9.88,109.37,6,97.95,Pressure Drop,1.02,48.53
6521,5.72,35.9,10,9.76,114.82,6,97.89,Pressure Drop,1.05,48.22
6522,5.35,35.76,20,9.89,110.51,6,97.79,Pressure Drop,1.18,48.92
6523,5.45,35.66,30,9.91,110.75,6,97.74,Pressure Drop,1.21,49.56
6524,5.47,35.63,40,9.63,111.64,6,97.65,Pressure Drop,0.96,48.98
6525,5.46,35.58,50,9.55,110.34,6,97.59,Pressure Drop,1.1,49.6
6526,5.17,35.68,60,9.53,112.61,6,97.53,Pressure Drop,1.16,50
6527,5.27,35.81,70,9.78,107.34,6,97.45,Pressure Drop,0.72,50
6528,5.2,35.87,80,9.29,107.87,6,97.37,Pressure Drop,1.02,49.85
6529,5.15,35.99,90,9.57,108.72,6,97.3,Pressure Drop,1.24,50
6530,5.64,36.12,100,9.73,111.22,6,97.19,Pressure Drop,1.33,50
6531,5.26,35.95,90,10.11,109.08,6,97.08,Pressure Drop,1.17,49.27
6532,5.54,36.2,80,9.86,110.72,6,97.0,Pressure Drop,1.06,48.58
6533,5.17,36.3,70,9.63,110.02,6,96.93,Pressure Drop,1.12,48.08
6534,5.01,36.36,60,9.98,108.63,6,96.81,Pressure Drop,1.03,47.82
6535,5.44,36.33,50,9.44,110.45,6,96.74,Pressure Drop,1.08,48.58
6536,5.62,36.36,40,9.7,107.65,6,96.67,Pressure Drop,1.3,48.23
6537,5.25,36.39,30,9.75,111.34,6,96.59,Pressure Drop,1.18,48.59
6538,5.31,36.26,20,9.94,107.24,6,96.51,Pressure Drop,1.28,48.56
6539,4.99,36.04,10,10.13,108.83,6,96.4,Pressure Drop,1.27,48.37
6540,5.52,36.15,0,9.62,108.75,7,96.28,Pressure Drop,1.42,48.74
6541,5.33,36.08,10,9.36,105.95,7,96.18,Pressure Drop,1.14,48.89
6542,5.4,36.09,20,9.77,106.29,7,96.04,Pressure Drop,0.87,48.99
6543,5.27,35.9,30,9.45,110.74,7,95.94,Pressure Drop,1.4,48.65
6544,5.68,35.79,40,9.12,112.86,7,95.86,Pressure Drop,0.99,48.76
6545,5.28,35.85,50,10.08,103.43,7,95.76,Pressure Drop,1.03,49.29
6546,5.37,35.84,60,9.82,106.55,7,95.62,Pressure Drop,0.93,49.84
6547,5.42,36.07,70,9.07,106.29,7,95.54,Pressure Drop,1.11,50
6548,5.31,36.22,80,9.84,110.98,7,95.46,Pressure Drop,1.46,50
6549,4.9,36.04,90,9.38,111.14,7,95.36,Pressure Drop,0.95,49.73
6550,5.31,35.96,100,9.62,110.84,7,95.26,Pressure Drop,1.01,49.36
6551,5.31,36.05,90,9.93,109.81,7,95.16,Pressure Drop,1.34,49.58
6552,4.87,36.32,80,9.59,107.37,7,95.07,Pressure Drop,1.25,49.89
6553,5.11,36.1,70,9.42,108.74,7,94.95,Pressure Drop,1.54,49.44
6554,5.7,36.08,60,9.41,108.2,7,94.81,Pressure Drop,1.49,49.77
6555,4.99,36.01,50,9.29,107.12,7,94.71,Pressure Drop,1.42,49.12
6556,5.22,36.18,40,9.43,108.77,7,94.59,Pressure Drop,1.3,48.79
6557,5.08,36.14,30,9.16,109.01,7,94.45,Pressure Drop,0.93,48.87
6558,4.98,36.23,20,9.93,106.16,7,94.32,Pressure Drop,1.03,49.33
6559,5.58,36.06,10,10.02,110.71,7,94.21,Pressure Drop,1.06,49.28
6560,5.26,36.16,0,9.32,113.44,8,94.07,Pressure Drop,1.0,48.68
6561,5.46,36.19,10,9.32,107.03,8,93.95,Pressure Drop,1.57,48.89
6562,5.27,36.13,20,9.62,110.84,8,93.84,Pressure Drop,1.04,48.31
6563,5.17,36.18,30,10.16,111.64,8,93.74,Pressure Drop,1.23,48.26
6564,5.03,36.06,40,9.84,112.17,8,93.66,Pressure Drop,1.37,48.23
6565,5.42,36.0,50,9.59,111.15,8,93.54,Pressure Drop,0.98,47.63
6566,5.43,35.96,60,9.81,108.1,8,93.46,Pressure Drop,0.91,48.37
6567,5.54,36.16,70,9.72,110.88,8,93.39,Pressure Drop,1.39,48.42
6568,4.85,36.07,80,9.4,108.39,8,93.28,Pressure Drop,0.81,48.8
6569,5.39,36.11,90,9.76,108.29,8,93.17,Pressure Drop,1.68,48.39
6570,5.42,36.13,100,9.6,113.12,8,93.07,Pressure Drop,1.12,49.1
6571,4.86,36.45,90,9.74,113.26,8,92.97,Pressure Drop,1.19,49.59
6572,5.65,36.36,80,10.11,106.9,8,92.88,Pressure Drop,1.22,49.13
6573,5.04,36.46,70,9.65,107.15,8,92.75,Pressure Drop,0.83,49.58
6574,5.23,36.49,60,9.7,107.11,8,92.66,Pressure Drop,1.3,49.16
6575,5.08,36.49,50,9.49,110.55,8,92.59,Pressure Drop,1.51,48.79
6576,5.34,36.54,40,9.65,103.54,8,92.51,Pressure Drop,1.28,48.75
6577,5.35,36.41,30,9.16,104.41,8,92.4,Pressure Drop,0.95,49.23
6578,5.06,36.35,20,10.05,107.76,8,92.26,Pressure Drop,1.09,49.5
6579,5.68,36.32,10,9.47,110.15,8,92.13,Pressure Drop,1.18,49.06
6580,4.99,36.33,0,9.31,110.61,9,92.04,Pressure Drop,1.12,48.42
6581,5.31,36.32,10,9.7,107.75,9,91.96,Pressure Drop,1.67,48.77
6582,5.18,36.32,20,10.09,109.32,9,91.88,Pressure Drop,0.81,48.34
6583,4.97,36.16,30,9.92,103.31,9,91.81,Pressure Drop,1.51,48.32
6584,5.35,35.98,40,10.11,111.15,9,91.69,Pressure Drop,0.92,47.88
6585,5.09,35.98,50,9.66,108.55,9,91.55,Pressure Drop,0.87,48.25
6586,5.58,35.8,60,9.91,109.84,9,91.43,Pressure Drop,1.24,48.32
6587,5.18,35.98,70,10.15,108.55,9,91.32,Pressure Drop,1.46,48.72
6588,5.72,35.94,80,10.2,103.41,9,91.2,Pressure Drop,1.46,49.01
6589,5.12,36.0,90,9.49,111.0,9,91.07,Pressure Drop,1.3,49.62
6590,5.4,35.97,100,9.62,109.13,9,90.99,Pressure Drop,1.18,48.96
6591,5.01,36.07,90,9.62,109.77,9,90.91,Pressure Drop,1.38,48.51
6592,5.12,36.17,80,9.71,106.6,9,90.78,Pressure Drop,0.92,49.21
6593,5.34,36.08,70,9.51,108.95,9,90.65,Pressure Drop,1.16,48.82
6594,5.6,36.31,60,9.99,107.57,9,90.58,Pressure Drop,0.98,48.84
6595,5.21,36.32,50,9.84,113.29,9,90.49,Pressure Drop,1.4,48.39
6596,5.11,36.05,40,10.02,113.26,9,90.37,Pressure Drop,0.88,48.53
6597,4.84,36.05,30,9.62,113.2,9,90.24,Pressure Drop,1.32,49.05
6598,4.89,36.06,20,9.87,108.02,9,90.17,Pressure Drop,0.84,49.7
6599,5.47,36.36,10,9.97,103.16,9,90.08,Pressure Drop,0.98,49.69
6600,5.38,36.32,0,9.68,108.28,10,89.99,Pressure Drop,1.0,49.7
6601,5.38,36.2,10,9.53,109.91,10,89.88,Pressure Drop,0.9,49.27
6602,5.48,36.02,20,9.18,106.76,10,89.78,Pressure Drop,1.47,49.07
6603,5.57,36.06,30,9.88,104.85,10,89.68,Pressure Drop,0.92,48.84
6604,5.31,36.29,40,9.85,109.8,10,89.54,Pressure Drop,1.08,48.37
6605,4.85,36.35,50,9.8,113.33,10,89.43,Pressure Drop,0.96,48.15
6606,5.14,36.54,60,9.11,108.68,10,89.32,Pressure Drop,1.49,48.18
6607,5.15,36.51,70,9.38,111.19,10,89.21,Pressure Drop,1.01,48.63
6608,5.04,36.44,80,9.44,104.56,10,89.13,Pressure Drop,1.64,48.16
6609,5.24,36.46,90,9.55,108.58,10,89.0,Pressure Drop,1.03,47.92
6610,5.45,36.54,100,9.78,108.7,10,88.93,Pressure Drop,1.11,47.5
6611,4.87,36.64,90,9.9,107.86,10,88.86,Pressure Drop,1.47,47.37
6612,5.32,36.75,80,9.96,109.23,10,88.75,Pressure Drop,1.34,47.57
6613,5.02,36.68,70,9.57,104.96,10,88.63,Pressure Drop,0.86,47.57
6614,5.22,36.68,60,9.59,110.82,10,88.52,Pressure Drop,1.21,47.45
6615,5.56,36.55,50,9.5,112.55,10,88.44,Pressure Drop,1.45,47.15
6616,5.43,36.71,40,9.79,113.54,10,88.3,Pressure Drop,1.41,46.65
6617,5.37,36.48,30,9.71,114.71,10,88.18,Pressure Drop,1.16,46.16
6618,5.33,36.33,20,9.27,110.25,10,88.09,Pressure Drop,0.98,45.7
6619,5.17,36.07,10,9.6,108.17,10,87.95,Pressure Drop,1.34,45.73
6620,5.46,35.95,0,9.96,105.11,11,87.88,Pressure Drop,1.48,46.43
6621,4.92,36.18,10,10.15,111.78,11,87.79,Pressure Drop,1.38,46.44
6622,5.25,36.38,20,9.76,114.85,11,87.71,Pressure Drop,1.0,46.59
6623,5.06,36.19,30,9.5,109.23,11,87.63,Pressure Drop,1.28,46.22
6624,5.31,36.36,40,9.6,109.11,11,87.53,Pressure Drop,1.49,47.1
6625,5.09,36.47,50,9.93,107.24,11,87.43,Pressure Drop,0.98,47.36
6626,5.56,36.6,60,9.96,112.73,11,87.28,Pressure Drop,1.36,47.78
6627,5.28,36.4,70,9.84,113.22,11,87.19,Pressure Drop,1.18,48.36
6628,5.43,36.29,80,9.66,112.77,11,87.12,Pressure Drop,1.37,47.88
6629,5.15,36.28,90,9.54,111.19,11,87.03,Pressure Drop,0.83,48.19
6630,5.22,36.29,100,9.77,107.43,11,86.95,Pressure Drop,0.98,48.54
6631,5.52,36.25,90,9.63,112.73,11,86.84,Pressure Drop,1.25,47.94
6632,5.05,36.14,80,9.76,104.94,11,86.76,Pressure Drop,1.57,47.72
6633,5.62,36.11,70,9.99,113.16,11,86.64,Pressure Drop,1.58,47.53
6634,5.53,36.11,60,9.69,114.04,11,86.57,Pressure Drop,1.45,48.24
6635,5.51,36.26,50,9.54,105.93,11,86.48,Pressure Drop,1.36,48.75
6636,5.65,36.31,40,9.32,107.55,11,86.35,Pressure Drop,1.48,48.93
6637,5.57,36.48,30,9.2,113.36,11,86.22,Pressure Drop,0.88,48.23
6638,5.44,36.71,20,9.24,110.53,11,86.11,Pressure Drop,1.24,48.54
6639,5.13,36.81,10,9.66,109.04,11,86.03,Pressure Drop,0.69,48.9
6640,5.29,36.71,0,9.84,107.37,12,85.94,Pressure Drop,1.44,48.33
6641,5.02,36.71,10,9.78,110.89,12,85.87,Pressure Drop,1.54,48.61
6642,5.22,36.74,20,9.83,113.82,12,85.73,Pressure Drop,0.91,48.12
6643,5.36,36.66,30,9.48,110.89,12,85.66,Pressure Drop,1.27,47.9
6644,5.4,36.6,40,9.3,110.4,12,85.53,Pressure Drop,0.92,47.87
6645,4.96,36.44,50,9.46,107.44,12,85.46,Pressure Drop,0.88,47.26
6646,4.89,36.3,60,9.67,109.51,12,85.33,Pressure Drop,1.13,47.84
6647,5.5,35.96,70,9.51,112.12,12,85.24,Pressure Drop,1.55,47.23
6648,4.86,36.08,80,9.29,108.33,12,85.11,Pressure Drop,0.98,47.18
6649,5.29,36.1,90,9.4,109.42,12,85.0,Pressure Drop,1.04,47.22
6650,5.35,35.85,100,9.89,109.98,12,84.86,Pressure Drop,1.17,47.38
6651,4.98,36.3,90,9.14,107.4,12,84.74,Pressure Drop,1.38,48.13
6652,5.18,36.3,80,9.19,106.71,12,84.67,Pressure Drop,1.45,48.58
6653,5.18,36.47,70,10.04,114.23,12,84.59,Pressure Drop,1.38,48.17
6654,5.49,36.44,60,9.52,111.39,12,84.45,Pressure Drop,1.12,47.67
6655,5.57,36.55,50,9.64,110.96,12,84.35,Pressure Drop,1.12,47.39
6656,5.46,36.48,40,9.06,109.42,12,84.21,Pressure Drop,1.43,47.01
6657,5.48,36.33,30,9.61,109.83,12,84.12,Pressure Drop,1.55,47.15
6658,5.48,36.28,20,9.43,109.09,12,84.02,Pressure Drop,1.64,47.66
6659,4.9,36.07,10,9.7,109.7,12,83.92,Pressure Drop,1.04,47.57
6660,5.03,36.1,0,9.83,107.32,13,83.85,Pressure Drop,1.27,47.9
6661,5.09,35.9,10,9.18,103.91,13,83.71,Pressure Drop,1.31,47.84
6662,5.56,35.89,20,9.53,112.92,13,83.61,Pressure Drop,1.23,47.24
6663,5.54,35.92,30,9.72,110.22,13,83.5,Pressure Drop,1.09,47.03
6664,5.07,35.65,40,9.53,105.76,13,83.43,Pressure Drop,0.94,47.02
6665,5.33,35.88,50,9.44,107.94,13,83.3,Pressure Drop,0.95,47.59
6666,5.25,35.83,60,9.26,106.78,13,83.17,Pressure Drop,0.96,47.77
6667,5.51,36.0,70,9.47,108.96,13,83.08,Pressure Drop,1.15,47.17
6668,5.17,36.21,80,9.7,112.08,13,82.95,Pressure Drop,0.92,46.97
6669,4.95,36.09,90,9.16,105.65,13,82.82,Pressure Drop,1.45,47.66
6670,5.05,35.96,100,9.27,108.58,13,82.73,Pressure Drop,1.17,47.48
6671,5.21,35.74,90,9.42,113.51,13,82.64,Pressure Drop,0.96,47.38
6672,4.98,35.5,80,9.75,112.35,13,82.56,Pressure Drop,1.64,47.94
6673,5.05,35.61,70,9.44,108.25,13,82.43,Pressure Drop,0.88,48.69
6674,5.48,35.63,60,9.6,109.7,13,82.32,Pressure Drop,1.37,48.02
6675,5.48,35.53,50,9.25,111.27,13,82.18,Pressure Drop,1.01,47.61
6676,5.21,35.55,40,9.92,108.74,13,82.06,Pressure Drop,1.55,47.69
6677,5.53,35.76,30,9.62,107.72,13,81.96,Pressure Drop,0.77,47.8
6678,5.66,35.86,20,9.34,109.93,13,81.85,Pressure Drop,1.4,47.79
6679,4.87,35.89,10,9.47,107.08,13,81.76,Pressure Drop,1.12,48.02
6680,5.1,36.2,0,9.9,111.02,14,81.62,Pressure Drop,1.55,48.3
6681,4.9,36.29,10,10.05,109.07,14,81.49,Pressure Drop,1.14,47.92
6682,5.0,36.14,20,9.48,109.93,14,81.42,Pressure Drop,1.17,47.51
6683,4.99,35.95,30,9.48,109.11,14,81.29,Pressure Drop,1.2,47.03
6684,5.15,35.88,40,9.81,106.27,14,81.16,Pressure Drop,1.22,47.36
6685,5.55,35.92,50,9.49,109.31,14,81.07,Pressure Drop,0.93,47.83
6686,4.94,35.91,60,9.93,108.34,14,81.0,Pressure Drop,1.2,48.0
6687,5.51,35.92,70,9.37,109.21,14,80.87,Pressure Drop,1.49,47.77
6688,4.9,36.0,80,9.58,105.45,14,80.75,Pressure Drop,1.43,48.31
6689,5.31,36.13,90,9.67,109.36,14,80.64,Pressure Drop,1.21,48.62
6690,5.48,36.09,100,9.42,106.22,14,80.54,Pressure Drop,1.0,48.97
6691,5.12,36.16,90,9.17,106.81,14,80.44,Pressure Drop,0.77,49.59
6692,5.08,36.13,80,9.12,111.13,14,80.35,Pressure Drop,1.05,50
6693,5.6,35.96,70,9.52,108.35,14,80.26,Pressure Drop,1.24,49.45
6694,5.47,36.06,60,10.03,106.36,14,80.15,Pressure Drop,1.17,49.56
6695,5.38,36.03,50,9.79,104.51,14,80.08,Pressure Drop,1.59,49.51
6696,5.56,35.87,40,10.05,108.14,14,79.96,Pressure Drop,1.58,49.41
6697,5.46,36.0,30,9.6,108.61,14,79.85,Pressure Drop,1.21,49.3
6698,5.62,35.78,20,9.65,108.54,14,79.72,Pressure Drop,1.16,49.19
6699,5.1,36.03,10,9.56,108.69,14,79.65,Pressure Drop,0.99,49.62
6700,5.29,35.81,0,9.79,106.97,15,79.51,Pressure Drop,1.32,49.4
6701,5.65,36.08,10,9.56,110.42,15,79.37,Pressure Drop,1.05,49.5
6702,4.99,36.04,20,10.19,102.86,15,79.26,Pressure Drop,0.95,49.79
6703,5.33,36.16,30,9.69,109.87,15,79.16,Pressure Drop,1.4,50
6704,5.6,36.35,40,9.62,108.02,15,79.09,Pressure Drop,1.08,49.64
6705,5.52,36.28,50,9.79,113.75,15,79.0,Pressure Drop,1.45,49.77
6706,5.02,36.44,60,9.31,107.5,15,78.9,Pressure Drop,1.34,49.4
6707,4.92,36.5,70,9.48,110.04,15,78.81,Pressure Drop,1.43,49.19
6708,5.12,36.56,80,10.03,103.8,15,78.72,Pressure Drop,1.43,48.76
6709,5.14,36.56,90,9.17,114.4,15,78.64,Pressure Drop,1.08,49.16
6710,5.41,36.72,100,9.59,105.69,15,78.54,Pressure Drop,1.4,48.55
6711,5.41,36.56,90,9.35,109.16,15,78.44,Pressure Drop,1.42,48.13
6712,4.95,36.62,80,9.78,110.89,15,78.36,Pressure Drop,1.47,47.69
6713,5.4,36.44,70,9.73,107.84,15,78.25,Pressure Drop,1.13,48.01
6714,5.04,36.59,60,9.16,110.6,15,78.13,Pressure Drop,0.99,48.05
6715,5.0,36.71,50,9.53,109.91,15,78.0,Pressure Drop,1.42,47.9
6716,5.53,36.55,40,9.65,113.81,15,77.88,Pressure Drop,0.77,48.27
6717,5.42,36.6,30,10.09,104.28,15,77.76,Pressure Drop,0.99,48.79
6718,5.23,36.47,20,9.63,106.31,15,77.66,Pressure Drop,1.37,49.08
6719,4.98,36.46,10,9.69,104.15,15,77.53,Pressure Drop,1.33,48.48
6720,5.26,36.4,0,10.09,112.11,16,77.41,Pressure Drop,1.43,48.78
6721,5.33,36.49,10,9.31,111.48,16,77.35,Pressure Drop,1.16,48.9
6722,5.62,36.38,20,9.88,110.57,16,77.28,Pressure Drop,1.08,48.33
6723,5.31,36.19,30,10.07,106.43,16,77.16,Pressure Drop,1.49,48.74
6724,5.25,36.41,40,9.86,110.15,16,77.04,Pressure Drop,1.3,49.45
6725,5.29,36.46,50,9.48,108.95,16,76.94,Pressure Drop,1.31,49.26
6726,5.71,36.43,60,10.05,113.51,16,76.81,Pressure Drop,1.19,48.75
6727,5.04,36.38,70,9.74,113.75,16,76.67,Pressure Drop,0.77,48.13
6728,5.19,36.35,80,9.67,112.67,16,76.54,Pressure Drop,1.09,48.79
6729,5.41,36.35,90,9.85,110.51,16,76.42,Pressure Drop,1.52,48.28
6730,5.38,36.23,100,9.67,109.22,16,76.35,Pressure Drop,1.46,48.45
6731,5.26,36.38,90,9.94,109.52,16,76.23,Pressure Drop,1.19,48.96
6732,5.43,36.08,80,9.71,109.6,16,76.09,Pressure Drop,1.46,49.3
6733,5.2,36.0,70,9.36,109.86,16,75.97,Pressure Drop,0.89,49.28
6734,5.49,35.86,60,9.43,109.48,16,75.9,Pressure Drop,1.26,49.06
6735,5.39,36.05,50,9.8,112.41,16,75.79,Pressure Drop,1.33,49.56
6736,5.34,35.87,40,9.39,109.37,16,75.71,Pressure Drop,1.31,49.78
6737,5.07,35.78,30,9.55,104.53,16,75.58,Pressure Drop,1.04,49.7
6738,5.4,35.83,20,10.02,107.58,16,75.49,Pressure Drop,0.99,49.75
6739,5.46,36.09,10,9.97,110.1,16,75.38,Pressure Drop,1.14,49.46
6740,5.44,36.21,0,9.29,106.89,17,75.27,Pressure Drop,1.18,50
6741,4.95,36.15,10,9.45,108.71,17,75.18,Pressure Drop,1.35,50
6742,5.54,36.28,20,9.34,110.18,17,75.08,Pressure Drop,1.61,50
6743,5.73,36.37,30,9.57,108.79,17,74.99,Pressure Drop,1.38,50
6744,5.54,36.25,40,9.59,111.27,17,74.86,Pressure Drop,1.09,49.66
6745,5.7,36.11,50,9.36,106.88,17,74.76,Pressure Drop,1.04,49.81
6746,5.53,36.33,60,9.81,106.07,17,74.67,Pressure Drop,1.11,50
6747,5.36,36.47,70,9.65,104.49,17,74.57,Pressure Drop,1.34,49.75
6748,5.59,36.27,80,9.12,106.27,17,74.44,Pressure Drop,1.34,49.5
6749,5.46,36.25,90,9.38,108.7,17,74.32,Pressure Drop,0.84,49.48
6750,4.92,36.39,100,10.1,104.77,17,74.2,Pressure Drop,1.29,50
6751,5.44,36.26,90,9.89,107.86,17,74.06,Pressure Drop,1.17,50
6752,5.34,36.33,80,9.54,105.51,17,73.95,Pressure Drop,1.15,50
6753,5.44,36.23,70,9.53,112.95,17,73.86,Pressure Drop,1.3,49.68
6754,5.27,36.23,60,10.15,106.63,17,73.76,Pressure Drop,1.66,49.42
6755,4.9,36.15,50,9.45,108.63,17,73.62,Pressure Drop,1.53,49.21
6756,5.46,36.07,40,10.13,112.35,17,73.54,Pressure Drop,1.01,48.67
6757,5.63,36.05,30,9.3,103.38,17,73.42,Pressure Drop,1.47,48.62
6758,5.32,35.94,20,9.77,106.79,17,73.32,Pressure Drop,0.99,48.07
6759,5.33,36.07,10,9.54,106.29,17,73.21,Pressure Drop,1.37,48.65
6760,5.68,35.86,0,9.51,109.13,18,73.09,Pressure Drop,1.27,48.25
6761,5.5,35.91,10,9.48,110.15,18,72.98,Pressure Drop,0.85,48.72
6762,5.36,36.11,20,9.46,109.77,18,72.9,Pressure Drop,1.04,48.29
6763,5.36,36.01,30,9.54,110.67,18,72.77,Pressure Drop,1.36,48.78
6764,5.0,36.09,40,10.23,112.43,18,72.69,Pressure Drop,1.5,48.46
6765,4.87,36.17,50,10.02,106.22,18,72.61,Pressure Drop,1.66,48.9
6766,5.24,36.03,60,9.26,112.16,18,72.54,Pressure Drop,0.97,48.54
6767,5.56,36.08,70,10.14,109.18,18,72.42,Pressure Drop,1.19,48.52
6768,5.15,36.13,80,9.64,108.68,18,72.31,Pressure Drop,1.65,48.22
6769,5.22,36.18,90,9.73,113.9,18,72.17,Pressure Drop,1.19,47.96
6770,5.27,35.97,100,9.5,113.37,18,72.06,Pressure Drop,1.28,48.4
6771,5.25,35.97,90,9.95,111.32,18,71.94,Pressure Drop,1.08,49.0
6772,4.94,35.94,80,9.63,109.36,18,71.81,Pressure Drop,1.52,49.36
6773,5.19,36.14,70,9.31,108.28,18,71.7,Pressure Drop,0.79,49.62
6774,5.28,36.26,60,9.91,108.43,18,71.57,Pressure Drop,1.3,49.33
6775,5.44,36.08,50,9.38,106.84,18,71.49,Pressure Drop,1.14,49.83
6776,5.11,36.09,40,9.31,107.47,18,71.36,Pressure Drop,0.93,49.98
6777,4.88,36.03,30,9.91,109.09,18,71.25,Pressure Drop,1.64,50
6778,5.32,36.14,20,9.84,108.74,18,71.14,Pressure Drop,1.43,49.93
6779,4.96,36.29,10,9.72,105.35,18,71.06,Pressure Drop,1.36,49.96
6780,5.66,36.48,0,9.48,109.06,19,70.98,Pressure Drop,1.3,49.66
6781,4.91,36.28,10,9.77,105.66,19,70.87,Pressure Drop,1.22,49.63
6782,5.08,36.3,20,9.79,105.67,19,70.74,Pressure Drop,1.2,49.42
6783,5.07,36.12,30,10.0,105.75,19,70.64,Pressure Drop,1.06,48.96
6784,5.15,36.16,40,9.46,113.71,19,70.51,Pressure Drop,1.01,49.31
6785,5.07,36.26,50,9.43,109.54,19,70.41,Pressure Drop,1.05,49.07
6786,5.13,36.32,60,9.72,112.08,19,70.28,Pressure Drop,1.39,49.06
6787,5.06,36.24,70,9.85,113.4,19,70.2,Pressure Drop,1.36,48.56
6788,5.07,36.42,80,9.73,111.45,19,70.11,Pressure Drop,1.64,49.01
6789,5.04,36.32,90,9.78,106.55,19,70.03,Pressure Drop,1.57,48.36
6790,5.63,36.3,100,9.49,107.05,19,69.94,Pressure Drop,0.93,48.32
6791,5.45,36.3,90,10.14,109.04,19,69.86,Pressure Drop,1.44,48.06
6792,5.52,36.34,80,9.28,107.39,19,69.76,Pressure Drop,1.28,48.41
6793,4.94,36.35,70,9.27,110.26,19,69.63,Pressure Drop,1.42,48.65
6794,5.34,36.41,60,9.53,111.57,19,69.55,Pressure Drop,0.99,48.44
6795,5.51,36.32,50,9.92,108.05,19,69.42,Pressure Drop,1.41,47.77
6796,5.27,36.33,40,9.8,108.69,19,69.29,Pressure Drop,1.02,47.77
6797,4.92,36.43,30,9.58,109.82,19,69.14,Pressure Drop,1.25,47.64
6798,5.11,36.38,20,10.14,110.34,19,69.02,Pressure Drop,1.09,47.16
6799,5.57,36.37,10,9.51,111.56,19,68.9,Pressure Drop,1.55,46.86
6800,5.2,36.26,0,9.18,112.39,20,68.8,Pressure Drop,1.65,47.44
6801,5.22,30.33,10,9.68,124.19,0,100.0,Healthy,0.38,17.59
6802,5.21,30.67,20,10.05,123.99,0,100.0,Healthy,0.3,19.0
6803,5.38,30.84,30,10.08,121.57,0,100.0,Healthy,0.4,20.05
6804,5.32,30.96,40,10.33,123.96,0,100.0,Healthy,0.41,21.45
6805,5.32,31.14,50,10.17,120.22,0,99.99,Healthy,0.38,22.75
6806,5.35,31.33,60,9.69,123.62,0,99.99,Healthy,0.38,23.82
6807,5.47,31.44,70,10.3,120.88,0,99.99,Healthy,0.37,24.93
6808,5.45,31.47,80,10.2,121.75,0,99.98,Healthy,0.42,25.58
6809,5.33,31.63,90,10.34,122.18,0,99.98,Healthy,0.4,27.26
6810,5.45,31.95,100,10.17,123.51,0,99.98,Healthy,0.45,28.13
6811,5.45,31.96,90,9.82,122.83,0,99.97,Healthy,0.54,29.37
6812,5.61,32.03,80,10.15,120.84,0,99.97,Healthy,0.53,30.87
6813,5.45,32.26,70,9.85,119.3,0,99.97,Healthy,0.58,31.92
6814,5.58,32.45,60,10.32,118.79,0,99.97,Healthy,0.4,33.23
6815,5.59,32.63,50,9.94,117.4,0,99.97,Healthy,0.44,34.36
6816,5.53,32.69,40,10.21,120.13,0,99.97,Healthy,0.48,35.09
6817,5.67,32.73,30,10.25,117.95,0,99.96,Healthy,0.59,36.04
6818,5.69,32.8,20,9.81,119.64,0,99.96,Healthy,0.46,36.84
6819,5.66,32.81,10,10.17,117.37,0,99.96,Healthy,0.56,36.61
6820,5.53,33.05,0,9.99,120.44,1,99.95,Healthy,0.53,36.34
6821,5.6,33.2,10,10.06,119.31,1,99.95,Healthy,0.44,36.41
6822,5.72,33.16,20,9.72,120.9,1,99.95,Healthy,0.42,36.15
6823,5.65,33.23,30,10.16,120.13,1,99.95,Healthy,0.57,36.59
6824,5.66,33.4,40,9.81,117.85,1,99.94,Healthy,0.59,36.29
6825,5.66,33.44,50,9.78,118.28,1,99.94,Healthy,0.51,36.57
6826,5.65,33.44,60,9.95,116.89,1,99.94,Healthy,0.47,36.5
6827,5.58,33.42,70,9.79,119.78,1,99.94,Healthy,0.4,36.77
6828,5.55,33.42,80,10.34,117.41,1,99.93,Healthy,0.43,36.81
6829,5.54,33.54,90,10.04,118.6,1,99.93,Healthy,0.41,37.39
6830,5.56,33.46,100,10.27,118.91,1,99.93,Healthy,0.53,37.03
6831,5.63,33.56,90,10.31,117.77,1,99.93,Healthy,0.45,37.49
6832,5.62,33.69,80,10.27,117.48,1,99.93,Healthy,0.56,37.96
6833,5.68,33.67,70,10.27,120.13,1,99.93,Healthy,0.57,38.62
6834,5.57,33.84,60,9.81,118.59,1,99.92,Healthy,0.38,38.84
6835,5.78,33.89,50,10.34,120.38,1,99.92,Healthy,0.45,39.26
6836,5.78,33.98,40,9.98,115.76,1,99.92,Healthy,0.59,39.92
6837,5.78,33.9,30,9.76,117.85,1,99.92,Healthy,0.4,39.52
6838,5.64,33.84,20,9.88,115.35,1,99.91,Healthy,0.41,40.15
6839,5.78,33.9,10,10.03,116.29,1,99.91,Healthy,0.59,40.61
6840,5.83,33.91,0,10.08,116.3,2,99.91,Healthy,0.6,40.74
6841,5.71,33.91,10,9.66,116.09,2,99.9,Healthy,0.54,41.35
6842,5.75,33.86,20,9.92,117.96,2,99.9,Healthy,0.47,41.8
6843,5.7,33.88,30,9.89,118.68,2,99.9,Healthy,0.42,41.62
6844,5.67,33.79,40,10.07,115.46,2,99.89,Healthy,0.46,41.06
6845,5.79,33.86,50,10.19,115.98,2,99.89,Healthy,0.39,40.64
6846,5.74,33.93,60,10.29,118.21,2,99.89,Healthy,0.47,40.9
6847,5.76,33.95,70,10.24,115.58,2,99.89,Healthy,0.46,40.23
6848,5.63,33.93,80,9.97,118.64,2,99.88,Healthy,0.42,40.55
6849,5.82,34.01,90,9.78,118.24,2,99.88,Healthy,0.49,40.45
6850,5.71,34.07,100,9.79,118.04,2,99.88,Healthy,0.57,40.45
6851,5.61,34.17,90,9.73,119.11,2,99.88,Healthy,0.44,40.48
6852,5.68,34.1,80,9.75,117.18,2,99.87,Healthy,0.42,40.69
6853,5.65,33.97,70,10.14,117.88,2,99.87,Healthy,0.6,40.36
6854,5.69,34.05,60,10.25,117.7,2,99.87,Seal Wear,0.56,39.93
6855,5.78,34.09,50,9.88,117.95,2,99.87,Seal Wear,0.59,40.36
6856,5.65,34.04,40,9.88,116.61,2,99.86,Seal Wear,0.55,40.76
6857,5.82,34.06,30,10.18,115.17,2,99.86,Seal Wear,0.67,41.31
6858,5.73,34.06,20,9.78,116.95,2,99.85,Seal Wear,0.64,41.6
6859,5.82,34.16,10,9.97,118.91,2,99.85,Seal Wear,0.68,41.08
6860,5.67,34.11,0,9.79,115.16,3,99.84,Seal Wear,0.5,40.35
6861,5.8,34.15,10,9.87,114.96,3,99.83,Seal Wear,0.51,40.2
6862,5.66,34.03,20,10.16,115.19,3,99.82,Seal Wear,0.64,40.91
6863,5.61,34.1,30,9.82,115.72,3,99.8,Seal Wear,0.69,40.72
6864,5.61,34.14,40,9.81,119.23,3,99.79,Seal Wear,0.64,40.74
6865,5.61,34.4,50,10.3,115.41,3,99.78,Seal Wear,0.69,40.66
6866,5.72,34.53,60,10.33,117.72,3,99.76,Seal Wear,0.62,41.31
6867,5.73,34.54,70,10.1,115.6,3,99.74,Seal Wear,0.65,40.64
6868,5.77,34.54,80,9.88,115.87,3,99.73,Seal Wear,0.68,40.08
6869,5.78,34.55,90,10.19,117.53,3,99.71,Seal Wear,0.73,39.92
6870,5.71,34.68,100,9.75,117.48,3,99.69,Seal Wear,0.81,40.59
6871,5.67,34.79,90,10.11,119.21,3,99.67,Seal Wear,0.62,40.34
6872,5.63,34.72,80,9.93,114.95,3,99.66,Seal Wear,0.55,40.69
6873,5.56,34.82,70,10.04,118.88,3,99.65,Seal Wear,0.76,40.79
6874,5.68,35.11,60,10.25,118.01,3,99.62,Seal Wear,0.66,41.4
6875,5.74,35.22,50,10.29,117.0,3,99.59,Seal Wear,0.78,41.67
6876,5.82,35.2,40,9.99,115.68,3,99.57,Seal Wear,0.55,42.22
6877,5.7,35.25,30,9.82,114.8,3,99.53,Seal Wear,0.69,41.71
6878,5.62,35.35,20,9.87,118.1,3,99.5,Seal Wear,0.83,42.02
6879,5.77,35.37,10,10.32,116.78,3,99.46,Seal Wear,0.74,42.14
6880,5.79,35.57,0,10.07,116.82,4,99.43,Seal Wear,0.99,42.09
6881,5.72,35.62,10,10.02,115.91,4,99.4,Seal Wear,0.93,42.66
6882,5.72,35.5,20,9.96,114.66,4,99.38,Seal Wear,0.93,42.33
6883,5.74,35.53,30,10.08,114.14,4,99.35,Seal Wear,0.98,42.27
6884,5.72,35.6,40,10.3,118.73,4,99.31,Seal Wear,0.62,42.51
6885,5.63,35.7,50,9.91,116.05,4,99.29,Seal Wear,0.65,42.13
6886,5.58,35.77,60,9.9,117.86,4,99.26,Seal Wear,1.03,41.99
6887,5.58,35.92,70,10.27,114.89,4,99.24,Seal Wear,0.81,41.7
6888,5.77,35.67,80,10.01,114.54,4,99.19,Seal Wear,0.98,41.5
6889,5.81,35.86,90,9.99,114.66,4,99.14,Seal Wear,0.9,40.87
6890,5.7,36.03,100,9.93,115.63,4,99.09,Seal Wear,1.21,40.51
6891,5.75,35.99,90,9.8,116.46,4,99.03,Seal Wear,0.9,40.88
6892,5.63,35.83,80,9.94,116.78,4,98.99,Seal Wear,0.73,41.13
6893,5.68,35.88,70,10.33,114.42,4,98.96,Seal Wear,0.94,40.65
6894,5.8,35.79,60,10.08,116.21,4,98.92,Seal Wear,0.73,40.19
6895,5.75,35.75,50,9.95,114.28,4,98.88,Seal Wear,0.77,40.57
6896,5.59,35.98,40,10.05,117.13,4,98.82,Seal Wear,0.87,39.99
6897,5.74,36.38,30,10.18,117.74,4,98.78,Seal Wear,0.83,40.66
6898,5.61,36.51,20,10.29,112.0,4,98.73,Seal Wear,0.64,41.14
6899,5.68,36.48,10,9.83,115.58,4,98.67,Seal Wear,1.01,41.47
6900,5.7,36.85,0,10.16,116.55,5,98.62,Seal Wear,0.76,41.4
6901,5.54,37.25,10,9.79,112.94,5,98.54,Seal Wear,1.27,41.0
6902,5.72,37.26,20,9.95,117.42,5,98.49,Seal Wear,1.01,41.46
6903,5.56,37.39,30,9.86,116.23,5,98.46,Seal Wear,1.15,41.66
6904,5.74,37.29,40,10.29,116.35,5,98.39,Seal Wear,1.41,41.55
6905,5.62,37.38,50,9.91,112.74,5,98.33,Seal Wear,1.1,41.57
6906,5.75,37.55,60,10.22,114.43,5,98.26,Seal Wear,1.44,42.1
6907,5.69,37.53,70,10.29,117.91,5,98.19,Seal Wear,1.44,42.02
6908,5.57,37.64,80,10.17,111.9,5,98.11,Seal Wear,0.97,41.59
6909,5.75,37.58,90,9.97,116.22,5,98.07,Seal Wear,1.08,41.96
6910,5.74,37.6,100,10.05,114.36,5,98.0,Seal Wear,1.44,41.42
6911,5.7,37.58,90,10.12,116.65,5,97.93,Seal Wear,1.15,40.78
6912,5.59,37.76,80,10.15,117.96,5,97.85,Seal Wear,0.78,40.64
6913,5.71,37.96,70,10.08,115.19,5,97.77,Seal Wear,1.1,40.39
6914,5.7,37.78,60,10.34,114.14,5,97.71,Seal Wear,0.83,39.92
6915,5.72,37.73,50,9.98,114.98,5,97.64,Seal Wear,1.35,40.66
6916,5.57,37.9,40,10.34,117.81,5,97.59,Seal Wear,0.93,40.84
6917,5.68,38.16,30,10.25,112.73,5,97.52,Seal Wear,1.56,40.18
6918,5.55,37.92,20,9.83,114.68,5,97.44,Seal Wear,1.5,39.74
6919,5.69,38.07,10,10.25,112.49,5,97.39,Seal Wear,1.41,39.61
6920,5.7,38.0,0,10.21,114.34,6,97.32,Seal Wear,1.42,40.36
6921,5.63,38.07,10,10.38,113.46,6,97.27,Seal Wear,1.07,40.13
6922,5.6,37.9,20,9.87,115.12,6,97.22,Seal Wear,1.31,40.21
6923,5.6,37.92,30,9.91,113.13,6,97.17,Seal Wear,1.71,40.57
6924,5.51,37.9,40,9.92,112.86,6,97.07,Seal Wear,0.9,40.88
6925,5.55,38.12,50,9.99,114.81,6,97.02,Seal Wear,0.89,41.3
6926,5.62,37.91,60,10.06,113.35,6,96.95,Seal Wear,1.58,41.86
6927,5.67,38.34,70,10.13,112.64,6,96.85,Seal Wear,1.74,41.94
6928,5.76,38.25,80,10.26,116.79,6,96.74,Seal Wear,1.32,41.42
6929,5.69,38.08,90,10.21,112.69,6,96.67,Seal Wear,1.74,41.95
6930,5.73,37.93,100,10.01,114.61,6,96.59,Seal Wear,1.77,41.62
6931,5.78,37.56,90,10.31,113.12,6,96.48,Seal Wear,1.31,40.94
6932,5.54,37.88,80,9.92,117.18,6,96.36,Seal Wear,0.94,40.86
6933,5.67,38.09,70,9.98,115.3,6,96.3,Seal Wear,1.37,41.11
6934,5.65,38.57,60,10.14,112.44,6,96.19,Seal Wear,1.66,40.49
6935,5.63,39.21,50,9.67,112.9,6,96.13,Seal Wear,1.99,40.38
6936,5.62,39.64,40,9.91,112.24,6,96.01,Seal Wear,1.75,40.77
6937,5.66,39.81,30,10.11,113.85,6,95.89,Seal Wear,0.83,40.52
6938,5.55,39.63,20,10.08,117.14,6,95.8,Seal Wear,1.37,40.13
6939,5.63,39.83,10,10.14,114.68,6,95.67,Seal Wear,0.82,39.54
6940,5.71,39.46,0,10.18,113.69,7,95.59,Seal Wear,1.83,40.16
6941,5.73,39.7,10,10.05,115.35,7,95.5,Seal Wear,1.86,40.73
6942,5.71,39.5,20,9.73,113.09,7,95.37,Seal Wear,1.66,40.09
6943,5.68,39.49,30,10.18,112.14,7,95.25,Seal Wear,1.2,39.54
6944,5.69,39.76,40,9.81,114.61,7,95.14,Seal Wear,0.93,40.24
6945,5.57,40.07,50,10.12,112.43,7,95.07,Seal Wear,1.0,40.42
6946,5.62,40.37,60,10.44,116.01,7,94.95,Seal Wear,1.91,40.88
6947,5.57,40.44,70,9.69,112.83,7,94.87,Seal Wear,0.96,40.92
6948,5.73,40.1,80,9.98,113.52,7,94.8,Seal Wear,1.26,41.27
6949,5.83,39.81,90,10.15,116.68,7,94.69,Seal Wear,1.74,41.78
6950,5.58,39.41,100,10.08,112.52,7,94.6,Seal Wear,1.34,41.47
6951,5.69,39.45,90,10.2,112.54,7,94.53,Seal Wear,1.59,41.6
6952,5.74,39.42,80,10.43,116.78,7,94.44,Seal Wear,1.38,41.88
6953,5.69,39.26,70,10.48,111.16,7,94.35,Seal Wear,0.94,42.35
6954,5.68,39.51,60,10.01,116.64,7,94.26,Seal Wear,0.94,41.69
6955,5.71,39.22,50,10.03,115.45,7,94.15,Seal Wear,1.78,40.98
6956,5.62,39.26,40,10.12,113.22,7,94.07,Seal Wear,1.47,41.21
6957,5.76,39.46,30,10.07,115.77,7,93.96,Seal Wear,0.99,40.82
6958,5.64,40.05,20,10.43,112.57,7,93.9,Seal Wear,1.32,41.43
6959,5.77,40.15,10,10.53,114.07,7,93.8,Seal Wear,1.78,41.68
6960,5.58,39.82,0,10.16,116.17,8,93.74,Seal Wear,1.59,41.29
6961,5.54,39.71,10,9.87,110.69,8,93.63,Seal Wear,0.97,41.03
6962,5.7,39.46,20,10.29,110.59,8,93.56,Seal Wear,1.39,41.43
6963,5.67,39.56,30,10.29,110.77,8,93.47,Seal Wear,0.95,41.5
6964,5.6,39.62,40,10.39,110.82,8,93.37,Seal Wear,1.97,41.14
6965,5.64,39.99,50,10.22,113.22,8,93.27,Seal Wear,1.64,40.9
6966,5.66,40.22,60,10.22,115.9,8,93.18,Seal Wear,1.22,40.2
6967,5.54,40.29,70,10.48,110.58,8,93.11,Seal Wear,1.87,40.27
6968,5.56,40.17,80,9.97,113.39,8,93.0,Seal Wear,0.92,40.19
6969,5.67,39.9,90,9.88,116.31,8,92.94,Seal Wear,1.04,40.49
6970,5.66,39.61,100,9.95,114.36,8,92.83,Seal Wear,1.26,41.06
6971,5.62,39.4,90,10.27,113.26,8,92.74,Seal Wear,1.36,41.62
6972,5.54,39.78,80,9.8,116.06,8,92.67,Seal Wear,1.1,41.84
6973,5.55,40.0,70,9.99,111.59,8,92.55,Seal Wear,1.52,42.11
6974,5.56,40.06,60,10.36,113.25,8,92.43,Seal Wear,1.57,41.32
6975,5.47,39.74,50,10.16,111.72,8,92.35,Seal Wear,1.2,40.86
6976,5.66,39.59,40,9.82,113.24,8,92.24,Seal Wear,1.78,40.45
6977,5.57,39.91,30,10.37,115.06,8,92.17,Seal Wear,1.41,39.85
6978,5.64,39.7,20,9.8,111.92,8,92.09,Seal Wear,1.29,39.44
6979,5.66,39.59,10,9.74,112.99,8,92.03,Seal Wear,1.51,39.97
6980,5.7,39.35,0,10.22,113.04,9,91.96,Seal Wear,1.52,39.68
6981,5.56,39.42,10,10.31,117.41,9,91.88,Seal Wear,1.98,39.62
6982,5.72,39.42,20,10.33,115.11,9,91.76,Seal Wear,1.18,39.76
6983,5.52,39.02,30,9.75,111.18,9,91.65,Seal Wear,1.99,39.51
6984,5.63,38.53,40,10.34,116.42,9,91.55,Seal Wear,1.39,40.25
6985,5.6,38.56,50,10.27,116.31,9,91.47,Seal Wear,1.28,39.59
6986,5.53,38.79,60,9.77,114.61,9,91.4,Seal Wear,1.29,40.28
6987,5.6,38.78,70,10.03,117.21,9,91.28,Seal Wear,1.83,40.54
6988,5.62,39.22,80,10.35,112.27,9,91.2,Seal Wear,1.33,40.64
6989,5.59,39.12,90,10.42,114.53,9,91.1,Seal Wear,1.17,41.15
6990,5.61,39.52,100,9.96,112.5,9,91.01,Seal Wear,0.97,40.97
6991,5.74,39.4,90,9.98,115.1,9,90.93,Seal Wear,1.67,41.13
6992,5.52,38.96,80,9.79,115.62,9,90.82,Seal Wear,1.74,40.44
6993,5.7,39.13,70,10.4,112.13,9,90.71,Seal Wear,1.81,41.02
6994,5.46,38.94,60,10.17,113.17,9,90.61,Seal Wear,1.72,40.34
6995,5.59,39.12,50,10.39,111.4,9,90.51,Seal Wear,0.96,40.5
6996,5.46,38.98,40,10.0,114.38,9,90.42,Seal Wear,2.06,40.4
6997,5.66,39.19,30,9.9,116.34,9,90.34,Seal Wear,1.13,41.05
6998,5.69,39.11,20,9.76,114.03,9,90.25,Seal Wear,0.93,41.5
6999,5.65,39.12,10,9.88,116.46,9,90.15,Seal Wear,1.01,41.21
7000,5.47,38.71,0,10.48,115.47,10,90.04,Seal Wear,1.39,41.36
7001,5.58,38.6,10,10.52,117.13,10,89.92,Seal Wear,1.08,41.63
7002,5.6,38.72,20,10.11,114.36,10,89.8,Seal Wear,1.48,42.17
7003,5.7,38.76,30,10.14,113.35,10,89.72,Seal Wear,1.23,42.04
7004,5.62,38.57,40,10.4,115.12,10,89.65,Seal Wear,1.24,42.39
7005,5.59,38.53,50,9.83,110.55,10,89.56,Seal Wear,1.33,41.71
7006,5.69,38.45,60,10.42,114.8,10,89.48,Seal Wear,1.3,41.21
7007,5.72,38.46,70,10.15,115.06,10,89.39,Seal Wear,1.79,40.74
7008,5.51,38.84,80,10.34,112.53,10,89.3,Seal Wear,1.09,40.23
7009,5.66,38.97,90,10.55,113.68,10,89.23,Seal Wear,1.33,40.57
7010,5.59,39.21,100,9.89,113.18,10,89.16,Seal Wear,1.42,40.72
7011,5.74,39.14,90,9.93,118.09,10,89.06,Seal Wear,1.62,40.92
7012,5.68,39.25,80,10.15,110.76,10,89.01,Seal Wear,1.56,41.07
7013,5.64,39.31,70,10.23,111.21,10,88.93,Seal Wear,2.06,41.59
7014,5.56,39.19,60,10.48,111.97,10,88.84,Seal Wear,1.0,41.83
7015,5.59,39.41,50,10.44,113.81,10,88.74,Seal Wear,1.43,42.13
7016,5.66,39.72,40,10.14,117.71,10,88.68,Seal Wear,1.27,41.98
7017,5.52,40.01,30,10.13,115.29,10,88.57,Seal Wear,1.45,42.2
7018,5.57,40.21,20,10.11,116.63,10,88.5,Seal Wear,1.27,42.52
7019,5.59,39.73,10,9.95,112.27,10,88.45,Seal Wear,1.86,42.38
7020,5.65,39.47,0,10.05,110.35,11,88.37,Seal Wear,1.45,42.28
7021,5.63,39.29,10,10.27,112.5,11,88.3,Seal Wear,1.26,42.07
7022,5.76,39.76,20,9.97,116.77,11,88.2,Seal Wear,1.05,42.19
7023,5.65,39.84,30,10.16,112.4,11,88.1,Seal Wear,1.97,42.76
7024,5.53,39.69,40,10.38,110.73,11,88.03,Seal Wear,1.86,42.92
7025,5.84,39.69,50,9.75,111.48,11,87.96,Seal Wear,1.61,42.98
7026,5.7,39.8,60,9.95,112.09,11,87.89,Seal Wear,1.46,42.45
7027,5.74,39.79,70,9.93,110.54,11,87.83,Seal Wear,1.13,41.81
7028,5.56,39.8,80,9.78,118.04,11,87.72,Seal Wear,1.28,41.34
7029,5.58,39.63,90,9.99,113.59,11,87.66,Seal Wear,1.34,41.38
7030,5.64,39.21,100,10.35,113.7,11,87.54,Seal Wear,1.51,41.37
7031,5.66,39.33,90,9.81,114.86,11,87.45,Seal Wear,1.53,41.11
7032,5.63,39.1,80,10.12,115.05,11,87.38,Seal Wear,0.91,40.42
7033,5.73,38.69,70,10.16,113.16,11,87.32,Seal Wear,1.49,40.33
7034,5.56,38.91,60,9.85,115.53,11,87.25,Seal Wear,1.37,40.11
7035,5.54,38.61,50,10.52,114.47,11,87.19,Seal Wear,1.12,39.79
7036,5.66,38.7,40,10.38,111.81,11,87.08,Seal Wear,1.88,40.23
7037,5.68,39.02,30,10.1,116.51,11,86.97,Seal Wear,0.98,40.13
7038,5.54,39.16,20,9.93,114.76,11,86.85,Seal Wear,1.63,39.48
7039,5.77,39.25,10,10.12,113.2,11,86.76,Seal Wear,1.01,40.2
7040,5.64,39.25,0,10.48,110.67,12,86.65,Seal Wear,1.22,40.88
7041,5.8,39.24,10,10.05,114.78,12,86.55,Seal Wear,1.15,40.18
7042,5.58,38.66,20,10.16,114.7,12,86.43,Seal Wear,1.68,40.91
7043,5.58,38.96,30,10.28,117.08,12,86.33,Seal Wear,0.94,41.02
7044,5.8,38.87,40,10.45,114.57,12,86.26,Seal Wear,1.3,41.1
7045,5.58,38.63,50,10.23,117.53,12,86.14,Seal Wear,2.0,41.14
7046,5.69,38.65,60,10.03,113.24,12,86.06,Seal Wear,1.37,41.47
7047,5.53,38.75,70,10.43,114.83,12,85.94,Seal Wear,1.08,42.01
7048,5.74,39.2,80,10.26,115.76,12,85.84,Seal Wear,1.21,41.52
7049,5.63,39.29,90,10.21,111.24,12,85.77,Seal Wear,1.25,41.54
7050,5.46,39.06,100,10.08,114.14,12,85.71,Seal Wear,1.23,41.22
7051,5.6,39.0,90,9.98,115.11,12,85.6,Seal Wear,1.02,41.47
7052,5.75,38.97,80,9.96,112.34,12,85.53,Seal Wear,1.25,41.15
7053,5.64,38.5,70,10.46,112.43,12,85.42,Seal Wear,1.16,41.73
7054,5.64,38.28,60,10.28,117.68,12,85.34,Seal Wear,1.29,42.1
7055,5.59,38.35,50,10.24,117.68,12,85.25,Seal Wear,2.02,41.6
7056,5.79,38.6,40,10.15,110.97,12,85.16,Seal Wear,1.28,42.16
7057,5.69,39.3,30,10.24,110.6,12,85.06,Seal Wear,1.78,41.45
7058,5.73,39.28,20,10.25,115.69,12,85.0,Seal Wear,1.4,41.3
7059,5.59,39.6,10,10.43,113.75,12,84.89,Seal Wear,1.35,41.92
7060,5.79,39.56,0,10.34,114.67,13,84.78,Seal Wear,2.04,41.42
7061,5.78,39.35,10,10.19,114.56,13,84.72,Seal Wear,1.15,41.85
7062,5.75,39.59,20,10.03,112.22,13,84.62,Seal Wear,1.1,42.06
7063,5.57,39.61,30,10.47,111.39,13,84.5,Seal Wear,1.9,41.92
7064,5.59,39.31,40,10.07,115.56,13,84.41,Seal Wear,1.91,41.22
7065,5.7,39.34,50,9.87,114.99,13,84.32,Seal Wear,0.82,41.52
7066,5.56,39.35,60,9.81,114.93,13,84.2,Seal Wear,1.82,41.56
7067,5.78,39.1,70,9.91,113.24,13,84.1,Seal Wear,1.69,41.36
7068,5.61,39.05,80,10.35,116.42,13,84.02,Seal Wear,1.24,41.72
7069,5.62,38.8,90,10.38,115.57,13,83.96,Seal Wear,1.73,41.48
7070,5.59,38.97,100,10.42,114.56,13,83.87,Seal Wear,0.89,41.37
7071,5.6,38.76,90,10.0,111.0,13,83.77,Seal Wear,0.83,41.36
7072,5.8,38.56,80,10.03,116.31,13,83.67,Seal Wear,0.94,41.28
7073,5.51,38.43,70,9.82,114.4,13,83.6,Seal Wear,1.23,41.76
7074,5.59,38.53,60,10.15,115.31,13,83.5,Seal Wear,1.08,41.13
7075,5.71,38.93,50,10.33,113.82,13,83.39,Seal Wear,1.1,40.93
7076,5.57,39.22,40,10.49,115.44,13,83.34,Seal Wear,1.24,40.31
7077,5.6,39.63,30,10.08,114.75,13,83.24,Seal Wear,1.99,39.71
7078,5.63,39.15,20,10.29,112.83,13,83.18,Seal Wear,1.9,39.21
7079,5.45,39.5,10,10.1,113.17,13,83.11,Seal Wear,2.03,39.09
7080,5.6,39.7,0,10.27,115.76,14,83.0,Seal Wear,1.58,38.52
7081,5.66,39.94,10,9.83,115.29,14,82.92,Seal Wear,1.78,38.61
7082,5.59,39.72,20,10.07,115.36,14,82.86,Seal Wear,2.01,38.7
7083,5.62,39.44,30,9.94,114.71,14,82.79,Seal Wear,1.08,39.17
7084,5.52,39.34,40,10.0,114.41,14,82.72,Seal Wear,1.31,39.72
7085,5.67,39.01,50,10.35,113.72,14,82.6,Seal Wear,1.06,39.58
7086,5.7,38.7,60,10.01,112.03,14,82.51,Seal Wear,1.54,39.39
7087,5.56,39.24,70,9.83,114.01,14,82.39,Seal Wear,1.95,40.07
7088,5.81,39.4,80,10.4,115.8,14,82.31,Seal Wear,1.99,40.77
7089,5.56,39.4,90,10.28,109.87,14,82.2,Seal Wear,1.78,40.75
7090,5.52,39.25,100,10.25,112.16,14,82.14,Seal Wear,1.83,40.12
7091,5.45,39.35,90,9.91,115.76,14,82.05,Seal Wear,1.25,40.07
7092,5.61,39.33,80,9.78,117.58,14,81.99,Seal Wear,1.82,40.31
7093,5.53,39.34,70,10.0,111.3,14,81.91,Seal Wear,0.93,39.85
7094,5.67,39.38,60,10.18,115.89,14,81.83,Seal Wear,1.07,39.25
7095,5.59,39.42,50,10.3,116.03,14,81.77,Seal Wear,1.91,39.53
7096,5.49,38.96,40,9.89,114.03,14,81.66,Seal Wear,1.42,39.78
7097,5.71,39.07,30,10.53,116.03,14,81.57,Seal Wear,0.84,39.17
7098,5.71,39.34,20,10.29,109.56,14,81.5,Seal Wear,1.38,39.65
7099,5.6,39.38,10,10.27,109.91,14,81.42,Seal Wear,1.37,40.38
7100,5.72,39.19,0,10.36,112.02,15,81.31,Seal Wear,1.31,40.61
7101,5.6,39.24,10,10.31,110.54,15,81.23,Seal Wear,0.94,40.69
7102,5.71,39.48,20,10.41,110.01,15,81.13,Seal Wear,1.07,40.55
7103,5.67,39.9,30,10.29,112.4,15,81.01,Seal Wear,0.76,40.91
7104,5.66,39.66,40,10.17,113.81,15,80.92,Seal Wear,0.97,40.63
7105,5.57,39.76,50,10.25,113.72,15,80.82,Seal Wear,1.54,40.45
7106,5.56,39.88,60,10.04,113.16,15,80.7,Seal Wear,1.55,39.83
7107,5.67,39.68,70,10.1,113.83,15,80.64,Seal Wear,1.12,39.59
7108,5.77,39.79,80,10.27,111.44,15,80.51,Seal Wear,1.28,39.11
7109,5.64,40.11,90,10.22,115.09,15,80.43,Seal Wear,1.5,39.37
7110,5.72,39.82,100,10.35,114.39,15,80.31,Seal Wear,1.58,39.22
7111,5.53,39.34,90,9.88,112.68,15,80.23,Seal Wear,1.68,39.5
7112,5.65,39.74,80,10.17,112.12,15,80.13,Seal Wear,1.51,39.85
7113,5.72,39.41,70,9.95,112.66,15,80.07,Seal Wear,1.45,40.52
7114,5.52,39.57,60,10.11,116.26,15,79.99,Seal Wear,2.03,40.93
7115,5.76,39.56,50,10.39,112.89,15,79.93,Seal Wear,1.64,41.6
7116,5.65,39.97,40,9.79,116.4,15,79.82,Seal Wear,1.58,41.2
7117,5.74,40.27,30,10.0,113.63,15,79.73,Seal Wear,1.3,40.84
7118,5.63,40.55,20,10.0,112.44,15,79.63,Seal Wear,1.97,40.92
7119,5.73,40.6,10,10.14,112.74,15,79.55,Seal Wear,1.2,41.29
7120,5.61,40.37,0,10.09,109.98,16,79.47,Seal Wear,1.17,41.16
7121,5.49,39.97,10,10.15,117.7,16,79.38,Seal Wear,0.95,40.8
7122,5.69,39.96,20,10.29,117.17,16,79.3,Seal Wear,1.83,40.3
7123,5.57,39.4,30,10.5,114.59,16,79.23,Seal Wear,1.04,40.09
7124,5.55,39.46,40,10.32,113.05,16,79.13,Seal Wear,1.1,40.12
7125,5.7,39.53,50,9.74,111.91,16,79.03,Seal Wear,1.19,40.06
7126,5.74,39.12,60,10.43,111.36,16,78.93,Seal Wear,1.82,40.42
7127,5.66,38.93,70,9.83,116.29,16,78.85,Seal Wear,1.86,39.97
7128,5.52,38.89,80,10.08,110.79,16,78.77,Seal Wear,1.12,39.59
7129,5.64,38.44,90,9.96,112.81,16,78.66,Seal Wear,2.08,39.79
7130,5.47,38.82,100,10.16,112.01,16,78.55,Seal Wear,0.84,39.8
7131,5.67,39.15,90,10.1,114.2,16,78.49,Seal Wear,1.68,39.9
7132,5.73,38.71,80,10.42,117.18,16,78.4,Seal Wear,1.08,40.05
7133,5.56,38.35,70,9.92,114.58,16,78.31,Seal Wear,1.35,40.3
7134,5.61,38.54,60,10.32,114.48,16,78.21,Seal Wear,1.91,40.18
7135,5.53,39.01,50,10.11,112.59,16,78.12,Seal Wear,1.33,39.79
7136,5.49,38.68,40,9.8,115.47,16,78.03,Seal Wear,1.51,39.99
7137,5.52,39.02,30,10.2,114.81,16,77.97,Seal Wear,1.76,39.65
7138,5.52,38.51,20,10.1,110.99,16,77.91,Seal Wear,1.6,40.19
7139,5.55,38.72,10,9.74,115.49,16,77.81,Seal Wear,1.27,40.77
7140,5.7,38.67,0,10.05,112.03,17,77.76,Seal Wear,1.78,41.18
7141,5.78,38.61,10,10.1,115.23,17,77.7,Seal Wear,1.5,40.98
7142,5.52,38.87,20,10.01,111.29,17,77.61,Seal Wear,1.01,40.94
7143,5.66,38.36,30,10.22,112.52,17,77.54,Seal Wear,0.97,40.33
7144,5.52,38.36,40,10.0,109.89,17,77.43,Seal Wear,1.46,40.65
7145,5.53,38.69,50,10.32,117.52,17,77.31,Seal Wear,0.93,40.02
7146,5.68,39.09,60,10.18,115.91,17,77.25,Seal Wear,1.57,39.73
7147,5.57,39.2,70,10.31,115.28,17,77.16,Seal Wear,1.63,40.36
7148,5.63,38.86,80,10.5,118.75,17,77.09,Seal Wear,2.02,39.74
7149,5.58,39.14,90,9.89,111.38,17,77.03,Seal Wear,1.39,39.91
7150,5.64,39.01,100,10.25,113.39,17,76.96,Seal Wear,1.91,40.53
7151,5.54,38.76,90,9.95,114.26,17,76.84,Seal Wear,2.07,40.02
7152,5.49,39.14,80,9.77,112.37,17,76.75,Seal Wear,1.08,39.77
7153,5.74,39.31,70,10.01,112.06,17,76.62,Seal Wear,1.82,39.4
7154,5.77,39.32,60,10.31,114.98,17,76.54,Seal Wear,1.46,39.52
7155,5.54,38.73,50,9.88,116.46,17,76.46,Seal Wear,1.81,40.24
7156,5.66,38.34,40,9.72,114.46,17,76.4,Seal Wear,1.71,40.16
7157,5.6,38.67,30,10.4,115.2,17,76.33,Seal Wear,1.76,40.71
7158,5.77,38.46,20,10.25,111.72,17,76.26,Seal Wear,1.87,41.15
7159,5.68,38.72,10,10.3,115.0,17,76.19,Seal Wear,1.77,40.64
7160,5.63,38.56,0,10.23,112.87,18,76.07,Seal Wear,0.98,40.99
7161,5.61,38.95,10,10.39,112.95,18,76.0,Seal Wear,1.43,41.01
7162,5.57,39.22,20,9.86,113.47,18,75.92,Seal Wear,1.9,41.5
7163,5.82,38.93,30,9.94,114.13,18,75.81,Seal Wear,1.2,42.01
7164,5.7,39.01,40,9.87,114.19,18,75.74,Seal Wear,1.05,42.55
7165,5.61,39.25,50,9.99,114.82,18,75.67,Seal Wear,1.0,42.95
7166,5.57,39.0,60,9.95,113.3,18,75.57,Seal Wear,1.88,42.11
7167,5.55,39.11,70,10.05,115.53,18,75.49,Seal Wear,1.1,41.29
7168,5.64,39.52,80,9.81,115.66,18,75.36,Seal Wear,1.9,40.78
7169,5.62,39.54,90,10.06,116.49,18,75.26,Seal Wear,1.79,40.75
7170,5.58,39.39,100,10.46,115.0,18,75.17,Seal Wear,0.89,40.81
7171,5.58,39.68,90,9.94,112.81,18,75.08,Seal Wear,2.02,41.19
7172,5.58,39.52,80,10.29,109.67,18,75.0,Seal Wear,1.48,41.54
7173,5.62,39.18,70,10.09,110.84,18,74.89,Seal Wear,1.75,41.93
7174,5.7,39.58,60,10.14,115.47,18,74.81,Seal Wear,1.51,42.35
7175,5.75,39.12,50,9.94,114.32,18,74.69,Seal Wear,0.97,42.14
7176,5.48,38.79,40,9.96,117.09,18,74.61,Seal Wear,0.91,41.56
7177,5.68,38.88,30,10.51,115.79,18,74.5,Seal Wear,1.87,41.2
7178,5.74,39.06,20,9.91,111.07,18,74.41,Seal Wear,1.88,41.65
7179,5.72,38.82,10,10.08,113.9,18,74.32,Seal Wear,1.84,41.7
7180,5.68,38.67,0,10.26,112.83,19,74.2,Seal Wear,1.95,42.22
7181,5.67,38.46,10,10.14,110.21,19,74.14,Seal Wear,1.78,42.51
7182,5.68,38.67,20,10.04,116.67,19,74.08,Seal Wear,1.29,42.76
7183,5.68,38.65,30,10.07,114.83,19,73.96,Seal Wear,0.86,43.28
7184,5.69,38.92,40,9.97,115.02,19,73.88,Seal Wear,0.95,42.54
7185,5.71,38.8,50,10.2,114.45,19,73.82,Seal Wear,1.1,42.48
7186,5.74,39.35,60,10.35,112.34,19,73.71,Seal Wear,1.78,42.02
7187,5.64,39.51,70,10.32,114.35,19,73.65,Seal Wear,1.14,41.75
7188,5.57,39.71,80,9.82,112.47,19,73.52,Seal Wear,1.69,41.69
7189,5.54,39.84,90,10.28,115.7,19,73.41,Seal Wear,1.88,41.33
7190,5.7,39.69,100,10.34,115.44,19,73.32,Seal Wear,1.31,40.97
7191,5.65,39.52,90,10.22,114.09,19,73.21,Seal Wear,2.02,40.93
7192,5.77,39.94,80,10.46,114.46,19,73.08,Seal Wear,1.83,40.99
7193,5.61,39.85,70,10.2,115.39,19,73.01,Seal Wear,1.55,41.46
7194,5.62,39.47,60,9.95,113.19,19,72.93,Seal Wear,1.14,40.7
7195,5.54,39.43,50,10.28,112.25,19,72.86,Seal Wear,1.05,40.45
7196,5.58,39.17,40,10.46,115.13,19,72.77,Seal Wear,0.96,40.84
7197,5.7,39.22,30,10.24,112.32,19,72.71,Seal Wear,1.49,40.61
7198,5.7,38.98,20,9.82,115.47,19,72.61,Seal Wear,1.91,41.13
7199,5.71,39.39,10,9.96,113.57,19,72.54,Seal Wear,1.54,40.64
7200,5.71,39.37,0,9.9,110.97,20,72.44,Seal Wear,1.98,40.05
7201,5.17,30.12,10,10.17,122.82,0,100.0,Healthy,0.29,14.44
7202,5.11,30.45,20,10.05,125.69,0,100.0,Healthy,0.39,14.75
7203,5.1,30.57,30,10.0,126.57,0,100.0,Healthy,0.33,14.91
7204,5.28,30.68,40,9.86,126.34,0,99.99,Healthy,0.48,14.86
7205,5.17,30.85,50,10.12,126.22,0,99.99,Healthy,0.48,15.44
7206,5.32,30.88,60,9.77,126.4,0,99.99,Healthy,0.45,15.74
7207,5.16,31.11,70,10.06,125.16,0,99.99,Healthy,0.41,15.41
7208,5.12,31.09,80,10.04,126.64,0,99.98,Healthy,0.29,15.2
7209,5.15,31.09,90,9.9,123.17,0,99.98,Healthy,0.41,14.56
7210,5.19,31.15,100,10.16,125.17,0,99.98,Healthy,0.42,13.96
7211,5.14,31.19,90,10.27,124.82,0,99.97,Healthy,0.32,13.26
7212,5.15,31.1,80,9.96,126.86,0,99.97,Healthy,0.46,13.68
7213,5.2,31.07,70,10.33,124.47,0,99.97,Healthy,0.3,13.89
7214,5.08,31.13,60,10.08,124.37,0,99.97,Healthy,0.44,13.77
7215,5.23,31.12,50,9.78,127.26,0,99.97,Healthy,0.36,14.33
7216,5.2,31.24,40,9.97,123.53,0,99.96,Healthy,0.39,14.5
7217,5.08,31.35,30,10.29,123.5,0,99.96,Healthy,0.34,14.33
7218,5.22,31.41,20,10.0,124.5,0,99.95,Healthy,0.25,14.61
7219,5.1,31.41,10,10.28,127.2,0,99.95,Healthy,0.29,15.11
7220,5.1,31.4,0,9.96,125.76,1,99.95,Healthy,0.47,15.67
7221,5.18,31.26,10,10.3,123.16,1,99.95,Healthy,0.43,14.85
7222,5.28,31.25,20,10.22,126.22,1,99.94,Healthy,0.39,14.34
7223,5.09,31.27,30,10.19,125.56,1,99.94,Healthy,0.34,14.59
7224,5.24,31.19,40,9.79,124.09,1,99.94,Healthy,0.45,13.84
7225,5.1,31.16,50,10.04,126.84,1,99.94,Healthy,0.31,13.14
7226,5.21,31.11,60,10.18,125.67,1,99.93,Healthy,0.36,13.69
7227,5.19,31.17,70,9.88,124.56,1,99.93,Healthy,0.43,14.37
7228,5.22,31.2,80,9.93,124.08,1,99.93,Healthy,0.31,13.87
7229,5.05,31.28,90,9.84,123.73,1,99.93,Healthy,0.47,13.26
7230,5.2,31.26,100,9.82,125.27,1,99.93,Healthy,0.31,13.66
7231,5.09,31.23,90,9.66,126.6,1,99.93,Healthy,0.42,13.15
7232,5.21,31.29,80,9.86,126.01,1,99.92,Healthy,0.42,12.82
7233,5.05,31.38,70,10.29,125.05,1,99.92,Healthy,0.33,13.41
7234,5.28,31.28,60,9.74,127.38,1,99.92,Healthy,0.26,13.08
7235,5.22,31.39,50,9.78,124.53,1,99.92,Healthy,0.46,13.62
7236,5.17,31.52,40,10.15,125.66,1,99.91,Healthy,0.33,12.93
7237,5.14,31.53,30,10.03,123.12,1,99.91,Healthy,0.35,13.16
7238,5.17,31.6,20,9.87,123.57,1,99.91,Healthy,0.38,13.12
7239,5.22,31.41,10,9.72,124.34,1,99.91,Healthy,0.35,13.0
7240,5.12,31.42,0,10.04,127.1,2,99.91,Healthy,0.27,13.51
7241,5.22,31.47,10,9.99,123.55,2,99.91,Healthy,0.39,13.72
7242,5.27,31.58,20,10.12,124.92,2,99.91,Healthy,0.36,13.51
7243,5.24,31.59,30,10.1,123.7,2,99.9,Valve Sticking,0.36,13.71
7244,5.18,31.64,40,10.24,125.32,2,99.9,Valve Sticking,0.41,13.76
7245,5.2,31.56,50,10.31,125.69,2,99.9,Valve Sticking,0.52,13.98
7246,5.09,31.71,60,9.79,126.39,2,99.89,Valve Sticking,0.39,14.07
7247,5.18,31.77,70,9.72,126.65,2,99.88,Valve Sticking,0.37,13.43
7248,5.21,31.78,80,9.81,125.32,2,99.87,Valve Sticking,0.57,13.81
7249,5.12,31.73,90,9.87,123.71,2,99.86,Valve Sticking,0.41,14.03
7250,5.16,31.68,100,10.32,124.73,2,99.85,Valve Sticking,0.53,13.43
7251,5.03,31.62,90,9.76,124.01,2,99.84,Valve Sticking,0.61,13.48
7252,5.13,31.72,80,9.8,122.77,2,99.83,Valve Sticking,0.42,13.64
7253,5.19,31.69,70,10.22,122.03,2,99.82,Valve Sticking,0.43,13.96
7254,5.14,31.77,60,9.95,123.16,2,99.8,Valve Sticking,0.42,14.39
7255,5.17,31.92,50,9.75,123.74,2,99.79,Valve Sticking,0.61,13.93
7256,5.1,31.96,40,10.15,124.7,2,99.77,Valve Sticking,0.43,14.31
7257,5.02,32.04,30,9.74,122.0,2,99.74,Valve Sticking,0.7,14.38
7258,5.33,32.11,20,9.65,126.55,2,99.72,Valve Sticking,0.59,15.0
7259,5.1,32.18,10,9.74,122.39,2,99.69,Valve Sticking,0.58,15.3
7260,5.26,32.25,0,9.83,120.14,3,99.67,Valve Sticking,0.64,15.83
7261,5.33,32.26,10,10.28,125.19,3,99.65,Valve Sticking,0.71,15.61
7262,5.06,32.35,20,10.07,122.46,3,99.62,Valve Sticking,0.53,14.88
7263,5.1,32.42,30,10.15,123.77,3,99.58,Valve Sticking,0.76,14.89
7264,5.19,32.65,40,10.11,123.74,3,99.55,Valve Sticking,0.88,14.78
7265,5.18,32.68,50,10.11,123.04,3,99.51,Valve Sticking,0.56,14.01
7266,5.05,32.64,60,9.88,121.02,3,99.48,Valve Sticking,0.63,14.52
7267,5.17,32.63,70,9.77,123.04,3,99.44,Valve Sticking,0.86,13.9
7268,4.98,32.54,80,10.08,121.89,3,99.4,Valve Sticking,0.68,13.79
7269,5.2,32.55,90,10.35,125.63,3,99.36,Valve Sticking,1.12,14.29
7270,5.35,32.59,100,10.13,122.02,3,99.32,Valve Sticking,1.12,14.55
7271,4.93,32.75,90,10.07,121.53,3,99.28,Valve Sticking,1.1,14.69
7272,5.14,32.64,80,10.2,124.42,3,99.24,Valve Sticking,0.54,14.13
7273,5.17,32.78,70,9.88,120.87,3,99.18,Valve Sticking,1.14,13.71
7274,5.14,32.63,60,9.91,120.5,3,99.14,Valve Sticking,0.98,13.52
7275,5.28,32.76,50,10.05,120.25,3,99.09,Valve Sticking,0.94,14.16
7276,5.17,33.0,40,9.83,122.67,3,99.05,Valve Sticking,0.73,14.27
7277,5.12,32.92,30,10.08,122.78,3,98.99,Valve Sticking,1.16,13.57
7278,4.99,32.87,20,9.8,117.81,3,98.93,Valve Sticking,0.72,13.77
7279,4.91,33.09,10,9.97,124.77,3,98.88,Valve Sticking,1.3,13.05
7280,5.13,33.3,0,10.22,118.9,4,98.82,Valve Sticking,0.98,12.62
7281,5.05,33.01,10,9.86,122.24,4,98.76,Valve Sticking,1.26,13.23
7282,4.97,33.15,20,9.98,119.0,4,98.68,Valve Sticking,0.86,13.31
7283,5.17,32.97,30,9.62,120.98,4,98.6,Valve Sticking,0.86,13.36
7284,4.95,33.0,40,10.13,119.83,4,98.53,Valve Sticking,0.74,13.98
7285,5.28,33.09,50,9.62,123.78,4,98.49,Valve Sticking,1.15,13.7
7286,5.11,33.3,60,10.11,119.39,4,98.41,Valve Sticking,0.95,13.5
7287,5.04,33.47,70,9.98,123.86,4,98.35,Valve Sticking,1.62,13.89
7288,5.13,33.73,80,9.53,117.17,4,98.28,Valve Sticking,1.47,13.51
7289,4.99,33.93,90,10.02,120.87,4,98.2,Valve Sticking,1.62,14.13
7290,5.11,33.89,100,9.67,116.6,4,98.15,Valve Sticking,1.5,13.55
7291,5.24,33.88,90,9.87,119.86,4,98.1,Valve Sticking,1.3,13.55
7292,4.93,33.86,80,9.6,122.5,4,98.0,Valve Sticking,1.12,13.23
7293,4.97,33.83,70,9.4,118.5,4,97.93,Valve Sticking,1.66,12.6
7294,5.01,33.84,60,9.93,119.25,4,97.87,Valve Sticking,1.69,13.37
7295,5.03,33.95,50,10.28,121.75,4,97.77,Valve Sticking,1.78,12.85
7296,5.17,34.12,40,10.03,120.65,4,97.7,Valve Sticking,1.21,13.2
7297,5.0,34.17,30,9.82,119.33,4,97.59,Valve Sticking,1.16,13.13
7298,4.77,34.38,20,10.0,120.5,4,97.51,Valve Sticking,1.14,13.46
7299,4.99,34.38,10,9.87,119.57,4,97.43,Valve Sticking,1.66,14.09
7300,4.93,34.06,0,10.24,122.75,5,97.35,Valve Sticking,1.18,13.35
7301,4.93,34.0,10,10.14,121.72,5,97.29,Valve Sticking,0.98,13.74
7302,4.97,34.08,20,9.96,119.21,5,97.23,Valve Sticking,0.85,13.27
7303,4.97,34.23,30,9.92,117.0,5,97.12,Valve Sticking,0.82,13.37
7304,5.21,34.55,40,9.69,116.14,5,97.04,Valve Sticking,2.09,13.42
7305,4.76,34.7,50,10.19,119.93,5,96.97,Valve Sticking,2.0,13.05
7306,5.17,34.73,60,9.84,118.81,5,96.87,Valve Sticking,1.75,13.28
7307,4.8,34.75,70,10.26,119.39,5,96.77,Valve Sticking,1.7,12.66
7308,4.94,34.71,80,9.73,120.98,5,96.69,Valve Sticking,1.88,12.62
7309,4.75,34.56,90,9.67,119.37,5,96.61,Valve Sticking,1.38,12.17
7310,4.9,34.65,100,9.81,114.8,5,96.54,Valve Sticking,1.65,12.88
7311,5.0,35.07,90,10.02,123.14,5,96.44,Valve Sticking,0.95,13.24
7312,4.96,35.05,80,10.12,116.53,5,96.31,Valve Sticking,1.49,12.78
7313,5.3,35.13,70,9.94,118.34,5,96.2,Valve Sticking,1.03,13.18
7314,5.2,34.9,60,10.38,115.71,5,96.09,Valve Sticking,1.81,13.88
7315,5.11,34.97,50,9.68,115.64,5,95.98,Valve Sticking,1.39,13.26
7316,4.84,35.11,40,10.29,117.78,5,95.9,Valve Sticking,0.93,13.53
7317,5.04,35.21,30,10.23,116.23,5,95.78,Valve Sticking,1.39,13.75
7318,5.24,35.57,20,9.36,110.13,5,95.64,Valve Sticking,1.67,13.68
7319,5.0,35.83,10,9.92,115.13,5,95.51,Valve Sticking,1.77,14.16
7320,4.78,35.59,0,9.96,113.39,6,95.41,Valve Sticking,1.75,13.89
7321,5.24,35.64,10,9.76,115.19,6,95.29,Valve Sticking,1.23,13.96
7322,5.21,35.74,20,9.43,121.59,6,95.15,Valve Sticking,1.47,13.89
7323,4.72,35.81,30,9.91,121.27,6,95.01,Valve Sticking,1.22,13.88
7324,5.11,35.7,40,9.29,117.7,6,94.9,Valve Sticking,1.04,13.66
7325,4.95,35.63,50,9.96,120.15,6,94.81,Valve Sticking,1.59,14.05
7326,4.85,35.79,60,9.53,117.34,6,94.72,Valve Sticking,0.95,14.52
7327,5.06,35.94,70,9.92,117.61,6,94.61,Valve Sticking,1.66,15.01
7328,5.27,35.81,80,10.2,119.09,6,94.48,Valve Sticking,1.91,14.47
7329,4.97,35.42,90,9.64,116.01,6,94.4,Valve Sticking,1.33,14.06
7330,5.2,35.53,100,10.03,121.82,6,94.28,Valve Sticking,2.07,14.45
7331,4.8,35.41,90,9.95,120.3,6,94.15,Valve Sticking,1.11,14.26
7332,5.03,35.47,80,10.03,121.82,6,94.02,Valve Sticking,1.48,14.1
7333,4.97,35.55,70,9.83,121.39,6,93.92,Valve Sticking,1.71,14.47
7334,4.82,35.78,60,10.07,121.5,6,93.85,Valve Sticking,2.06,14.59
7335,5.2,35.42,50,9.78,119.92,6,93.75,Valve Sticking,2.27,14.65
7336,4.87,35.53,40,9.8,122.3,6,93.62,Valve Sticking,1.24,15.15
7337,4.79,35.27,30,10.2,119.59,6,93.5,Valve Sticking,2.26,15.12
7338,5.21,35.08,20,9.8,115.87,6,93.42,Valve Sticking,2.09,14.49
7339,5.11,34.78,10,10.31,114.17,6,93.32,Valve Sticking,1.25,14.73
7340,4.93,35.16,0,9.71,113.95,7,93.25,Valve Sticking,1.02,15.08
7341,4.96,35.01,10,10.08,118.36,7,93.12,Valve Sticking,1.81,14.41
7342,4.81,35.01,20,9.73,117.14,7,92.98,Valve Sticking,1.65,13.68
7343,5.27,35.29,30,9.77,113.78,7,92.9,Valve Sticking,1.05,13.04
7344,5.07,35.5,40,9.76,120.81,7,92.8,Valve Sticking,2.33,13.59
7345,5.14,35.83,50,9.98,119.43,7,92.69,Valve Sticking,1.44,13.55
7346,5.06,35.46,60,9.75,123.08,7,92.55,Valve Sticking,2.03,13.24
7347,4.95,35.55,70,9.79,117.14,7,92.47,Valve Sticking,2.3,12.73
7348,5.12,35.94,80,10.11,112.82,7,92.39,Valve Sticking,1.26,13.26
7349,5.03,35.91,90,9.7,116.55,7,92.3,Valve Sticking,1.78,13.33
7350,5.03,35.78,100,9.55,113.11,7,92.16,Valve Sticking,1.36,13.27
7351,4.88,35.77,90,9.94,117.29,7,92.02,Valve Sticking,1.21,13.26
7352,4.81,35.34,80,9.78,120.21,7,91.94,Valve Sticking,1.68,13.36
7353,4.98,35.18,70,9.79,113.99,7,91.8,Valve Sticking,1.85,13.87
7354,5.09,34.98,60,9.79,116.13,7,91.67,Valve Sticking,1.89,14.52
7355,5.04,35.23,50,10.26,114.42,7,91.55,Valve Sticking,2.24,14.47
7356,5.07,35.37,40,9.44,113.34,7,91.4,Valve Sticking,1.08,14.56
7357,4.91,35.03,30,10.3,123.56,7,91.31,Valve Sticking,2.27,14.71
7358,5.08,34.89,20,9.47,122.51,7,91.2,Valve Sticking,1.99,14.35
7359,4.82,34.65,10,10.19,115.63,7,91.13,Valve Sticking,2.26,14.15
7360,4.8,34.79,0,9.72,114.46,8,90.99,Valve Sticking,1.18,13.97
7361,4.74,34.86,10,9.4,116.02,8,90.87,Valve Sticking,1.39,14.14
7362,4.99,35.04,20,9.65,120.98,8,90.74,Valve Sticking,1.76,13.42
7363,5.28,35.35,30,10.28,114.37,8,90.64,Valve Sticking,2.48,13.2
7364,4.81,34.98,40,9.96,118.93,8,90.52,Valve Sticking,0.98,13.04
7365,5.27,34.71,50,10.36,120.63,8,90.41,Valve Sticking,0.97,12.52
7366,4.84,34.41,60,9.67,120.08,8,90.26,Valve Sticking,1.87,13.24
7367,4.89,34.32,70,10.39,116.48,8,90.17,Valve Sticking,2.26,13.35
7368,5.05,34.49,80,10.37,114.43,8,90.09,Valve Sticking,1.06,13.56
7369,4.9,34.17,90,9.94,112.28,8,89.98,Valve Sticking,1.24,13.85
7370,4.84,34.3,100,9.64,122.82,8,89.85,Valve Sticking,2.4,13.72
7371,5.35,34.05,90,10.35,121.92,8,89.71,Valve Sticking,2.46,13.02
7372,5.08,34.34,80,9.54,117.2,8,89.62,Valve Sticking,2.16,12.9
7373,4.92,34.39,70,10.3,117.93,8,89.48,Valve Sticking,2.05,13.13
7374,5.12,34.74,60,9.27,117.81,8,89.37,Valve Sticking,2.22,12.51
7375,5.21,34.76,50,9.34,120.27,8,89.22,Valve Sticking,1.76,12.15
7376,5.08,34.69,40,9.63,117.78,8,89.08,Valve Sticking,1.52,12.32
7377,5.05,34.83,30,9.49,120.56,8,88.94,Valve Sticking,2.12,12.69
7378,5.22,35.3,20,10.01,122.69,8,88.81,Valve Sticking,1.05,13.38
7379,4.77,35.24,10,9.96,114.1,8,88.66,Valve Sticking,1.05,13.94
7380,5.15,35.14,0,9.92,116.23,9,88.54,Valve Sticking,2.45,13.85
7381,5.21,35.14,10,9.9,123.3,9,88.4,Valve Sticking,1.52,14.47
7382,5.02,35.45,20,9.88,117.48,9,88.27,Valve Sticking,1.87,14.41
7383,5.05,35.29,30,10.43,114.73,9,88.16,Valve Sticking,1.07,14.41
7384,5.26,35.16,40,9.67,120.92,9,88.04,Valve Sticking,1.57,14.13
7385,5.23,35.19,50,10.32,118.86,9,87.94,Valve Sticking,2.02,14.7
7386,5.14,35.01,60,9.73,114.67,9,87.86,Valve Sticking,1.36,14.97
7387,5.06,35.29,70,10.29,123.78,9,87.74,Valve Sticking,2.56,14.81
7388,5.33,35.34,80,10.42,110.38,9,87.64,Valve Sticking,1.89,15.23
7389,4.93,35.16,90,9.62,116.75,9,87.54,Valve Sticking,2.01,15.5
7390,4.95,35.1,100,10.07,119.15,9,87.41,Valve Sticking,0.91,15.3
7391,5.27,35.03,90,9.59,110.86,9,87.31,Valve Sticking,1.46,14.88
7392,5.04,35.19,80,9.71,120.52,9,87.19,Valve Sticking,1.55,14.27
7393,5.13,35.49,70,9.58,114.55,9,87.08,Valve Sticking,0.91,14.09
7394,4.9,35.53,60,9.84,121.95,9,86.99,Valve Sticking,0.9,13.42
7395,4.8,35.87,50,9.86,122.86,9,86.9,Valve Sticking,1.39,13.2
7396,5.21,35.76,40,9.63,109.1,9,86.77,Valve Sticking,1.79,13.3
7397,5.01,35.88,30,10.27,114.03,9,86.7,Valve Sticking,2.47,13.87
7398,5.19,35.99,20,9.67,119.56,9,86.56,Valve Sticking,1.28,14.38
7399,4.9,35.9,10,9.58,123.21,9,86.46,Valve Sticking,0.84,14.58
7400,5.01,35.77,0,9.94,114.18,10,86.34,Valve Sticking,1.52,13.98
7401,5.03,35.77,10,9.42,116.49,10,86.24,Valve Sticking,1.71,13.86
7402,5.32,35.4,20,10.04,118.37,10,86.09,Valve Sticking,2.45,14.41
7403,5.15,35.42,30,9.41,121.03,10,86.02,Valve Sticking,2.14,14.68
7404,5.2,35.3,40,10.26,114.83,10,85.88,Valve Sticking,1.71,14.84
7405,5.31,35.65,50,9.85,114.07,10,85.74,Valve Sticking,1.64,14.94
7406,5.02,35.69,60,10.09,120.17,10,85.66,Valve Sticking,1.44,15.28
7407,5.02,35.86,70,9.77,113.81,10,85.55,Valve Sticking,1.14,15.84
7408,4.87,35.82,80,10.25,109.65,10,85.41,Valve Sticking,1.15,15.27
7409,5.09,35.57,90,10.22,118.75,10,85.32,Valve Sticking,1.07,14.83
7410,4.92,35.36,100,9.78,119.75,10,85.24,Valve Sticking,2.14,15.28
7411,4.82,35.22,90,9.88,119.31,10,85.13,Valve Sticking,2.36,14.97
7412,4.97,35.39,80,9.42,114.01,10,85.0,Valve Sticking,1.14,15.11
7413,5.01,35.6,70,10.31,116.87,10,84.92,Valve Sticking,1.59,14.43
7414,5.14,35.5,60,10.23,117.81,10,84.82,Valve Sticking,2.08,13.72
7415,4.94,35.21,50,9.99,124.49,10,84.67,Valve Sticking,1.51,13.24
7416,4.88,35.29,40,10.12,118.89,10,84.59,Valve Sticking,1.95,12.65
7417,5.1,34.81,30,9.89,118.5,10,84.49,Valve Sticking,2.07,12.95
7418,5.41,34.91,20,10.45,118.84,10,84.38,Valve Sticking,2.25,13.3
7419,4.84,34.75,10,9.74,121.41,10,84.26,Valve Sticking,1.05,12.75
7420,5.01,35.05,0,9.82,118.04,11,84.14,Valve Sticking,1.25,13.0
7421,4.84,35.27,10,9.21,110.88,11,84.05,Valve Sticking,1.29,13.24
7422,5.26,35.54,20,9.92,118.11,11,83.92,Valve Sticking,1.03,13.23
7423,4.94,35.76,30,9.82,120.52,11,83.81,Valve Sticking,2.42,13.0
7424,4.94,35.61,40,9.86,116.07,11,83.73,Valve Sticking,1.81,13.19
7425,5.11,35.88,50,9.72,117.54,11,83.62,Valve Sticking,2.11,12.74
7426,5.25,35.83,60,9.79,110.39,11,83.51,Valve Sticking,1.21,12.2
7427,4.76,35.85,70,9.84,122.87,11,83.41,Valve Sticking,1.04,12.18
7428,5.0,35.72,80,9.84,115.57,11,83.31,Valve Sticking,2.1,11.94
7429,5.13,35.52,90,9.86,121.82,11,83.24,Valve Sticking,1.44,11.73
7430,5.16,35.34,100,9.8,120.54,11,83.09,Valve Sticking,1.55,11.3
7431,5.14,35.22,90,10.55,118.26,11,83.01,Valve Sticking,2.14,11.86
7432,4.74,35.06,80,9.69,119.88,11,82.91,Valve Sticking,2.0,11.87
7433,4.89,34.9,70,9.58,118.29,11,82.81,Valve Sticking,1.64,11.33
7434,5.12,35.04,60,9.4,117.04,11,82.73,Valve Sticking,1.89,12.03
7435,5.24,35.02,50,9.68,118.01,11,82.65,Valve Sticking,1.18,11.54
7436,4.8,35.22,40,10.1,117.4,11,82.55,Valve Sticking,1.71,11.38
7437,5.05,34.99,30,9.92,116.2,11,82.41,Valve Sticking,1.82,12.17
7438,4.98,35.09,20,10.22,118.93,11,82.3,Valve Sticking,1.32,12.88
7439,4.91,35.26,10,10.2,121.17,11,82.19,Valve Sticking,1.94,13.08
7440,4.94,35.21,0,10.06,120.16,12,82.04,Valve Sticking,1.69,12.55
7441,4.98,35.2,10,9.96,119.87,12,81.97,Valve Sticking,1.75,13.33
7442,5.33,35.12,20,10.03,118.98,12,81.89,Valve Sticking,2.12,13.56
7443,4.88,35.2,30,10.21,117.74,12,81.78,Valve Sticking,1.82,13.79
7444,5.27,34.86,40,10.4,119.83,12,81.7,Valve Sticking,1.59,14.44
7445,5.0,34.69,50,9.58,123.43,12,81.56,Valve Sticking,1.48,13.92
7446,4.81,34.72,60,10.17,115.71,12,81.43,Valve Sticking,1.68,13.8
7447,5.33,34.7,70,10.32,115.6,12,81.35,Valve Sticking,1.83,14.33
7448,4.86,34.27,80,9.97,121.88,12,81.21,Valve Sticking,2.3,14.5
7449,5.03,34.28,90,9.43,115.01,12,81.07,Valve Sticking,1.17,15.07
7450,5.38,34.81,100,10.13,120.81,12,80.98,Valve Sticking,2.09,15.01
7451,4.94,35.03,90,9.55,118.05,12,80.89,Valve Sticking,2.12,14.79
7452,5.35,35.33,80,10.04,119.81,12,80.81,Valve Sticking,1.22,15.2
7453,5.24,35.51,70,10.14,118.82,12,80.69,Valve Sticking,1.5,14.76
7454,5.21,35.36,60,9.92,117.6,12,80.6,Valve Sticking,2.37,14.21
7455,4.86,35.19,50,10.12,113.19,12,80.45,Valve Sticking,2.2,14.11
7456,5.34,34.96,40,9.43,113.12,12,80.33,Valve Sticking,1.24,14.04
7457,4.97,34.84,30,9.77,119.01,12,80.22,Valve Sticking,1.94,13.42
7458,5.1,35.13,20,9.95,116.38,12,80.12,Valve Sticking,1.93,13.71
7459,5.1,35.44,10,9.74,121.94,12,80.03,Valve Sticking,2.25,13.45
7460,5.22,35.37,0,10.3,120.91,13,79.88,Valve Sticking,2.19,13.83
7461,5.03,35.46,10,9.96,121.93,13,79.78,Valve Sticking,1.37,13.43
7462,5.16,35.59,20,9.84,116.34,13,79.64,Valve Sticking,2.25,13.2
7463,4.93,35.65,30,9.71,120.3,13,79.55,Valve Sticking,1.67,13.03
7464,5.34,35.64,40,9.87,114.77,13,79.41,Valve Sticking,1.63,13.4
7465,5.14,35.74,50,10.06,124.31,13,79.29,Valve Sticking,0.97,13.71
7466,5.23,35.56,60,9.88,118.71,13,79.21,Valve Sticking,1.09,13.57
7467,5.09,35.31,70,9.88,121.87,13,79.06,Valve Sticking,1.71,13.67
7468,5.11,35.26,80,9.75,119.56,13,78.91,Valve Sticking,2.45,13.87
7469,5.25,34.81,90,9.52,117.87,13,78.79,Valve Sticking,0.86,14.36
7470,4.78,34.7,100,9.92,120.44,13,78.66,Valve Sticking,1.98,14.72
7471,5.18,34.77,90,10.04,121.55,13,78.52,Valve Sticking,2.35,15.13
7472,5.01,34.94,80,10.19,119.63,13,78.43,Valve Sticking,2.0,15.01
7473,5.31,34.96,70,9.66,116.7,13,78.33,Valve Sticking,0.91,14.46
7474,5.01,34.87,60,9.83,117.73,13,78.2,Valve Sticking,2.26,14.39
7475,4.96,35.01,50,10.13,122.55,13,78.07,Valve Sticking,1.82,14.66
7476,5.11,34.8,40,9.67,113.69,13,77.94,Valve Sticking,1.77,14.6
7477,4.86,34.68,30,9.52,119.58,13,77.78,Valve Sticking,2.42,14.51
7478,5.29,34.7,20,10.11,123.5,13,77.69,Valve Sticking,1.82,14.96
7479,5.28,34.82,10,9.51,118.61,13,77.61,Valve Sticking,1.47,15.34
7480,5.18,35.07,0,9.6,117.75,14,77.47,Valve Sticking,1.12,15.71
7481,5.0,35.02,10,9.84,116.52,14,77.34,Valve Sticking,1.02,14.88
7482,4.98,34.98,20,10.06,115.77,14,77.24,Valve Sticking,1.65,14.1
7483,5.05,35.39,30,9.58,120.01,14,77.15,Valve Sticking,1.15,13.93
7484,5.02,35.51,40,10.19,118.13,14,77.07,Valve Sticking,2.29,14.03
7485,5.25,35.64,50,10.14,117.82,14,76.93,Valve Sticking,1.82,14.38
7486,5.13,35.7,60,10.23,116.23,14,76.79,Valve Sticking,2.39,13.67
7487,5.14,35.92,70,10.13,119.41,14,76.67,Valve Sticking,2.39,13.99
7488,4.92,35.67,80,9.26,115.49,14,76.58,Valve Sticking,1.7,14.29
7489,5.18,35.46,90,9.36,116.03,14,76.47,Valve Sticking,2.38,14.83
7490,4.86,35.45,100,10.1,121.41,14,76.38,Valve Sticking,1.26,15.18
7491,4.86,35.44,90,10.02,115.69,14,76.25,Valve Sticking,1.68,14.39
7492,5.27,35.52,80,9.38,120.25,14,76.17,Valve Sticking,2.25,13.71
7493,5.27,35.67,70,9.88,119.55,14,76.02,Valve Sticking,1.13,13.4
7494,5.4,35.83,60,9.64,114.56,14,75.89,Valve Sticking,2.1,13.17
7495,5.3,35.95,50,10.03,120.6,14,75.76,Valve Sticking,1.5,12.65
7496,5.17,36.01,40,9.78,118.63,14,75.63,Valve Sticking,1.47,12.6
7497,4.76,36.04,30,9.94,117.37,14,75.56,Valve Sticking,1.59,12.07
7498,5.1,35.44,20,10.02,119.14,14,75.42,Valve Sticking,1.22,12.61
7499,4.9,35.34,10,10.04,117.59,14,75.27,Valve Sticking,1.45,12.59
7500,4.95,35.14,0,9.71,122.41,15,75.16,Valve Sticking,1.54,13.3
7501,4.86,35.1,10,9.79,112.19,15,75.06,Valve Sticking,1.31,12.86
7502,4.78,35.29,20,9.7,121.83,15,74.93,Valve Sticking,2.21,12.75
7503,5.25,35.15,30,9.5,113.15,15,74.81,Valve Sticking,1.39,12.38
7504,4.89,35.3,40,10.03,117.67,15,74.66,Valve Sticking,1.92,12.36
7505,5.01,35.21,50,9.87,119.16,15,74.58,Valve Sticking,1.94,11.85
7506,5.09,35.06,60,9.5,115.68,15,74.45,Valve Sticking,1.92,12.4
7507,5.07,34.76,70,9.93,117.33,15,74.3,Valve Sticking,2.15,12.14
7508,4.76,34.93,80,9.25,117.97,15,74.19,Valve Sticking,1.2,12.69
7509,5.0,35.09,90,9.62,115.77,15,74.06,Valve Sticking,1.8,12.95
7510,5.29,35.02,100,10.27,117.14,15,73.92,Valve Sticking,1.57,12.54
7511,5.11,35.13,90,9.6,120.26,15,73.83,Valve Sticking,2.04,12.65
7512,4.82,35.28,80,9.45,120.27,15,73.72,Valve Sticking,1.59,13.3
7513,4.96,35.02,70,9.45,120.54,15,73.58,Valve Sticking,2.39,12.89
7514,4.99,35.2,60,10.05,119.09,15,73.44,Valve Sticking,2.27,12.33
7515,4.94,35.26,50,9.83,120.74,15,73.29,Valve Sticking,1.35,12.9
7516,4.91,34.75,40,9.66,120.58,15,73.22,Valve Sticking,1.35,12.76
7517,4.83,34.79,30,9.94,119.81,15,73.11,Valve Sticking,1.8,12.51
7518,5.21,34.67,20,10.14,118.35,15,73.01,Valve Sticking,1.83,12.45
7519,5.21,34.99,10,10.08,116.7,15,72.9,Valve Sticking,1.96,12.38
7520,4.85,35.24,0,9.88,115.82,16,72.77,Valve Sticking,1.95,11.79
7521,5.03,35.29,10,10.4,116.54,16,72.65,Valve Sticking,1.55,11.65
7522,5.18,35.3,20,10.5,118.01,16,72.55,Valve Sticking,2.12,12.29
7523,4.83,35.53,30,9.51,119.76,16,72.42,Valve Sticking,1.68,12.12
7524,5.01,35.56,40,9.85,120.65,16,72.29,Valve Sticking,1.95,12.66
7525,4.88,35.5,50,9.83,115.19,16,72.19,Valve Sticking,1.78,12.12
7526,4.77,35.5,60,9.31,119.14,16,72.11,Valve Sticking,1.14,11.89
7527,5.23,35.34,70,10.03,118.6,16,71.98,Valve Sticking,1.88,12.38
7528,4.95,35.17,80,10.05,122.22,16,71.91,Valve Sticking,1.96,12.53
7529,5.18,34.83,90,10.04,118.48,16,71.79,Valve Sticking,1.72,13.25
7530,4.95,35.25,100,9.86,115.81,16,71.68,Valve Sticking,1.06,13.97
7531,4.88,35.15,90,9.55,121.29,16,71.57,Valve Sticking,1.38,13.34
7532,4.94,35.07,80,10.4,118.54,16,71.45,Valve Sticking,0.92,12.93
7533,5.11,34.79,70,9.86,118.76,16,71.33,Valve Sticking,1.39,13.11
7534,5.4,34.75,60,9.61,116.6,16,71.19,Valve Sticking,1.48,13.33
7535,5.13,34.66,50,9.5,118.85,16,71.07,Valve Sticking,2.38,13.98
7536,4.93,34.9,40,9.86,120.1,16,70.98,Valve Sticking,1.85,13.77
7537,4.82,35.52,30,9.74,119.71,16,70.84,Valve Sticking,1.49,13.17
7538,4.8,35.71,20,9.58,121.04,16,70.71,Valve Sticking,1.28,13.14
7539,5.43,35.6,10,10.25,119.81,16,70.59,Valve Sticking,1.57,13.1
7540,5.17,35.54,0,9.89,117.26,17,70.47,Valve Sticking,2.5,13.43
7541,5.37,35.6,10,10.21,119.19,17,70.34,Valve Sticking,1.41,13.07
7542,4.9,35.4,20,10.12,122.79,17,70.25,Valve Sticking,1.76,12.87
7543,4.8,35.17,30,9.82,114.32,17,70.13,Valve Sticking,1.45,12.83
7544,5.03,34.8,40,10.03,119.18,17,70.01,Valve Sticking,1.17,12.75
7545,5.4,35.14,50,9.9,118.85,17,69.94,Valve Sticking,1.12,12.74
7546,4.95,35.21,60,9.96,115.11,17,69.86,Valve Sticking,2.21,12.15
7547,5.1,35.39,70,10.12,119.73,17,69.72,Valve Sticking,1.65,12.46
7548,5.12,35.44,80,10.07,109.61,17,69.63,Valve Sticking,1.89,12.94
7549,5.02,35.66,90,9.64,115.68,17,69.55,Valve Sticking,0.95,13.06
7550,4.88,35.42,100,9.77,123.03,17,69.46,Valve Sticking,2.22,13.74
7551,5.15,35.65,90,9.81,120.93,17,69.38,Valve Sticking,1.11,13.61
7552,5.3,35.24,80,9.78,119.07,17,69.29,Valve Sticking,1.3,13.12
7553,4.94,35.17,70,10.18,117.49,17,69.19,Valve Sticking,1.73,13.03
7554,5.04,35.24,60,10.08,120.48,17,69.09,Valve Sticking,1.25,12.78
7555,5.15,35.31,50,10.22,118.71,17,68.97,Valve Sticking,1.16,12.26
7556,5.24,34.87,40,10.19,118.61,17,68.84,Valve Sticking,1.73,13.02
7557,5.32,34.87,30,9.47,121.66,17,68.72,Valve Sticking,2.06,13.42
7558,5.16,34.87,20,9.79,115.22,17,68.6,Valve Sticking,0.99,13.86
7559,4.95,34.68,10,9.73,122.37,17,68.45,Valve Sticking,2.43,14.29
7560,5.17,34.61,0,9.9,120.11,18,68.33,Valve Sticking,1.84,14.02
7561,5.26,34.92,10,9.51,114.96,18,68.25,Valve Sticking,2.31,13.92
7562,5.39,34.75,20,9.34,118.65,18,68.12,Valve Sticking,1.52,13.2
7563,5.0,34.9,30,9.99,114.98,18,68.05,Valve Sticking,0.99,12.72
7564,4.91,34.73,40,10.02,119.67,18,67.95,Valve Sticking,2.13,13.39
7565,5.12,34.94,50,10.04,117.11,18,67.8,Valve Sticking,1.93,14.0
7566,4.87,34.92,60,9.98,121.28,18,67.66,Valve Sticking,1.51,14.45
7567,5.21,35.0,70,10.23,115.85,18,67.56,Valve Sticking,0.89,14.91
7568,5.16,35.31,80,9.5,120.69,18,67.46,Valve Sticking,1.76,14.73
7569,4.89,35.52,90,9.8,118.56,18,67.37,Valve Sticking,1.79,14.4
7570,4.92,35.49,100,10.1,118.98,18,67.27,Valve Sticking,0.95,14.8
7571,4.95,35.7,90,9.69,117.37,18,67.18,Valve Sticking,2.09,14.66
7572,5.3,35.95,80,9.68,122.9,18,67.07,Valve Sticking,1.41,14.92
7573,5.12,35.86,70,9.84,119.96,18,66.93,Valve Sticking,1.31,15.17
7574,5.01,35.72,60,9.71,115.19,18,66.84,Valve Sticking,2.14,14.61
7575,4.78,36.16,50,10.16,122.16,18,66.7,Valve Sticking,0.94,14.96
7576,5.38,36.11,40,9.46,118.82,18,66.59,Valve Sticking,1.95,14.39
7577,4.95,36.13,30,10.14,114.64,18,66.46,Valve Sticking,1.2,14.68
7578,5.2,35.96,20,9.87,117.46,18,66.31,Valve Sticking,1.15,14.28
7579,4.93,35.72,10,9.66,118.83,18,66.22,Valve Sticking,1.49,14.54
7580,5.1,35.83,0,9.74,118.37,19,66.11,Valve Sticking,1.17,14.93
7581,5.07,35.44,10,9.66,117.48,19,66.01,Valve Sticking,1.59,14.54
7582,4.97,35.47,20,9.55,117.0,19,65.92,Valve Sticking,1.3,13.98
7583,4.86,35.52,30,9.65,121.17,19,65.79,Valve Sticking,1.94,14.54
7584,5.28,35.54,40,9.46,115.1,19,65.64,Valve Sticking,1.04,14.56
7585,5.09,35.88,50,10.06,121.23,19,65.54,Valve Sticking,2.42,15.13
7586,5.42,36.19,60,9.94,117.47,19,65.47,Valve Sticking,2.05,15.6
7587,5.14,36.19,70,10.08,119.34,19,65.34,Valve Sticking,1.23,15.42
7588,5.28,36.25,80,9.97,115.16,19,65.23,Valve Sticking,1.85,14.97
7589,4.86,35.77,90,9.44,118.95,19,65.15,Valve Sticking,2.37,14.52
7590,4.89,35.46,100,10.1,121.13,19,65.02,Valve Sticking,1.19,14.86
7591,4.95,35.77,90,9.47,120.17,19,64.88,Valve Sticking,1.57,14.62
7592,4.81,35.38,80,9.43,120.33,19,64.73,Valve Sticking,2.29,14.05
7593,5.14,35.48,70,10.11,112.75,19,64.61,Valve Sticking,1.97,13.48
7594,5.3,35.06,60,10.32,113.59,19,64.5,Valve Sticking,2.32,13.56
7595,5.08,35.26,50,9.68,119.18,19,64.37,Valve Sticking,2.3,13.01
7596,5.29,35.28,40,9.74,117.75,19,64.23,Valve Sticking,1.25,13.58
7597,5.33,35.08,30,9.83,116.46,19,64.12,Valve Sticking,0.88,13.54
7598,5.21,35.13,20,9.3,118.86,19,63.96,Valve Sticking,1.28,13.07
7599,4.84,35.02,10,10.11,122.54,19,63.85,Valve Sticking,1.55,12.82
7600,5.03,35.16,0,9.67,121.46,20,63.72,Valve Sticking,1.28,13.32
7601,5.18,30.3,10,9.66,122.85,0,100.0,Healthy,0.27,17.97
7602,5.25,30.43,20,10.02,125.55,0,100.0,Healthy,0.47,20.59
7603,5.3,30.67,30,9.81,121.94,0,100.0,Healthy,0.34,22.57
7604,5.42,30.82,40,10.32,123.38,0,99.99,Healthy,0.5,24.38
7605,5.52,30.92,50,9.84,123.87,0,99.99,Healthy,0.44,25.78
7606,5.4,31.03,60,9.71,120.63,0,99.99,Healthy,0.35,27.59
7607,5.37,31.2,70,9.9,122.61,0,99.99,Healthy,0.5,29.13
7608,5.62,31.37,80,9.92,120.21,0,99.99,Healthy,0.35,30.84
7609,5.6,31.68,90,10.19,118.06,0,99.98,Healthy,0.34,32.22
7610,5.49,31.84,100,9.81,118.72,0,99.98,Healthy,0.55,33.71
7611,5.56,32.18,90,9.87,121.66,0,99.98,Healthy,0.56,34.69
7612,5.63,32.35,80,10.34,118.03,0,99.98,Healthy,0.37,35.6
7613,5.52,32.4,70,9.91,119.24,0,99.98,Healthy,0.48,36.18
7614,5.54,32.51,60,9.75,120.74,0,99.97,Healthy,0.49,36.4
7615,5.64,32.54,50,9.86,119.12,0,99.97,Healthy,0.44,36.81
7616,5.66,32.82,40,10.31,116.79,0,99.97,Healthy,0.53,37.08
7617,5.54,32.99,30,10.22,118.05,0,99.97,Healthy,0.46,37.54
7618,5.65,33.04,20,9.92,119.9,0,99.97,Healthy,0.48,38.75
7619,5.6,33.09,10,10.26,119.46,0,99.96,Healthy,0.39,38.72
7620,5.61,33.07,0,9.97,116.36,1,99.96,Healthy,0.4,39.01
7621,5.64,33.1,10,9.77,116.87,1,99.96,Healthy,0.4,38.94
7622,5.7,33.23,20,10.11,118.97,1,99.96,Healthy,0.4,38.91
7623,5.71,33.48,30,9.76,117.82,1,99.95,Healthy,0.53,40.17
7624,5.65,33.67,40,10.29,117.02,1,99.95,Healthy,0.43,40.04
7625,5.61,33.75,50,9.7,118.03,1,99.95,Healthy,0.48,40.69
7626,5.71,33.8,60,10.16,119.95,1,99.95,Healthy,0.45,40.79
7627,5.79,33.85,70,9.7,118.88,1,99.95,Healthy,0.62,40.97
7628,5.84,33.86,80,10.2,119.51,1,99.95,Healthy,0.55,41.62
7629,5.7,33.94,90,10.0,114.84,1,99.94,Healthy,0.62,42.7
7630,5.68,34.01,100,9.96,117.78,1,99.94,Healthy,0.62,43.04
7631,5.86,33.97,90,9.74,115.38,1,99.94,Healthy,0.53,43.97
7632,5.67,34.16,80,9.98,117.28,1,99.94,Healthy,0.41,44.26
7633,5.79,34.21,70,10.31,114.46,1,99.93,Healthy,0.45,44.27
7634,5.69,34.34,60,10.34,116.71,1,99.93,Healthy,0.43,43.98
7635,5.77,34.46,50,10.1,117.59,1,99.93,Healthy,0.62,43.94
7636,5.82,34.57,40,10.3,114.59,1,99.93,Healthy,0.47,44.35
7637,5.72,34.5,30,10.19,116.46,1,99.93,Healthy,0.58,45.21
7638,5.88,34.44,20,9.7,118.57,1,99.92,Healthy,0.47,45.1
7639,5.68,34.54,10,10.13,117.71,1,99.92,Healthy,0.57,44.82
7640,5.75,34.45,0,9.78,115.52,2,99.91,Healthy,0.44,44.71
7641,5.9,34.48,10,10.07,116.61,2,99.91,Healthy,0.63,45.08
7642,5.72,34.51,20,9.75,114.87,2,99.91,Healthy,0.49,44.51
7643,5.86,34.48,30,10.0,115.43,2,99.91,Healthy,0.58,45.3
7644,5.7,34.39,40,10.11,114.47,2,99.9,Healthy,0.44,45.04
7645,5.73,34.38,50,9.94,117.1,2,99.9,Healthy,0.57,45.6
7646,5.71,34.5,60,9.86,117.03,2,99.9,Healthy,0.46,46.33
7647,5.8,34.42,70,9.93,115.53,2,99.9,Healthy,0.63,46.25
7648,5.78,34.35,80,10.31,117.83,2,99.89,Healthy,0.65,46.05
7649,5.84,34.51,90,10.04,115.5,2,99.89,Healthy,0.53,45.68
7650,5.8,34.59,100,9.66,116.26,2,99.89,Healthy,0.64,45.45
7651,5.75,34.72,90,10.22,115.31,2,99.89,Valve Sticking,0.56,45.82
7652,5.9,34.74,80,9.95,117.63,2,99.88,Valve Sticking,0.46,46.54
7653,5.87,34.76,70,10.33,118.01,2,99.88,Valve Sticking,0.61,46.11
7654,5.91,34.6,60,10.06,113.4,2,99.88,Valve Sticking,0.65,46.29
7655,5.83,34.6,50,9.71,114.32,2,99.87,Valve Sticking,0.68,46.55
7656,5.78,34.49,40,9.76,115.84,2,99.87,Valve Sticking,0.56,46.8
7657,5.73,34.6,30,9.66,113.64,2,99.86,Valve Sticking,0.71,46.31
7658,5.75,34.63,20,9.74,117.35,2,99.85,Valve Sticking,0.54,45.85
7659,5.93,34.74,10,10.28,116.56,2,99.84,Valve Sticking,0.74,46.57
7660,5.72,34.91,0,10.15,117.11,3,99.83,Valve Sticking,0.5,46.88
7661,5.81,35.05,10,9.79,117.05,3,99.82,Valve Sticking,0.7,46.2
7662,5.9,35.16,20,10.15,113.53,3,99.8,Valve Sticking,0.59,45.55
7663,5.69,35.24,30,9.72,114.73,3,99.79,Valve Sticking,0.76,45.17
7664,5.71,35.18,40,10.02,116.75,3,99.77,Valve Sticking,0.77,45.21
7665,5.78,35.17,50,9.73,115.62,3,99.76,Valve Sticking,0.74,45.48
7666,5.72,35.15,60,9.72,116.87,3,99.74,Valve Sticking,0.75,45.67
7667,5.73,35.21,70,9.66,113.58,3,99.71,Valve Sticking,0.83,46.32
7668,5.73,35.27,80,10.1,113.28,3,99.69,Valve Sticking,0.78,46.65
7669,5.74,35.22,90,9.74,113.13,3,99.66,Valve Sticking,0.82,46.13
7670,5.74,35.26,100,9.84,114.19,3,99.63,Valve Sticking,0.82,45.64
7671,5.87,35.33,90,9.86,114.78,3,99.62,Valve Sticking,0.83,45.62
7672,5.71,35.35,80,9.65,117.4,3,99.59,Valve Sticking,0.84,45.2
7673,5.68,35.45,70,9.71,113.2,3,99.57,Valve Sticking,0.83,45.75
7674,5.91,35.39,60,10.15,112.36,3,99.55,Valve Sticking,0.72,46.31
7675,5.68,35.52,50,9.68,112.38,3,99.52,Valve Sticking,0.64,46.17
7676,5.75,35.68,40,9.8,113.6,3,99.49,Valve Sticking,0.9,46.45
7677,5.81,35.68,30,10.1,114.09,3,99.45,Valve Sticking,0.82,45.8
7678,5.78,35.82,20,10.03,113.64,3,99.42,Valve Sticking,1.13,46.44
7679,5.8,35.86,10,10.32,115.49,3,99.38,Valve Sticking,0.87,46.43
7680,5.82,35.83,0,10.35,113.1,4,99.34,Valve Sticking,0.88,46.59
7681,5.79,35.82,10,10.1,115.3,4,99.3,Valve Sticking,1.27,46.6
7682,5.87,35.7,20,9.84,115.08,4,99.26,Valve Sticking,0.74,46.69
7683,5.94,35.71,30,10.21,113.88,4,99.22,Valve Sticking,0.77,46.59
7684,5.63,35.75,40,9.84,114.22,4,99.17,Valve Sticking,0.98,46.54
7685,5.8,35.96,50,9.72,113.17,4,99.14,Valve Sticking,0.88,46.85
7686,5.74,36.13,60,10.18,109.72,4,99.09,Valve Sticking,0.76,47.47
7687,5.67,36.03,70,9.72,111.41,4,99.04,Valve Sticking,0.94,47.85
7688,5.93,36.05,80,10.24,109.53,4,99.01,Valve Sticking,1.17,48.37
7689,5.78,36.12,90,9.95,112.33,4,98.96,Valve Sticking,0.98,47.93
7690,5.8,36.21,100,9.97,112.94,4,98.9,Valve Sticking,1.35,47.89
7691,5.71,36.2,90,10.32,114.61,4,98.85,Valve Sticking,0.8,47.35
7692,5.92,36.24,80,10.1,112.7,4,98.8,Valve Sticking,1.1,46.87
7693,5.82,36.15,70,10.04,114.19,4,98.76,Valve Sticking,0.82,46.5
7694,5.69,36.27,60,9.96,111.74,4,98.7,Valve Sticking,1.32,46.52
7695,5.61,36.3,50,9.73,113.89,4,98.63,Valve Sticking,1.32,46.39
7696,5.74,36.43,40,10.15,112.01,4,98.58,Valve Sticking,1.11,46.97
7697,5.88,36.59,30,9.68,109.21,4,98.53,Valve Sticking,1.4,46.39
7698,5.79,36.65,20,9.75,112.17,4,98.46,Valve Sticking,1.16,46.96
7699,5.64,36.42,10,9.54,112.23,4,98.4,Valve Sticking,1.17,46.93
7700,5.7,36.44,0,9.68,115.38,5,98.35,Valve Sticking,1.25,46.53
7701,5.79,36.54,10,10.02,112.1,5,98.29,Valve Sticking,0.83,47.14
7702,5.71,36.54,20,10.38,114.02,5,98.23,Valve Sticking,1.19,47.19
7703,5.72,36.54,30,9.87,108.81,5,98.15,Valve Sticking,1.0,47.36
7704,5.81,36.57,40,10.11,111.3,5,98.08,Valve Sticking,1.06,47.81
7705,5.87,36.52,50,10.26,111.19,5,97.99,Valve Sticking,1.61,48.35
7706,6.04,36.5,60,10.09,112.1,5,97.93,Valve Sticking,1.29,48.86
7707,5.9,36.71,70,9.9,107.72,5,97.89,Valve Sticking,1.43,48.13
7708,5.62,36.67,80,9.98,112.83,5,97.83,Valve Sticking,1.72,47.37
7709,5.84,36.76,90,10.2,110.83,5,97.73,Valve Sticking,1.86,47.55
7710,5.99,37.07,100,9.74,109.86,5,97.67,Valve Sticking,1.64,47.88
7711,5.76,36.83,90,10.24,112.17,5,97.59,Valve Sticking,1.84,47.46
7712,5.73,37.05,80,9.95,112.55,5,97.5,Valve Sticking,1.71,48.04
7713,5.84,37.21,70,9.76,112.59,5,97.43,Valve Sticking,1.02,48.12
7714,5.82,37.14,60,10.0,105.13,5,97.37,Valve Sticking,1.76,47.44
7715,5.53,37.0,50,9.75,114.63,5,97.28,Valve Sticking,1.5,47.61
7716,5.74,36.97,40,9.82,111.24,5,97.2,Valve Sticking,1.45,47.63
7717,5.83,36.9,30,9.56,112.71,5,97.14,Valve Sticking,1.27,47.68
7718,5.86,36.91,20,10.28,114.6,5,97.04,Valve Sticking,1.3,46.92
7719,5.81,37.2,10,10.34,108.36,5,96.97,Valve Sticking,1.49,47.58
7720,5.75,37.23,0,10.06,111.6,6,96.88,Valve Sticking,1.04,46.91
7721,5.69,37.27,10,9.76,113.17,6,96.78,Valve Sticking,1.91,46.49
7722,5.63,37.2,20,9.85,113.44,6,96.72,Valve Sticking,1.55,46.17
7723,5.84,37.34,30,9.65,107.88,6,96.66,Valve Sticking,1.82,45.74
7724,5.93,37.03,40,10.09,108.71,6,96.58,Valve Sticking,1.14,45.74
7725,5.7,36.91,50,10.33,113.33,6,96.51,Valve Sticking,1.71,46.2
7726,5.74,36.9,60,9.41,114.73,6,96.41,Valve Sticking,1.51,46.5
7727,5.98,36.9,70,9.89,111.06,6,96.34,Valve Sticking,1.17,47.15
7728,5.94,37.09,80,9.71,112.42,6,96.27,Valve Sticking,1.34,47.5
7729,6.08,37.02,90,10.12,113.31,6,96.18,Valve Sticking,1.38,48.1
7730,5.67,36.95,100,9.75,113.0,6,96.12,Valve Sticking,1.31,48.14
7731,5.66,37.18,90,10.06,110.84,6,96.06,Valve Sticking,1.78,48.69
7732,5.56,37.21,80,9.61,113.47,6,95.97,Valve Sticking,1.77,48.32
7733,5.72,37.3,70,10.11,112.83,6,95.91,Valve Sticking,1.55,48.4
7734,5.73,37.19,60,10.36,113.56,6,95.84,Valve Sticking,1.8,48.71
7735,5.79,37.32,50,9.93,114.37,6,95.74,Valve Sticking,1.82,48.71
7736,6.0,37.37,40,9.67,112.0,6,95.68,Valve Sticking,1.09,48.54
7737,5.7,37.25,30,9.52,109.21,6,95.58,Valve Sticking,1.32,48.81
7738,5.66,36.99,20,9.9,107.82,6,95.49,Valve Sticking,1.24,48.93
7739,5.64,37.12,10,9.66,110.58,6,95.43,Valve Sticking,0.84,48.34
7740,5.96,36.96,0,9.53,109.19,7,95.37,Valve Sticking,1.56,48.13
7741,5.79,37.05,10,9.85,115.07,7,95.32,Valve Sticking,1.76,48.09
7742,5.92,37.26,20,10.23,111.94,7,95.25,Valve Sticking,1.68,47.63
7743,5.88,37.2,30,9.89,109.88,7,95.19,Valve Sticking,1.7,47.58
7744,5.68,37.11,40,9.98,109.78,7,95.1,Valve Sticking,1.87,47.82
7745,5.74,37.11,50,10.19,109.21,7,95.03,Valve Sticking,1.6,47.42
7746,5.55,37.21,60,9.82,114.08,7,94.94,Valve Sticking,1.35,47.27
7747,5.55,37.22,70,9.68,110.03,7,94.85,Valve Sticking,1.63,46.58
7748,5.62,37.37,80,9.6,114.82,7,94.78,Valve Sticking,1.44,46.2
7749,5.8,37.62,90,9.65,112.36,7,94.69,Valve Sticking,1.68,45.67
7750,5.66,37.74,100,9.43,114.32,7,94.63,Valve Sticking,0.98,45.24
7751,5.74,37.7,90,9.89,108.57,7,94.53,Valve Sticking,1.13,45.24
7752,5.64,37.81,80,9.78,113.5,7,94.46,Valve Sticking,1.71,45.6
7753,5.94,37.65,70,10.3,111.17,7,94.38,Valve Sticking,1.73,45.11
7754,5.78,37.46,60,9.79,113.16,7,94.32,Valve Sticking,1.72,45.29
7755,5.9,37.33,50,9.65,110.53,7,94.25,Valve Sticking,1.15,45.05
7756,5.7,37.18,40,9.69,115.57,7,94.17,Valve Sticking,1.04,44.48
7757,5.51,37.23,30,9.89,113.29,7,94.12,Valve Sticking,1.02,44.86
7758,5.59,37.16,20,10.02,113.99,7,94.06,Valve Sticking,1.07,44.63
7759,5.75,37.17,10,9.64,110.25,7,93.98,Valve Sticking,1.0,45.01
7760,5.81,37.27,0,9.49,110.13,8,93.9,Valve Sticking,1.1,45.56
7761,5.65,37.09,10,9.95,110.87,8,93.8,Valve Sticking,1.73,45.25
7762,5.86,37.06,20,10.27,114.66,8,93.71,Valve Sticking,1.7,45.37
7763,5.65,37.05,30,10.14,112.68,8,93.62,Valve Sticking,1.62,44.9
7764,5.83,37.2,40,9.91,112.79,8,93.54,Valve Sticking,1.18,44.89
7765,5.96,37.43,50,9.66,110.44,8,93.46,Valve Sticking,1.2,45.03
7766,5.67,37.31,60,9.7,108.77,8,93.39,Valve Sticking,1.79,45.08
7767,5.58,37.39,70,9.73,111.61,8,93.31,Valve Sticking,1.7,45.78
7768,5.58,37.58,80,9.83,106.44,8,93.24,Valve Sticking,1.5,46.5
7769,5.8,37.62,90,9.98,109.89,8,93.17,Valve Sticking,1.03,46.21
7770,5.85,37.28,100,10.05,113.55,8,93.08,Valve Sticking,1.75,46.08
7771,5.75,37.3,90,10.03,110.26,8,93.0,Valve Sticking,1.55,46.08
7772,5.92,37.41,80,9.91,111.76,8,92.96,Valve Sticking,1.5,45.72
7773,5.9,37.47,70,10.17,112.91,8,92.9,Valve Sticking,1.51,46.3
7774,5.51,37.3,60,10.21,114.28,8,92.84,Valve Sticking,1.49,45.94
7775,5.85,37.28,50,9.97,111.3,8,92.76,Valve Sticking,1.81,46.58
7776,5.71,37.48,40,9.79,112.48,8,92.7,Valve Sticking,1.84,47.27
7777,5.73,37.56,30,10.0,108.35,8,92.64,Valve Sticking,1.75,46.89
7778,5.6,37.64,20,10.24,110.19,8,92.55,Valve Sticking,0.86,47.25
7779,5.94,37.49,10,9.9,110.02,8,92.46,Valve Sticking,0.83,47.52
7780,5.84,37.39,0,9.66,114.17,9,92.37,Valve Sticking,1.02,47.22
7781,5.93,37.41,10,9.94,112.22,9,92.28,Valve Sticking,1.05,47.29
7782,5.67,37.48,20,10.19,108.27,9,92.22,Valve Sticking,1.61,47.81
7783,5.65,37.22,30,9.89,110.61,9,92.17,Valve Sticking,1.44,47.35
7784,5.71,37.01,40,10.3,111.56,9,92.1,Valve Sticking,1.79,47.5
7785,5.75,37.25,50,9.64,108.14,9,92.05,Valve Sticking,1.81,47.16
7786,5.87,37.21,60,10.08,108.16,9,91.99,Valve Sticking,1.02,46.91
7787,5.91,37.04,70,9.72,110.71,9,91.9,Valve Sticking,1.75,47.19
7788,5.64,37.08,80,10.04,112.46,9,91.84,Valve Sticking,1.16,47.15
7789,5.74,37.19,90,9.92,107.47,9,91.77,Valve Sticking,0.8,46.72
7790,5.86,37.1,100,10.06,111.63,9,91.71,Valve Sticking,1.33,46.48
7791,5.89,37.15,90,9.7,113.39,9,91.65,Valve Sticking,1.06,46.68
7792,5.74,37.17,80,10.15,113.9,9,91.58,Valve Sticking,1.3,47.01
7793,5.76,37.06,70,10.08,111.87,9,91.53,Valve Sticking,1.24,46.37
7794,5.63,37.09,60,10.09,109.46,9,91.44,Valve Sticking,1.55,46.11
7795,5.72,37.31,50,10.07,109.46,9,91.35,Valve Sticking,1.91,45.92
7796,5.74,37.07,40,9.67,112.74,9,91.29,Valve Sticking,1.72,46.5
7797,5.9,37.26,30,9.97,109.37,9,91.2,Valve Sticking,1.06,46.69
7798,5.81,37.12,20,9.76,112.48,9,91.1,Valve Sticking,1.76,46.29
7799,5.89,37.14,10,9.65,112.02,9,91.0,Valve Sticking,1.9,46.58
7800,5.93,37.19,0,9.67,112.17,10,90.95,Valve Sticking,1.68,47.11
7801,5.74,37.21,10,9.81,112.19,10,90.86,Valve Sticking,1.89,47.31
7802,5.54,37.36,20,9.98,111.15,10,90.79,Valve Sticking,1.11,46.59
7803,5.6,37.46,30,10.08,113.35,10,90.69,Valve Sticking,1.44,46.67
7804,5.68,37.45,40,9.91,111.96,10,90.63,Valve Sticking,1.32,46.22
7805,5.7,37.65,50,9.76,104.02,10,90.57,Valve Sticking,1.74,46.39
7806,5.74,37.69,60,9.71,110.29,10,90.48,Valve Sticking,1.65,47.04
7807,5.66,37.46,70,9.84,108.08,10,90.43,Valve Sticking,1.19,47.0
7808,5.73,37.47,80,10.3,112.69,10,90.35,Valve Sticking,1.81,46.43
7809,5.83,37.4,90,9.89,112.82,10,90.28,Valve Sticking,1.12,46.51
7810,5.87,37.48,100,9.62,107.37,10,90.19,Valve Sticking,1.56,45.92
7811,5.75,37.35,90,10.15,111.69,10,90.1,Valve Sticking,1.77,45.62
7812,5.81,37.58,80,10.0,111.76,10,90.05,Valve Sticking,1.22,46.09
7813,5.98,37.47,70,9.83,111.86,10,90.0,Valve Sticking,1.8,45.6
7814,5.83,37.19,60,10.12,111.8,10,89.94,Valve Sticking,1.81,45.52
7815,5.84,36.91,50,9.83,109.26,10,89.87,Valve Sticking,1.36,46.08
7816,5.58,36.85,40,9.81,113.67,10,89.78,Valve Sticking,1.33,45.67
7817,5.68,36.89,30,10.17,114.16,10,89.72,Valve Sticking,0.86,45.15
7818,5.5,36.98,20,10.07,112.39,10,89.62,Valve Sticking,1.4,45.68
7819,5.74,36.96,10,9.94,112.59,10,89.57,Valve Sticking,1.44,46.14
7820,5.57,37.04,0,10.4,112.94,11,89.52,Valve Sticking,1.42,45.69
7821,5.8,37.01,10,10.2,115.96,11,89.45,Valve Sticking,1.0,46.19
7822,5.71,36.82,20,9.88,109.6,11,89.36,Valve Sticking,1.65,45.72
7823,5.76,36.73,30,9.98,111.13,11,89.27,Valve Sticking,1.59,45.32
7824,5.73,36.8,40,9.65,110.96,11,89.19,Valve Sticking,1.75,45.79
7825,5.96,36.75,50,10.46,111.82,11,89.12,Valve Sticking,1.25,46.23
7826,5.81,36.67,60,10.0,113.5,11,89.07,Valve Sticking,1.71,46.73
7827,5.84,36.57,70,9.62,108.93,11,88.98,Valve Sticking,1.5,46.29
7828,5.86,36.87,80,9.79,104.64,11,88.9,Valve Sticking,0.86,45.67
7829,5.69,37.08,90,9.91,111.66,11,88.81,Valve Sticking,0.93,45.21
7830,5.72,37.2,100,9.59,111.96,11,88.75,Valve Sticking,1.07,44.91
7831,5.88,37.13,90,9.46,110.08,11,88.69,Valve Sticking,1.75,45.11
7832,5.78,37.14,80,10.1,111.14,11,88.6,Valve Sticking,1.15,44.76
7833,5.76,36.97,70,9.7,113.35,11,88.53,Valve Sticking,0.83,45.54
7834,5.65,36.98,60,9.84,110.68,11,88.47,Valve Sticking,1.27,45.41
7835,5.76,37.04,50,10.03,115.53,11,88.39,Valve Sticking,1.76,44.84
7836,5.58,36.96,40,10.26,114.86,11,88.31,Valve Sticking,0.94,44.84
7837,5.81,37.06,30,9.79,105.79,11,88.24,Valve Sticking,1.13,44.5
7838,5.64,37.05,20,9.89,111.98,11,88.19,Valve Sticking,1.63,44.88
7839,5.73,37.02,10,10.15,114.68,11,88.13,Valve Sticking,1.91,45.55
7840,5.52,37.18,0,9.9,111.93,12,88.06,Valve Sticking,1.7,45.48
7841,5.91,36.89,10,9.78,108.6,12,87.96,Valve Sticking,1.76,45.71
7842,5.61,36.63,20,9.9,111.35,12,87.89,Valve Sticking,1.15,45.32
7843,5.62,36.73,30,9.92,114.27,12,87.84,Valve Sticking,1.01,45.51
7844,5.89,36.72,40,10.02,112.27,12,87.75,Valve Sticking,1.2,45.75
7845,5.56,36.97,50,10.23,113.57,12,87.7,Valve Sticking,1.2,45.84
7846,5.5,36.96,60,9.64,109.79,12,87.62,Valve Sticking,1.26,45.62
7847,5.63,37.23,70,9.91,109.66,12,87.53,Valve Sticking,1.63,46.22
7848,5.72,37.36,80,9.66,113.82,12,87.47,Valve Sticking,1.31,46.55
7849,5.81,37.24,90,10.12,116.03,12,87.38,Valve Sticking,1.81,46.79
7850,5.76,36.96,100,9.87,111.44,12,87.3,Valve Sticking,1.29,46.23
7851,5.84,37.04,90,10.2,115.03,12,87.23,Valve Sticking,1.36,46.72
7852,5.8,36.9,80,9.75,107.33,12,87.17,Valve Sticking,1.45,47.3
7853,5.94,36.87,70,10.26,113.87,12,87.09,Valve Sticking,1.37,46.72
7854,5.85,36.91,60,9.76,111.68,12,87.0,Valve Sticking,1.78,47.25
7855,5.9,37.15,50,9.9,113.83,12,86.91,Valve Sticking,1.55,46.98
7856,5.63,36.99,40,9.47,111.8,12,86.84,Valve Sticking,1.22,46.77
7857,6.0,36.95,30,10.38,110.01,12,86.79,Valve Sticking,1.63,46.77
7858,5.9,36.81,20,10.38,112.71,12,86.73,Valve Sticking,1.68,46.11
7859,5.63,36.8,10,9.98,111.03,12,86.67,Valve Sticking,1.31,46.03
7860,5.6,36.85,0,10.03,112.96,13,86.62,Valve Sticking,1.13,45.81
7861,5.85,36.82,10,10.09,115.05,13,86.54,Valve Sticking,1.9,45.46
7862,5.83,36.81,20,10.35,115.02,13,86.49,Valve Sticking,1.89,45.98
7863,5.67,36.87,30,9.41,115.43,13,86.41,Valve Sticking,1.59,46.68
7864,5.8,37.21,40,9.74,111.68,13,86.35,Valve Sticking,1.34,47.17
7865,5.94,37.38,50,10.36,109.88,13,86.27,Valve Sticking,1.67,47.45
7866,5.65,37.58,60,10.06,111.15,13,86.23,Valve Sticking,1.61,46.9
7867,5.68,37.61,70,10.48,112.67,13,86.13,Valve Sticking,1.35,47.03
7868,5.66,37.87,80,9.62,109.97,13,86.06,Valve Sticking,1.82,46.83
7869,5.95,37.66,90,9.94,113.16,13,85.98,Valve Sticking,1.6,47.14
7870,5.55,37.84,100,10.15,109.63,13,85.91,Valve Sticking,1.8,47.26
7871,5.72,37.87,90,9.94,112.07,13,85.86,Valve Sticking,0.94,46.83
7872,5.8,37.78,80,10.21,113.37,13,85.8,Valve Sticking,1.92,46.99
7873,5.69,37.67,70,9.95,110.35,13,85.71,Valve Sticking,1.24,47.13
7874,5.82,37.65,60,9.5,112.81,13,85.64,Valve Sticking,1.37,46.98
7875,5.7,37.66,50,10.23,110.0,13,85.54,Valve Sticking,1.6,46.8
7876,5.97,37.54,40,9.68,110.16,13,85.48,Valve Sticking,1.68,47.2
7877,5.74,37.54,30,10.1,108.87,13,85.41,Valve Sticking,1.66,47.52
7878,5.97,37.39,20,9.94,112.52,13,85.33,Valve Sticking,1.44,47.14
7879,5.8,37.31,10,9.82,111.05,13,85.24,Valve Sticking,1.68,47.68
7880,5.72,37.53,0,10.32,111.52,14,85.16,Valve Sticking,1.36,46.98
7881,5.81,37.18,10,9.73,111.68,14,85.09,Valve Sticking,1.59,46.91
7882,5.71,37.52,20,10.16,114.81,14,84.99,Valve Sticking,1.08,47.14
7883,5.89,37.42,30,9.63,111.8,14,84.93,Valve Sticking,1.24,47.45
7884,5.95,37.64,40,9.78,114.64,14,84.84,Valve Sticking,1.02,47.41
7885,5.94,37.54,50,10.01,109.01,14,84.76,Valve Sticking,1.59,48.01
7886,5.98,37.47,60,9.58,114.53,14,84.7,Valve Sticking,1.31,47.84
7887,5.94,37.75,70,9.69,115.04,14,84.61,Valve Sticking,1.21,48.21
7888,5.75,37.83,80,9.59,110.86,14,84.53,Valve Sticking,1.71,48.26
7889,5.69,37.74,90,10.23,111.06,14,84.44,Valve Sticking,1.58,48.67
7890,5.95,37.72,100,9.87,115.51,14,84.37,Valve Sticking,1.0,47.86
7891,5.57,37.64,90,9.69,112.52,14,84.29,Valve Sticking,1.88,48.04
7892,5.68,37.67,80,9.71,110.91,14,84.22,Valve Sticking,1.71,48.54
7893,5.67,37.76,70,10.08,104.61,14,84.14,Valve Sticking,1.52,48.99
7894,5.99,37.61,60,10.0,109.87,14,84.09,Valve Sticking,1.4,49.22
7895,5.69,37.58,50,10.06,108.98,14,84.04,Valve Sticking,1.19,48.7
7896,5.83,37.41,40,10.18,111.48,14,83.95,Valve Sticking,1.02,48.84
7897,5.85,37.56,30,9.69,110.61,14,83.88,Valve Sticking,1.73,48.4
7898,5.95,37.57,20,9.98,109.07,14,83.79,Valve Sticking,0.99,48.7
7899,5.6,37.61,10,9.48,114.27,14,83.72,Valve Sticking,1.35,48.11
7900,5.89,37.76,0,9.62,112.75,15,83.63,Valve Sticking,1.85,48.09
7901,5.91,37.64,10,10.37,108.81,15,83.54,Valve Sticking,1.26,48.37
7902,5.95,37.57,20,10.19,108.11,15,83.48,Valve Sticking,1.43,48.36
7903,5.89,37.43,30,9.49,107.99,15,83.41,Valve Sticking,1.03,47.93
7904,5.86,37.42,40,9.57,110.25,15,83.32,Valve Sticking,1.15,47.4
7905,5.99,37.55,50,9.94,113.49,15,83.24,Valve Sticking,1.0,47.43
7906,5.71,37.5,60,9.77,111.46,15,83.15,Valve Sticking,1.08,47.99
7907,5.9,37.65,70,9.58,108.28,15,83.06,Valve Sticking,1.05,47.84
7908,5.95,37.56,80,9.67,111.13,15,83.01,Valve Sticking,0.84,47.78
7909,6.04,37.75,90,10.19,112.49,15,82.96,Valve Sticking,1.54,48.22
7910,5.85,37.79,100,10.08,112.44,15,82.9,Valve Sticking,1.05,48.65
7911,5.66,37.78,90,10.11,111.63,15,82.84,Valve Sticking,0.92,47.97
7912,5.85,37.67,80,9.69,110.86,15,82.78,Valve Sticking,1.59,47.81
7913,5.6,37.79,70,9.8,111.76,15,82.71,Valve Sticking,0.95,48.13
7914,5.79,37.39,60,10.26,111.5,15,82.66,Valve Sticking,1.96,48.36
7915,5.83,37.57,50,9.83,112.75,15,82.6,Valve Sticking,1.42,48.74
7916,6.01,37.46,40,10.25,109.76,15,82.55,Valve Sticking,1.73,48.75
7917,5.92,37.27,30,9.51,111.93,15,82.49,Valve Sticking,1.07,48.55
7918,5.54,37.18,20,10.25,107.66,15,82.42,Valve Sticking,1.65,48.43
7919,5.78,37.55,10,10.41,112.9,15,82.36,Valve Sticking,1.18,48.33
7920,5.63,37.6,0,10.13,109.1,16,82.28,Valve Sticking,1.64,47.85
7921,5.81,37.61,10,9.56,108.2,16,82.21,Valve Sticking,1.53,47.39
7922,5.82,37.62,20,9.49,111.77,16,82.14,Valve Sticking,1.55,46.95
7923,5.74,37.79,30,10.33,107.87,16,82.07,Valve Sticking,1.67,47.33
7924,5.83,37.55,40,10.25,110.99,16,81.98,Valve Sticking,1.1,46.93
7925,5.67,37.54,50,9.76,111.11,16,81.9,Valve Sticking,0.94,46.37
7926,5.81,37.45,60,9.46,109.79,16,81.85,Valve Sticking,1.24,46.32
7927,5.84,37.34,70,10.11,114.89,16,81.77,Valve Sticking,1.76,47.02
7928,5.56,37.16,80,10.13,115.04,16,81.72,Valve Sticking,1.72,46.43
7929,5.74,37.28,90,10.01,109.48,16,81.67,Valve Sticking,1.78,45.86
7930,5.83,37.21,100,10.11,110.95,16,81.61,Valve Sticking,1.19,45.69
7931,5.55,37.24,90,10.38,110.56,16,81.54,Valve Sticking,1.47,46.16
7932,5.77,37.19,80,9.96,112.6,16,81.46,Valve Sticking,1.14,46.57
7933,5.73,37.16,70,9.92,112.49,16,81.38,Valve Sticking,1.09,46.85
7934,5.8,37.11,60,10.09,109.77,16,81.3,Valve Sticking,1.21,46.47
7935,5.96,37.36,50,9.64,111.2,16,81.25,Valve Sticking,1.33,47.14
7936,5.67,37.17,40,9.75,109.64,16,81.15,Valve Sticking,1.01,47.76
7937,5.58,37.26,30,9.92,109.22,16,81.09,Valve Sticking,1.7,47.2
7938,5.63,37.36,20,9.69,115.11,16,81.03,Valve Sticking,1.71,46.69
7939,5.91,37.16,10,9.9,111.21,16,80.98,Valve Sticking,1.5,46.3
7940,5.8,37.08,0,9.69,112.0,17,80.92,Valve Sticking,1.17,46.68
7941,5.66,37.12,10,10.0,112.85,17,80.83,Valve Sticking,1.15,46.63
7942,5.9,37.03,20,9.71,110.91,17,80.74,Valve Sticking,1.39,45.93
7943,5.83,36.98,30,9.47,109.81,17,80.68,Valve Sticking,1.78,45.54
7944,5.59,37.04,40,9.87,114.6,17,80.62,Valve Sticking,1.04,45.59
7945,5.71,36.91,50,10.01,110.61,17,80.54,Valve Sticking,1.38,45.35
7946,5.82,36.91,60,10.04,107.6,17,80.46,Valve Sticking,1.53,45.34
7947,5.78,37.11,70,9.69,112.39,17,80.38,Valve Sticking,1.46,45.73
7948,5.75,37.07,80,9.62,113.72,17,80.29,Valve Sticking,1.26,45.53
7949,5.68,37.25,90,9.87,113.76,17,80.22,Valve Sticking,0.93,45.26
7950,5.92,36.85,100,9.75,115.62,17,80.15,Valve Sticking,1.56,45.13
7951,5.9,37.0,90,9.55,116.12,17,80.1,Valve Sticking,1.17,45.44
7952,5.8,37.06,80,10.35,116.15,17,80.06,Valve Sticking,1.29,46.11
7953,5.94,37.23,70,9.43,112.29,17,80.01,Valve Sticking,1.62,46.42
7954,5.61,37.52,60,9.74,115.41,17,79.97,Valve Sticking,1.27,45.92
7955,5.69,37.6,50,9.85,111.65,17,79.91,Valve Sticking,1.33,46.1
7956,5.5,37.66,40,10.39,110.91,17,79.84,Valve Sticking,1.77,46.02
7957,5.59,37.24,30,9.84,113.21,17,79.79,Valve Sticking,1.57,46.3
7958,5.6,37.17,20,9.71,111.57,17,79.72,Valve Sticking,1.32,46.16
7959,5.88,37.43,10,9.84,109.96,17,79.64,Valve Sticking,1.18,46.75
7960,6.02,37.27,0,9.95,110.4,18,79.58,Valve Sticking,0.91,47.14
7961,5.68,37.05,10,9.42,111.07,18,79.52,Valve Sticking,1.18,46.45
7962,5.91,37.16,20,10.0,115.01,18,79.47,Valve Sticking,1.3,46.83
7963,5.84,37.14,30,9.82,110.98,18,79.42,Valve Sticking,1.45,47.19
7964,5.57,37.2,40,10.14,110.56,18,79.34,Valve Sticking,1.82,46.59
7965,5.79,36.9,50,10.02,113.31,18,79.26,Valve Sticking,1.2,46.46
7966,5.86,36.89,60,9.79,113.26,18,79.17,Valve Sticking,1.0,45.94
7967,5.89,36.91,70,9.76,110.52,18,79.1,Valve Sticking,0.98,45.81
7968,5.86,37.18,80,10.33,112.27,18,79.02,Valve Sticking,1.05,46.1
7969,5.86,37.24,90,9.71,110.47,18,78.93,Valve Sticking,1.19,45.55
7970,5.79,37.0,100,10.24,110.21,18,78.84,Valve Sticking,1.31,45.0
7971,5.84,37.16,90,9.92,115.66,18,78.77,Valve Sticking,1.27,45.34
7972,5.91,37.23,80,10.21,110.28,18,78.72,Valve Sticking,1.34,44.92
7973,5.68,37.34,70,10.3,112.36,18,78.66,Valve Sticking,1.9,45.04
7974,5.82,37.36,60,10.09,116.58,18,78.59,Valve Sticking,1.09,44.49
7975,5.73,37.19,50,10.43,112.76,18,78.54,Valve Sticking,1.07,44.63
7976,5.88,37.03,40,10.36,112.94,18,78.47,Valve Sticking,1.05,45.18
7977,5.67,37.17,30,9.81,115.47,18,78.39,Valve Sticking,0.96,45.17
7978,5.85,37.31,20,9.97,113.93,18,78.3,Valve Sticking,1.48,45.45
7979,5.66,37.37,10,9.88,113.72,18,78.23,Valve Sticking,1.27,45.99
7980,5.67,37.19,0,10.11,110.55,19,78.17,Valve Sticking,1.77,46.71
7981,5.9,37.15,10,10.07,111.81,19,78.1,Valve Sticking,1.7,47.32
7982,5.61,37.27,20,9.69,111.59,19,78.03,Valve Sticking,1.82,47.78
7983,6.06,37.37,30,10.3,110.8,19,77.98,Valve Sticking,0.87,48.12
7984,5.9,37.27,40,10.21,111.06,19,77.9,Valve Sticking,1.15,48.22
7985,5.71,37.31,50,9.76,109.46,19,77.82,Valve Sticking,1.77,48.3
7986,5.68,37.26,60,10.05,113.16,19,77.74,Valve Sticking,1.56,47.73
7987,5.73,37.35,70,10.27,110.06,19,77.7,Valve Sticking,1.06,48.14
7988,6.05,37.45,80,9.87,112.05,19,77.62,Valve Sticking,1.53,48.17
7989,5.73,37.27,90,9.96,106.65,19,77.53,Valve Sticking,1.02,48.07
7990,5.89,37.16,100,10.39,109.72,19,77.44,Valve Sticking,0.91,47.9
7991,5.69,37.25,90,9.39,108.33,19,77.39,Valve Sticking,1.09,48.25
7992,5.88,37.41,80,10.21,110.15,19,77.32,Valve Sticking,1.09,47.46
7993,5.77,37.5,70,9.92,112.18,19,77.26,Valve Sticking,1.16,47.52
7994,5.61,37.28,60,10.09,110.96,19,77.18,Valve Sticking,1.83,47.49
7995,5.66,36.95,50,9.63,113.13,19,77.13,Valve Sticking,1.55,47.57
7996,5.8,36.81,40,9.8,110.18,19,77.03,Valve Sticking,1.4,48.0
7997,5.69,36.72,30,9.38,110.48,19,76.95,Valve Sticking,1.24,47.7
7998,5.89,36.71,20,9.88,114.45,19,76.88,Valve Sticking,1.6,48.18
7999,5.75,36.77,10,9.55,112.25,19,76.82,Valve Sticking,1.63,47.81
8000,6.05,36.79,0,9.74,107.24,20,76.74,Valve Sticking,0.85,47.6
8001,5.21,30.11,10,9.98,125.43,0,100.0,Healthy,0.44,14.61
8002,5.25,30.35,20,9.92,126.39,0,100.0,Healthy,0.45,13.37
8003,5.24,30.53,30,9.81,127.43,0,100.0,Healthy,0.4,13.36
8004,5.21,30.6,40,9.82,123.26,0,99.99,Healthy,0.41,13.24
8005,5.23,30.57,50,10.05,127.4,0,99.99,Healthy,0.25,12.13
8006,5.21,30.53,60,9.89,127.4,0,99.99,Healthy,0.43,11.68
8007,5.1,30.53,70,10.17,124.38,0,99.99,Healthy,0.32,10.72
8008,5.05,30.47,80,9.74,128.35,0,99.98,Healthy,0.26,9.88
8009,5.06,30.52,90,9.98,126.34,0,99.98,Healthy,0.45,9.77
8010,4.97,30.54,100,10.22,124.87,0,99.98,Healthy,0.32,9.47
8011,5.1,30.67,90,10.2,128.6,0,99.98,Healthy,0.42,9.75
8012,5.19,30.7,80,10.19,126.81,0,99.97,Healthy,0.37,8.9
8013,5.04,30.69,70,9.9,124.34,0,99.97,Healthy,0.26,9.13
8014,5.02,30.6,60,9.98,127.99,0,99.97,Healthy,0.44,8.67
8015,5.1,30.63,50,9.76,126.74,0,99.97,Healthy,0.3,7.94
8016,5.13,30.55,40,10.11,125.19,0,99.97,Healthy,0.41,7.3
8017,5.1,30.69,30,10.25,125.8,0,99.96,Healthy,0.36,7.06
8018,4.95,30.82,20,9.84,127.06,0,99.96,Healthy,0.44,7.65
8019,5.13,30.75,10,9.8,126.99,0,99.96,Healthy,0.39,7.03
8020,4.98,30.63,0,10.05,124.81,1,99.95,Healthy,0.4,7.49
8021,5.08,30.73,10,10.2,129.33,1,99.95,Healthy,0.45,7.28
8022,5.14,30.71,20,10.21,127.84,1,99.95,Healthy,0.39,7.76
8023,5.16,30.81,30,10.08,127.95,1,99.95,Healthy,0.45,7.48
8024,5.13,30.83,40,10.19,126.21,1,99.95,Healthy,0.44,7.35
8025,5.1,30.93,50,10.15,126.04,1,99.94,Healthy,0.3,6.68
8026,4.98,30.97,60,10.23,127.19,1,99.94,Healthy,0.26,7.33
8027,5.07,30.78,70,9.84,127.86,1,99.94,Healthy,0.28,7.72
8028,4.95,30.82,80,9.93,129.28,1,99.93,Healthy,0.35,7.05
8029,4.99,30.9,90,10.03,126.23,1,99.93,Healthy,0.4,7.0
8030,5.12,30.88,100,10.23,124.77,1,99.93,Healthy,0.35,7.27
8031,4.98,30.92,90,9.75,127.2,1,99.93,Healthy,0.41,7.04
8032,5.02,30.95,80,9.88,127.16,1,99.92,Healthy,0.41,6.4
8033,5.09,30.81,70,9.7,128.17,1,99.92,Healthy,0.27,6.34
8034,5.13,30.76,60,10.05,125.56,1,99.92,Healthy,0.37,5.91
8035,5.11,30.85,50,9.77,126.17,1,99.92,Healthy,0.31,5.75
8036,4.92,30.77,40,10.31,127.34,1,99.91,Healthy,0.38,5.32
8037,4.92,30.72,30,9.8,125.74,1,99.91,Healthy,0.39,6.06
8038,4.97,30.73,20,9.94,125.68,1,99.91,Healthy,0.21,6.57
8039,5.08,30.67,10,9.75,126.18,1,99.91,Healthy,0.27,6.34
8040,5.02,30.76,0,10.09,126.46,2,99.91,Healthy,0.24,7.06
8041,4.93,30.86,10,10.27,126.59,2,99.91,Healthy,0.37,7.64
8042,4.99,30.8,20,9.76,128.75,2,99.91,Healthy,0.33,8.22
8043,5.06,30.87,30,10.33,128.07,2,99.9,Healthy,0.35,7.84
8044,4.94,30.81,40,10.09,125.7,2,99.9,Healthy,0.44,7.69
8045,4.99,30.89,50,9.66,127.6,2,99.9,Healthy,0.25,7.44
8046,4.94,31.0,60,10.18,127.38,2,99.89,Healthy,0.26,7.63
8047,5.07,30.98,70,10.09,124.94,2,99.89,Healthy,0.43,8.12
8048,4.94,30.83,80,9.9,126.28,2,99.89,Healthy,0.32,7.83
8049,5.14,30.76,90,9.91,126.36,2,99.89,Healthy,0.26,7.92
8050,5.17,30.69,100,10.04,126.19,2,99.89,Healthy,0.28,7.88
8051,4.98,30.68,90,10.33,128.79,2,99.89,Healthy,0.39,7.2
8052,5.02,30.63,80,10.25,128.34,2,99.88,Healthy,0.22,6.79
8053,4.96,30.62,70,9.67,129.69,2,99.88,Healthy,0.3,6.13
8054,5.03,30.7,60,10.15,125.64,2,99.88,Healthy,0.35,6.73
8055,5.06,30.77,50,10.16,125.84,2,99.88,Healthy,0.23,7.03
8056,5.12,30.77,40,10.34,125.23,2,99.87,Healthy,0.4,6.51
8057,4.94,30.83,30,9.75,126.11,2,99.87,Healthy,0.31,6.34
8058,5.02,30.75,20,10.15,126.21,2,99.86,Healthy,0.23,6.68
8059,4.9,30.71,10,10.16,125.93,2,99.86,Healthy,0.38,6.17
8060,4.9,30.62,0,10.28,128.41,3,99.86,Healthy,0.29,5.79
8061,5.02,30.61,10,10.11,127.52,3,99.86,Healthy,0.45,6.57
8062,5.09,30.52,20,9.96,129.34,3,99.86,Healthy,0.26,6.59
8063,5.12,30.55,30,10.01,126.8,3,99.85,Healthy,0.43,6.99
8064,5.03,30.59,40,9.77,126.37,3,99.85,Healthy,0.33,6.78
8065,5.11,30.68,50,9.78,128.5,3,99.85,Pressure Drop,0.36,6.54
8066,5.07,30.63,60,9.98,126.57,3,99.84,Pressure Drop,0.34,6.82
8067,5.0,30.57,70,9.94,125.96,3,99.84,Pressure Drop,0.31,7.17
8068,4.96,30.76,80,9.75,128.2,3,99.83,Pressure Drop,0.45,6.72
8069,4.96,30.62,90,10.03,127.71,3,99.82,Pressure Drop,0.43,6.09
8070,5.04,30.68,100,10.24,128.08,3,99.82,Pressure Drop,0.4,5.65
8071,4.93,30.8,90,10.07,129.16,3,99.81,Pressure Drop,0.34,5.09
8072,5.04,30.76,80,10.17,126.06,3,99.79,Pressure Drop,0.42,5.67
8073,5.01,30.75,70,9.87,127.49,3,99.78,Pressure Drop,0.52,6.09
8074,4.98,30.64,60,10.24,124.67,3,99.75,Pressure Drop,0.34,6.15
8075,5.02,30.65,50,9.86,124.96,3,99.74,Pressure Drop,0.52,5.95
8076,4.98,30.65,40,10.2,127.12,3,99.72,Pressure Drop,0.5,5.8
8077,4.92,30.62,30,10.14,126.11,3,99.71,Pressure Drop,0.45,5.68
8078,4.89,30.71,20,9.68,126.41,3,99.69,Pressure Drop,0.58,5.65
8079,4.68,30.82,10,10.18,127.0,3,99.66,Pressure Drop,0.52,5.81
8080,4.75,30.91,0,9.91,123.96,4,99.63,Pressure Drop,0.65,6.03
8081,4.91,31.0,10,9.76,128.17,4,99.6,Pressure Drop,0.56,5.71
8082,4.94,31.17,20,9.9,124.83,4,99.56,Pressure Drop,0.58,5.13
8083,4.75,31.17,30,9.88,122.86,4,99.52,Pressure Drop,0.71,5.07
8084,4.96,31.3,40,9.84,126.21,4,99.48,Pressure Drop,0.63,5.22
8085,4.8,31.24,50,9.81,124.07,4,99.44,Pressure Drop,0.71,5.46
8086,4.82,31.25,60,9.6,125.65,4,99.39,Pressure Drop,0.59,5.41
8087,4.77,31.18,70,9.47,124.03,4,99.36,Pressure Drop,0.32,5
8088,4.62,31.1,80,9.52,122.88,4,99.32,Pressure Drop,0.53,5.03
8089,4.84,31.16,90,9.55,127.05,4,99.27,Pressure Drop,0.54,5
8090,4.74,31.14,100,9.88,126.01,4,99.21,Pressure Drop,0.59,5.66
8091,4.63,31.19,90,9.67,126.56,4,99.16,Pressure Drop,0.53,5.11
8092,4.82,31.22,80,10.0,125.95,4,99.11,Pressure Drop,0.7,5
8093,4.5,31.14,70,9.99,126.2,4,99.06,Pressure Drop,0.56,5
8094,4.59,31.08,60,9.79,126.01,4,99.03,Pressure Drop,0.67,5.06
8095,4.75,31.12,50,9.53,127.23,4,98.99,Pressure Drop,0.45,5.18
8096,4.63,31.13,40,9.71,122.37,4,98.95,Pressure Drop,0.56,5.35
8097,4.61,31.12,30,9.6,125.45,4,98.91,Pressure Drop,0.73,6.0
8098,4.5,31.09,20,9.75,120.56,4,98.86,Pressure Drop,0.77,5.87
8099,4.56,31.18,10,9.68,124.54,4,98.82,Pressure Drop,0.92,5.46
8100,4.79,31.13,0,9.58,123.4,5,98.76,Pressure Drop,0.76,5
8101,4.82,31.07,10,9.66,123.16,5,98.68,Pressure Drop,0.66,5.41
8102,4.89,31.25,20,9.58,124.89,5,98.63,Pressure Drop,0.47,6.07
8103,4.59,31.5,30,9.95,119.0,5,98.56,Pressure Drop,0.87,6.16
8104,4.74,31.64,40,9.72,120.89,5,98.47,Pressure Drop,0.82,5.67
8105,4.61,31.58,50,9.88,124.42,5,98.39,Pressure Drop,0.71,5.24
8106,4.28,31.39,60,9.97,123.66,5,98.3,Pressure Drop,0.7,5
8107,4.5,31.34,70,9.85,119.28,5,98.2,Pressure Drop,0.67,5.38
8108,4.63,31.1,80,9.62,121.39,5,98.11,Pressure Drop,1.06,5.82
8109,4.68,31.18,90,9.69,126.55,5,98.06,Pressure Drop,0.69,5.78
8110,4.55,31.2,100,9.83,126.56,5,97.95,Pressure Drop,0.47,6.16
8111,4.44,31.1,90,10.06,124.59,5,97.84,Pressure Drop,0.86,6.78
8112,4.41,31.11,80,9.6,120.83,5,97.77,Pressure Drop,1.02,6.11
8113,4.42,30.99,70,9.49,122.24,5,97.67,Pressure Drop,0.99,5.94
8114,4.78,31.14,60,10.11,122.01,5,97.57,Pressure Drop,0.45,5.63
8115,4.51,31.4,50,9.3,120.69,5,97.47,Pressure Drop,0.89,6.18
8116,4.44,31.26,40,9.61,121.63,5,97.39,Pressure Drop,0.99,6.87
8117,4.46,31.43,30,10.23,120.1,5,97.32,Pressure Drop,1.14,6.86
8118,4.67,31.66,20,9.75,121.2,5,97.23,Pressure Drop,0.59,6.82
8119,4.55,31.73,10,9.22,117.08,5,97.16,Pressure Drop,0.68,6.53
8120,4.28,31.81,0,9.69,120.55,6,97.08,Pressure Drop,1.13,7.12
8121,4.47,31.82,10,9.91,123.52,6,96.96,Pressure Drop,0.89,6.8
8122,4.41,32.02,20,9.75,121.21,6,96.88,Pressure Drop,0.84,6.66
8123,4.83,32.09,30,9.58,122.93,6,96.78,Pressure Drop,1.03,7.02
8124,4.33,32.02,40,9.84,121.03,6,96.65,Pressure Drop,0.73,6.72
8125,4.31,32.02,50,9.42,119.14,6,96.51,Pressure Drop,0.64,6.19
8126,4.53,32.11,60,9.68,124.41,6,96.41,Pressure Drop,1.18,5.71
8127,4.73,32.1,70,9.28,117.53,6,96.27,Pressure Drop,0.68,5.8
8128,4.72,31.98,80,9.39,126.49,6,96.19,Pressure Drop,1.33,6.2
8129,4.7,31.97,90,9.01,126.31,6,96.07,Pressure Drop,1.32,6.83
8130,4.57,31.94,100,9.21,121.78,6,95.97,Pressure Drop,1.35,6.42
8131,4.4,31.76,90,9.69,121.41,6,95.89,Pressure Drop,1.37,7.03
8132,4.07,31.6,80,9.75,124.35,6,95.78,Pressure Drop,1.32,7.02
8133,4.62,31.77,70,9.45,119.75,6,95.7,Pressure Drop,1.23,6.34
8134,4.38,31.72,60,9.57,122.26,6,95.58,Pressure Drop,1.35,6.55
8135,4.48,31.59,50,9.61,122.85,6,95.46,Pressure Drop,0.93,7.11
8136,4.34,31.51,40,10.19,120.75,6,95.36,Pressure Drop,0.58,6.55
8137,4.47,31.55,30,9.56,121.37,6,95.24,Pressure Drop,0.66,6.66
8138,4.29,31.77,20,9.65,121.3,6,95.11,Pressure Drop,1.03,7.11
8139,4.2,31.83,10,9.63,122.24,6,95.01,Pressure Drop,0.62,6.43
8140,4.85,32.14,0,9.56,120.12,7,94.94,Pressure Drop,0.89,7.05
8141,4.52,32.26,10,9.65,121.32,7,94.8,Pressure Drop,1.19,6.46
8142,4.4,32.18,20,9.67,117.1,7,94.69,Pressure Drop,0.64,6.57
8143,4.21,32.09,30,9.6,123.05,7,94.62,Pressure Drop,0.67,6.23
8144,4.43,32.22,40,9.14,120.64,7,94.5,Pressure Drop,1.24,6.43
8145,4.22,32.15,50,10.0,122.29,7,94.42,Pressure Drop,0.89,6.54
8146,4.36,32.32,60,9.19,116.76,7,94.31,Pressure Drop,1.0,6.02
8147,4.21,32.39,70,9.61,117.65,7,94.24,Pressure Drop,0.97,5.86
8148,4.23,32.37,80,9.9,122.65,7,94.1,Pressure Drop,0.95,5.65
8149,4.64,32.43,90,9.18,118.56,7,94.03,Pressure Drop,0.54,5.45
8150,4.11,32.48,100,9.68,122.27,7,93.95,Pressure Drop,0.89,5.31
8151,4.42,32.38,90,9.8,121.76,7,93.83,Pressure Drop,1.17,5.74
8152,4.16,32.28,80,10.05,122.74,7,93.71,Pressure Drop,0.69,5.45
8153,4.46,32.25,70,9.2,117.52,7,93.59,Pressure Drop,1.05,5.4
8154,4.42,32.31,60,9.93,116.22,7,93.47,Pressure Drop,0.86,6.21
8155,4.74,31.98,50,9.43,123.65,7,93.35,Pressure Drop,0.75,6.47
8156,4.28,31.88,40,9.68,124.59,7,93.27,Pressure Drop,1.1,6.55
8157,4.16,31.94,30,9.76,118.29,7,93.13,Pressure Drop,0.97,6.2
8158,4.73,31.89,20,9.94,123.07,7,93.01,Pressure Drop,1.1,5.83
8159,4.17,32.09,10,9.51,120.17,7,92.93,Pressure Drop,1.07,6.5
8160,4.08,31.87,0,9.57,122.3,8,92.8,Pressure Drop,0.76,6.15
8161,4.37,31.81,10,9.23,115.61,8,92.7,Pressure Drop,0.64,6.49
8162,4.4,32.03,20,9.5,121.43,8,92.63,Pressure Drop,0.59,6.52
8163,4.31,31.86,30,9.41,123.25,8,92.51,Pressure Drop,1.19,6.59
8164,4.1,31.81,40,9.44,124.91,8,92.38,Pressure Drop,0.8,6.42
8165,4.29,31.78,50,9.58,118.17,8,92.29,Pressure Drop,1.21,6.14
8166,4.28,31.92,60,9.93,125.5,8,92.17,Pressure Drop,1.33,6.51
8167,4.48,32.17,70,10.08,119.87,8,92.08,Pressure Drop,1.44,5.98
8168,4.32,32.21,80,9.58,122.27,8,91.97,Pressure Drop,1.26,6.27
8169,4.58,32.21,90,9.52,121.15,8,91.87,Pressure Drop,1.18,6.71
8170,4.38,32.12,100,9.68,121.63,8,91.73,Pressure Drop,1.14,6.05
8171,4.2,32.06,90,9.9,118.48,8,91.63,Pressure Drop,0.82,5.97
8172,4.08,31.88,80,9.52,117.84,8,91.5,Pressure Drop,0.82,6.57
8173,4.67,31.88,70,9.67,122.4,8,91.43,Pressure Drop,0.93,6.84
8174,4.86,31.78,60,9.42,118.28,8,91.3,Pressure Drop,0.94,7.28
8175,4.24,31.59,50,9.64,119.62,8,91.18,Pressure Drop,0.92,6.69
8176,4.28,31.79,40,9.83,116.96,8,91.09,Pressure Drop,0.89,6.09
8177,4.38,31.73,30,9.86,120.71,8,90.96,Pressure Drop,0.98,6.14
8178,4.12,31.7,20,10.03,116.87,8,90.88,Pressure Drop,0.63,6.22
8179,4.29,31.96,10,9.51,119.35,8,90.79,Pressure Drop,0.83,6.68
8180,4.8,32.13,0,9.55,120.47,9,90.67,Pressure Drop,1.05,6.26
8181,4.19,32.35,10,9.73,121.91,9,90.54,Pressure Drop,1.13,6.71
8182,4.4,32.39,20,9.86,122.33,9,90.46,Pressure Drop,1.35,7.19
8183,4.67,32.43,30,9.87,120.6,9,90.36,Pressure Drop,0.94,7.66
8184,4.31,32.34,40,9.89,116.71,9,90.27,Pressure Drop,0.65,7.04
8185,4.44,32.45,50,9.7,117.93,9,90.15,Pressure Drop,1.06,6.94
8186,4.46,32.34,60,9.51,123.45,9,90.05,Pressure Drop,1.15,7.62
8187,4.54,31.98,70,9.46,119.4,9,89.96,Pressure Drop,0.74,7.4
8188,4.41,31.74,80,9.16,118.22,9,89.89,Pressure Drop,0.71,8.01
8189,4.85,31.91,90,9.37,118.55,9,89.79,Pressure Drop,1.1,8.47
8190,4.36,32.2,100,9.77,123.34,9,89.71,Pressure Drop,0.56,7.74
8191,4.38,32.16,90,9.84,124.81,9,89.58,Pressure Drop,0.8,7.91
8192,4.53,32.29,80,10.02,118.06,9,89.46,Pressure Drop,0.68,8.36
8193,4.48,32.08,70,9.32,122.07,9,89.38,Pressure Drop,0.74,7.86
8194,4.67,32.22,60,9.22,119.83,9,89.29,Pressure Drop,0.8,7.78
8195,4.29,32.43,50,9.24,121.57,9,89.18,Pressure Drop,1.1,7.13
8196,4.51,32.52,40,9.52,117.46,9,89.06,Pressure Drop,1.15,7.24
8197,4.42,32.46,30,9.66,121.84,9,88.94,Pressure Drop,1.15,7.28
8198,4.44,32.3,20,9.97,125.77,9,88.8,Pressure Drop,1.33,7.72
8199,4.79,32.31,10,9.76,119.94,9,88.67,Pressure Drop,0.7,7.83
8200,4.25,32.29,0,10.16,117.99,10,88.56,Pressure Drop,1.21,8.22
8201,4.27,32.1,10,9.36,116.6,10,88.43,Pressure Drop,1.34,8.34
8202,4.65,32.33,20,9.72,117.97,10,88.34,Pressure Drop,1.03,7.84
8203,4.52,32.28,30,9.8,123.3,10,88.2,Pressure Drop,1.12,7.11
8204,4.45,32.11,40,10.06,117.84,10,88.08,Pressure Drop,1.15,6.78
8205,4.61,31.73,50,9.6,117.74,10,87.98,Pressure Drop,0.77,6.29
8206,4.47,31.74,60,10.03,122.51,10,87.87,Pressure Drop,0.91,6.72
8207,4.35,31.64,70,9.49,120.7,10,87.76,Pressure Drop,1.21,6.92
8208,4.7,31.43,80,10.11,122.15,10,87.64,Pressure Drop,0.83,7.49
8209,4.7,31.65,90,9.66,117.02,10,87.55,Pressure Drop,0.99,6.98
8210,4.18,31.59,100,9.55,119.83,10,87.44,Pressure Drop,1.34,6.64
8211,4.22,31.48,90,9.57,121.16,10,87.32,Pressure Drop,0.5,6.64
8212,4.47,31.51,80,10.0,124.16,10,87.24,Pressure Drop,0.98,6.54
8213,4.2,31.6,70,9.75,118.04,10,87.16,Pressure Drop,0.83,6.26
8214,4.6,31.55,60,9.68,122.93,10,87.02,Pressure Drop,1.01,6.66
8215,4.55,31.68,50,9.4,121.36,10,86.92,Pressure Drop,0.87,6.39
8216,4.13,31.47,40,10.05,123.76,10,86.83,Pressure Drop,1.35,6.74
8217,4.26,31.23,30,9.9,125.54,10,86.74,Pressure Drop,1.11,6.33
8218,4.21,31.22,20,9.47,122.57,10,86.61,Pressure Drop,0.7,6.92
8219,4.65,31.66,10,10.14,119.37,10,86.49,Pressure Drop,0.99,7.25
8220,4.2,31.76,0,9.67,114.88,11,86.42,Pressure Drop,0.75,7.41
8221,4.77,31.6,10,9.69,122.74,11,86.32,Pressure Drop,0.79,8.01
8222,4.42,31.87,20,9.86,123.11,11,86.19,Pressure Drop,1.13,8.17
8223,4.76,31.94,30,9.55,121.39,11,86.11,Pressure Drop,0.99,8.16
8224,4.74,31.95,40,9.63,120.01,11,86.04,Pressure Drop,1.0,7.96
8225,4.59,32.11,50,9.48,116.76,11,85.9,Pressure Drop,1.24,7.83
8226,4.42,31.87,60,9.5,119.55,11,85.8,Pressure Drop,1.22,8.23
8227,4.52,31.77,70,10.0,120.53,11,85.71,Pressure Drop,0.91,7.64
8228,4.65,31.49,80,10.0,121.66,11,85.59,Pressure Drop,1.09,7.45
8229,4.22,31.77,90,9.46,119.99,11,85.48,Pressure Drop,0.61,6.94
8230,4.48,31.68,100,9.55,119.92,11,85.41,Pressure Drop,0.56,6.48
8231,4.25,31.61,90,9.62,117.19,11,85.33,Pressure Drop,1.24,7.04
8232,4.61,31.62,80,9.78,120.21,11,85.23,Pressure Drop,0.9,7.72
8233,4.13,31.7,70,9.42,117.59,11,85.1,Pressure Drop,1.27,6.97
8234,4.77,31.69,60,9.61,117.25,11,85.0,Pressure Drop,1.27,6.99
8235,4.09,31.57,50,9.6,121.7,11,84.88,Pressure Drop,0.94,7.2
8236,4.17,31.58,40,10.04,117.84,11,84.74,Pressure Drop,0.57,6.87
8237,4.68,31.63,30,9.17,120.58,11,84.64,Pressure Drop,1.0,6.86
8238,4.78,31.78,20,9.71,121.9,11,84.56,Pressure Drop,0.96,6.19
8239,4.45,31.76,10,9.82,120.73,11,84.47,Pressure Drop,1.38,5.96
8240,4.18,31.85,0,9.66,120.41,12,84.38,Pressure Drop,1.05,5.71
8241,4.5,31.85,10,9.66,122.22,12,84.25,Pressure Drop,0.56,5.78
8242,4.62,32.01,20,9.57,120.28,12,84.14,Pressure Drop,0.66,6.41
8243,4.61,31.93,30,9.43,121.66,12,84.04,Pressure Drop,0.72,5.76
8244,4.32,32.07,40,10.11,125.68,12,83.91,Pressure Drop,0.77,6.3
8245,4.39,31.97,50,9.59,123.21,12,83.79,Pressure Drop,1.09,5.98
8246,4.14,31.82,60,9.91,120.91,12,83.65,Pressure Drop,0.77,6.35
8247,4.66,31.98,70,9.41,122.1,12,83.51,Pressure Drop,1.18,6.11
8248,4.75,32.13,80,9.23,119.5,12,83.44,Pressure Drop,1.35,5.83
8249,4.48,31.78,90,9.93,118.41,12,83.37,Pressure Drop,0.87,5.84
8250,4.71,31.77,100,9.59,118.52,12,83.28,Pressure Drop,1.31,5.78
8251,4.3,31.93,90,9.75,121.65,12,83.14,Pressure Drop,0.67,6.31
8252,4.25,31.94,80,9.95,118.36,12,83.03,Pressure Drop,0.66,7.06
8253,4.43,32.05,70,9.87,119.4,12,82.92,Pressure Drop,0.73,7.65
8254,4.19,32.03,60,9.44,117.74,12,82.84,Pressure Drop,1.03,6.94
8255,4.65,32.02,50,9.53,120.62,12,82.74,Pressure Drop,1.25,7.23
8256,4.72,32.03,40,9.2,118.1,12,82.6,Pressure Drop,0.85,7.78
8257,4.59,32.07,30,9.57,117.73,12,82.5,Pressure Drop,0.88,7.73
8258,4.37,32.0,20,9.98,119.37,12,82.41,Pressure Drop,0.95,7.5
8259,4.54,31.89,10,9.8,121.53,12,82.32,Pressure Drop,1.18,7.46
8260,4.52,31.95,0,10.0,119.71,13,82.23,Pressure Drop,0.78,6.9
8261,4.51,31.8,10,9.43,123.37,13,82.11,Pressure Drop,1.16,6.69
8262,4.71,31.68,20,10.0,120.66,13,82.03,Pressure Drop,0.73,6.63
8263,4.85,31.73,30,9.3,122.35,13,81.91,Pressure Drop,1.23,6.13
8264,4.85,31.91,40,9.43,117.97,13,81.85,Pressure Drop,0.84,6.1
8265,4.38,31.8,50,9.47,118.59,13,81.72,Pressure Drop,0.71,5.73
8266,4.46,31.84,60,9.79,121.8,13,81.58,Pressure Drop,1.05,5.9
8267,4.81,32.02,70,9.94,125.03,13,81.45,Pressure Drop,0.76,6.19
8268,4.06,32.14,80,9.49,120.39,13,81.33,Pressure Drop,0.9,6.41
8269,4.04,32.14,90,9.9,121.57,13,81.21,Pressure Drop,0.56,5.97
8270,4.75,31.9,100,9.85,122.53,13,81.1,Pressure Drop,1.14,5.57
8271,4.58,31.6,90,9.71,122.71,13,80.96,Pressure Drop,0.84,5.71
8272,4.31,31.7,80,9.16,123.42,13,80.85,Pressure Drop,0.99,5.49
8273,4.27,31.79,70,9.9,118.46,13,80.76,Pressure Drop,0.96,5
8274,4.73,31.94,60,9.71,122.69,13,80.68,Pressure Drop,1.08,5.04
8275,4.32,32.1,50,9.46,121.71,13,80.55,Pressure Drop,1.4,5.38
8276,4.23,32.34,40,9.9,121.2,13,80.45,Pressure Drop,1.21,5.86
8277,4.56,32.15,30,9.42,120.76,13,80.31,Pressure Drop,1.18,6.61
8278,4.59,32.05,20,9.7,122.46,13,80.2,Pressure Drop,0.71,6.19
8279,4.65,32.04,10,9.39,118.18,13,80.13,Pressure Drop,0.68,6.39
8280,4.31,31.86,0,9.87,117.96,14,80.05,Pressure Drop,1.04,6.32
8281,4.49,31.92,10,9.88,117.29,14,79.97,Pressure Drop,0.8,5.89
8282,4.78,32.06,20,9.97,117.15,14,79.83,Pressure Drop,0.83,6.36
8283,4.42,32.03,30,10.0,124.31,14,79.73,Pressure Drop,1.06,6.36
8284,4.7,31.89,40,9.5,123.06,14,79.65,Pressure Drop,1.25,6.83
8285,4.61,32.07,50,9.59,117.92,14,79.57,Pressure Drop,1.29,6.27
8286,4.18,32.34,60,9.68,117.82,14,79.48,Pressure Drop,0.73,6.98
8287,4.67,32.44,70,9.3,121.65,14,79.41,Pressure Drop,1.21,7.42
8288,4.62,32.36,80,9.41,119.01,14,79.27,Pressure Drop,0.86,6.7
8289,4.42,32.5,90,9.69,116.85,14,79.19,Pressure Drop,0.64,6.34
8290,4.52,32.51,100,9.47,124.84,14,79.09,Pressure Drop,1.05,6.2
8291,4.14,32.42,90,10.02,121.31,14,78.98,Pressure Drop,1.02,5.69
8292,4.58,32.54,80,9.85,119.45,14,78.85,Pressure Drop,0.86,5.14
8293,4.62,32.57,70,9.6,121.14,14,78.77,Pressure Drop,1.26,5
8294,4.88,32.59,60,9.49,123.78,14,78.63,Pressure Drop,0.78,5.69
8295,4.45,32.26,50,9.7,117.17,14,78.53,Pressure Drop,1.4,5.62
8296,4.7,32.35,40,9.15,115.41,14,78.41,Pressure Drop,1.2,5.49
8297,4.23,32.23,30,9.04,116.5,14,78.33,Pressure Drop,0.72,5.42
8298,4.58,32.2,20,10.11,121.16,14,78.21,Pressure Drop,0.89,5.83
8299,4.32,32.42,10,9.51,121.09,14,78.08,Pressure Drop,1.19,5.95
8300,4.46,32.59,0,9.33,119.03,15,77.98,Pressure Drop,0.74,6.63
8301,4.52,32.7,10,9.65,115.09,15,77.85,Pressure Drop,1.19,6.11
8302,4.33,32.59,20,9.97,119.58,15,77.75,Pressure Drop,0.89,6.2
8303,4.51,32.62,30,9.12,121.92,15,77.66,Pressure Drop,0.79,6.81
8304,4.48,32.37,40,9.5,119.8,15,77.57,Pressure Drop,0.95,6.38
8305,4.16,32.3,50,9.33,122.74,15,77.44,Pressure Drop,0.72,6.2
8306,4.12,32.37,60,9.86,125.34,15,77.32,Pressure Drop,0.53,5.62
8307,4.17,32.23,70,9.34,119.75,15,77.25,Pressure Drop,0.89,6.23
8308,4.1,32.12,80,9.73,117.26,15,77.13,Pressure Drop,1.02,6.35
8309,4.09,31.97,90,9.54,121.63,15,77.0,Pressure Drop,1.27,6.21
8310,4.4,32.03,100,9.72,118.84,15,76.88,Pressure Drop,1.11,6.32
8311,4.82,32.06,90,9.65,123.56,15,76.78,Pressure Drop,1.19,5.91
8312,4.52,32.35,80,9.6,116.76,15,76.7,Pressure Drop,0.97,5.93
8313,4.51,32.33,70,9.24,118.08,15,76.58,Pressure Drop,0.77,6.56
8314,4.69,32.11,60,9.68,117.96,15,76.44,Pressure Drop,0.88,6.53
8315,4.67,32.13,50,9.8,119.29,15,76.33,Pressure Drop,0.95,7.22
8316,4.25,32.08,40,9.3,118.58,15,76.25,Pressure Drop,1.29,7.55
8317,4.61,32.06,30,9.34,120.49,15,76.17,Pressure Drop,0.88,7.01
8318,4.26,32.13,20,9.21,119.48,15,76.1,Pressure Drop,1.31,6.53
8319,4.78,32.16,10,9.85,119.98,15,75.96,Pressure Drop,1.26,6.55
8320,4.42,32.25,0,9.48,122.88,16,75.84,Pressure Drop,0.78,6.51
8321,4.68,32.46,10,9.55,121.03,16,75.7,Pressure Drop,1.26,7.13
8322,4.26,32.25,20,9.96,120.77,16,75.56,Pressure Drop,0.68,7.14
8323,4.72,32.17,30,9.01,119.99,16,75.49,Pressure Drop,0.74,6.53
8324,4.37,32.2,40,10.06,125.41,16,75.35,Pressure Drop,1.32,6.36
8325,4.73,32.15,50,10.13,125.8,16,75.22,Pressure Drop,0.81,6.3
8326,4.5,32.13,60,9.68,121.02,16,75.08,Pressure Drop,1.07,6.32
8327,4.89,32.28,70,9.71,121.0,16,74.96,Pressure Drop,0.57,6.84
8328,4.48,32.01,80,9.43,121.83,16,74.83,Pressure Drop,1.27,7.04
8329,4.49,32.02,90,9.6,125.46,16,74.73,Pressure Drop,1.0,6.55
8330,4.14,31.83,100,9.93,124.25,16,74.61,Pressure Drop,1.0,6.7
8331,4.72,31.97,90,9.39,118.72,16,74.54,Pressure Drop,0.53,7.17
8332,4.55,31.87,80,9.47,120.63,16,74.4,Pressure Drop,0.69,7.46
8333,4.43,31.79,70,10.09,120.71,16,74.28,Pressure Drop,0.99,8.0
8334,4.69,32.1,60,10.12,117.78,16,74.15,Pressure Drop,1.33,7.24
8335,4.36,32.03,50,9.87,119.46,16,74.04,Pressure Drop,0.96,6.64
8336,4.46,32.0,40,10.08,120.5,16,73.94,Pressure Drop,0.65,6.98
8337,4.41,32.06,30,10.15,118.31,16,73.83,Pressure Drop,0.89,7.48
8338,4.61,31.79,20,9.83,121.89,16,73.72,Pressure Drop,1.08,7.69
8339,4.32,31.86,10,9.32,120.22,16,73.59,Pressure Drop,0.81,8.09
8340,4.23,31.88,0,9.56,118.86,17,73.51,Pressure Drop,1.16,8.68
8341,4.51,31.94,10,9.76,122.55,17,73.37,Pressure Drop,0.83,7.95
8342,4.53,31.89,20,9.8,122.22,17,73.28,Pressure Drop,1.07,8.09
8343,4.38,31.97,30,10.15,125.19,17,73.21,Pressure Drop,1.0,8.02
8344,4.64,31.76,40,9.56,121.6,17,73.14,Pressure Drop,1.09,7.54
8345,4.45,31.94,50,9.13,116.08,17,73.01,Pressure Drop,1.31,7.16
8346,4.18,31.85,60,9.43,124.02,17,72.87,Pressure Drop,0.85,7.51
8347,4.43,32.07,70,9.79,116.52,17,72.8,Pressure Drop,0.81,7.55
8348,4.63,32.26,80,9.81,120.18,17,72.71,Pressure Drop,0.71,7.05
8349,4.1,32.13,90,9.62,114.94,17,72.6,Pressure Drop,0.58,6.36
8350,4.62,31.71,100,9.36,118.41,17,72.47,Pressure Drop,1.14,6.86
8351,4.39,31.78,90,9.27,121.42,17,72.35,Pressure Drop,1.36,6.28
8352,4.07,31.94,80,9.51,118.77,17,72.24,Pressure Drop,0.69,6.74
8353,4.42,31.9,70,9.73,118.59,17,72.16,Pressure Drop,0.53,7.16
8354,4.21,31.67,60,9.14,118.36,17,72.09,Pressure Drop,0.51,7.79
8355,4.21,31.65,50,9.64,121.32,17,71.98,Pressure Drop,1.38,7.78
8356,4.66,31.78,40,9.74,122.29,17,71.85,Pressure Drop,1.03,7.53
8357,3.98,31.62,30,9.6,121.94,17,71.78,Pressure Drop,1.37,6.82
8358,4.63,31.53,20,9.93,118.56,17,71.69,Pressure Drop,0.94,7.19
8359,4.55,31.74,10,9.67,122.04,17,71.59,Pressure Drop,0.82,6.49
8360,4.8,32.06,0,9.83,120.62,18,71.47,Pressure Drop,1.22,6.15
8361,4.58,31.95,10,9.67,117.14,18,71.4,Pressure Drop,1.38,5.85
8362,4.37,32.06,20,9.11,123.97,18,71.3,Pressure Drop,0.88,6.09
8363,4.31,31.87,30,9.78,114.86,18,71.21,Pressure Drop,0.83,6.55
8364,4.8,31.98,40,10.05,125.18,18,71.11,Pressure Drop,0.62,6.47
8365,4.13,32.09,50,10.18,122.22,18,71.0,Pressure Drop,0.98,7.15
8366,4.48,32.09,60,9.77,116.65,18,70.87,Pressure Drop,1.08,7.68
8367,4.46,32.31,70,10.07,119.5,18,70.79,Pressure Drop,0.73,6.93
8368,4.01,32.11,80,9.1,114.57,18,70.65,Pressure Drop,0.85,7.07
8369,4.78,32.08,90,9.85,121.41,18,70.58,Pressure Drop,0.78,7.3
8370,4.67,32.03,100,9.8,125.36,18,70.46,Pressure Drop,0.61,7.2
8371,4.05,31.88,90,9.91,122.36,18,70.39,Pressure Drop,0.76,6.86
8372,4.74,31.96,80,9.56,121.3,18,70.31,Pressure Drop,0.58,6.8
8373,4.51,32.02,70,9.16,117.79,18,70.19,Pressure Drop,1.05,6.41
8374,4.18,31.98,60,9.36,121.87,18,70.09,Pressure Drop,1.03,6.04
8375,4.87,32.16,50,9.23,121.82,18,69.96,Pressure Drop,1.27,6.34
8376,4.61,32.16,40,10.03,116.61,18,69.82,Pressure Drop,1.31,6.83
8377,4.57,32.04,30,9.12,118.85,18,69.75,Pressure Drop,0.86,6.97
8378,4.12,32.05,20,9.46,119.58,18,69.67,Pressure Drop,0.97,7.2
8379,4.52,31.94,10,9.27,118.99,18,69.54,Pressure Drop,1.01,7.28
8380,4.48,31.81,0,9.62,117.31,19,69.48,Pressure Drop,0.79,6.62
8381,4.21,31.8,10,9.82,122.93,19,69.39,Pressure Drop,0.8,6.97
8382,4.22,31.69,20,9.7,121.43,19,69.29,Pressure Drop,0.7,7.16
8383,4.78,31.49,30,9.59,124.37,19,69.19,Pressure Drop,0.96,6.61
8384,4.17,31.65,40,9.72,121.37,19,69.07,Pressure Drop,0.72,7.23
8385,4.23,31.67,50,10.08,121.55,19,68.97,Pressure Drop,1.13,7.17
8386,4.69,31.77,60,9.85,123.44,19,68.86,Pressure Drop,0.76,6.98
8387,4.35,32.01,70,9.4,122.5,19,68.74,Pressure Drop,0.7,6.69
8388,4.34,32.22,80,9.33,121.15,19,68.62,Pressure Drop,0.9,6.14
8389,4.27,32.26,90,9.66,122.73,19,68.53,Pressure Drop,1.18,5.71
8390,4.6,32.31,100,9.65,118.92,19,68.41,Pressure Drop,1.11,5.7
8391,4.15,31.99,90,9.68,122.05,19,68.33,Pressure Drop,0.86,5.59
8392,4.23,31.79,80,9.49,123.5,19,68.24,Pressure Drop,0.63,5.47
8393,4.38,31.97,70,9.34,121.5,19,68.15,Pressure Drop,1.19,5.78
8394,4.68,31.63,60,9.77,121.41,19,68.01,Pressure Drop,0.95,5.31
8395,4.31,31.46,50,9.62,119.52,19,67.88,Pressure Drop,0.75,5.92
8396,4.37,31.64,40,9.44,117.87,19,67.8,Pressure Drop,0.82,6.38
8397,4.69,31.7,30,10.1,122.44,19,67.69,Pressure Drop,1.3,6.83
8398,4.24,31.65,20,9.99,121.36,19,67.56,Pressure Drop,0.57,6.18
8399,4.72,31.71,10,9.72,124.37,19,67.48,Pressure Drop,1.38,6.53
8400,4.72,31.74,0,9.58,120.41,20,67.36,Pressure Drop,0.89,6.62
8401,5.13,30.15,10,9.68,127.28,0,100.0,Healthy,0.39,14.85
8402,5.22,30.38,20,10.08,124.44,0,99.99,Healthy,0.31,14.88
8403,5.09,30.58,30,10.13,123.17,0,99.99,Healthy,0.34,14.79
8404,5.21,30.83,40,9.94,126.32,0,99.99,Healthy,0.47,13.58
8405,5.26,30.8,50,10.1,123.9,0,99.98,Healthy,0.37,13.51
8406,5.14,30.91,60,10.33,125.64,0,99.98,Healthy,0.39,13.05
8407,5.15,30.91,70,9.78,126.73,0,99.98,Healthy,0.25,13.15
8408,5.17,30.94,80,10.08,123.33,0,99.97,Healthy,0.27,12.94
8409,5.17,30.92,90,10.29,124.08,0,99.97,Healthy,0.45,12.53
8410,5.03,31.01,100,9.72,125.82,0,99.97,Healthy,0.29,11.9
8411,5.18,30.93,90,10.22,127.98,0,99.97,Healthy,0.26,11.9
8412,5.07,31.13,80,10.23,124.08,0,99.97,Healthy,0.38,11.18
8413,5.15,31.07,70,9.72,126.81,0,99.96,Healthy,0.28,10.22
8414,4.99,31.02,60,10.23,123.85,0,99.96,Healthy,0.33,9.79
8415,5.06,31.02,50,9.93,128.65,0,99.96,Healthy,0.44,9.8
8416,5.04,30.86,40,10.28,126.82,0,99.96,Healthy,0.43,9.53
8417,5.05,30.97,30,10.07,127.46,0,99.96,Healthy,0.38,9.77
8418,5.15,30.92,20,10.02,124.44,0,99.95,Healthy,0.25,10.21
8419,5.2,30.94,10,9.81,124.45,0,99.95,Healthy,0.32,9.49
8420,5.18,30.88,0,9.83,127.89,1,99.95,Healthy,0.23,9.02
8421,5.13,30.81,10,10.02,126.91,1,99.94,Healthy,0.37,8.35
8422,4.95,30.8,20,9.83,125.09,1,99.94,Healthy,0.33,7.85
8423,4.96,30.71,30,9.73,125.01,1,99.93,Healthy,0.34,7.14
8424,5.02,30.82,40,9.67,124.49,1,99.93,Healthy,0.39,7.44
8425,5.01,30.73,50,10.22,127.99,1,99.93,Healthy,0.29,7.75
8426,5.17,30.74,60,9.73,129.16,1,99.93,Healthy,0.33,8.07
8427,4.94,30.74,70,9.95,126.99,1,99.92,Healthy,0.26,7.43
8428,4.94,30.72,80,10.02,126.01,1,99.92,Healthy,0.25,7.31
8429,5.1,30.69,90,10.35,126.73,1,99.92,Healthy,0.29,7.46
8430,5.09,30.68,100,9.98,125.49,1,99.92,Healthy,0.44,7.58
8431,5.04,30.61,90,9.93,127.43,1,99.92,Healthy,0.22,7.27
8432,4.93,30.48,80,10.31,125.22,1,99.91,Healthy,0.43,7.03
8433,4.94,30.65,70,10.14,126.71,1,99.91,Healthy,0.27,7.33
8434,5.02,30.76,60,9.76,125.93,1,99.91,Healthy,0.35,7.43
8435,4.94,30.83,50,9.99,128.62,1,99.91,Healthy,0.3,7.43
8436,5.13,30.79,40,9.78,124.67,1,99.91,Healthy,0.4,7.53
8437,5.05,30.79,30,10.26,125.18,1,99.9,Healthy,0.27,7.4
8438,5.0,30.87,20,10.22,124.79,1,99.9,Healthy,0.43,7.91
8439,4.98,30.95,10,9.83,126.9,1,99.9,Healthy,0.29,7.49
8440,5.12,30.84,0,10.1,125.32,2,99.9,Healthy,0.25,6.9
8441,5.04,30.72,10,9.96,125.58,2,99.89,Healthy,0.4,6.69
8442,5.08,30.79,20,9.84,129.42,2,99.89,Healthy,0.36,6.27
8443,5.04,30.7,30,9.79,129.49,2,99.89,Healthy,0.27,6.32
8444,4.96,30.72,40,10.21,126.53,2,99.88,Healthy,0.31,6.16
8445,4.97,30.73,50,10.03,125.89,2,99.88,Healthy,0.39,6.16
8446,4.93,30.83,60,9.89,127.53,2,99.88,Healthy,0.31,6.16
8447,5.12,30.71,70,9.99,129.77,2,99.88,Healthy,0.33,5.99
8448,5.07,30.61,80,10.12,129.13,2,99.88,Seal Wear,0.43,5.51
8449,5.07,30.62,90,10.24,128.99,2,99.87,Seal Wear,0.46,5.89
8450,5.09,30.72,100,10.23,126.75,2,99.87,Seal Wear,0.44,5.48
8451,5.1,30.73,90,9.8,127.41,2,99.86,Seal Wear,0.41,5.85
8452,5.03,30.81,80,10.34,126.53,2,99.85,Seal Wear,0.48,6.26
8453,4.99,30.91,70,9.7,124.26,2,99.83,Seal Wear,0.29,6.45
8454,4.95,31.02,60,10.29,127.55,2,99.82,Seal Wear,0.46,7.14
8455,5.0,31.06,50,9.85,125.9,2,99.8,Seal Wear,0.68,6.55
8456,5.08,31.11,40,9.65,127.78,2,99.78,Seal Wear,0.54,6.02
8457,4.97,31.12,30,10.03,127.68,2,99.76,Seal Wear,0.36,6.52
8458,5.12,31.27,20,9.7,126.96,2,99.74,Seal Wear,0.58,7.22
8459,4.99,31.36,10,10.27,128.36,2,99.73,Seal Wear,0.58,6.65
8460,4.94,31.43,0,9.9,124.05,3,99.69,Seal Wear,0.68,6.47
8461,5.07,31.4,10,10.21,127.11,3,99.67,Seal Wear,0.74,6.83
8462,4.94,31.42,20,10.3,127.78,3,99.63,Seal Wear,0.79,6.42
8463,4.93,31.43,30,9.95,127.28,3,99.59,Seal Wear,0.6,6.06
8464,5.03,31.57,40,9.96,123.55,3,99.55,Seal Wear,0.5,6.71
8465,4.96,31.52,50,9.89,124.49,3,99.53,Seal Wear,0.89,6.74
8466,4.9,31.55,60,9.86,124.52,3,99.49,Seal Wear,0.85,6.51
8467,5.02,31.58,70,9.88,123.29,3,99.47,Seal Wear,0.87,6.02
8468,4.94,31.66,80,9.97,123.56,3,99.42,Seal Wear,0.61,6.58
8469,5.0,31.91,90,10.09,124.01,3,99.38,Seal Wear,0.67,6.86
8470,5.09,31.98,100,9.71,128.48,3,99.34,Seal Wear,0.6,6.88
8471,4.98,32.02,90,10.31,123.64,3,99.28,Seal Wear,1.19,6.52
8472,4.9,32.17,80,9.72,125.17,3,99.25,Seal Wear,0.95,6.44
8473,4.94,32.25,70,9.99,127.88,3,99.2,Seal Wear,0.91,6.68
8474,5.05,32.59,60,10.39,122.11,3,99.14,Seal Wear,1.15,7.3
8475,4.95,32.97,50,10.23,125.5,3,99.08,Seal Wear,0.71,7.97
8476,4.92,33.09,40,10.41,124.32,3,99.03,Seal Wear,0.47,7.57
8477,5.05,33.1,30,10.17,121.78,3,98.96,Seal Wear,0.85,7.61
8478,5.03,33.48,20,9.83,122.29,3,98.89,Seal Wear,1.0,7.44
8479,5.11,33.37,10,9.94,125.07,3,98.81,Seal Wear,0.87,6.99
8480,5.02,33.53,0,9.86,127.5,4,98.77,Seal Wear,0.9,7.05
8481,5.04,33.8,10,9.78,126.34,4,98.69,Seal Wear,0.88,7.4
8482,4.82,34.14,20,9.75,122.76,4,98.63,Seal Wear,0.94,7.25
8483,4.95,33.94,30,9.71,121.77,4,98.54,Seal Wear,1.51,7.83
8484,4.98,34.14,40,9.89,121.81,4,98.49,Seal Wear,0.87,8.27
8485,5.1,34.19,50,10.06,123.89,4,98.4,Seal Wear,1.17,8.8
8486,4.96,34.37,60,10.29,120.63,4,98.3,Seal Wear,0.71,8.55
8487,4.98,34.53,70,10.29,121.81,4,98.24,Seal Wear,1.06,8.25
8488,4.95,34.98,80,10.19,122.35,4,98.17,Seal Wear,0.72,8.59
8489,4.94,35.45,90,9.93,125.09,4,98.09,Seal Wear,0.78,7.96
8490,4.91,35.43,100,10.03,119.52,4,97.99,Seal Wear,1.32,7.41
8491,4.95,35.36,90,10.47,123.57,4,97.94,Seal Wear,1.24,6.78
8492,5.05,35.42,80,10.5,126.76,4,97.82,Seal Wear,1.43,6.3
8493,4.98,35.83,70,10.11,119.21,4,97.73,Seal Wear,1.83,6.74
8494,4.98,35.9,60,10.21,119.94,4,97.65,Seal Wear,1.26,6.63
8495,4.87,35.68,50,10.21,126.59,4,97.56,Seal Wear,1.24,7.18
8496,4.92,36.09,40,10.14,125.61,4,97.44,Seal Wear,1.87,7.62
8497,4.95,35.68,30,10.19,124.97,4,97.34,Seal Wear,1.32,7.05
8498,4.95,35.48,20,9.95,122.02,4,97.28,Seal Wear,0.95,6.69
8499,5.01,35.51,10,10.1,121.7,4,97.18,Seal Wear,1.79,6.28
8500,4.86,35.56,0,10.3,125.61,5,97.1,Seal Wear,1.74,5.76
8501,4.91,35.51,10,9.9,120.51,5,97.01,Seal Wear,1.75,5.99
8502,4.89,35.66,20,10.19,122.44,5,96.87,Seal Wear,1.57,5.72
8503,4.91,35.48,30,10.41,121.18,5,96.74,Seal Wear,1.38,5.42
8504,5.1,35.86,40,10.06,118.57,5,96.63,Seal Wear,1.27,5.71
8505,5.02,36.32,50,10.27,125.66,5,96.49,Seal Wear,1.03,5.92
8506,4.85,36.15,60,9.8,121.38,5,96.34,Seal Wear,1.77,5.72
8507,4.94,35.95,70,9.8,121.55,5,96.23,Seal Wear,0.73,6.22
8508,4.87,36.6,80,10.08,121.67,5,96.11,Seal Wear,2.05,6.09
8509,4.81,36.73,90,10.06,118.79,5,96.01,Seal Wear,1.75,6.47
8510,4.74,37.03,100,9.75,125.12,5,95.9,Seal Wear,2.41,6.69
8511,4.79,37.16,90,9.96,122.84,5,95.79,Seal Wear,2.18,6.68
8512,4.91,37.79,80,9.73,119.43,5,95.66,Seal Wear,1.97,6.36
8513,4.84,38.13,70,9.8,118.57,5,95.53,Seal Wear,2.43,5.95
8514,5.06,37.47,60,10.31,124.83,5,95.43,Seal Wear,1.63,5.99
8515,4.7,37.41,50,10.57,124.09,5,95.29,Seal Wear,1.54,6.22
8516,4.84,37.8,40,10.32,123.18,5,95.18,Seal Wear,1.4,6.91
8517,4.71,37.89,30,10.48,121.06,5,95.08,Seal Wear,2.5,7.44
8518,4.95,38.14,20,10.42,118.33,5,94.92,Seal Wear,1.44,7.16
8519,4.84,38.41,10,9.94,119.34,5,94.81,Seal Wear,2.33,7.88
8520,4.82,38.51,0,9.98,118.38,6,94.68,Seal Wear,2.43,8.21
8521,4.94,38.94,10,10.39,124.47,6,94.56,Seal Wear,1.45,8.35
8522,5.08,38.24,20,10.08,121.28,6,94.41,Seal Wear,1.5,8.25
8523,4.9,38.3,30,10.02,121.08,6,94.24,Seal Wear,2.26,8.85
8524,5.12,38.22,40,10.23,120.51,6,94.11,Seal Wear,1.92,8.85
8525,5.04,38.05,50,10.27,120.02,6,94.03,Seal Wear,1.18,8.79
8526,4.91,38.64,60,10.08,121.0,6,93.87,Seal Wear,2.34,9.08
8527,4.95,38.57,70,9.96,121.91,6,93.73,Seal Wear,0.86,9.19
8528,5.1,38.24,80,9.96,120.92,6,93.62,Seal Wear,0.83,8.66
8529,4.97,38.5,90,9.81,122.45,6,93.53,Seal Wear,2.24,8.13
8530,5.08,38.9,100,10.62,120.71,6,93.4,Seal Wear,1.13,8.25
8531,4.74,37.89,90,10.22,122.38,6,93.26,Seal Wear,1.46,7.56
8532,4.93,37.46,80,9.94,122.02,6,93.14,Seal Wear,2.33,7.01
8533,4.99,37.57,70,9.86,119.03,6,93.0,Seal Wear,2.13,6.48
8534,5.11,37.4,60,10.25,124.38,6,92.87,Seal Wear,2.0,6.52
8535,4.84,37.67,50,10.13,120.11,6,92.71,Seal Wear,1.91,6.71
8536,4.83,37.78,40,10.06,126.15,6,92.57,Seal Wear,1.51,7.44
8537,4.88,37.09,30,10.2,121.01,6,92.45,Seal Wear,1.08,7.01
8538,4.84,37.45,20,9.93,122.59,6,92.33,Seal Wear,0.93,7.52
8539,5.06,37.47,10,10.48,125.5,6,92.17,Seal Wear,2.32,7.16
8540,4.84,37.34,0,9.86,123.95,7,92.08,Seal Wear,0.99,7.22
8541,4.98,37.29,10,9.83,125.01,7,91.99,Seal Wear,1.88,7.82
8542,4.93,37.63,20,10.4,124.65,7,91.89,Seal Wear,1.31,7.17
8543,4.89,37.75,30,9.91,122.78,7,91.76,Seal Wear,1.51,6.89
8544,4.87,37.39,40,10.19,120.16,7,91.66,Seal Wear,1.05,6.96
8545,5.03,37.12,50,9.91,118.69,7,91.49,Seal Wear,1.03,7.01
8546,5.11,37.28,60,10.12,121.6,7,91.37,Seal Wear,2.11,6.77
8547,4.93,37.21,70,10.17,122.54,7,91.22,Seal Wear,2.17,6.93
8548,5.0,37.29,80,10.33,117.86,7,91.1,Seal Wear,0.78,7.04
8549,4.97,37.52,90,10.27,120.5,7,91.0,Seal Wear,1.61,7.68
8550,4.94,38.1,100,9.94,120.16,7,90.89,Seal Wear,1.52,7.45
8551,5.11,38.33,90,10.17,119.35,7,90.75,Seal Wear,1.35,7.76
8552,4.75,38.4,80,10.17,120.43,7,90.67,Seal Wear,2.27,7.3
8553,4.93,38.73,70,10.14,125.02,7,90.58,Seal Wear,1.26,6.81
8554,4.87,38.46,60,10.08,120.14,7,90.44,Seal Wear,1.31,6.38
8555,4.88,38.38,50,10.49,120.26,7,90.28,Seal Wear,1.73,6.65
8556,4.91,38.07,40,10.46,124.0,7,90.13,Seal Wear,1.95,6.47
8557,4.87,38.05,30,10.14,123.6,7,89.98,Seal Wear,1.89,6.18
8558,4.89,38.61,20,10.22,120.27,7,89.84,Seal Wear,2.45,6.42
8559,4.93,39.08,10,10.17,120.83,7,89.74,Seal Wear,1.16,7.17
8560,5.02,38.76,0,10.07,126.21,8,89.59,Seal Wear,0.9,7.31
8561,4.78,38.33,10,9.82,125.83,8,89.5,Seal Wear,0.96,7.22
8562,4.73,37.91,20,10.53,123.87,8,89.38,Seal Wear,1.41,7.35
8563,5.01,38.33,30,10.34,125.31,8,89.3,Seal Wear,1.22,7.87
8564,4.9,38.85,40,10.12,123.67,8,89.17,Seal Wear,1.21,8.47
8565,4.99,38.7,50,10.12,122.41,8,89.04,Seal Wear,1.93,7.97
8566,4.71,38.78,60,10.57,122.56,8,88.91,Seal Wear,1.1,7.97
8567,4.87,38.8,70,9.92,126.81,8,88.83,Seal Wear,1.81,8.32
8568,4.95,38.54,80,10.19,119.14,8,88.73,Seal Wear,2.45,8.21
8569,4.99,38.94,90,10.17,123.38,8,88.59,Seal Wear,1.04,7.9
8570,5.14,38.82,100,10.32,119.52,8,88.5,Seal Wear,2.34,7.43
8571,4.98,39.28,90,10.5,117.49,8,88.35,Seal Wear,0.9,7.52
8572,4.94,39.32,80,10.35,120.0,8,88.22,Seal Wear,1.79,7.54
8573,5.01,39.27,70,10.12,121.06,8,88.07,Seal Wear,2.45,7.64
8574,5.1,39.24,60,10.05,124.76,8,87.93,Seal Wear,1.06,7.49
8575,4.89,39.04,50,10.27,123.35,8,87.8,Seal Wear,0.92,7.27
8576,4.84,38.34,40,10.26,119.89,8,87.64,Seal Wear,2.28,7.53
8577,5.05,38.41,30,10.5,119.33,8,87.48,Seal Wear,2.32,7.54
8578,4.77,37.96,20,9.88,124.27,8,87.38,Seal Wear,1.53,7.59
8579,4.84,37.51,10,10.23,123.21,8,87.21,Seal Wear,1.01,8.03
8580,5.13,37.42,0,10.24,117.04,9,87.09,Seal Wear,0.73,8.31
8581,4.97,37.36,10,9.88,121.44,9,86.92,Seal Wear,1.0,8.35
8582,4.87,37.21,20,10.12,116.82,9,86.84,Seal Wear,1.54,8.21
8583,4.99,37.66,30,10.26,122.6,9,86.71,Seal Wear,2.13,8.1
8584,5.05,37.2,40,10.07,124.24,9,86.56,Seal Wear,1.68,8.31
8585,5.01,36.92,50,9.97,124.48,9,86.46,Seal Wear,0.93,8.1
8586,4.93,37.47,60,10.4,120.14,9,86.38,Seal Wear,1.52,8.12
8587,4.97,36.99,70,10.36,123.08,9,86.23,Seal Wear,1.48,8.12
8588,4.94,37.02,80,9.81,118.0,9,86.08,Seal Wear,1.13,8.02
8589,4.94,36.4,90,9.96,122.16,9,85.97,Seal Wear,1.21,8.05
8590,4.91,37.13,100,10.24,120.83,9,85.83,Seal Wear,2.33,7.73
8591,4.93,37.11,90,10.01,125.21,9,85.66,Seal Wear,1.75,7.96
8592,5.01,36.63,80,10.15,125.94,9,85.57,Seal Wear,1.03,7.59
8593,4.97,37.13,70,10.01,118.99,9,85.41,Seal Wear,1.28,8.29
8594,5.01,37.41,60,10.39,118.88,9,85.29,Seal Wear,1.0,8.27
8595,5.1,37.44,50,9.97,122.11,9,85.18,Seal Wear,1.15,8.03
8596,4.9,37.63,40,10.32,119.23,9,85.06,Seal Wear,1.39,8.11
8597,5.04,37.76,30,10.47,120.59,9,84.89,Seal Wear,2.0,7.87
8598,4.81,38.18,20,9.89,119.96,9,84.72,Seal Wear,2.41,7.81
8599,4.77,38.93,10,9.98,122.81,9,84.61,Seal Wear,0.79,8.23
8600,5.02,38.72,0,9.96,125.17,10,84.49,Seal Wear,1.44,8.83
8601,5.06,37.97,10,10.24,121.25,10,84.36,Seal Wear,1.35,8.07
8602,4.91,38.31,20,10.11,116.75,10,84.24,Seal Wear,1.28,8.55
8603,4.81,37.93,30,9.96,124.11,10,84.07,Seal Wear,1.38,8.1
8604,4.98,38.19,40,9.79,118.92,10,83.96,Seal Wear,2.03,8.19
8605,4.88,38.08,50,10.09,119.5,10,83.81,Seal Wear,1.53,7.8
8606,4.79,38.58,60,10.18,123.93,10,83.69,Seal Wear,2.06,8.39
8607,4.8,38.77,70,10.19,120.75,10,83.53,Seal Wear,1.35,8.41
8608,5.03,39.2,80,10.22,118.64,10,83.41,Seal Wear,1.46,8.33
8609,4.87,39.06,90,10.03,122.36,10,83.25,Seal Wear,1.34,7.71
8610,4.77,38.88,100,10.5,119.67,10,83.15,Seal Wear,1.09,7.89
8611,4.96,38.27,90,9.85,117.78,10,83.02,Seal Wear,1.96,8.31
8612,5.06,38.44,80,10.03,121.59,10,82.89,Seal Wear,1.38,7.61
8613,4.93,38.38,70,9.98,121.22,10,82.79,Seal Wear,2.51,7.69
8614,4.98,38.82,60,9.8,120.98,10,82.7,Seal Wear,2.31,8.1
8615,4.94,39.01,50,9.89,123.66,10,82.55,Seal Wear,2.19,8.14
8616,4.79,39.29,40,10.31,118.53,10,82.44,Seal Wear,1.41,8.01
8617,4.91,38.81,30,9.95,119.07,10,82.34,Seal Wear,2.01,7.88
8618,5.12,38.98,20,9.75,124.33,10,82.2,Seal Wear,1.23,7.84
8619,4.95,39.01,10,10.33,121.68,10,82.07,Seal Wear,1.06,7.49
8620,5.07,38.12,0,10.46,122.12,11,82.0,Seal Wear,0.98,7.56
8621,4.98,37.72,10,9.96,122.67,11,81.9,Seal Wear,1.38,7.01
8622,4.81,37.92,20,9.78,123.24,11,81.82,Seal Wear,1.13,7.41
8623,4.95,37.62,30,9.99,120.43,11,81.73,Seal Wear,1.97,6.9
8624,4.92,37.82,40,10.56,123.78,11,81.6,Seal Wear,1.16,7.09
8625,4.94,37.39,50,9.83,122.26,11,81.48,Seal Wear,1.15,6.79
8626,4.86,37.2,60,10.18,123.85,11,81.4,Seal Wear,1.42,6.16
8627,4.98,37.12,70,10.11,127.4,11,81.23,Seal Wear,1.76,6.08
8628,4.84,36.82,80,10.35,123.51,11,81.1,Seal Wear,1.02,6.15
8629,4.95,37.51,90,9.82,123.75,11,81.02,Seal Wear,1.51,6.56
8630,5.08,37.39,100,10.21,120.26,11,80.9,Seal Wear,2.07,6.67
8631,4.84,37.54,90,10.29,126.96,11,80.8,Seal Wear,1.19,7.45
8632,4.93,37.44,80,9.7,126.85,11,80.63,Seal Wear,1.87,7.09
8633,4.83,37.25,70,9.91,120.36,11,80.46,Seal Wear,1.02,6.7
8634,5.11,37.03,60,10.06,122.18,11,80.33,Seal Wear,1.67,6.48
8635,4.81,37.37,50,10.16,120.86,11,80.23,Seal Wear,1.59,6.88
8636,4.74,37.85,40,10.18,118.04,11,80.1,Seal Wear,1.52,7.27
8637,4.84,37.81,30,9.89,118.96,11,80.0,Seal Wear,1.03,7.54
8638,5.05,38.16,20,9.95,118.99,11,79.89,Seal Wear,1.35,7.72
8639,4.8,37.36,10,10.01,123.82,11,79.79,Seal Wear,1.47,7.2
8640,5.03,37.5,0,10.32,120.37,12,79.64,Seal Wear,2.27,6.66
8641,4.8,37.17,10,10.39,123.79,12,79.49,Seal Wear,1.99,6.67
8642,5.0,37.58,20,10.3,125.08,12,79.33,Seal Wear,2.17,7.3
8643,4.82,37.48,30,10.01,125.94,12,79.23,Seal Wear,1.55,6.71
8644,4.73,37.36,40,9.91,121.63,12,79.08,Seal Wear,1.9,6.59
8645,4.86,37.55,50,10.28,118.36,12,78.92,Seal Wear,0.85,7.25
8646,5.09,37.87,60,10.56,124.23,12,78.83,Seal Wear,1.27,6.73
8647,5.02,37.71,70,10.23,121.56,12,78.68,Seal Wear,0.84,6.15
8648,4.99,38.04,80,9.9,125.05,12,78.56,Seal Wear,2.4,6.02
8649,4.93,38.16,90,10.35,120.66,12,78.41,Seal Wear,1.02,6.32
8650,4.85,37.94,100,9.99,122.18,12,78.29,Seal Wear,1.42,5.74
8651,4.92,37.53,90,9.98,126.07,12,78.19,Seal Wear,1.71,6.57
8652,5.04,37.95,80,10.24,119.18,12,78.08,Seal Wear,0.88,6.52
8653,4.9,37.91,70,10.05,122.62,12,77.97,Seal Wear,2.19,6.86
8654,4.98,37.76,60,9.96,125.61,12,77.86,Seal Wear,2.28,6.64
8655,4.93,37.24,50,9.88,121.36,12,77.7,Seal Wear,1.84,6.74
8656,4.86,37.44,40,9.92,126.1,12,77.58,Seal Wear,1.13,6.26
8657,4.87,37.42,30,10.32,123.59,12,77.46,Seal Wear,1.58,6.21
8658,4.97,37.43,20,9.9,125.68,12,77.35,Seal Wear,1.97,6.72
8659,4.98,37.7,10,10.05,123.1,12,77.27,Seal Wear,2.29,6.98
8660,4.85,38.21,0,9.98,119.56,13,77.16,Seal Wear,2.14,7.53
8661,4.81,38.4,10,9.79,118.87,13,77.02,Seal Wear,1.74,7.1
8662,4.97,38.06,20,9.82,124.05,13,76.86,Seal Wear,1.08,7.77
8663,4.94,38.24,30,10.26,121.71,13,76.74,Seal Wear,1.1,7.89
8664,4.87,37.97,40,9.83,121.1,13,76.63,Seal Wear,1.06,8.57
8665,4.93,37.61,50,9.71,124.14,13,76.53,Seal Wear,1.24,8.9
8666,5.0,37.43,60,10.06,121.44,13,76.42,Seal Wear,2.18,8.21
8667,4.9,37.63,70,10.51,121.41,13,76.32,Seal Wear,1.43,8.38
8668,4.88,37.6,80,10.41,119.0,13,76.21,Seal Wear,2.08,8.53
8669,5.08,37.99,90,9.92,123.24,13,76.13,Seal Wear,2.24,8.59
8670,4.89,37.93,100,10.36,121.76,13,76.03,Seal Wear,1.09,8.08
8671,5.0,37.58,90,10.42,121.71,13,75.93,Seal Wear,1.46,8.65
8672,4.84,38.13,80,10.06,119.92,13,75.84,Seal Wear,1.05,9.06
8673,4.93,37.84,70,10.24,123.37,13,75.69,Seal Wear,1.72,9.04
8674,4.87,38.0,60,10.25,123.22,13,75.53,Seal Wear,1.29,8.62
8675,4.9,37.8,50,10.24,118.85,13,75.43,Seal Wear,1.82,7.99
8676,5.02,37.87,40,10.21,126.12,13,75.34,Seal Wear,1.45,7.38
8677,4.93,37.72,30,9.92,119.84,13,75.23,Seal Wear,1.78,8.09
8678,4.89,37.03,20,9.77,121.17,13,75.08,Seal Wear,2.2,8.68
8679,5.01,37.35,10,10.06,121.54,13,74.95,Seal Wear,1.91,8.9
8680,4.88,37.21,0,9.96,118.6,14,74.81,Seal Wear,2.29,8.62
8681,4.92,37.09,10,10.36,123.11,14,74.69,Seal Wear,1.27,8.2
8682,4.97,37.25,20,10.51,122.49,14,74.57,Seal Wear,1.13,8.48
8683,5.01,37.28,30,9.78,125.01,14,74.45,Seal Wear,2.06,7.98
8684,4.92,37.51,40,10.58,119.19,14,74.3,Seal Wear,2.1,7.58
8685,4.97,37.49,50,9.84,117.94,14,74.17,Seal Wear,2.22,8.12
8686,4.98,36.75,60,10.09,122.61,14,74.04,Seal Wear,1.11,7.96
8687,5.15,37.25,70,10.01,121.58,14,73.96,Seal Wear,1.03,7.64
8688,5.01,37.02,80,10.2,118.42,14,73.88,Seal Wear,1.58,8.0
8689,4.88,37.39,90,9.83,118.23,14,73.78,Seal Wear,2.23,8.02
8690,4.89,37.23,100,9.8,121.23,14,73.61,Seal Wear,1.64,8.29
8691,4.75,37.72,90,10.09,121.12,14,73.5,Seal Wear,2.26,8.52
8692,5.03,37.33,80,10.39,120.7,14,73.38,Seal Wear,1.3,8.33
8693,5.15,36.85,70,9.94,120.96,14,73.27,Seal Wear,1.06,8.43
8694,4.94,37.21,60,10.28,123.1,14,73.18,Seal Wear,1.47,7.82
8695,4.89,37.47,50,10.59,124.4,14,73.05,Seal Wear,0.94,8.25
8696,4.84,37.86,40,9.87,121.79,14,72.93,Seal Wear,1.85,8.2
8697,4.94,38.24,30,10.08,119.75,14,72.78,Seal Wear,1.55,8.76
8698,5.06,38.11,20,9.88,122.33,14,72.61,Seal Wear,1.85,8.45
8699,4.92,38.61,10,10.17,121.17,14,72.45,Seal Wear,1.48,8.98
8700,4.86,38.35,0,10.33,124.07,15,72.32,Seal Wear,2.1,8.62
8701,4.92,38.04,10,10.46,123.81,15,72.17,Seal Wear,2.49,8.21
8702,4.93,38.21,20,10.5,121.59,15,72.08,Seal Wear,0.95,7.96
8703,4.97,37.73,30,10.01,119.52,15,71.95,Seal Wear,1.52,7.37
8704,4.9,37.13,40,10.33,123.55,15,71.85,Seal Wear,2.48,7.94
8705,5.1,36.88,50,10.2,117.7,15,71.77,Seal Wear,1.48,8.23
8706,5.01,37.06,60,10.29,116.38,15,71.67,Seal Wear,2.03,8.27
8707,4.75,36.43,70,9.93,122.6,15,71.5,Seal Wear,2.32,7.63
8708,5.01,36.72,80,10.23,122.29,15,71.33,Seal Wear,0.86,7.45
8709,4.93,37.25,90,10.07,123.18,15,71.18,Seal Wear,0.98,7.31
8710,4.99,38.03,100,9.86,122.2,15,71.04,Seal Wear,1.63,7.29
8711,4.98,38.53,90,10.1,124.85,15,70.96,Seal Wear,1.35,7.81
8712,4.74,38.35,80,9.9,125.69,15,70.8,Seal Wear,1.74,8.01
8713,4.99,38.38,70,10.1,122.21,15,70.69,Seal Wear,2.12,8.36
8714,5.05,38.72,60,10.07,118.52,15,70.58,Seal Wear,1.85,8.1
8715,5.15,38.42,50,10.44,117.6,15,70.47,Seal Wear,1.75,8.25
8716,4.98,38.62,40,10.07,119.36,15,70.3,Seal Wear,1.99,8.65
8717,5.09,38.45,30,10.31,120.06,15,70.17,Seal Wear,1.84,8.17
8718,4.83,37.95,20,10.41,121.96,15,70.04,Seal Wear,1.21,7.88
8719,4.91,38.1,10,9.95,124.32,15,69.88,Seal Wear,2.25,7.3
8720,4.96,38.42,0,10.37,123.7,16,69.71,Seal Wear,1.34,6.98
8721,4.7,37.95,10,9.68,120.26,16,69.6,Seal Wear,1.42,6.39
8722,4.71,37.69,20,9.96,122.69,16,69.43,Seal Wear,0.81,6.58
8723,5.0,37.79,30,10.54,121.77,16,69.3,Seal Wear,1.54,6.99
8724,5.04,38.03,40,10.46,123.59,16,69.19,Seal Wear,1.85,7.44
8725,4.94,37.68,50,10.38,123.41,16,69.12,Seal Wear,2.2,8.11
8726,4.73,37.54,60,9.95,122.87,16,68.96,Seal Wear,2.36,7.66
8727,5.02,37.76,70,9.89,119.18,16,68.87,Seal Wear,1.24,6.98
8728,4.94,37.13,80,10.15,125.21,16,68.76,Seal Wear,1.9,6.99
8729,5.03,36.82,90,9.91,121.14,16,68.64,Seal Wear,0.79,7.71
8730,5.08,36.59,100,9.91,122.17,16,68.49,Seal Wear,1.22,8.03
8731,5.14,36.83,90,10.14,121.65,16,68.36,Seal Wear,1.38,8.32
8732,4.94,37.01,80,10.0,119.14,16,68.19,Seal Wear,1.99,8.02
8733,5.01,36.95,70,10.53,121.07,16,68.07,Seal Wear,1.02,8.44
8734,4.92,37.52,60,10.61,118.79,16,67.98,Seal Wear,1.64,8.77
8735,4.95,37.83,50,10.02,124.32,16,67.89,Seal Wear,2.03,9.27
8736,4.8,38.13,40,10.49,120.28,16,67.78,Seal Wear,1.03,9.38
8737,4.94,38.5,30,9.67,117.78,16,67.69,Seal Wear,2.08,9.07
8738,4.93,38.71,20,10.28,120.32,16,67.53,Seal Wear,1.56,8.88
8739,5.02,38.5,10,9.93,125.14,16,67.37,Seal Wear,1.44,9.19
8740,5.13,37.9,0,10.3,121.63,17,67.28,Seal Wear,2.2,9.42
8741,5.05,38.39,10,10.16,120.07,17,67.18,Seal Wear,2.14,8.95
8742,4.89,38.3,20,9.96,125.47,17,67.08,Seal Wear,1.96,8.21
8743,5.1,38.41,30,10.33,119.64,17,66.93,Seal Wear,2.39,7.82
8744,5.05,38.31,40,10.26,124.56,17,66.84,Seal Wear,0.83,8.17
8745,5.04,38.24,50,10.16,121.72,17,66.73,Seal Wear,1.37,7.63
8746,5.08,38.12,60,10.15,121.58,17,66.56,Seal Wear,1.93,7.99
8747,4.99,38.14,70,9.74,120.25,17,66.44,Seal Wear,1.76,8.36
8748,4.93,38.57,80,10.44,122.28,17,66.32,Seal Wear,2.29,8.9
8749,4.98,38.22,90,10.06,120.2,17,66.17,Seal Wear,1.55,8.18
8750,4.99,37.82,100,9.98,122.2,17,66.0,Seal Wear,1.23,8.23
8751,4.96,38.23,90,10.48,126.17,17,65.92,Seal Wear,1.16,7.56
8752,4.84,38.18,80,10.06,127.21,17,65.77,Seal Wear,2.43,6.96
8753,4.87,38.44,70,10.21,121.12,17,65.62,Seal Wear,0.88,7.1
8754,4.95,37.95,60,9.98,120.51,17,65.51,Seal Wear,1.82,7.37
8755,4.88,37.96,50,10.27,120.42,17,65.43,Seal Wear,1.84,7.27
8756,5.15,38.29,40,10.28,126.54,17,65.29,Seal Wear,1.38,7.71
8757,5.01,38.37,30,9.81,124.67,17,65.16,Seal Wear,2.35,8.21
8758,5.03,38.54,20,9.96,121.22,17,65.06,Seal Wear,1.34,8.79
8759,5.15,38.66,10,10.03,124.02,17,64.91,Seal Wear,1.85,8.19
8760,4.9,38.75,0,9.84,124.84,18,64.8,Seal Wear,1.94,8.17
8761,4.95,39.08,10,9.89,121.04,18,64.72,Seal Wear,2.12,8.72
8762,4.96,38.97,20,10.39,120.62,18,64.55,Seal Wear,1.53,8.02
8763,5.04,38.7,30,10.3,121.78,18,64.39,Seal Wear,1.22,8.48
8764,4.82,38.32,40,10.59,125.59,18,64.27,Seal Wear,2.32,7.9
8765,5.01,38.14,50,10.09,123.79,18,64.13,Seal Wear,1.82,7.41
8766,5.07,38.52,60,10.29,122.44,18,64.01,Seal Wear,2.13,8.01
8767,4.89,38.04,70,10.03,120.76,18,63.87,Seal Wear,1.42,8.45
8768,4.98,38.11,80,10.02,119.83,18,63.71,Seal Wear,1.01,8.71
8769,5.02,38.47,90,10.14,121.18,18,63.61,Seal Wear,2.17,9.21
8770,5.18,38.34,100,10.4,124.2,18,63.46,Seal Wear,1.99,8.7
8771,4.82,38.12,90,10.24,121.21,18,63.32,Seal Wear,1.81,8.86
8772,5.08,38.25,80,10.14,119.44,18,63.21,Seal Wear,1.28,9.15
8773,5.0,37.7,70,10.56,116.83,18,63.07,Seal Wear,1.8,8.64
8774,5.03,37.48,60,9.9,122.81,18,62.99,Seal Wear,1.2,8.84
8775,5.01,38.04,50,10.45,123.9,18,62.88,Seal Wear,0.76,8.19
8776,4.83,37.44,40,10.02,120.57,18,62.72,Seal Wear,1.07,8.72
8777,4.96,38.07,30,9.96,120.93,18,62.56,Seal Wear,2.21,9.0
8778,4.88,37.84,20,10.06,120.83,18,62.4,Seal Wear,0.87,9.32
8779,4.93,37.78,10,10.48,122.94,18,62.24,Seal Wear,1.9,8.57
8780,4.86,38.0,0,9.9,119.65,19,62.09,Seal Wear,2.24,8.85
8781,4.78,38.25,10,10.63,122.18,19,61.92,Seal Wear,0.84,8.18
8782,4.84,38.44,20,9.99,121.2,19,61.83,Seal Wear,1.64,8.31
8783,4.96,38.81,30,9.94,122.14,19,61.7,Seal Wear,1.95,7.81
8784,5.15,38.71,40,9.78,120.43,19,61.62,Seal Wear,1.23,7.65
8785,4.82,38.94,50,10.36,119.96,19,61.47,Seal Wear,1.76,7.89
8786,4.79,38.48,60,10.34,122.43,19,61.36,Seal Wear,2.24,7.7
8787,4.85,38.45,70,9.85,121.89,19,61.28,Seal Wear,2.43,7.52
8788,4.92,37.69,80,10.22,125.2,19,61.2,Seal Wear,1.81,6.9
8789,5.01,38.05,90,10.19,119.39,19,61.03,Seal Wear,1.61,6.73
8790,4.84,38.06,100,10.31,118.17,19,60.93,Seal Wear,1.15,6.41
8791,5.08,37.67,90,9.96,120.32,19,60.82,Seal Wear,1.74,6.14
8792,4.87,37.93,80,10.29,123.7,19,60.67,Seal Wear,2.14,6.95
8793,4.93,38.52,70,9.96,119.13,19,60.52,Seal Wear,1.1,6.97
8794,4.98,39.09,60,10.07,122.75,19,60.39,Seal Wear,0.75,7.72
8795,4.84,38.84,50,10.09,125.24,19,60.25,Seal Wear,1.94,7.96
8796,4.82,38.99,40,10.38,122.83,19,60.16,Seal Wear,1.45,7.3
8797,4.77,38.41,30,10.29,118.04,19,60.07,Seal Wear,2.06,6.82
8798,5.11,38.95,20,9.91,118.08,19,59.99,Seal Wear,0.89,7.19
8799,4.88,38.51,10,10.1,126.33,19,59.87,Seal Wear,1.21,7.01
8800,4.93,38.47,0,10.23,127.63,20,59.74,Seal Wear,2.22,6.48
8801,5.28,30.24,10,10.27,124.98,0,100.0,Healthy,0.34,16.08
8802,5.35,30.32,20,9.75,123.57,0,100.0,Healthy,0.5,17.22
8803,5.2,30.47,30,9.82,123.24,0,99.99,Healthy,0.4,18.18
8804,5.36,30.72,40,9.99,124.41,0,99.99,Healthy,0.5,18.59
8805,5.17,30.91,50,9.86,125.12,0,99.99,Healthy,0.32,18.78
8806,5.34,31.14,60,10.21,124.69,0,99.99,Healthy,0.51,19.15
8807,5.25,31.38,70,9.7,124.16,0,99.98,Healthy,0.41,20.39
8808,5.26,31.45,80,10.07,121.93,0,99.98,Healthy,0.51,21.24
8809,5.36,31.45,90,9.67,122.94,0,99.98,Healthy,0.31,21.4
8810,5.23,31.43,100,9.92,122.17,0,99.97,Healthy,0.33,22.33
8811,5.45,31.56,90,9.83,123.03,0,99.97,Healthy,0.32,23.26
8812,5.41,31.74,80,10.03,119.9,0,99.97,Healthy,0.42,24.35
8813,5.45,31.85,70,10.14,122.57,0,99.97,Healthy,0.35,25.37
8814,5.3,31.84,60,10.04,122.86,0,99.96,Healthy,0.49,25.16
8815,5.45,31.93,50,10.09,123.71,0,99.96,Healthy,0.39,24.82
8816,5.44,32.0,40,9.77,122.78,0,99.96,Healthy,0.47,25.61
8817,5.37,31.99,30,10.11,123.25,0,99.96,Healthy,0.47,25.63
8818,5.37,32.14,20,10.34,122.73,0,99.96,Healthy,0.43,25.18
8819,5.39,32.17,10,10.3,120.88,0,99.95,Healthy,0.51,25.18
8820,5.31,32.3,0,9.66,119.95,1,99.95,Healthy,0.35,25.18
8821,5.47,32.25,10,10.19,119.76,1,99.95,Healthy,0.4,25.87
8822,5.35,32.32,20,10.31,123.29,1,99.95,Healthy,0.53,26.7
8823,5.54,32.29,30,10.2,122.05,1,99.95,Healthy,0.38,27.29
8824,5.41,32.23,40,10.27,121.87,1,99.95,Healthy,0.53,26.86
8825,5.44,32.27,50,10.24,122.71,1,99.94,Healthy,0.38,27.54
8826,5.54,32.36,60,9.67,121.85,1,99.94,Healthy,0.55,27.34
8827,5.42,32.28,70,10.15,121.25,1,99.94,Healthy,0.52,27.89
8828,5.38,32.27,80,10.09,122.96,1,99.94,Healthy,0.42,27.78
8829,5.34,32.3,90,10.23,121.84,1,99.93,Healthy,0.42,27.42
8830,5.47,32.34,100,9.98,123.49,1,99.93,Healthy,0.42,28.05
8831,5.48,32.49,90,9.81,119.11,1,99.93,Healthy,0.34,27.55
8832,5.48,32.55,80,10.15,119.45,1,99.93,Healthy,0.4,28.16
8833,5.45,32.66,70,10.07,122.52,1,99.93,Healthy,0.47,28.6
8834,5.4,32.55,60,10.05,121.29,1,99.92,Healthy,0.47,28.23
8835,5.59,32.71,50,9.67,123.26,1,99.92,Healthy,0.39,28.43
8836,5.5,32.84,40,10.06,120.78,1,99.92,Healthy,0.38,28.95
8837,5.43,32.84,30,9.94,121.88,1,99.91,Healthy,0.46,29.19
8838,5.52,32.77,20,10.25,121.95,1,99.91,Healthy,0.45,29.81
8839,5.62,32.79,10,10.05,118.23,1,99.91,Healthy,0.5,30.13
8840,5.43,32.91,0,9.67,121.06,2,99.91,Healthy,0.48,29.62
8841,5.48,32.99,10,10.23,119.49,2,99.9,Healthy,0.46,30.03
8842,5.47,33.11,20,10.11,118.62,2,99.9,Healthy,0.52,29.35
8843,5.43,33.04,30,10.01,118.47,2,99.9,Healthy,0.54,29.57
8844,5.59,33.18,40,9.78,118.83,2,99.9,Healthy,0.33,28.86
8845,5.43,33.07,50,9.88,118.4,2,99.9,Healthy,0.46,29.24
8846,5.61,33.21,60,10.04,122.51,2,99.89,Healthy,0.4,29.79
8847,5.47,33.28,70,10.32,122.65,2,99.89,Healthy,0.54,29.02
8848,5.5,33.17,80,9.67,119.0,2,99.89,Healthy,0.52,28.73
8849,5.55,33.15,90,9.9,123.26,2,99.88,Healthy,0.53,28.71
8850,5.45,33.08,100,9.94,121.7,2,99.88,Healthy,0.4,29.26
8851,5.44,32.97,90,10.17,119.62,2,99.88,Healthy,0.49,29.18
8852,5.57,33.05,80,10.23,119.36,2,99.88,Healthy,0.4,29.59
8853,5.47,33.11,70,10.14,123.03,2,99.88,Healthy,0.54,29.71
8854,5.49,32.98,60,10.01,122.46,2,99.88,Healthy,0.53,30.21
8855,5.61,32.96,50,10.25,122.8,2,99.87,Healthy,0.46,30.69
8856,5.48,32.91,40,10.0,121.81,2,99.87,Healthy,0.34,31.17
8857,5.57,32.87,30,10.16,118.39,2,99.87,Healthy,0.38,30.52
8858,5.49,32.97,20,9.9,122.53,2,99.87,Healthy,0.5,30.16
8859,5.45,33.06,10,10.07,120.49,2,99.86,Healthy,0.42,30.58
8860,5.48,33.19,0,10.14,119.66,3,99.86,Healthy,0.45,30.05
8861,5.55,33.19,10,10.25,122.65,3,99.86,Healthy,0.35,30.28
8862,5.55,33.2,20,10.21,118.46,3,99.85,Healthy,0.49,30.64
8863,5.56,33.13,30,10.01,120.62,3,99.85,Healthy,0.4,29.89
8864,5.51,33.08,40,10.28,118.77,3,99.85,Healthy,0.39,30.0
8865,5.62,33.1,50,10.13,121.57,3,99.84,Healthy,0.46,30.11
8866,5.53,33.16,60,9.74,120.06,3,99.84,Healthy,0.52,29.69
8867,5.57,33.11,70,10.02,118.76,3,99.84,Healthy,0.35,30.28
8868,5.6,33.0,80,9.88,118.14,3,99.84,Healthy,0.38,30.12
8869,5.51,32.89,90,9.66,122.03,3,99.84,Healthy,0.45,30.66
8870,5.45,32.88,100,9.73,122.14,3,99.84,Healthy,0.56,30.84
8871,5.39,32.78,90,9.89,121.39,3,99.83,Healthy,0.44,30.15
8872,5.45,32.75,80,9.74,121.83,3,99.83,Healthy,0.4,29.45
8873,5.6,32.74,70,9.82,122.39,3,99.83,Healthy,0.54,29.82
8874,5.59,32.69,60,10.1,118.48,3,99.83,Healthy,0.49,29.68
8875,5.57,32.71,50,9.97,121.39,3,99.83,Healthy,0.5,29.93
8876,5.55,32.61,40,10.01,121.3,3,99.82,Healthy,0.49,29.55
8877,5.52,32.57,30,9.97,123.02,3,99.82,Healthy,0.39,29.45
8878,5.4,32.49,20,10.31,119.38,3,99.82,Healthy,0.39,29.85
8879,5.43,32.5,10,9.75,119.11,3,99.81,Healthy,0.52,29.06
8880,5.49,32.57,0,10.23,119.73,4,99.81,Healthy,0.5,29.32
8881,5.61,32.61,10,9.86,119.3,4,99.81,Healthy,0.4,29.63
8882,5.42,32.66,20,10.13,118.89,4,99.81,Healthy,0.52,30.13
8883,5.51,32.76,30,9.88,121.9,4,99.81,Healthy,0.49,30.46
8884,5.54,32.72,40,9.78,122.09,4,99.8,Healthy,0.45,30.98
8885,5.59,32.86,50,9.82,119.46,4,99.8,Healthy,0.38,30.46
8886,5.57,32.9,60,10.34,121.12,4,99.8,Healthy,0.35,29.89
8887,5.47,32.9,70,10.16,118.56,4,99.8,Healthy,0.55,29.42
8888,5.56,32.79,80,10.07,122.23,4,99.79,Healthy,0.42,29.51
8889,5.55,32.83,90,9.88,120.38,4,99.79,Healthy,0.41,29.97
8890,5.48,32.77,100,9.83,120.6,4,99.79,Healthy,0.56,30.49
8891,5.55,32.76,90,9.89,119.82,4,99.79,Healthy,0.43,30.84
8892,5.46,32.78,80,10.18,120.53,4,99.78,Healthy,0.54,30.88
8893,5.53,32.88,70,9.66,117.94,4,99.78,Healthy,0.41,30.81
8894,5.55,33.01,60,10.09,120.96,4,99.78,Healthy,0.37,31.03
8895,5.41,33.0,50,10.15,117.9,4,99.78,Healthy,0.43,31.01
8896,5.51,32.89,40,10.2,119.94,4,99.77,Healthy,0.47,31.28
8897,5.59,32.94,30,9.76,118.92,4,99.77,Healthy,0.44,31.1
8898,5.63,32.9,20,10.13,118.36,4,99.77,Healthy,0.38,31.09
8899,5.4,32.88,10,9.9,118.11,4,99.77,Healthy,0.35,30.7
8900,5.41,32.99,0,10.03,120.58,5,99.76,Healthy,0.45,31.22
8901,5.59,33.04,10,9.85,119.79,5,99.76,Healthy,0.51,31.1
8902,5.52,32.93,20,10.33,120.81,5,99.76,Healthy,0.54,30.57
8903,5.39,32.87,30,9.79,118.96,5,99.75,Healthy,0.38,30.28
8904,5.48,32.94,40,9.99,122.16,5,99.75,Healthy,0.48,29.74
8905,5.59,33.02,50,10.1,123.31,5,99.75,Healthy,0.47,29.14
8906,5.51,32.89,60,10.21,121.09,5,99.74,Healthy,0.43,28.65
8907,5.44,32.96,70,10.29,119.59,5,99.74,Healthy,0.4,28.88
8908,5.43,33.0,80,10.27,119.23,5,99.74,Healthy,0.5,29.23
8909,5.37,33.0,90,10.27,120.02,5,99.74,Healthy,0.4,29.18
8910,5.4,33.12,100,10.15,121.48,5,99.74,Healthy,0.34,28.63
8911,5.39,33.08,90,9.7,119.86,5,99.74,Healthy,0.4,28.56
8912,5.54,33.15,80,9.82,120.53,5,99.73,Healthy,0.48,28.34
8913,5.39,33.01,70,9.74,120.49,5,99.73,Healthy,0.48,28.39
8914,5.47,32.96,60,9.99,122.86,5,99.73,Healthy,0.48,28.42
8915,5.45,33.01,50,10.14,122.74,5,99.73,Healthy,0.55,28.29
8916,5.52,32.94,40,9.82,120.01,5,99.73,Healthy,0.42,28.66
8917,5.52,32.98,30,10.14,119.98,5,99.72,Healthy,0.46,28.26
8918,5.52,33.03,20,9.95,121.97,5,99.72,Healthy,0.52,28.26
8919,5.58,32.9,10,10.11,120.56,5,99.72,Healthy,0.34,27.88
8920,5.44,32.96,0,9.92,121.7,6,99.71,Healthy,0.41,28.56
8921,5.46,32.94,10,10.09,122.21,6,99.71,Healthy,0.51,27.94
8922,5.49,32.84,20,10.23,119.02,6,99.71,Healthy,0.49,28.48
8923,5.45,32.73,30,10.2,118.62,6,99.7,Healthy,0.56,28.47
8924,5.55,32.66,40,9.67,120.67,6,99.7,Healthy,0.41,28.5
8925,5.36,32.7,50,10.2,121.33,6,99.7,Healthy,0.36,28.65
8926,5.42,32.81,60,9.7,121.89,6,99.7,Healthy,0.33,28.68
8927,5.57,32.84,70,9.77,123.26,6,99.7,Healthy,0.5,28.25
8928,5.58,32.89,80,9.75,118.71,6,99.7,Healthy,0.33,28.18
8929,5.57,32.87,90,9.77,120.03,6,99.69,Healthy,0.43,28.0
8930,5.4,32.94,100,10.18,121.57,6,99.69,Healthy,0.4,28.52
8931,5.51,32.84,90,10.2,122.6,6,99.69,Healthy,0.51,28.5
8932,5.37,32.88,80,10.3,119.28,6,99.69,Healthy,0.52,28.55
8933,5.5,32.77,70,10.16,122.43,6,99.69,Healthy,0.5,29.19
8934,5.5,32.78,60,9.98,120.51,6,99.68,Healthy,0.35,28.44
8935,5.53,32.79,50,9.91,121.96,6,99.68,Healthy,0.5,28.11
8936,5.58,32.71,40,9.97,123.15,6,99.68,Healthy,0.46,28.31
8937,5.39,32.75,30,10.25,122.89,6,99.68,Healthy,0.45,29.02
8938,5.4,32.72,20,9.66,120.63,6,99.68,Healthy,0.34,29.52
8939,5.37,32.78,10,9.98,119.33,6,99.68,Healthy,0.53,29.28
8940,5.55,32.74,0,10.0,119.06,7,99.67,Healthy,0.35,29.77
8941,5.56,32.85,10,9.73,120.92,7,99.67,Healthy,0.54,29.47
8942,5.39,32.8,20,10.15,122.35,7,99.67,Healthy,0.51,30.01
8943,5.61,32.89,30,10.28,121.01,7,99.66,Healthy,0.55,30.49
8944,5.39,32.78,40,9.99,120.56,7,99.66,Healthy,0.43,29.66
8945,5.47,32.68,50,10.0,123.3,7,99.66,Healthy,0.41,29.0
8946,5.48,32.67,60,10.25,123.28,7,99.66,Healthy,0.43,28.34
8947,5.54,32.67,70,9.82,118.95,7,99.66,Healthy,0.41,28.78
8948,5.4,32.69,80,9.68,118.8,7,99.65,Healthy,0.33,29.32
8949,5.52,32.6,90,10.25,122.45,7,99.65,Healthy,0.37,29.9
8950,5.44,32.59,100,9.93,118.27,7,99.65,Healthy,0.36,30.1
8951,5.56,32.56,90,9.86,121.91,7,99.65,Healthy,0.45,30.12
8952,5.61,32.56,80,9.75,123.13,7,99.64,Healthy,0.55,29.64
8953,5.38,32.58,70,10.17,121.6,7,99.64,Healthy,0.38,29.89
8954,5.4,32.56,60,10.17,119.7,7,99.64,Healthy,0.5,29.99
8955,5.45,32.53,50,10.13,123.03,7,99.64,Healthy,0.44,30.09
8956,5.51,32.52,40,9.74,123.13,7,99.64,Healthy,0.44,29.46
8957,5.58,32.7,30,10.18,122.5,7,99.64,Healthy,0.52,29.11
8958,5.49,32.84,20,10.17,120.25,7,99.63,Healthy,0.38,28.38
8959,5.53,32.92,10,10.25,122.98,7,99.63,Healthy,0.35,27.94
8960,5.35,33.01,0,10.16,118.92,8,99.63,Healthy,0.5,27.74
8961,5.5,32.89,10,9.95,120.69,8,99.63,Healthy,0.36,28.41
8962,5.45,32.85,20,10.01,120.35,8,99.62,Healthy,0.33,28.93
8963,5.52,32.9,30,10.2,123.47,8,99.62,Healthy,0.54,28.33
8964,5.44,32.77,40,10.15,120.51,8,99.62,Healthy,0.4,27.9
8965,5.57,32.87,50,10.16,122.71,8,99.62,Healthy,0.37,27.8
8966,5.55,32.86,60,10.3,121.99,8,99.62,Healthy,0.46,27.73
8967,5.36,32.9,70,9.88,121.99,8,99.61,Healthy,0.33,27.6
8968,5.49,32.97,80,10.21,119.55,8,99.61,Healthy,0.5,27.11
8969,5.53,33.05,90,9.95,120.59,8,99.61,Healthy,0.42,27.45
8970,5.47,33.11,100,9.8,119.42,8,99.61,Healthy,0.51,27.76
8971,5.35,32.97,90,9.74,121.66,8,99.61,Healthy,0.42,28.5
8972,5.43,33.11,80,9.92,120.81,8,99.6,Healthy,0.35,29.12
8973,5.41,33.02,70,9.67,120.85,8,99.6,Healthy,0.35,29.71
8974,5.58,33.1,60,9.84,119.89,8,99.6,Healthy,0.36,29.08
8975,5.58,32.99,50,9.68,122.81,8,99.6,Healthy,0.38,28.5
8976,5.37,32.98,40,9.77,121.63,8,99.6,Healthy,0.42,29.0
8977,5.43,33.06,30,9.71,120.51,8,99.6,Healthy,0.39,29.54
8978,5.56,33.15,20,9.91,118.62,8,99.59,Healthy,0.42,29.08
8979,5.37,33.09,10,9.71,123.01,8,99.59,Healthy,0.37,28.52
8980,5.4,32.98,0,9.81,120.8,9,99.59,Healthy,0.5,28.42
8981,5.5,32.88,10,9.95,120.44,9,99.58,Healthy,0.53,27.97
8982,5.33,32.83,20,9.65,122.58,9,99.58,Healthy,0.35,27.34
8983,5.36,32.68,30,9.77,122.45,9,99.58,Healthy,0.49,27.38
8984,5.49,32.62,40,9.74,121.07,9,99.58,Healthy,0.48,27.64
8985,5.42,32.77,50,9.84,123.08,9,99.58,Healthy,0.46,27.34
8986,5.32,32.75,60,10.04,123.06,9,99.58,Healthy,0.47,27.09
8987,5.56,32.64,70,9.89,123.52,9,99.57,Healthy,0.53,27.28
8988,5.32,32.56,80,9.84,119.85,9,99.57,Healthy,0.39,26.74
8989,5.53,32.68,90,9.83,120.7,9,99.57,Healthy,0.35,26.65
8990,5.41,32.6,100,9.94,120.58,9,99.57,Healthy,0.37,26.43
8991,5.49,32.65,90,10.05,119.64,9,99.56,Healthy,0.48,26.59
8992,5.36,32.75,80,10.07,122.36,9,99.56,Healthy,0.5,26.46
8993,5.5,32.74,70,10.32,120.23,9,99.56,Healthy,0.39,26.23
8994,5.32,32.66,60,9.96,121.56,9,99.56,Healthy,0.55,25.98
8995,5.54,32.51,50,10.34,121.16,9,99.56,Healthy,0.5,26.38
8996,5.51,32.48,40,9.98,120.86,9,99.56,Healthy,0.39,26.88
8997,5.33,32.55,30,10.22,121.24,9,99.56,Healthy,0.45,26.46
8998,5.5,32.47,20,10.24,122.82,9,99.56,Healthy,0.4,27.08
8999,5.47,32.5,10,10.17,121.28,9,99.55,Healthy,0.5,27.09
9000,5.35,32.52,0,9.7,119.32,10,99.55,Healthy,0.4,26.88
9001,5.42,32.53,10,9.86,123.87,10,99.55,Healthy,0.41,26.62
9002,5.33,32.47,20,9.69,123.12,10,99.55,Healthy,0.33,26.59
9003,5.36,32.38,30,9.79,120.67,10,99.54,Healthy,0.46,27.19
9004,5.43,32.36,40,9.99,121.06,10,99.54,Healthy,0.33,26.91
9005,5.42,32.4,50,9.79,121.38,10,99.53,Healthy,0.45,27.28
9006,5.51,32.37,60,10.03,119.17,10,99.53,Healthy,0.51,27.08
9007,5.51,32.41,70,10.13,119.87,10,99.53,Healthy,0.41,27.87
9008,5.55,32.46,80,10.25,119.29,10,99.53,Healthy,0.52,27.47
9009,5.5,32.66,90,10.03,121.96,10,99.52,Healthy,0.43,27.59
9010,5.35,32.58,100,10.33,123.43,10,99.52,Healthy,0.52,27.77
9011,5.48,32.65,90,10.34,121.94,10,99.52,Healthy,0.52,28.39
9012,5.53,32.55,80,10.11,122.5,10,99.52,Healthy,0.51,27.86
9013,5.5,32.67,70,10.35,121.51,10,99.52,Healthy,0.47,28.58
9014,5.52,32.78,60,10.21,118.7,10,99.51,Healthy,0.54,29.2
9015,5.41,32.77,50,10.1,122.82,10,99.51,Healthy,0.36,29.14
9016,5.44,32.83,40,10.27,119.85,10,99.51,Healthy,0.55,28.82
9017,5.37,32.99,30,10.02,122.5,10,99.5,Healthy,0.56,28.67
9018,5.49,32.82,20,10.21,122.01,10,99.5,Healthy,0.53,28.02
9019,5.46,32.9,10,9.7,122.85,10,99.5,Healthy,0.35,27.59
9020,5.37,32.88,0,10.08,121.71,11,99.5,Healthy,0.48,27.71
9021,5.41,32.87,10,10.27,122.56,11,99.5,Healthy,0.45,27.88
9022,5.44,32.75,20,9.73,120.17,11,99.49,Healthy,0.48,27.54
9023,5.41,32.82,30,9.91,119.94,11,99.49,Healthy,0.41,27.71
9024,5.41,32.83,40,9.85,119.83,11,99.49,Healthy,0.47,28.43
9025,5.53,32.77,50,10.02,123.03,11,99.49,Healthy,0.34,28.04
9026,5.56,32.75,60,10.2,120.92,11,99.48,Healthy,0.33,27.78
9027,5.4,32.83,70,9.74,122.39,11,99.48,Healthy,0.36,27.79
9028,5.47,32.77,80,9.7,121.59,11,99.48,Healthy,0.51,27.51
9029,5.4,32.73,90,10.24,122.75,11,99.48,Healthy,0.51,28.11
9030,5.49,32.68,100,10.12,122.0,11,99.47,Healthy,0.33,28.12
9031,5.54,32.66,90,10.25,122.62,11,99.47,Healthy,0.38,27.64
9032,5.56,32.76,80,9.95,122.24,11,99.47,Healthy,0.51,28.24
9033,5.55,32.76,70,9.69,121.65,11,99.47,Healthy,0.33,28.0
9034,5.4,32.79,60,10.07,123.77,11,99.47,Healthy,0.42,27.58
9035,5.52,32.76,50,9.72,120.43,11,99.47,Healthy,0.35,27.95
9036,5.4,32.78,40,10.31,119.0,11,99.46,Healthy,0.34,28.28
9037,5.45,32.79,30,10.22,120.64,11,99.46,Healthy,0.46,27.97
9038,5.53,32.86,20,10.1,119.57,11,99.46,Healthy,0.35,27.76
9039,5.38,32.9,10,10.31,119.81,11,99.45,Healthy,0.48,27.46
9040,5.56,32.93,0,9.89,123.67,12,99.45,Healthy,0.41,27.86
9041,5.48,32.88,10,9.8,122.69,12,99.45,Healthy,0.42,28.55
9042,5.43,32.96,20,10.2,122.25,12,99.45,Healthy,0.49,28.09
9043,5.46,32.99,30,10.2,122.86,12,99.45,Healthy,0.47,28.46
9044,5.39,33.02,40,9.71,118.57,12,99.44,Healthy,0.55,29.1
9045,5.52,33.06,50,9.9,122.03,12,99.44,Healthy,0.53,29.68
9046,5.51,33.13,60,10.17,123.27,12,99.44,Healthy,0.53,28.94
9047,5.59,33.09,70,10.28,120.15,12,99.44,Healthy,0.5,29.21
9048,5.39,32.97,80,10.03,121.21,12,99.44,Healthy,0.36,29.37
9049,5.43,32.86,90,9.98,121.34,12,99.44,Healthy,0.49,28.8
9050,5.48,32.81,100,9.68,123.21,12,99.43,Healthy,0.33,28.96
9051,5.37,32.76,90,10.2,119.54,12,99.43,Healthy,0.5,28.92
9052,5.58,32.74,80,9.87,119.41,12,99.42,Healthy,0.55,28.38
9053,5.47,32.88,70,10.13,121.73,12,99.42,Healthy,0.47,29.02
9054,5.55,32.8,60,9.88,121.92,12,99.42,Healthy,0.33,28.87
9055,5.5,32.86,50,9.73,122.51,12,99.42,Healthy,0.35,28.28
9056,5.49,32.77,40,9.73,119.64,12,99.42,Healthy,0.56,28.1
9057,5.38,32.82,30,9.86,118.95,12,99.42,Healthy,0.33,27.65
9058,5.51,32.76,20,9.83,121.22,12,99.42,Healthy,0.32,28.16
9059,5.37,32.71,10,9.7,123.28,12,99.41,Healthy,0.55,28.72
9060,5.48,32.82,0,10.29,122.94,13,99.41,Healthy,0.45,28.16
9061,5.34,32.97,10,10.28,121.42,13,99.41,Healthy,0.42,27.74
9062,5.4,33.04,20,9.95,122.09,13,99.41,Healthy,0.44,27.41
9063,5.52,33.1,30,9.87,120.54,13,99.4,Healthy,0.45,28.08
9064,5.47,33.14,40,9.79,123.37,13,99.4,Healthy,0.53,27.95
9065,5.57,33.02,50,10.05,119.77,13,99.4,Healthy,0.48,28.23
9066,5.52,32.97,60,10.06,118.43,13,99.4,Healthy,0.55,28.92
9067,5.52,33.04,70,10.32,123.33,13,99.39,Healthy,0.43,28.48
9068,5.54,33.14,80,10.03,120.01,13,99.39,Healthy,0.54,28.19
9069,5.37,33.13,90,10.16,119.93,13,99.39,Healthy,0.46,27.54
9070,5.37,33.04,100,9.71,119.78,13,99.39,Healthy,0.5,27.97
9071,5.37,33.08,90,10.32,123.3,13,99.39,Healthy,0.36,28.15
9072,5.56,33.02,80,10.3,123.48,13,99.39,Healthy,0.38,28.21
9073,5.45,33.09,70,9.7,119.01,13,99.39,Healthy,0.53,28.72
9074,5.57,33.17,60,9.99,123.34,13,99.39,Healthy,0.39,28.09
9075,5.45,33.25,50,10.31,121.79,13,99.38,Healthy,0.49,28.09
9076,5.37,33.15,40,10.14,121.46,13,99.38,Healthy,0.55,27.88
9077,5.37,33.2,30,10.21,122.08,13,99.38,Healthy,0.5,27.85
9078,5.43,33.23,20,10.31,119.43,13,99.38,Healthy,0.36,27.97
9079,5.41,33.24,10,9.86,123.64,13,99.37,Healthy,0.47,27.87
9080,5.36,33.11,0,9.82,122.97,14,99.37,Healthy,0.36,27.57
9081,5.45,33.16,10,10.34,123.83,14,99.37,Healthy,0.46,27.14
9082,5.53,33.12,20,9.81,120.76,14,99.37,Healthy,0.44,27.8
9083,5.47,33.06,30,10.11,119.62,14,99.37,Healthy,0.5,27.73
9084,5.36,33.14,40,9.88,118.74,14,99.37,Healthy,0.34,27.82
9085,5.39,33.16,50,10.18,123.8,14,99.37,Healthy,0.34,27.45
9086,5.54,33.02,60,10.11,120.52,14,99.36,Healthy,0.32,27.75
9087,5.48,32.99,70,9.85,119.03,14,99.36,Healthy,0.56,27.62
9088,5.51,32.95,80,9.77,119.73,14,99.36,Healthy,0.48,28.12
9089,5.36,32.99,90,10.21,118.87,14,99.36,Healthy,0.41,28.63
9090,5.56,32.91,100,9.88,123.24,14,99.35,Healthy,0.41,29.23
9091,5.48,32.97,90,10.28,121.3,14,99.35,Healthy,0.41,29.34
9092,5.4,32.92,80,10.34,123.01,14,99.35,Healthy,0.55,29.28
9093,5.53,32.83,70,10.22,122.6,14,99.35,Healthy,0.54,28.77
9094,5.57,32.71,60,10.1,122.01,14,99.35,Healthy,0.48,28.67
9095,5.59,32.58,50,9.68,122.83,14,99.35,Healthy,0.35,28.74
9096,5.44,32.63,40,9.73,122.91,14,99.35,Healthy,0.54,28.81
9097,5.39,32.65,30,10.06,123.15,14,99.34,Healthy,0.37,28.36
9098,5.59,32.71,20,9.79,120.27,14,99.34,Healthy,0.36,28.82
9099,5.52,32.86,10,10.31,121.19,14,99.34,Healthy,0.34,29.3
9100,5.47,32.85,0,10.08,122.64,15,99.33,Healthy,0.52,29.58
9101,5.43,32.8,10,9.72,120.54,15,99.33,Healthy,0.56,29.36
9102,5.49,32.9,20,10.31,118.51,15,99.33,Healthy,0.34,29.13
9103,5.57,32.84,30,10.08,118.54,15,99.33,Healthy,0.51,28.88
9104,5.45,32.94,40,10.24,122.72,15,99.33,Healthy,0.36,28.69
9105,5.37,32.9,50,10.18,123.37,15,99.32,Healthy,0.34,28.72
9106,5.5,33.03,60,9.92,119.18,15,99.32,Healthy,0.33,29.21
9107,5.55,32.99,70,10.04,119.05,15,99.32,Healthy,0.43,29.05
9108,5.47,33.08,80,10.34,122.67,15,99.32,Healthy,0.37,29.11
9109,5.38,33.09,90,10.1,119.44,15,99.31,Healthy,0.48,28.58
9110,5.45,33.0,100,9.87,120.79,15,99.31,Healthy,0.53,27.95
9111,5.39,32.96,90,9.96,120.85,15,99.31,Healthy,0.5,28.66
9112,5.46,32.99,80,10.19,121.51,15,99.3,Healthy,0.38,28.61
9113,5.57,33.03,70,10.16,120.76,15,99.3,Healthy,0.4,29.25
9114,5.54,33.0,60,9.92,118.94,15,99.3,Healthy,0.37,29.04
9115,5.38,32.96,50,10.0,123.1,15,99.3,Healthy,0.36,29.06
9116,5.53,32.95,40,10.25,120.96,15,99.29,Healthy,0.56,28.8
9117,5.53,32.9,30,10.21,122.59,15,99.29,Healthy,0.51,29.11
9118,5.37,32.84,20,10.25,118.53,15,99.29,Healthy,0.56,28.6
9119,5.57,32.94,10,10.23,122.0,15,99.29,Healthy,0.41,29.05
9120,5.56,32.93,0,10.2,118.6,16,99.29,Healthy,0.41,29.66
9121,5.42,32.89,10,9.75,118.19,16,99.29,Healthy,0.44,29.99
9122,5.58,32.88,20,10.27,122.78,16,99.28,Healthy,0.44,30.06
9123,5.48,32.98,30,10.03,119.41,16,99.28,Healthy,0.54,29.93
9124,5.55,32.97,40,9.85,122.05,16,99.28,Healthy,0.36,30.18
9125,5.59,32.88,50,10.32,121.94,16,99.28,Healthy,0.47,29.71
9126,5.51,32.89,60,9.9,120.26,16,99.28,Healthy,0.55,29.68
9127,5.52,32.96,70,9.74,120.75,16,99.27,Healthy,0.45,29.66
9128,5.58,32.98,80,10.21,119.35,16,99.27,Healthy,0.49,28.91
9129,5.59,32.95,90,9.83,120.65,16,99.27,Healthy,0.35,29.51
9130,5.39,32.88,100,9.76,121.14,16,99.26,Healthy,0.46,29.96
9131,5.59,33.01,90,9.86,121.95,16,99.26,Healthy,0.42,30.42
9132,5.54,33.0,80,10.25,121.44,16,99.26,Healthy,0.37,29.89
9133,5.5,33.06,70,9.68,119.52,16,99.26,Healthy,0.48,30.28
9134,5.39,33.02,60,10.12,122.12,16,99.26,Healthy,0.36,29.62
9135,5.52,32.94,50,9.99,119.18,16,99.25,Healthy,0.34,30.2
9136,5.62,32.83,40,10.17,118.67,16,99.25,Healthy,0.33,30.53
9137,5.52,32.91,30,9.98,119.71,16,99.25,Healthy,0.55,30.42
9138,5.53,32.91,20,10.31,121.92,16,99.24,Healthy,0.4,29.85
9139,5.49,32.92,10,10.11,122.92,16,99.24,Healthy,0.52,30.31
9140,5.39,32.91,0,9.96,120.2,17,99.24,Healthy,0.48,30.07
9141,5.6,32.95,10,10.29,119.45,17,99.24,Healthy,0.33,29.7
9142,5.46,32.92,20,10.07,118.79,17,99.23,Healthy,0.41,29.27
9143,5.45,33.07,30,9.87,118.71,17,99.23,Healthy,0.46,29.82
9144,5.6,33.07,40,9.84,118.56,17,99.23,Healthy,0.4,29.93
9145,5.5,33.07,50,9.82,118.89,17,99.23,Healthy,0.44,30.27
9146,5.56,33.09,60,9.69,120.46,17,99.22,Healthy,0.46,29.47
9147,5.52,32.97,70,10.09,120.25,17,99.22,Healthy,0.43,28.87
9148,5.37,33.0,80,9.94,120.82,17,99.22,Healthy,0.44,29.1
9149,5.58,32.92,90,9.83,120.09,17,99.22,Healthy,0.41,28.38
9150,5.37,32.93,100,10.31,122.84,17,99.22,Healthy,0.34,27.97
9151,5.53,32.95,90,10.25,120.43,17,99.22,Healthy,0.4,28.35
9152,5.45,32.95,80,9.67,123.37,17,99.21,Healthy,0.34,28.1
9153,5.38,33.0,70,10.11,121.97,17,99.21,Healthy,0.34,27.61
9154,5.57,32.85,60,9.78,121.08,17,99.21,Healthy,0.43,27.89
9155,5.37,32.85,50,9.92,119.47,17,99.2,Healthy,0.48,28.29
9156,5.44,32.89,40,10.12,122.62,17,99.2,Healthy,0.53,27.72
9157,5.45,32.76,30,10.13,118.96,17,99.2,Healthy,0.47,27.27
9158,5.35,32.7,20,9.95,123.9,17,99.19,Healthy,0.33,26.96
9159,5.44,32.74,10,10.16,121.31,17,99.19,Healthy,0.51,27.44
9160,5.55,32.74,0,9.97,122.45,18,99.19,Healthy,0.48,28.15
9161,5.42,32.63,10,10.11,122.22,18,99.18,Healthy,0.43,28.41
9162,5.58,32.57,20,10.14,122.46,18,99.18,Healthy,0.54,28.09
9163,5.54,32.61,30,9.78,121.1,18,99.18,Healthy,0.54,27.91
9164,5.41,32.67,40,9.95,122.09,18,99.17,Healthy,0.41,27.73
9165,5.43,32.62,50,9.9,119.61,18,99.17,Healthy,0.4,27.39
9166,5.43,32.7,60,9.98,119.95,18,99.17,Healthy,0.51,27.66
9167,5.36,32.82,70,9.7,120.47,18,99.17,Healthy,0.34,28.13
9168,5.55,32.75,80,9.97,122.17,18,99.17,Healthy,0.37,27.83
9169,5.37,32.76,90,9.88,119.95,18,99.17,Healthy,0.34,27.64
9170,5.49,32.7,100,10.04,123.74,18,99.16,Healthy,0.47,27.46
9171,5.37,32.69,90,9.69,120.9,18,99.16,Healthy,0.54,28.2
9172,5.37,32.73,80,10.2,119.2,18,99.16,Healthy,0.54,28.17
9173,5.39,32.83,70,9.66,119.39,18,99.16,Healthy,0.46,27.93
9174,5.55,32.77,60,10.07,122.32,18,99.16,Healthy,0.4,28.17
9175,5.49,32.69,50,9.84,120.9,18,99.15,Healthy,0.38,28.08
9176,5.39,32.6,40,9.8,123.43,18,99.15,Healthy,0.33,28.62
9177,5.59,32.69,30,9.83,118.84,18,99.15,Healthy,0.53,28.96
9178,5.43,32.64,20,9.86,122.12,18,99.14,Healthy,0.35,29.22
9179,5.59,32.63,10,10.0,119.56,18,99.14,Healthy,0.37,29.24
9180,5.57,32.61,0,9.72,122.07,19,99.14,Healthy,0.42,28.92
9181,5.51,32.7,10,9.72,121.39,19,99.13,Healthy,0.49,28.48
9182,5.49,32.83,20,9.83,119.91,19,99.13,Healthy,0.43,27.98
9183,5.44,32.84,30,10.23,121.69,19,99.13,Healthy,0.41,28.16
9184,5.57,32.81,40,10.0,122.03,19,99.13,Healthy,0.43,28.76
9185,5.49,32.85,50,10.27,119.17,19,99.13,Healthy,0.43,28.14
9186,5.4,32.79,60,9.8,123.69,19,99.12,Healthy,0.47,27.7
9187,5.4,32.88,70,10.15,121.91,19,99.12,Healthy,0.47,27.68
9188,5.5,32.89,80,10.02,120.21,19,99.12,Healthy,0.47,27.32
9189,5.52,32.93,90,9.71,121.61,19,99.11,Healthy,0.35,26.76
9190,5.49,33.0,100,9.8,120.22,19,99.11,Healthy,0.39,26.57
9191,5.5,32.78,90,9.71,121.98,19,99.11,Healthy,0.51,26.69
9192,5.47,32.75,80,10.34,122.85,19,99.11,Healthy,0.44,26.61
9193,5.44,32.79,70,10.25,123.15,19,99.11,Healthy,0.34,27.28
9194,5.53,32.87,60,9.94,122.34,19,99.11,Healthy,0.55,27.24
9195,5.54,32.88,50,9.98,122.93,19,99.1,Healthy,0.55,27.93
9196,5.54,32.91,40,9.71,120.77,19,99.1,Healthy,0.33,28.15
9197,5.55,32.87,30,9.89,121.94,19,99.1,Healthy,0.42,28.24
9198,5.37,32.88,20,9.72,123.32,19,99.1,Healthy,0.51,28.83
9199,5.4,32.9,10,10.29,119.71,19,99.09,Healthy,0.34,28.31
9200,5.51,32.84,0,9.98,120.82,20,99.09,Healthy,0.55,28.36
9201,5.2,30.26,10,9.82,125.89,0,100.0,Healthy,0.32,18.35
9202,5.23,30.44,20,9.69,125.19,0,100.0,Healthy,0.45,21.02
9203,5.42,30.79,30,9.8,122.29,0,99.99,Healthy,0.47,23.78
9204,5.3,31.01,40,10.01,121.64,0,99.99,Healthy,0.5,26.15
9205,5.46,31.3,50,10.09,122.13,0,99.99,Healthy,0.49,27.99
9206,5.62,31.5,60,10.27,122.85,0,99.98,Healthy,0.55,30.21
9207,5.44,31.61,70,10.19,118.29,0,99.98,Healthy,0.35,31.28
9208,5.52,31.7,80,10.17,120.52,0,99.98,Healthy,0.5,32.05
9209,5.59,32.03,90,10.03,121.26,0,99.98,Healthy,0.57,34.0
9210,5.73,32.14,100,10.16,118.3,0,99.98,Healthy,0.43,35.75
9211,5.55,32.36,90,9.97,117.67,0,99.98,Healthy,0.44,37.18
9212,5.65,32.55,80,10.28,116.88,0,99.97,Healthy,0.49,38.27
9213,5.78,32.72,70,10.0,117.7,0,99.97,Healthy,0.56,39.62
9214,5.72,32.77,60,10.16,117.84,0,99.97,Healthy,0.49,41.08
9215,5.85,32.95,50,10.34,118.86,0,99.97,Healthy,0.49,42.14
9216,5.83,33.06,40,9.8,117.42,0,99.97,Healthy,0.49,43.35
9217,5.88,33.29,30,10.24,119.02,0,99.96,Healthy,0.51,43.62
9218,5.8,33.6,20,10.0,116.43,0,99.96,Healthy,0.45,44.61
9219,5.75,33.65,10,9.99,118.0,0,99.96,Healthy,0.57,44.78
9220,5.84,33.7,0,9.78,115.94,1,99.95,Healthy,0.46,44.88
9221,5.85,33.79,10,10.31,117.06,1,99.95,Healthy,0.59,45.22
9222,5.7,33.86,20,9.8,114.34,1,99.95,Healthy,0.6,44.93
9223,5.85,33.95,30,10.28,114.26,1,99.95,Healthy,0.42,45.01
9224,5.71,34.06,40,9.99,118.58,1,99.95,Healthy,0.54,44.89
9225,5.78,34.14,50,9.81,116.18,1,99.94,Healthy,0.49,45.87
9226,5.75,34.29,60,10.16,114.59,1,99.94,Healthy,0.65,46.73
9227,5.74,34.25,70,10.16,117.2,1,99.94,Healthy,0.62,47.01
9228,5.9,34.21,80,9.78,113.41,1,99.94,Healthy,0.61,47.16
9229,5.8,34.36,90,10.16,117.67,1,99.93,Healthy,0.42,47.22
9230,5.94,34.33,100,10.13,116.53,1,99.93,Healthy,0.46,47.81
9231,5.76,34.27,90,9.78,113.55,1,99.93,Healthy,0.53,47.57
9232,5.86,34.29,80,9.83,116.22,1,99.93,Healthy,0.42,47.75
9233,5.8,34.29,70,9.66,115.03,1,99.92,Healthy,0.52,47.65
9234,5.83,34.35,60,9.89,113.33,1,99.92,Healthy,0.61,47.23
9235,5.83,34.4,50,9.68,114.98,1,99.92,Healthy,0.64,47.79
9236,5.73,34.44,40,9.69,115.18,1,99.91,Healthy,0.63,47.29
9237,5.83,34.56,30,9.85,117.43,1,99.91,Healthy,0.54,47.64
9238,5.94,34.64,20,9.72,117.83,1,99.91,Healthy,0.55,47.58
9239,5.92,34.63,10,9.81,116.99,1,99.91,Healthy,0.55,48.26
9240,5.77,34.73,0,9.77,114.36,2,99.9,Healthy,0.66,47.94
9241,5.74,34.78,10,9.98,117.78,2,99.9,Healthy,0.53,47.57
9242,5.9,34.92,20,9.85,115.77,2,99.9,Healthy,0.62,47.6
9243,5.88,34.88,30,10.14,114.46,2,99.89,Healthy,0.55,47.98
9244,5.94,34.98,40,9.71,116.76,2,99.89,Healthy,0.65,48.5
9245,5.98,34.98,50,9.89,115.78,2,99.89,Healthy,0.66,48.8
9246,5.83,34.91,60,10.21,117.4,2,99.89,Healthy,0.47,49.13
9247,5.81,34.94,70,9.96,112.85,2,99.89,Healthy,0.55,49.52
9248,5.83,35.0,80,9.9,116.36,2,99.89,Healthy,0.47,49.34
9249,5.82,35.06,90,10.31,117.16,2,99.88,Healthy,0.6,48.83
9250,5.86,35.09,100,9.7,114.14,2,99.88,Healthy,0.48,48.63
9251,5.84,35.04,90,9.77,115.8,2,99.87,Healthy,0.64,49.1
9252,5.93,35.13,80,9.88,117.5,2,99.87,Healthy,0.54,49.32
9253,5.94,35.08,70,9.91,113.22,2,99.87,Healthy,0.57,48.68
9254,5.79,35.16,60,10.02,116.52,2,99.87,Healthy,0.58,49.14
9255,5.84,35.13,50,9.78,115.52,2,99.86,Seal Wear,0.55,49.69
9256,5.86,35.21,40,10.21,116.03,2,99.86,Seal Wear,0.57,50
9257,5.91,35.32,30,9.7,116.07,2,99.86,Seal Wear,0.67,49.46
9258,5.96,35.23,20,9.84,114.66,2,99.85,Seal Wear,0.58,49.87
9259,5.81,35.37,10,9.72,115.1,2,99.85,Seal Wear,0.66,50
9260,5.88,35.37,0,10.14,116.56,3,99.84,Seal Wear,0.73,50
9261,5.8,35.42,10,10.25,114.56,3,99.83,Seal Wear,0.58,49.59
9262,5.81,35.4,20,9.74,114.54,3,99.82,Seal Wear,0.63,49.61
9263,5.96,35.39,30,9.96,113.58,3,99.81,Seal Wear,0.61,49.17
9264,5.76,35.31,40,9.96,112.8,3,99.8,Seal Wear,0.58,49.11
9265,5.86,35.24,50,9.83,116.72,3,99.78,Seal Wear,0.78,49.56
9266,5.87,35.24,60,10.16,117.05,3,99.77,Seal Wear,0.67,49.97
9267,5.79,35.43,70,10.02,113.63,3,99.76,Seal Wear,0.77,49.81
9268,5.92,35.63,80,9.75,115.16,3,99.75,Seal Wear,0.64,49.76
9269,5.85,35.83,90,9.72,113.65,3,99.73,Seal Wear,0.8,49.64
9270,5.77,35.88,100,10.18,112.89,3,99.71,Seal Wear,0.75,49.04
9271,5.76,35.86,90,10.0,113.4,3,99.69,Seal Wear,0.9,48.71
9272,5.88,35.68,80,9.76,113.37,3,99.67,Seal Wear,0.78,48.7
9273,5.93,35.75,70,10.18,112.17,3,99.65,Seal Wear,0.66,48.91
9274,5.86,35.74,60,10.39,115.37,3,99.62,Seal Wear,0.75,49.1
9275,5.78,35.91,50,9.79,115.85,3,99.6,Seal Wear,0.92,48.78
9276,5.76,35.96,40,9.82,111.48,3,99.57,Seal Wear,0.79,49.16
9277,5.89,35.92,30,9.87,115.82,3,99.55,Seal Wear,0.8,48.87
9278,5.74,36.03,20,10.15,111.83,3,99.51,Seal Wear,0.92,48.44
9279,5.73,36.03,10,10.43,112.28,3,99.48,Seal Wear,0.75,48.56
9280,5.76,35.93,0,9.73,111.86,4,99.43,Seal Wear,1.07,49.02
9281,5.81,36.0,10,10.21,112.81,4,99.4,Seal Wear,1.0,49.56
9282,5.97,36.17,20,10.09,114.91,4,99.37,Seal Wear,1.11,48.92
9283,5.76,36.32,30,9.97,116.58,4,99.33,Seal Wear,0.81,49.39
9284,5.78,36.53,40,10.39,114.99,4,99.29,Seal Wear,0.72,49.24
9285,5.79,36.6,50,10.21,114.27,4,99.24,Seal Wear,1.11,48.79
9286,5.7,36.66,60,9.78,113.06,4,99.2,Seal Wear,1.1,48.78
9287,5.75,36.83,70,9.91,112.35,4,99.17,Seal Wear,0.9,49.33
9288,5.69,36.82,80,10.24,111.82,4,99.11,Seal Wear,0.71,48.95
9289,5.78,37.03,90,10.18,114.45,4,99.07,Seal Wear,1.02,49.08
9290,5.88,36.98,100,10.34,114.59,4,99.02,Seal Wear,0.88,48.77
9291,5.7,36.8,90,10.11,110.73,4,98.96,Seal Wear,1.09,48.9
9292,5.8,36.77,80,10.38,111.92,4,98.91,Seal Wear,1.33,48.79
9293,5.88,36.97,70,9.74,112.95,4,98.85,Seal Wear,1.25,48.85
9294,5.76,37.0,60,10.19,114.77,4,98.8,Seal Wear,1.1,48.36
9295,5.74,37.06,50,10.12,113.59,4,98.74,Seal Wear,1.38,48.82
9296,5.7,37.01,40,9.95,115.29,4,98.69,Seal Wear,1.04,48.55
9297,5.74,37.04,30,10.08,111.06,4,98.63,Seal Wear,1.4,48.07
9298,5.82,37.41,20,10.36,115.41,4,98.56,Seal Wear,1.06,47.84
9299,5.68,37.69,10,10.32,113.79,4,98.5,Seal Wear,0.85,47.37
9300,5.72,37.35,0,9.96,114.09,5,98.45,Seal Wear,0.76,47.3
9301,5.81,37.5,10,10.47,114.41,5,98.39,Seal Wear,1.2,47.91
9302,5.81,37.38,20,10.19,113.47,5,98.33,Seal Wear,1.25,47.63
9303,5.91,37.24,30,9.95,111.94,5,98.25,Seal Wear,1.24,47.44
9304,5.83,37.56,40,10.35,111.44,5,98.19,Seal Wear,1.09,47.43
9305,5.9,37.75,50,9.84,111.65,5,98.12,Seal Wear,0.86,47.05
9306,5.85,37.8,60,10.07,111.51,5,98.05,Seal Wear,1.33,47.89
9307,5.68,37.81,70,10.05,109.29,5,97.98,Seal Wear,1.23,47.36
9308,5.86,37.75,80,10.24,110.5,5,97.94,Seal Wear,1.16,48.19
9309,5.86,37.94,90,10.52,112.32,5,97.89,Seal Wear,0.81,48.49
9310,5.81,38.36,100,10.35,114.24,5,97.81,Seal Wear,1.27,48.27
9311,5.78,38.26,90,9.72,112.58,5,97.74,Seal Wear,1.42,48.18
9312,5.8,38.6,80,10.13,114.19,5,97.68,Seal Wear,0.83,47.62
9313,5.88,38.81,70,10.0,111.68,5,97.6,Seal Wear,1.2,47.49
9314,5.7,38.99,60,10.18,109.21,5,97.54,Seal Wear,1.82,47.07
9315,5.91,38.97,50,9.74,113.16,5,97.49,Seal Wear,1.57,46.72
9316,5.69,39.06,40,10.06,113.52,5,97.44,Seal Wear,1.76,46.78
9317,5.79,38.74,30,10.1,112.6,5,97.34,Seal Wear,1.9,47.55
9318,5.71,38.77,20,9.87,109.86,5,97.25,Seal Wear,1.57,47.96
9319,5.8,38.77,10,10.34,114.81,5,97.14,Seal Wear,1.66,47.58
9320,5.81,38.82,0,9.94,113.33,6,97.09,Seal Wear,1.64,48.23
9321,5.82,39.15,10,9.71,116.26,6,97.02,Seal Wear,1.26,48.47
9322,5.7,39.07,20,10.2,113.01,6,96.93,Seal Wear,0.94,48.04
9323,5.72,38.93,30,10.4,112.99,6,96.83,Seal Wear,1.75,48.67
9324,5.73,38.93,40,10.05,110.2,6,96.71,Seal Wear,1.56,49.28
9325,5.82,38.76,50,10.06,115.01,6,96.66,Seal Wear,1.42,49.46
9326,5.75,38.7,60,10.07,111.91,6,96.6,Seal Wear,1.2,49.71
9327,5.81,38.55,70,10.21,112.78,6,96.52,Seal Wear,1.4,49.47
9328,5.8,38.56,80,10.41,107.99,6,96.4,Seal Wear,1.89,49.33
9329,5.74,38.56,90,9.86,112.3,6,96.33,Seal Wear,1.25,48.85
9330,5.61,38.83,100,10.4,111.01,6,96.24,Seal Wear,1.66,48.26
9331,5.98,38.85,90,10.23,106.8,6,96.15,Seal Wear,1.73,48.89
9332,5.7,38.93,80,10.0,114.83,6,96.06,Seal Wear,1.79,48.33
9333,5.8,39.38,70,10.19,110.04,6,96.0,Seal Wear,1.11,47.98
9334,5.74,39.81,60,10.13,111.09,6,95.87,Seal Wear,1.62,47.99
9335,5.69,40.36,50,10.29,109.94,6,95.8,Seal Wear,1.06,48.04
9336,5.82,40.25,40,9.91,114.72,6,95.72,Seal Wear,1.35,48.41
9337,5.77,40.78,30,10.05,110.43,6,95.63,Seal Wear,0.88,49.13
9338,5.67,41.02,20,9.85,111.26,6,95.52,Seal Wear,1.13,48.6
9339,5.72,41.14,10,9.97,110.82,6,95.39,Seal Wear,1.09,49.07
9340,5.81,41.37,0,9.96,110.81,7,95.25,Seal Wear,0.92,48.61
9341,5.73,41.67,10,9.88,106.88,7,95.12,Seal Wear,1.02,48.68
9342,5.78,41.89,20,9.92,109.19,7,94.98,Seal Wear,1.71,48.42
9343,5.76,41.38,30,10.15,115.27,7,94.83,Seal Wear,1.71,49.11
9344,5.78,41.54,40,10.52,109.5,7,94.73,Seal Wear,2.17,49.33
9345,5.66,41.67,50,10.41,108.08,7,94.59,Seal Wear,2.49,49.8
9346,5.92,41.82,60,10.55,110.36,7,94.48,Seal Wear,2.21,50
9347,5.73,41.33,70,9.87,110.39,7,94.37,Seal Wear,2.06,49.48
9348,5.74,41.02,80,10.32,108.03,7,94.27,Seal Wear,1.36,49.19
9349,5.57,40.91,90,9.7,111.63,7,94.12,Seal Wear,1.0,49.41
9350,5.76,40.55,100,9.85,110.51,7,94.03,Seal Wear,1.92,50
9351,5.98,40.27,90,9.97,113.47,7,93.88,Seal Wear,1.84,50
9352,5.78,41.07,80,10.17,110.15,7,93.75,Seal Wear,1.33,49.61
9353,5.73,41.21,70,9.73,114.15,7,93.66,Seal Wear,1.29,50
9354,5.67,41.03,60,10.34,109.25,7,93.5,Seal Wear,2.51,49.75
9355,5.81,41.25,50,10.09,107.1,7,93.35,Seal Wear,1.75,49.08
9356,5.54,40.91,40,10.5,108.72,7,93.22,Seal Wear,1.76,48.55
9357,5.76,40.79,30,10.34,109.28,7,93.14,Seal Wear,2.43,48.15
9358,5.72,40.72,20,10.28,108.48,7,93.06,Seal Wear,2.22,48.34
9359,5.73,40.6,10,9.87,115.24,7,92.9,Seal Wear,2.13,48.09
9360,5.78,41.25,0,10.33,112.4,8,92.8,Seal Wear,2.02,47.87
9361,5.76,40.75,10,10.35,112.03,8,92.7,Seal Wear,2.01,47.33
9362,5.89,40.99,20,10.18,110.33,8,92.58,Seal Wear,2.21,47.21
9363,5.96,41.6,30,10.39,107.78,8,92.43,Seal Wear,1.55,47.92
9364,5.75,41.4,40,10.17,106.04,8,92.32,Seal Wear,1.82,47.85
9365,5.74,41.49,50,10.22,114.07,8,92.2,Seal Wear,1.9,47.76
9366,5.77,41.36,60,9.74,111.44,8,92.09,Seal Wear,1.86,47.58
9367,5.72,41.47,70,10.4,110.05,8,91.93,Seal Wear,1.06,47.46
9368,5.75,41.77,80,10.51,112.71,8,91.77,Seal Wear,1.45,47.01
9369,5.57,41.65,90,9.95,111.57,8,91.65,Seal Wear,2.18,47.77
9370,5.71,41.18,100,9.99,113.7,8,91.49,Seal Wear,1.75,48.12
9371,5.85,41.28,90,10.2,111.46,8,91.39,Seal Wear,2.0,47.64
9372,5.62,41.16,80,10.14,112.39,8,91.31,Seal Wear,1.34,47.92
9373,5.7,41.24,70,9.87,110.96,8,91.21,Seal Wear,2.45,48.47
9374,5.53,41.37,60,10.53,106.74,8,91.1,Seal Wear,2.17,48.25
9375,5.82,41.36,50,9.93,109.97,8,90.99,Seal Wear,1.41,47.77
9376,5.87,41.43,40,10.57,108.82,8,90.87,Seal Wear,1.67,48.24
9377,5.89,41.88,30,10.28,108.26,8,90.78,Seal Wear,1.88,48.05
9378,5.77,42.53,20,9.94,109.4,8,90.67,Seal Wear,1.61,47.68
9379,5.74,42.67,10,10.38,114.3,8,90.52,Seal Wear,2.63,47.25
9380,5.74,42.34,0,10.3,105.56,9,90.39,Seal Wear,1.29,47.59
9381,5.74,42.03,10,10.05,107.75,9,90.22,Seal Wear,2.05,47.28
9382,5.62,41.8,20,9.78,108.43,9,90.05,Seal Wear,1.28,47.06
9383,5.64,41.53,30,9.92,110.0,9,89.98,Seal Wear,0.98,47.22
9384,5.86,41.99,40,10.16,108.88,9,89.9,Seal Wear,1.82,47.88
9385,5.76,42.48,50,10.24,113.27,9,89.78,Seal Wear,2.04,47.43
9386,5.83,41.86,60,10.5,116.0,9,89.62,Seal Wear,1.67,47.55
9387,5.7,42.34,70,10.26,111.7,9,89.52,Seal Wear,1.99,47.51
9388,5.63,42.72,80,9.73,110.68,9,89.43,Seal Wear,2.01,48.2
9389,5.84,42.3,90,10.02,105.54,9,89.32,Seal Wear,1.53,48.05
9390,5.71,42.48,100,10.54,110.56,9,89.18,Seal Wear,1.8,47.82
9391,5.65,42.88,90,10.54,108.17,9,89.03,Seal Wear,2.13,47.69
9392,5.77,42.93,80,10.32,112.62,9,88.95,Seal Wear,2.37,47.16
9393,5.61,42.42,70,10.21,114.3,9,88.81,Seal Wear,0.97,46.76
9394,5.87,42.03,60,10.34,111.16,9,88.65,Seal Wear,1.89,47.13
9395,5.91,41.57,50,9.84,114.31,9,88.54,Seal Wear,1.06,47.31
9396,5.77,41.32,40,10.49,106.73,9,88.38,Seal Wear,1.08,46.99
9397,5.56,41.1,30,10.38,110.51,9,88.26,Seal Wear,2.26,47.47
9398,5.89,41.57,20,10.39,109.34,9,88.16,Seal Wear,2.44,47.1
9399,5.59,41.83,10,10.11,109.08,9,88.01,Seal Wear,2.06,47.35
9400,5.8,41.57,0,10.19,113.27,10,87.93,Seal Wear,2.07,46.9
9401,5.69,41.62,10,10.48,109.18,10,87.85,Seal Wear,2.14,46.85
9402,5.67,41.94,20,10.14,109.39,10,87.73,Seal Wear,1.57,46.88
9403,5.72,41.74,30,10.51,105.24,10,87.6,Seal Wear,1.46,47.13
9404,5.61,41.75,40,10.11,110.49,10,87.47,Seal Wear,2.34,46.84
9405,5.62,41.52,50,10.45,108.17,10,87.33,Seal Wear,1.64,46.51
9406,5.55,41.36,60,9.93,111.88,10,87.24,Seal Wear,2.34,47.26
9407,5.72,41.83,70,10.29,111.99,10,87.12,Seal Wear,2.58,47.8
9408,5.85,41.38,80,9.9,111.77,10,86.98,Seal Wear,2.26,47.35
9409,5.58,41.26,90,10.23,108.39,10,86.81,Seal Wear,2.11,47.29
9410,5.57,41.46,100,9.96,111.15,10,86.66,Seal Wear,1.66,47.79
9411,5.79,41.38,90,10.15,113.35,10,86.52,Seal Wear,1.54,48.15
9412,5.88,41.71,80,10.3,113.37,10,86.42,Seal Wear,2.03,48.83
9413,5.62,42.07,70,10.51,107.3,10,86.29,Seal Wear,2.32,48.28
9414,5.61,42.07,60,10.15,110.83,10,86.19,Seal Wear,1.31,48.53
9415,5.61,41.93,50,10.31,112.55,10,86.1,Seal Wear,2.07,48.16
9416,5.82,42.43,40,10.57,111.83,10,85.95,Seal Wear,2.62,48.11
9417,5.84,42.52,30,10.05,113.86,10,85.8,Seal Wear,2.64,48.71
9418,5.76,42.43,20,10.31,111.32,10,85.63,Seal Wear,2.51,48.81
9419,5.84,42.25,10,10.01,112.8,10,85.51,Seal Wear,2.08,49.34
9420,5.69,42.59,0,9.9,110.77,11,85.37,Seal Wear,2.54,49.45
9421,5.68,42.61,10,9.81,108.42,11,85.27,Seal Wear,1.73,49.7
9422,5.63,42.24,20,10.49,112.84,11,85.11,Seal Wear,2.55,50
9423,5.81,42.23,30,10.2,111.65,11,85.0,Seal Wear,2.24,49.47
9424,5.77,42.07,40,10.43,114.47,11,84.83,Seal Wear,1.0,49.81
9425,5.73,42.01,50,9.91,109.12,11,84.67,Seal Wear,1.97,50
9426,5.77,42.1,60,10.17,111.74,11,84.51,Seal Wear,1.65,49.92
9427,5.68,42.19,70,10.28,104.88,11,84.35,Seal Wear,1.79,49.9
9428,5.73,41.98,80,10.0,112.43,11,84.25,Seal Wear,1.3,50
9429,5.79,42.41,90,10.1,111.04,11,84.17,Seal Wear,1.17,49.45
9430,5.96,42.36,100,9.83,108.41,11,84.04,Seal Wear,1.76,49.87
9431,5.71,42.68,90,10.17,109.26,11,83.96,Seal Wear,2.09,50
9432,5.79,43.1,80,10.19,109.71,11,83.87,Seal Wear,1.69,49.27
9433,5.69,43.04,70,10.39,109.68,11,83.76,Seal Wear,2.39,49.23
9434,5.76,42.58,60,9.99,112.13,11,83.66,Seal Wear,1.93,48.8
9435,5.72,42.48,50,9.93,113.39,11,83.51,Seal Wear,1.43,48.9
9436,5.95,43.1,40,10.08,108.88,11,83.39,Seal Wear,2.59,49.45
9437,5.83,43.23,30,10.15,107.09,11,83.3,Seal Wear,1.73,49.24
9438,5.95,42.88,20,9.69,107.44,11,83.17,Seal Wear,1.19,48.83
9439,5.69,42.06,10,10.25,106.89,11,83.02,Seal Wear,1.64,49.45
9440,5.9,41.68,0,10.49,109.47,12,82.88,Seal Wear,1.99,49.55
9441,5.7,41.3,10,9.99,110.21,12,82.75,Seal Wear,2.24,49.07
9442,5.81,41.13,20,10.32,112.64,12,82.59,Seal Wear,1.64,49.65
9443,5.65,41.67,30,9.99,113.44,12,82.44,Seal Wear,2.28,49.56
9444,5.65,42.06,40,10.58,105.38,12,82.29,Seal Wear,2.12,50
9445,5.72,41.6,50,10.46,108.28,12,82.16,Seal Wear,1.63,49.31
9446,5.85,41.56,60,9.84,107.82,12,82.07,Seal Wear,1.47,49.65
9447,5.92,41.62,70,10.44,109.18,12,81.95,Seal Wear,1.96,49.62
9448,5.65,41.31,80,10.04,110.75,12,81.81,Seal Wear,2.22,49.19
9449,5.66,41.52,90,10.4,107.74,12,81.72,Seal Wear,2.47,49.32
9450,5.98,42.08,100,10.3,108.12,12,81.57,Seal Wear,1.27,49.45
9451,5.82,41.97,90,10.22,106.22,12,81.45,Seal Wear,2.46,48.96
9452,5.9,41.7,80,9.85,113.52,12,81.29,Seal Wear,2.17,48.92
9453,5.8,41.15,70,10.0,110.7,12,81.17,Seal Wear,1.63,48.48
9454,5.71,41.03,60,10.18,107.68,12,81.09,Seal Wear,2.3,47.9
9455,5.57,41.48,50,10.55,110.25,12,80.99,Seal Wear,1.2,48.62
9456,5.56,41.18,40,9.85,110.22,12,80.82,Seal Wear,2.52,48.89
9457,5.8,40.92,30,10.11,109.76,12,80.7,Seal Wear,1.45,49.17
9458,5.7,41.53,20,10.45,108.26,12,80.61,Seal Wear,2.18,49.04
9459,5.82,41.48,10,10.29,111.33,12,80.47,Seal Wear,2.16,49.12
9460,5.83,41.81,0,10.34,109.1,13,80.39,Seal Wear,2.62,49.29
9461,5.63,41.83,10,10.48,111.02,13,80.29,Seal Wear,2.46,48.71
9462,5.74,41.86,20,10.53,110.55,13,80.19,Seal Wear,2.75,49.22
9463,5.81,41.63,30,10.15,108.54,13,80.07,Seal Wear,1.12,48.8
9464,5.59,41.25,40,10.5,107.1,13,79.93,Seal Wear,1.84,48.75
9465,5.52,40.6,50,9.97,112.46,13,79.82,Seal Wear,2.23,48.32
9466,5.66,41.23,60,10.39,109.2,13,79.69,Seal Wear,1.42,48.44
9467,5.76,40.85,70,10.25,110.6,13,79.55,Seal Wear,2.57,48.56
9468,5.72,41.09,80,10.26,111.23,13,79.43,Seal Wear,2.47,49.03
9469,5.74,41.67,90,10.02,110.73,13,79.29,Seal Wear,2.74,49.7
9470,5.66,42.28,100,10.01,108.2,13,79.16,Seal Wear,1.17,49.64
9471,5.6,42.22,90,9.81,112.84,13,79.0,Seal Wear,2.12,49.23
9472,5.71,42.07,80,10.35,110.65,13,78.86,Seal Wear,1.41,49.65
9473,5.86,42.17,70,9.77,108.89,13,78.77,Seal Wear,1.19,49.01
9474,5.64,42.07,60,9.96,111.12,13,78.68,Seal Wear,1.9,49.71
9475,5.79,41.99,50,9.88,107.69,13,78.51,Seal Wear,1.83,49.84
9476,5.75,42.4,40,10.17,110.18,13,78.43,Seal Wear,2.49,49.77
9477,5.93,42.66,30,10.29,107.82,13,78.28,Seal Wear,1.36,50
9478,5.8,42.15,20,9.94,109.91,13,78.12,Seal Wear,2.22,49.48
9479,5.88,42.5,10,10.57,110.42,13,77.97,Seal Wear,1.65,49.26
9480,5.75,42.11,0,10.26,114.75,14,77.8,Seal Wear,1.76,48.85
9481,5.81,42.46,10,10.21,109.13,14,77.7,Seal Wear,1.3,49.47
9482,5.88,42.36,20,9.99,110.75,14,77.58,Seal Wear,1.55,49.14
9483,5.73,42.11,30,10.22,112.81,14,77.43,Seal Wear,1.35,48.95
9484,5.75,42.34,40,10.59,109.7,14,77.33,Seal Wear,2.69,49.24
9485,5.65,42.03,50,9.79,107.32,14,77.19,Seal Wear,1.88,49.68
9486,5.85,41.87,60,10.39,108.25,14,77.09,Seal Wear,1.58,49.64
9487,5.67,41.31,70,10.02,112.18,14,76.98,Seal Wear,2.31,48.97
9488,5.7,41.18,80,10.09,109.2,14,76.81,Seal Wear,2.26,48.6
9489,5.79,41.24,90,10.41,107.43,14,76.71,Seal Wear,1.11,48.97
9490,5.61,41.92,100,10.11,109.47,14,76.58,Seal Wear,1.48,49.33
9491,5.76,41.7,90,10.42,111.37,14,76.45,Seal Wear,1.96,49.85
9492,5.57,41.98,80,9.85,109.09,14,76.34,Seal Wear,1.16,49.34
9493,5.78,42.03,70,9.82,109.05,14,76.17,Seal Wear,1.85,48.95
9494,5.75,41.27,60,10.32,109.81,14,76.09,Seal Wear,2.03,49.57
9495,5.69,40.94,50,10.3,108.54,14,75.92,Seal Wear,2.3,49.98
9496,5.92,41.46,40,10.21,108.92,14,75.78,Seal Wear,1.11,50
9497,5.77,41.4,30,10.14,105.56,14,75.67,Seal Wear,2.39,50
9498,5.76,41.89,20,10.34,111.3,14,75.57,Seal Wear,2.02,49.83
9499,5.73,41.58,10,9.86,107.63,14,75.48,Seal Wear,1.86,50
9500,5.68,42.08,0,9.95,114.33,15,75.35,Seal Wear,1.15,50
9501,5.81,42.02,10,9.98,108.93,15,75.25,Seal Wear,2.28,49.97
9502,5.69,41.72,20,10.07,113.31,15,75.11,Seal Wear,1.68,50
9503,5.73,41.23,30,10.02,107.47,15,75.01,Seal Wear,1.8,50
9504,5.71,41.03,40,9.75,115.22,15,74.86,Seal Wear,1.31,50
9505,5.9,41.41,50,10.61,109.14,15,74.71,Seal Wear,2.01,49.51
9506,5.81,41.51,60,10.21,112.0,15,74.63,Seal Wear,2.42,49.9
9507,5.68,41.45,70,10.29,109.42,15,74.47,Seal Wear,1.17,50
9508,5.73,41.33,80,9.98,107.41,15,74.38,Seal Wear,2.09,49.89
9509,5.63,41.52,90,10.49,111.11,15,74.21,Seal Wear,1.38,49.8
9510,5.88,41.12,100,10.28,107.39,15,74.05,Seal Wear,2.11,49.11
9511,5.74,41.16,90,10.13,110.85,15,73.91,Seal Wear,1.62,49.05
9512,5.89,41.38,80,9.88,107.96,15,73.82,Seal Wear,1.5,49.13
9513,5.9,41.19,70,9.95,105.57,15,73.68,Seal Wear,2.12,48.81
9514,5.68,41.49,60,10.21,109.36,15,73.53,Seal Wear,2.02,49.39
9515,5.76,41.59,50,10.0,109.77,15,73.46,Seal Wear,2.4,49.25
9516,5.69,42.07,40,10.39,106.98,15,73.38,Seal Wear,1.76,48.62
9517,5.83,41.48,30,10.21,114.2,15,73.26,Seal Wear,1.15,49.23
9518,5.77,41.67,20,10.1,113.9,15,73.16,Seal Wear,1.63,49.17
9519,5.78,41.5,10,10.4,112.39,15,73.05,Seal Wear,1.1,49.59
9520,5.73,41.73,0,10.3,112.38,16,72.91,Seal Wear,1.26,48.91
9521,5.7,41.43,10,10.37,108.53,16,72.82,Seal Wear,1.65,49.29
9522,5.71,41.73,20,9.81,109.78,16,72.67,Seal Wear,1.22,49.51
9523,5.79,41.4,30,10.11,111.5,16,72.58,Seal Wear,1.63,48.92
9524,5.83,41.59,40,10.39,115.29,16,72.43,Seal Wear,2.69,48.35
9525,5.62,41.28,50,10.27,111.83,16,72.27,Seal Wear,2.1,48.7
9526,5.95,41.51,60,10.17,111.83,16,72.17,Seal Wear,2.15,48.89
9527,5.75,41.72,70,10.17,112.0,16,72.01,Seal Wear,1.42,48.62
9528,5.88,41.5,80,10.04,108.25,16,71.91,Seal Wear,1.59,48.98
9529,5.62,41.66,90,10.41,111.14,16,71.75,Seal Wear,1.49,48.89
9530,5.59,41.52,100,9.88,114.02,16,71.62,Seal Wear,2.32,48.69
9531,5.81,41.62,90,9.85,109.3,16,71.45,Seal Wear,1.97,48.28
9532,5.8,41.81,80,10.27,108.53,16,71.34,Seal Wear,1.66,47.68
9533,5.71,41.88,70,10.46,110.54,16,71.25,Seal Wear,2.49,48.05
9534,5.8,41.72,60,10.37,105.95,16,71.15,Seal Wear,1.34,48.26
9535,5.8,41.53,50,9.99,107.67,16,71.03,Seal Wear,2.49,47.85
9536,5.83,41.53,40,9.85,110.14,16,70.9,Seal Wear,2.46,48.47
9537,5.81,42.19,30,10.48,107.59,16,70.8,Seal Wear,1.11,49.06
9538,5.81,42.22,20,10.23,106.2,16,70.66,Seal Wear,2.74,48.68
9539,5.79,41.67,10,10.43,113.36,16,70.53,Seal Wear,1.72,48.75
9540,5.77,41.31,0,9.96,109.44,17,70.41,Seal Wear,2.44,49.37
9541,5.64,41.22,10,9.77,105.45,17,70.3,Seal Wear,1.4,49.98
9542,5.8,41.66,20,10.49,110.75,17,70.15,Seal Wear,2.39,50
9543,5.65,41.98,30,9.96,110.13,17,70.03,Seal Wear,1.97,49.87
9544,5.8,42.32,40,9.91,107.74,17,69.94,Seal Wear,2.46,49.23
9545,5.8,42.04,50,10.25,113.57,17,69.84,Seal Wear,2.36,49.24
9546,5.71,41.96,60,10.44,106.83,17,69.74,Seal Wear,2.47,48.6
9547,5.61,41.47,70,10.16,110.01,17,69.63,Seal Wear,1.41,48.23
9548,5.98,41.36,80,10.12,108.49,17,69.52,Seal Wear,2.33,48.93
9549,5.74,41.37,90,10.09,106.67,17,69.37,Seal Wear,1.78,49.48
9550,5.83,41.25,100,10.49,107.93,17,69.25,Seal Wear,2.28,49.16
9551,5.96,41.0,90,10.49,110.92,17,69.11,Seal Wear,1.55,49.56
9552,5.72,41.2,80,9.86,107.1,17,68.95,Seal Wear,1.36,49.21
9553,5.67,41.39,70,10.12,106.52,17,68.84,Seal Wear,2.52,48.58
9554,5.6,41.9,60,10.12,107.45,17,68.75,Seal Wear,2.4,48.5
9555,5.71,41.57,50,10.14,112.9,17,68.67,Seal Wear,1.5,48.83
9556,5.86,42.27,40,10.0,114.16,17,68.54,Seal Wear,1.27,48.49
9557,5.67,42.43,30,10.11,111.3,17,68.41,Seal Wear,1.98,48.58
9558,5.88,41.97,20,9.99,112.91,17,68.31,Seal Wear,2.65,48.62
9559,5.57,41.91,10,10.05,111.85,17,68.2,Seal Wear,1.33,49.34
9560,5.72,42.09,0,9.98,106.06,18,68.1,Seal Wear,1.66,49.81
9561,5.91,42.5,10,10.22,109.38,18,68.02,Seal Wear,1.31,50
9562,5.72,42.41,20,10.36,110.99,18,67.88,Seal Wear,1.74,50
9563,5.78,42.28,30,10.23,108.33,18,67.71,Seal Wear,2.62,49.84
9564,5.68,42.42,40,10.06,112.03,18,67.57,Seal Wear,1.4,50
9565,5.87,42.73,50,10.0,109.14,18,67.46,Seal Wear,1.81,50
9566,5.78,43.07,60,10.38,110.1,18,67.31,Seal Wear,2.33,49.81
9567,5.8,42.81,70,9.91,109.15,18,67.17,Seal Wear,2.64,49.33
9568,5.61,42.79,80,10.09,107.91,18,67.01,Seal Wear,1.29,49.72
9569,5.73,43.35,90,10.31,111.79,18,66.92,Seal Wear,2.53,50
9570,5.79,43.44,100,9.75,106.71,18,66.76,Seal Wear,1.78,49.26
9571,5.59,42.78,90,10.35,109.26,18,66.6,Seal Wear,2.23,49.21
9572,5.85,42.37,80,9.98,114.59,18,66.5,Seal Wear,1.88,49.07
9573,5.71,41.92,70,10.22,107.02,18,66.41,Seal Wear,1.91,49.53
9574,5.75,41.65,60,10.26,113.39,18,66.26,Seal Wear,1.73,49.81
9575,5.87,41.44,50,10.15,109.25,18,66.13,Seal Wear,1.07,50
9576,5.86,41.6,40,10.34,107.96,18,65.99,Seal Wear,2.31,50
9577,5.7,41.73,30,10.26,113.41,18,65.82,Seal Wear,1.65,50
9578,5.82,42.04,20,10.04,111.76,18,65.66,Seal Wear,1.2,49.58
9579,5.66,42.37,10,9.99,110.23,18,65.51,Seal Wear,1.25,49.81
9580,5.7,42.46,0,10.18,110.67,19,65.36,Seal Wear,1.1,50
9581,5.73,41.88,10,10.62,114.42,19,65.23,Seal Wear,1.59,50
9582,5.7,41.86,20,10.16,112.2,19,65.08,Seal Wear,1.57,49.89
9583,5.71,41.93,30,9.97,114.87,19,64.94,Seal Wear,1.32,49.54
9584,5.75,41.89,40,10.14,113.83,19,64.86,Seal Wear,1.29,49.55
9585,5.97,41.6,50,10.03,112.5,19,64.77,Seal Wear,2.04,49.74
9586,5.82,42.14,60,10.18,112.42,19,64.68,Seal Wear,1.16,50
9587,5.71,41.87,70,9.87,111.78,19,64.59,Seal Wear,2.31,49.58
9588,5.84,41.81,80,10.12,108.11,19,64.49,Seal Wear,2.4,49.84
9589,5.67,42.03,90,9.98,107.15,19,64.32,Seal Wear,1.41,49.1
9590,5.76,42.48,100,10.28,105.59,19,64.24,Seal Wear,1.33,49.13
9591,5.71,42.43,90,9.9,113.13,19,64.15,Seal Wear,1.36,48.93
9592,5.78,42.22,80,9.83,110.02,19,64.03,Seal Wear,1.53,48.93
9593,5.74,42.32,70,9.96,112.93,19,63.92,Seal Wear,1.64,49.55
9594,5.73,42.71,60,10.1,109.08,19,63.82,Seal Wear,1.44,48.99
9595,5.78,42.82,50,9.84,111.14,19,63.68,Seal Wear,1.54,48.67
9596,5.94,42.76,40,10.52,107.49,19,63.53,Seal Wear,2.51,49.31
9597,5.87,42.62,30,10.48,107.31,19,63.43,Seal Wear,1.1,49.75
9598,5.8,42.52,20,10.03,112.27,19,63.29,Seal Wear,1.28,50
9599,5.74,42.77,10,10.44,109.55,19,63.17,Seal Wear,2.41,49.75
9600,5.8,43.12,0,10.16,109.57,20,63.04,Seal Wear,1.69,49.2
9601,5.3,30.25,10,10.25,122.2,0,100.0,Healthy,0.32,17.22
9602,5.38,30.38,20,9.78,123.14,0,100.0,Healthy,0.42,19.09
9603,5.38,30.49,30,9.76,124.48,0,100.0,Healthy,0.43,21.28
9604,5.26,30.6,40,9.7,124.17,0,99.99,Healthy,0.48,23.03
9605,5.38,30.83,50,10.03,120.83,0,99.99,Healthy,0.39,24.68
9606,5.41,31.23,60,9.7,121.85,0,99.99,Healthy,0.33,26.09
9607,5.53,31.44,70,9.86,121.41,0,99.99,Healthy,0.35,27.74
9608,5.62,31.74,80,10.29,122.33,0,99.98,Healthy,0.43,29.92
9609,5.5,32.06,90,9.82,119.66,0,99.98,Healthy,0.55,31.46
9610,5.45,32.09,100,9.94,121.27,0,99.98,Healthy,0.41,32.5
9611,5.68,32.2,90,10.0,117.92,0,99.98,Healthy,0.55,33.26
9612,5.62,32.32,80,10.14,117.66,0,99.98,Healthy,0.5,35.03
9613,5.64,32.53,70,10.01,118.99,0,99.97,Healthy,0.47,36.08
9614,5.64,32.57,60,9.74,116.46,0,99.97,Healthy,0.44,37.09
9615,5.64,32.61,50,9.84,118.59,0,99.97,Healthy,0.6,38.22
9616,5.67,32.75,40,9.81,117.08,0,99.97,Healthy,0.4,38.57
9617,5.73,32.88,30,10.24,119.73,0,99.97,Healthy,0.56,38.73
9618,5.77,33.04,20,9.87,118.78,0,99.97,Healthy,0.4,39.48
9619,5.7,33.16,10,9.81,116.12,0,99.97,Healthy,0.58,39.66
9620,5.65,33.24,0,9.73,116.64,1,99.96,Healthy,0.52,40.69
9621,5.77,33.35,10,9.73,116.27,1,99.96,Healthy,0.59,41.56
9622,5.75,33.51,20,10.09,117.79,1,99.96,Healthy,0.51,41.42
9623,5.65,33.59,30,9.77,119.43,1,99.95,Healthy,0.59,42.45
9624,5.81,33.57,40,10.15,115.49,1,99.95,Healthy,0.57,42.26
9625,5.75,33.68,50,9.82,116.42,1,99.94,Healthy,0.52,42.41
9626,5.79,33.8,60,9.9,115.15,1,99.94,Healthy,0.61,42.59
9627,5.71,33.83,70,9.82,117.24,1,99.94,Healthy,0.55,43.43
9628,5.87,34.07,80,9.73,116.88,1,99.93,Healthy,0.63,43.71
9629,5.85,34.26,90,10.03,117.01,1,99.93,Healthy,0.41,44.35
9630,5.73,34.38,100,10.21,118.72,1,99.93,Healthy,0.5,43.97
9631,5.76,34.29,90,9.86,116.38,1,99.93,Healthy,0.57,43.56
9632,5.71,34.39,80,10.33,119.21,1,99.92,Healthy,0.48,43.46
9633,5.8,34.32,70,10.19,119.16,1,99.92,Healthy,0.47,43.31
9634,5.85,34.42,60,9.94,116.04,1,99.92,Healthy,0.45,43.41
9635,5.76,34.51,50,10.21,117.68,1,99.92,Healthy,0.4,43.01
9636,5.88,34.49,40,10.0,114.67,1,99.91,Healthy,0.41,43.64
9637,5.82,34.57,30,10.32,115.66,1,99.91,Healthy,0.57,43.67
9638,5.79,34.64,20,10.27,117.05,1,99.91,Healthy,0.6,43.91
9639,5.86,34.67,10,9.88,117.16,1,99.91,Healthy,0.44,43.86
9640,5.88,34.67,0,10.0,116.6,2,99.9,Healthy,0.47,43.96
9641,5.89,34.69,10,10.07,115.19,2,99.9,Healthy,0.62,43.5
9642,5.78,34.8,20,10.31,116.56,2,99.9,Healthy,0.58,43.2
9643,5.68,34.68,30,10.06,117.82,2,99.9,Healthy,0.56,43.1
9644,5.81,34.57,40,9.8,115.83,2,99.9,Healthy,0.59,43.25
9645,5.82,34.61,50,9.76,117.71,2,99.89,Healthy,0.56,43.34
9646,5.84,34.6,60,9.89,118.74,2,99.89,Healthy,0.58,43.76
9647,5.76,34.46,70,9.83,116.24,2,99.88,Healthy,0.57,44.11
9648,5.75,34.5,80,10.16,116.46,2,99.88,Healthy,0.64,44.72
9649,5.69,34.45,90,10.09,118.46,2,99.88,Healthy,0.6,44.92
9650,5.73,34.4,100,9.8,115.72,2,99.88,Healthy,0.47,45.48
9651,5.72,34.32,90,10.2,116.94,2,99.87,Healthy,0.53,46.2
9652,5.75,34.36,80,10.03,116.03,2,99.87,Healthy,0.63,46.2
9653,5.92,34.28,70,9.77,116.76,2,99.87,Healthy,0.61,45.58
9654,5.76,34.36,60,10.23,115.33,2,99.86,Healthy,0.63,45.23
9655,5.78,34.48,50,10.08,117.47,2,99.86,Healthy,0.43,45.09
9656,5.89,34.53,40,9.82,117.69,2,99.86,Healthy,0.46,44.56
9657,5.73,34.61,30,9.88,118.8,2,99.85,Healthy,0.57,44.32
9658,5.78,34.56,20,10.06,116.2,2,99.85,Healthy,0.41,44.97
9659,5.75,34.45,10,10.16,117.2,2,99.85,Healthy,0.41,44.48
9660,5.74,34.48,0,9.99,115.48,3,99.85,Healthy,0.47,44.18
9661,5.84,34.37,10,9.73,115.33,3,99.85,Healthy,0.42,44.47
9662,5.7,34.28,20,10.17,114.84,3,99.85,Healthy,0.48,45.26
9663,5.94,34.41,30,10.28,117.43,3,99.85,Healthy,0.48,45.99
9664,5.94,34.45,40,10.3,115.31,3,99.85,Healthy,0.5,46.38
9665,5.81,34.44,50,10.15,115.73,3,99.84,Healthy,0.51,46.31
9666,5.73,34.49,60,9.9,114.87,3,99.84,Healthy,0.56,47.01
9667,5.84,34.55,70,9.84,114.82,3,99.84,Healthy,0.48,46.73
9668,5.75,34.64,80,9.75,115.77,3,99.84,Healthy,0.62,46.74
9669,5.73,34.55,90,10.31,117.46,3,99.83,Healthy,0.56,47.36
9670,5.88,34.58,100,10.26,113.79,3,99.83,Healthy,0.54,47.03
9671,5.71,34.6,90,10.34,113.66,3,99.83,Healthy,0.43,46.58
9672,5.86,34.55,80,10.13,116.05,3,99.83,Healthy,0.52,46.85
9673,5.91,34.61,70,9.86,114.61,3,99.82,Healthy,0.42,47.04
9674,5.81,34.72,60,9.9,115.18,3,99.82,Healthy,0.44,46.52
9675,5.74,34.79,50,10.0,114.1,3,99.82,Healthy,0.46,47.04
9676,5.77,34.82,40,9.9,115.29,3,99.81,Healthy,0.44,46.51
9677,5.76,34.81,30,9.87,117.78,3,99.81,Healthy,0.43,46.92
9678,5.84,34.8,20,9.78,117.56,3,99.81,Healthy,0.6,46.34
9679,5.88,34.7,10,9.69,114.78,3,99.81,Healthy,0.55,45.9
9680,5.78,34.75,0,10.13,118.7,4,99.81,Healthy,0.58,45.66
9681,5.92,34.75,10,10.05,116.66,4,99.8,Healthy,0.57,45.97
9682,5.91,34.6,20,10.15,114.11,4,99.8,Healthy,0.48,45.85
9683,5.88,34.66,30,10.12,115.15,4,99.79,Healthy,0.6,45.84
9684,5.93,34.6,40,10.17,116.13,4,99.79,Healthy,0.42,45.42
9685,5.92,34.6,50,9.78,118.31,4,99.79,Healthy,0.62,45.74
9686,5.85,34.62,60,10.23,115.54,4,99.79,Healthy,0.47,45.82
9687,5.82,34.71,70,10.13,116.86,4,99.79,Healthy,0.52,46.3
9688,5.83,34.84,80,9.65,114.8,4,99.78,Healthy,0.44,47.04
9689,5.94,34.87,90,10.26,114.12,4,99.78,Healthy,0.43,46.35
9690,5.89,34.8,100,10.29,114.45,4,99.78,Healthy,0.54,45.7
9691,5.69,34.75,90,9.77,118.24,4,99.78,Healthy,0.53,45.39
9692,5.91,34.81,80,10.27,117.02,4,99.78,Healthy,0.45,45.01
9693,5.83,34.67,70,9.8,117.76,4,99.77,Healthy,0.62,45.22
9694,5.75,34.67,60,9.7,113.99,4,99.77,Healthy,0.5,45.16
9695,5.77,34.67,50,10.19,117.13,4,99.77,Healthy,0.56,45.0
9696,5.88,34.79,40,9.67,118.04,4,99.77,Healthy,0.63,45.59
9697,5.79,34.81,30,9.89,114.84,4,99.76,Healthy,0.57,45.71
9698,5.8,34.78,20,9.97,115.75,4,99.76,Healthy,0.45,45.9
9699,5.77,34.77,10,9.83,116.48,4,99.76,Healthy,0.45,45.5
9700,5.76,34.65,0,10.03,116.28,5,99.75,Healthy,0.64,45.49
9701,5.87,34.52,10,9.81,114.5,5,99.75,Healthy,0.47,45.58
9702,5.76,34.45,20,9.94,118.49,5,99.75,Healthy,0.59,45.39
9703,5.88,34.45,30,10.23,115.22,5,99.74,Healthy,0.64,45.09
9704,5.68,34.46,40,10.28,115.09,5,99.74,Healthy,0.44,44.59
9705,5.79,34.5,50,9.69,116.86,5,99.74,Healthy,0.55,44.83
9706,5.89,34.48,60,9.95,118.11,5,99.73,Healthy,0.58,44.84
9707,5.84,34.34,70,9.93,117.28,5,99.73,Healthy,0.47,45.29
9708,5.73,34.35,80,9.66,114.68,5,99.73,Healthy,0.62,45.36
9709,5.84,34.22,90,10.22,118.54,5,99.72,Healthy,0.55,45.4
9710,5.73,34.24,100,10.23,115.1,5,99.72,Healthy,0.52,45.23
9711,5.81,34.22,90,10.11,114.98,5,99.72,Healthy,0.52,45.8
9712,5.83,34.24,80,10.23,116.13,5,99.71,Healthy,0.45,45.96
9713,5.91,34.22,70,9.85,115.09,5,99.71,Healthy,0.46,46.14
9714,5.71,34.2,60,10.09,116.3,5,99.71,Healthy,0.46,45.74
9715,5.83,34.32,50,9.87,117.35,5,99.7,Healthy,0.47,45.2
9716,5.91,34.25,40,9.74,114.59,5,99.7,Healthy,0.51,45.38
9717,5.91,34.4,30,9.66,114.03,5,99.7,Healthy,0.46,45.66
9718,5.8,34.54,20,10.03,113.94,5,99.7,Healthy,0.63,45.98
9719,5.91,34.57,10,10.16,115.26,5,99.69,Healthy,0.59,46.24
9720,5.93,34.65,0,9.96,116.64,6,99.69,Healthy,0.57,45.68
9721,5.88,34.72,10,9.8,114.68,6,99.69,Healthy,0.6,45.65
9722,5.82,34.74,20,9.73,116.4,6,99.69,Healthy,0.57,45.39
9723,5.89,34.63,30,10.14,114.18,6,99.69,Healthy,0.49,44.96
9724,5.72,34.56,40,9.89,118.31,6,99.68,Healthy,0.62,45.13
9725,5.86,34.61,50,9.95,117.56,6,99.68,Healthy,0.48,45.12
9726,5.83,34.65,60,9.69,116.82,6,99.67,Healthy,0.51,45.74
9727,5.9,34.61,70,10.06,116.18,6,99.67,Healthy,0.52,45.61
9728,5.73,34.69,80,10.19,117.47,6,99.67,Healthy,0.42,46.38
9729,5.75,34.71,90,10.02,116.63,6,99.67,Healthy,0.44,46.82
9730,5.94,34.6,100,10.3,113.44,6,99.67,Healthy,0.53,46.69
9731,5.83,34.48,90,9.69,115.87,6,99.67,Healthy,0.45,46.24
9732,5.88,34.5,80,10.33,116.9,6,99.66,Healthy,0.65,45.69
9733,5.83,34.45,70,10.21,115.28,6,99.66,Healthy,0.57,45.29
9734,5.72,34.34,60,9.99,115.41,6,99.66,Healthy,0.64,45.37
9735,5.87,34.36,50,9.71,114.87,6,99.66,Healthy,0.53,45.52
9736,5.87,34.44,40,10.09,115.73,6,99.65,Healthy,0.47,46.14
9737,5.78,34.37,30,9.83,117.62,6,99.65,Healthy,0.5,46.52
9738,5.75,34.32,20,9.97,117.66,6,99.65,Healthy,0.5,46.26
9739,5.87,34.37,10,10.2,118.37,6,99.64,Healthy,0.48,46.26
9740,5.85,34.28,0,9.92,114.88,7,99.64,Healthy,0.56,45.98
9741,5.84,34.27,10,10.27,116.71,7,99.64,Healthy,0.53,46.52
9742,5.76,34.27,20,10.03,117.97,7,99.64,Healthy,0.49,47.12
9743,5.75,34.23,30,10.07,116.24,7,99.63,Healthy,0.46,46.86
9744,5.79,34.18,40,9.83,115.26,7,99.63,Healthy,0.43,47.26
9745,5.87,34.27,50,9.87,113.21,7,99.63,Healthy,0.62,47.64
9746,5.88,34.46,60,9.73,114.84,7,99.63,Healthy,0.43,47.5
9747,5.95,34.47,70,10.34,117.45,7,99.62,Healthy,0.45,47.89
9748,5.81,34.5,80,9.81,117.15,7,99.62,Healthy,0.49,47.22
9749,5.79,34.64,90,9.83,116.79,7,99.62,Healthy,0.47,47.59
9750,5.83,34.7,100,9.98,115.76,7,99.62,Healthy,0.47,47.29
9751,5.85,34.75,90,10.25,115.43,7,99.61,Healthy,0.49,46.6
9752,5.81,34.71,80,10.31,113.9,7,99.61,Healthy,0.45,46.48
9753,5.81,34.82,70,9.81,115.27,7,99.6,Healthy,0.51,46.26
9754,5.71,34.65,60,9.7,114.78,7,99.6,Healthy,0.45,45.66
9755,5.72,34.58,50,9.81,115.16,7,99.6,Healthy,0.43,46.07
9756,5.9,34.64,40,10.03,113.78,7,99.6,Healthy,0.56,45.59
9757,5.82,34.65,30,9.76,117.93,7,99.59,Healthy,0.6,46.09
9758,5.8,34.52,20,9.89,114.51,7,99.59,Healthy,0.62,45.73
9759,5.73,34.55,10,9.81,116.3,7,99.59,Healthy,0.42,46.33
9760,5.91,34.57,0,9.87,116.54,8,99.59,Healthy,0.46,46.37
9761,5.71,34.48,10,9.73,118.19,8,99.59,Healthy,0.45,46.06
9762,5.73,34.66,20,9.9,118.35,8,99.58,Healthy,0.46,46.02
9763,5.89,34.72,30,10.07,114.0,8,99.58,Healthy,0.58,46.76
9764,5.74,34.63,40,9.96,117.91,8,99.58,Healthy,0.5,46.51
9765,5.89,34.75,50,9.94,114.01,8,99.57,Healthy,0.58,46.95
9766,5.93,34.71,60,9.97,117.57,8,99.57,Healthy,0.58,47.06
9767,5.74,34.71,70,9.88,116.91,8,99.56,Healthy,0.47,46.86
9768,5.79,34.73,80,9.89,114.43,8,99.56,Healthy,0.58,47.18
9769,5.87,34.82,90,9.78,117.93,8,99.56,Healthy,0.48,47.67
9770,5.82,34.82,100,9.8,117.43,8,99.55,Healthy,0.42,47.02
9771,5.89,34.68,90,9.91,115.63,8,99.55,Healthy,0.52,47.57
9772,5.84,34.81,80,10.03,113.29,8,99.54,Healthy,0.53,47.6
9773,5.81,34.97,70,9.75,113.79,8,99.54,Healthy,0.58,47.28
9774,5.88,34.92,60,10.09,117.12,8,99.54,Healthy,0.56,47.91
9775,5.75,35.06,50,9.99,118.01,8,99.54,Healthy,0.52,47.93
9776,5.82,35.11,40,10.11,114.26,8,99.54,Healthy,0.44,47.58
9777,5.76,35.02,30,9.78,116.96,8,99.53,Healthy,0.5,47.07
9778,5.76,34.93,20,9.82,115.93,8,99.53,Healthy,0.56,46.78
9779,5.84,35.01,10,9.79,113.56,8,99.53,Healthy,0.44,46.74
9780,5.87,34.92,0,9.9,117.06,9,99.53,Healthy,0.51,47.1
9781,5.8,34.97,10,10.21,113.71,9,99.52,Healthy,0.48,46.69
9782,5.71,34.76,20,9.87,114.35,9,99.52,Healthy,0.62,46.33
9783,5.81,34.65,30,10.09,115.84,9,99.52,Healthy,0.53,46.1
9784,5.78,34.63,40,10.15,118.13,9,99.52,Healthy,0.56,45.77
9785,5.79,34.51,50,10.13,118.35,9,99.52,Healthy,0.55,46.09
9786,5.83,34.56,60,9.85,113.43,9,99.51,Healthy,0.57,46.78
9787,5.78,34.58,70,9.91,113.82,9,99.51,Healthy,0.47,47.3
9788,5.76,34.73,80,10.19,113.92,9,99.5,Healthy,0.49,47.72
9789,5.78,34.69,90,9.7,115.66,9,99.5,Healthy,0.62,47.34
9790,5.73,34.58,100,9.99,115.61,9,99.5,Healthy,0.65,46.71
9791,5.94,34.61,90,10.08,116.08,9,99.49,Healthy,0.54,46.59
9792,5.79,34.54,80,10.29,117.67,9,99.49,Healthy,0.65,46.92
9793,5.83,34.54,70,9.99,117.63,9,99.49,Healthy,0.45,47.58
9794,5.8,34.51,60,9.69,114.38,9,99.49,Healthy,0.56,47.47
9795,5.93,34.47,50,9.95,117.24,9,99.49,Healthy,0.48,47.53
9796,5.81,34.48,40,9.66,114.81,9,99.48,Healthy,0.44,47.53
9797,5.78,34.44,30,9.97,114.21,9,99.48,Healthy,0.58,46.82
9798,5.83,34.6,20,9.87,115.27,9,99.48,Healthy,0.63,47.33
9799,5.96,34.6,10,10.33,117.57,9,99.48,Healthy,0.48,47.12
9800,5.73,34.69,0,9.9,116.47,10,99.47,Healthy,0.53,47.05
9801,5.83,34.57,10,9.65,115.67,10,99.47,Healthy,0.61,47.67
9802,5.91,34.56,20,10.04,114.87,10,99.47,Healthy,0.54,47.02
9803,5.76,34.7,30,10.08,115.88,10,99.47,Healthy,0.43,47.06
9804,5.89,34.6,40,9.95,116.27,10,99.47,Healthy,0.65,47.63
9805,5.97,34.59,50,10.18,117.19,10,99.47,Healthy,0.65,48.02
9806,5.75,34.69,60,9.75,114.93,10,99.47,Healthy,0.61,48.24
9807,5.88,34.8,70,9.79,116.62,10,99.46,Healthy,0.64,48.06
9808,5.76,34.76,80,9.73,114.39,10,99.46,Healthy,0.48,48.29
9809,5.89,34.74,90,9.93,114.92,10,99.46,Healthy,0.64,48.21
9810,5.87,34.67,100,10.13,113.09,10,99.46,Healthy,0.57,48.32
9811,5.75,34.75,90,10.12,115.11,10,99.46,Healthy,0.65,48.31
9812,5.96,34.87,80,9.98,113.07,10,99.45,Healthy,0.59,48.38
9813,5.84,34.83,70,10.17,115.72,10,99.45,Healthy,0.63,48.4
9814,5.78,34.91,60,10.31,115.21,10,99.45,Healthy,0.65,48.46
9815,5.88,34.95,50,10.05,117.5,10,99.45,Healthy,0.46,48.12
9816,5.75,34.9,40,9.71,115.79,10,99.45,Healthy,0.46,48.16
9817,5.85,34.97,30,10.11,118.09,10,99.45,Healthy,0.45,47.63
9818,5.93,34.89,20,10.02,113.03,10,99.44,Healthy,0.48,48.17
9819,5.96,34.82,10,10.32,115.64,10,99.44,Healthy,0.48,48.12
9820,5.91,34.7,0,9.85,114.98,11,99.44,Healthy,0.63,47.72
9821,5.91,34.86,10,10.08,115.33,11,99.43,Healthy,0.58,47.51
9822,5.79,34.88,20,9.69,115.26,11,99.43,Healthy,0.65,47.37
9823,5.85,34.81,30,10.09,113.89,11,99.43,Healthy,0.55,47.16
9824,5.92,34.75,40,10.24,117.81,11,99.43,Healthy,0.53,47.8
9825,5.95,34.76,50,10.0,115.51,11,99.42,Healthy,0.53,48.1
9826,5.97,34.71,60,9.75,116.95,11,99.42,Healthy,0.55,48.51
9827,5.86,34.76,70,10.31,112.97,11,99.42,Healthy,0.65,48.49
9828,5.93,34.85,80,10.17,114.79,11,99.41,Healthy,0.48,48.93
9829,5.85,34.94,90,10.0,116.27,11,99.41,Healthy,0.59,48.35
9830,5.84,34.87,100,9.79,116.99,11,99.41,Healthy,0.54,48.8
9831,6.0,34.88,90,9.97,115.37,11,99.41,Healthy,0.55,49.22
9832,5.98,34.86,80,10.31,116.17,11,99.4,Healthy,0.55,49.0
9833,5.81,34.95,70,10.05,114.75,11,99.4,Healthy,0.53,48.34
9834,5.84,34.93,60,9.84,113.65,11,99.4,Healthy,0.57,48.37
9835,5.88,35.0,50,10.32,117.4,11,99.4,Healthy,0.52,48.22
9836,5.79,35.04,40,10.21,116.39,11,99.4,Healthy,0.54,48.19
9837,5.78,34.94,30,10.26,116.65,11,99.4,Healthy,0.52,47.92
9838,5.89,34.86,20,10.02,116.85,11,99.4,Healthy,0.64,48.04
9839,5.91,34.93,10,10.27,114.28,11,99.39,Healthy,0.44,48.06
9840,5.9,34.87,0,9.94,116.92,12,99.39,Healthy,0.53,47.66
9841,5.92,34.94,10,9.97,114.85,12,99.39,Healthy,0.43,47.73
9842,5.76,34.88,20,10.06,114.32,12,99.39,Healthy,0.53,47.26
9843,5.83,34.89,30,9.73,117.02,12,99.39,Healthy,0.45,47.04
9844,5.87,34.97,40,9.69,114.88,12,99.39,Healthy,0.48,46.7
9845,5.88,34.91,50,10.1,114.75,12,99.38,Healthy,0.57,46.93
9846,5.78,34.9,60,10.11,117.6,12,99.38,Healthy,0.59,47.49
9847,5.91,34.91,70,9.83,115.52,12,99.38,Healthy,0.5,47.2
9848,5.89,34.82,80,10.33,118.06,12,99.38,Healthy,0.63,47.79
9849,5.93,34.72,90,9.82,114.82,12,99.37,Healthy,0.42,47.32
9850,5.95,34.73,100,9.89,117.38,12,99.37,Healthy,0.64,47.92
9851,5.84,34.69,90,9.68,113.89,12,99.36,Healthy,0.66,48.19
9852,5.78,34.78,80,9.82,113.06,12,99.36,Healthy,0.43,48.36
9853,5.82,34.81,70,9.76,113.95,12,99.36,Healthy,0.63,48.22
9854,5.75,34.92,60,10.02,116.25,12,99.36,Healthy,0.56,48.13
9855,5.8,34.94,50,10.23,115.38,12,99.36,Healthy,0.46,47.42
9856,5.78,34.84,40,10.23,114.18,12,99.35,Healthy,0.65,47.22
9857,5.88,34.83,30,10.01,115.82,12,99.35,Healthy,0.42,47.63
9858,5.76,34.76,20,9.74,117.16,12,99.35,Healthy,0.64,47.46
9859,5.96,34.91,10,10.07,115.89,12,99.35,Healthy,0.42,47.57
9860,5.83,34.97,0,10.17,117.96,13,99.34,Healthy,0.49,47.77
9861,5.81,34.94,10,9.78,116.69,13,99.34,Healthy,0.49,47.13
9862,5.78,34.95,20,9.72,115.11,13,99.34,Healthy,0.62,47.4
9863,5.96,34.84,30,10.16,114.87,13,99.34,Healthy,0.43,47.41
9864,5.93,34.76,40,9.73,113.6,13,99.33,Healthy,0.58,47.82
9865,5.84,34.78,50,10.34,118.22,13,99.33,Healthy,0.65,47.07
9866,5.73,34.74,60,10.29,114.01,13,99.32,Healthy,0.51,47.46
9867,5.93,34.69,70,10.3,114.96,13,99.32,Healthy,0.46,47.74
9868,5.85,34.68,80,10.28,117.22,13,99.32,Healthy,0.51,48.18
9869,5.9,34.63,90,10.34,113.66,13,99.32,Healthy,0.51,48.31
9870,5.93,34.56,100,10.21,113.26,13,99.32,Healthy,0.5,48.83
9871,5.86,34.67,90,9.97,113.2,13,99.31,Healthy,0.54,49.15
9872,5.85,34.59,80,9.89,115.23,13,99.31,Healthy,0.56,48.58
9873,5.75,34.55,70,10.1,115.99,13,99.31,Healthy,0.64,48.55
9874,5.83,34.65,60,9.72,117.3,13,99.31,Healthy,0.43,47.84
9875,5.87,34.79,50,10.23,114.2,13,99.3,Healthy,0.56,47.32
9876,5.72,34.71,40,10.11,114.26,13,99.3,Healthy,0.45,46.98
9877,5.83,34.67,30,9.91,115.1,13,99.3,Healthy,0.61,46.31
9878,5.89,34.68,20,10.27,116.8,13,99.3,Healthy,0.64,45.8
9879,5.89,34.73,10,10.06,117.25,13,99.29,Healthy,0.45,45.54
9880,5.74,34.71,0,9.86,115.46,14,99.29,Healthy,0.64,46.04
9881,5.86,34.71,10,10.02,115.46,14,99.29,Healthy,0.63,45.95
9882,5.92,34.63,20,10.25,118.47,14,99.28,Healthy,0.51,46.18
9883,5.74,34.6,30,10.21,113.59,14,99.28,Healthy,0.65,46.89
9884,5.95,34.54,40,10.25,114.36,14,99.28,Healthy,0.55,47.25
9885,5.93,34.6,50,9.88,116.61,14,99.28,Healthy,0.61,47.31
9886,5.91,34.72,60,9.78,113.6,14,99.28,Healthy,0.6,46.61
9887,5.79,34.81,70,9.95,115.0,14,99.27,Healthy,0.52,47.27
9888,5.78,34.85,80,10.22,116.77,14,99.27,Healthy,0.51,47.59
9889,5.81,34.94,90,9.73,114.14,14,99.27,Healthy,0.66,48.02
9890,5.93,34.86,100,10.01,114.14,14,99.26,Healthy,0.45,47.75
9891,5.9,34.76,90,9.68,116.83,14,99.26,Healthy,0.62,47.88
9892,5.86,34.74,80,9.98,117.52,14,99.26,Healthy,0.48,47.62
9893,5.93,34.81,70,10.21,116.6,14,99.25,Healthy,0.52,47.51
9894,5.88,34.71,60,9.95,117.24,14,99.25,Healthy,0.62,47.8
9895,5.96,34.77,50,9.83,115.91,14,99.25,Healthy,0.47,47.97
9896,5.96,34.65,40,10.17,116.02,14,99.25,Healthy,0.43,47.47
9897,5.86,34.76,30,9.85,115.36,14,99.24,Healthy,0.62,47.42
9898,5.82,34.72,20,10.0,117.04,14,99.24,Healthy,0.62,46.79
9899,5.95,34.78,10,10.09,113.48,14,99.24,Healthy,0.57,47.22
9900,5.8,34.92,0,9.83,115.9,15,99.24,Healthy,0.48,46.9
9901,5.88,34.99,10,10.21,117.75,15,99.23,Healthy,0.61,46.29
9902,5.93,34.97,20,10.05,117.18,15,99.23,Healthy,0.61,45.83
9903,5.87,34.86,30,10.08,114.54,15,99.23,Healthy,0.46,45.46
9904,5.92,34.8,40,9.94,118.07,15,99.23,Healthy,0.6,45.31
9905,5.89,34.88,50,9.72,117.92,15,99.22,Healthy,0.53,45.93
9906,5.77,34.79,60,10.03,114.7,15,99.22,Healthy,0.54,45.74
9907,5.76,34.86,70,9.95,116.69,15,99.22,Healthy,0.62,45.63
9908,5.85,34.8,80,9.87,115.07,15,99.22,Healthy,0.48,45.73
9909,5.72,34.73,90,9.9,114.92,15,99.21,Healthy,0.43,45.83
9910,5.79,34.73,100,9.8,114.81,15,99.21,Healthy,0.62,46.55
9911,5.78,34.68,90,10.29,117.59,15,99.21,Healthy,0.6,47.04
9912,5.95,34.59,80,9.79,117.73,15,99.21,Healthy,0.57,46.44
9913,5.77,34.64,70,10.08,115.03,15,99.21,Healthy,0.62,46.38
9914,5.75,34.61,60,10.18,115.0,15,99.2,Healthy,0.43,46.08
9915,5.83,34.57,50,10.24,115.76,15,99.2,Healthy,0.6,45.92
9916,5.86,34.5,40,9.71,115.62,15,99.2,Healthy,0.63,45.57
9917,5.79,34.39,30,10.1,117.28,15,99.2,Healthy,0.52,45.45
9918,5.72,34.41,20,10.33,114.04,15,99.19,Healthy,0.64,45.1
9919,5.75,34.5,10,10.26,117.97,15,99.19,Healthy,0.46,44.66
9920,5.79,34.51,0,9.68,116.58,16,99.19,Healthy,0.45,45.38
9921,5.91,34.37,10,9.66,115.97,16,99.19,Healthy,0.48,46.0
9922,5.71,34.31,20,10.24,118.64,16,99.19,Healthy,0.58,45.5
9923,5.9,34.38,30,10.25,114.38,16,99.18,Healthy,0.51,45.68
9924,5.93,34.4,40,9.69,114.57,16,99.18,Healthy,0.56,45.88
9925,5.73,34.31,50,10.02,114.07,16,99.17,Healthy,0.62,45.29
9926,5.74,34.35,60,9.92,114.82,16,99.17,Healthy,0.58,45.71
9927,5.9,34.3,70,9.96,116.21,16,99.17,Healthy,0.62,46.06
9928,5.74,34.24,80,9.92,116.28,16,99.17,Healthy,0.44,46.37
9929,5.85,34.2,90,9.99,115.14,16,99.17,Healthy,0.64,45.88
9930,5.72,34.33,100,10.16,113.96,16,99.17,Healthy,0.51,46.33
9931,5.83,34.45,90,10.27,115.63,16,99.17,Healthy,0.52,45.79
9932,5.91,34.41,80,9.65,117.69,16,99.17,Healthy,0.61,46.27
9933,5.72,34.42,70,9.93,117.08,16,99.17,Healthy,0.63,46.88
9934,5.88,34.51,60,10.3,114.81,16,99.16,Healthy,0.5,46.29
9935,5.91,34.43,50,9.68,117.87,16,99.16,Healthy,0.5,46.3
9936,5.93,34.41,40,10.33,113.88,16,99.16,Healthy,0.55,46.79
9937,5.71,34.52,30,10.26,116.08,16,99.15,Healthy,0.55,46.38
9938,5.79,34.63,20,9.73,115.71,16,99.15,Healthy,0.58,46.03
9939,5.71,34.55,10,9.9,114.7,16,99.15,Healthy,0.65,45.67
9940,5.92,34.41,0,9.92,116.93,17,99.15,Healthy,0.62,45.69
9941,5.69,34.55,10,10.25,116.02,17,99.14,Healthy,0.44,45.3
9942,5.87,34.55,20,10.02,117.19,17,99.14,Healthy,0.49,45.65
9943,5.78,34.58,30,10.27,115.92,17,99.14,Healthy,0.48,46.23
9944,5.86,34.64,40,9.89,115.88,17,99.14,Healthy,0.57,46.34
9945,5.9,34.75,50,9.74,116.96,17,99.13,Healthy,0.48,46.33
9946,5.72,34.73,60,9.89,115.28,17,99.13,Healthy,0.53,45.91
9947,5.73,34.79,70,9.66,115.38,17,99.13,Healthy,0.48,45.87
9948,5.88,34.83,80,10.32,116.99,17,99.12,Healthy,0.49,45.77
9949,5.9,34.84,90,10.05,118.52,17,99.12,Healthy,0.5,45.39
9950,5.71,34.81,100,9.67,118.42,17,99.12,Healthy,0.52,45.36
9951,5.78,34.87,90,9.72,117.73,17,99.11,Healthy,0.42,45.19
9952,5.79,34.71,80,9.75,115.01,17,99.11,Healthy,0.41,45.05
9953,5.71,34.79,70,10.21,115.55,17,99.11,Healthy,0.47,44.64
9954,5.72,34.77,60,10.31,116.14,17,99.1,Healthy,0.45,44.2
9955,5.88,34.85,50,9.74,118.63,17,99.1,Healthy,0.4,43.88
9956,5.68,34.73,40,9.99,118.66,17,99.1,Healthy,0.61,43.68
9957,5.88,34.6,30,9.81,114.31,17,99.1,Healthy,0.53,43.7
9958,5.8,34.56,20,9.74,117.71,17,99.1,Healthy,0.48,44.11
9959,5.78,34.57,10,9.83,116.23,17,99.1,Healthy,0.41,44.28
9960,5.74,34.67,0,9.93,118.3,18,99.1,Healthy,0.49,44.82
9961,5.72,34.57,10,9.76,115.72,18,99.1,Healthy,0.44,45.12
9962,5.88,34.51,20,10.31,116.96,18,99.09,Healthy,0.54,44.91
9963,5.74,34.4,30,9.7,114.54,18,99.09,Healthy,0.64,44.38
9964,5.69,34.52,40,10.14,115.41,18,99.09,Healthy,0.58,45.26
9965,5.76,34.52,50,9.99,115.06,18,99.09,Healthy,0.62,44.73
9966,5.84,34.63,60,10.24,117.44,18,99.08,Healthy,0.57,45.4
9967,5.72,34.68,70,9.84,116.89,18,99.08,Healthy,0.48,45.72
9968,5.86,34.58,80,10.23,118.39,18,99.07,Healthy,0.65,45.81
9969,5.86,34.59,90,9.99,114.26,18,99.07,Healthy,0.51,45.51
9970,5.78,34.65,100,10.07,114.74,18,99.07,Healthy,0.5,45.62
9971,5.83,34.66,90,10.28,117.16,18,99.06,Healthy,0.51,45.51
9972,5.84,34.66,80,10.2,114.5,18,99.06,Healthy,0.63,44.95
9973,5.87,34.55,70,9.82,114.87,18,99.06,Healthy,0.61,45.73
9974,5.79,34.6,60,9.87,116.78,18,99.06,Healthy,0.43,46.48
9975,5.94,34.55,50,9.74,114.54,18,99.06,Healthy,0.44,46.61
9976,5.92,34.56,40,9.75,117.75,18,99.06,Healthy,0.59,46.64
9977,5.77,34.65,30,10.12,117.24,18,99.05,Healthy,0.52,46.72
9978,5.78,34.61,20,9.9,116.75,18,99.05,Healthy,0.62,47.26
9979,5.78,34.73,10,10.07,113.42,18,99.04,Healthy,0.53,47.1
9980,5.77,34.7,0,9.69,116.4,19,99.04,Healthy,0.48,46.93
9981,5.71,34.68,10,9.75,118.1,19,99.04,Healthy,0.64,46.4
9982,5.87,34.7,20,10.0,117.95,19,99.04,Healthy,0.5,46.81
9983,5.73,34.55,30,9.72,116.43,19,99.03,Healthy,0.47,47.17
9984,5.9,34.63,40,10.19,114.95,19,99.03,Healthy,0.6,46.54
9985,5.82,34.58,50,10.11,114.36,19,99.03,Healthy,0.49,46.15
9986,5.73,34.63,60,10.19,117.19,19,99.03,Healthy,0.53,45.93
9987,5.85,34.73,70,10.21,113.92,19,99.03,Healthy,0.46,46.35
9988,5.87,34.71,80,10.17,116.02,19,99.03,Healthy,0.44,45.77
9989,5.93,34.63,90,10.28,114.8,19,99.02,Healthy,0.46,46.15
9990,5.8,34.66,100,10.06,115.62,19,99.02,Healthy,0.53,45.91
9991,5.71,34.68,90,10.11,115.1,19,99.02,Healthy,0.56,45.72
9992,5.95,34.53,80,9.72,116.33,19,99.01,Healthy,0.44,46.49
9993,5.92,34.54,70,9.72,115.26,19,99.01,Healthy,0.52,46.17
9994,5.78,34.55,60,10.01,114.82,19,99.01,Healthy,0.45,46.37
9995,5.73,34.59,50,10.34,114.05,19,99.01,Healthy,0.51,47.01
9996,5.79,34.65,40,9.9,117.28,19,99.01,Healthy,0.46,46.92
9997,5.79,34.61,30,9.98,117.81,19,99.0,Healthy,0.52,46.87
9998,5.95,34.57,20,9.71,115.69,19,99.0,Healthy,0.61,46.6
9999,5.81,34.68,10,10.17,113.77,19,99.0,Healthy,0.5,47.05
10000,5.83,34.76,0,9.98,117.66,20,98.99,Healthy,0.42,47.61
