Time,Pressure,Temperature,Position,Flow,Speed,CycleCount,Health,Fault,Vibration,Load
1,5.76,30.11,10,9.66,125.8,1,100.0,Healthy,0.22,22.04
2,5.7,30.46,20,10.32,126.24,2,99.99,Healthy,0.4,20.56
3,5.87,30.89,30,9.88,120.91,3,99.98,Healthy,0.23,42.88
4,5.85,30.94,40,10.17,125.04,4,99.98,Healthy,0.5,25.44
5,5.72,31.24,50,10.0,126.34,5,99.98,Healthy,0.22,16.76
6,5.6,31.11,60,9.85,127.6,6,99.97,Healthy,0.57,6.59
7,5.76,31.11,70,10.14,125.33,7,99.96,Healthy,0.57,25.73
8,5.74,31.29,80,10.1,123.41,8,99.96,Healthy,0.38,31.99
9,5.67,31.51,90,9.89,124.14,9,99.95,Healthy,0.35,18.91
10,5.93,31.5,100,9.63,116.76,10,99.94,Healthy,0.31,48.71
11,5.73,31.41,90,10.09,120.85,10,99.94,Healthy,0.6,29.83
12,5.8,31.34,100,10.08,120.13,11,99.94,Healthy,0.53,32.97
13,5.89,31.72,90,10.08,121.25,11,99.93,Healthy,0.29,40.11
14,5.81,32.15,100,9.78,123.43,12,99.91,Healthy,0.47,28.07
15,5.82,32.52,90,9.62,120.09,12,99.9,Healthy,0.57,39.44
16,5.83,32.61,100,10.27,122.51,13,99.9,Healthy,0.5,23.98
17,5.96,32.63,90,10.42,120.28,13,99.88,Healthy,0.23,38.93
18,5.9,32.55,100,10.13,119.21,14,99.87,Healthy,0.48,44.52
19,5.55,32.51,90,9.75,126.68,14,99.86,Healthy,0.39,11.35
20,5.76,32.39,100,9.75,127.04,15,99.85,Healthy,0.38,18.9
21,5.9,32.18,90,9.73,119.53,15,99.83,Healthy,0.4,38.08
22,5.93,32.14,100,9.99,118.88,16,99.82,Healthy,0.37,44.3
23,5.68,31.88,90,10.08,128.16,16,99.81,Healthy,0.32,8.69
24,5.65,32.02,100,10.43,123.83,17,99.8,Healthy,0.48,22.17
25,5.67,32.06,90,10.42,126.0,17,99.78,Healthy,0.44,12.61
26,6.0,31.95,100,10.28,122.18,18,99.77,Healthy,0.52,40.67
27,5.86,32.0,90,9.83,118.54,18,99.76,Healthy,0.56,41.17
28,5.83,32.29,100,9.94,125.13,19,99.75,Healthy,0.38,22.93
29,5.63,32.65,90,9.71,126.29,19,99.75,Healthy,0.29,9.27
30,6.0,32.63,100,9.96,118.51,20,99.75,Healthy,0.37,44.1
31,5.53,32.73,90,9.74,126.77,20,99.74,Healthy,0.34,10.96
32,5.88,32.6,100,10.18,122.51,21,99.72,Healthy,0.41,27.64
33,5.65,32.58,90,10.03,124.95,21,99.71,Healthy,0.38,14.02
34,6.0,32.89,100,10.1,120.86,22,99.71,Healthy,0.51,44.07
35,5.8,32.92,90,10.48,121.39,22,99.69,Healthy,0.57,32.83
36,5.73,33.04,100,10.07,123.34,23,99.68,Healthy,0.23,31.83
37,6.0,33.05,90,9.88,118.49,23,99.67,Healthy,0.3,48.45
38,5.73,33.05,100,10.09,125.1,24,99.66,Healthy,0.5,16.24
39,5.81,32.97,90,10.36,120.64,24,99.65,Healthy,0.43,39.04
40,5.86,32.73,100,10.25,124.22,25,99.64,Healthy,0.58,26.1
41,5.88,32.76,90,9.82,124.55,25,99.63,Healthy,0.32,28.54
42,5.8,32.75,100,10.49,122.46,26,99.62,Healthy,0.52,39.3
43,5.74,32.58,90,9.98,125.79,26,99.61,Healthy,0.46,20.14
44,5.67,32.64,100,9.9,127.63,27,99.6,Healthy,0.39,6.79
45,5.68,32.61,90,10.41,124.28,27,99.59,Healthy,0.5,21.06
46,5.64,32.51,100,9.59,123.36,28,99.58,Healthy,0.59,22.99
47,5.69,32.54,90,9.52,126.92,28,99.58,Healthy,0.47,20.22
48,5.8,32.53,100,9.62,123.95,29,99.56,Healthy,0.42,21.57
49,5.67,32.59,90,9.93,126.35,29,99.54,Healthy,0.44,8.71
50,5.97,32.66,100,10.2,120.03,30,99.52,Healthy,0.41,38.05
51,5.84,32.57,90,9.75,120.9,30,99.51,Healthy,0.45,34.11
52,5.72,32.83,100,9.91,121.55,31,99.51,Healthy,0.43,31.42
53,5.71,33.05,90,10.45,123.33,31,99.49,Healthy,0.4,24.11
54,5.97,33.16,100,10.01,116.96,32,99.47,Healthy,0.51,49.16
55,5.9,33.2,90,9.77,120.3,32,99.47,Healthy,0.45,37.45
56,5.9,33.32,100,9.59,120.54,33,99.46,Healthy,0.59,47.61
57,5.71,33.1,90,9.54,126.85,33,99.45,Healthy,0.48,20.7
58,5.84,33.03,100,10.36,121.05,34,99.43,Healthy,0.38,40.83
59,5.71,33.07,90,9.83,126.76,34,99.42,Healthy,0.47,16.68
60,5.95,33.15,100,10.05,118.76,35,99.41,Healthy,0.32,47.98
61,5.68,33.04,90,10.26,129.56,35,99.41,Healthy,0.57,8.42
62,5.99,33.01,100,9.94,118.9,36,99.41,Healthy,0.38,46.62
63,5.56,32.8,90,9.77,127.26,36,99.39,Healthy,0.43,12.06
64,5.83,32.65,100,10.39,119.43,37,99.39,Healthy,0.56,40.02
65,5.55,32.77,90,10.43,129.37,37,99.38,Healthy,0.3,9.3
66,5.5,32.57,100,10.23,127.68,38,99.37,Healthy,0.3,5.47
67,5.94,32.76,90,10.34,120.91,38,99.37,Healthy,0.2,35.99
68,5.89,32.96,100,10.1,120.16,39,99.37,Healthy,0.39,35.47
69,5.69,32.94,90,10.01,125.05,39,99.36,Healthy,0.49,19.77
70,5.9,32.81,100,9.66,122.88,40,99.34,Healthy,0.42,31.95
71,5.67,32.95,90,9.57,127.77,40,99.33,Healthy,0.2,13.73
72,5.51,32.68,100,9.95,130,41,99.32,Healthy,0.39,5.48
73,5.94,32.74,90,10.16,120.41,41,99.31,Healthy,0.44,41.81
74,5.96,32.44,100,10.28,119.7,42,99.3,Healthy,0.45,39.13
75,5.52,32.37,90,9.84,129.0,42,99.29,Healthy,0.57,11.45
76,6.0,32.1,100,9.89,121.97,43,99.28,Healthy,0.27,41.33
77,5.8,32.31,90,10.37,122.31,43,99.26,Healthy,0.55,32.59
78,5.56,32.43,100,10.33,127.84,44,99.24,Healthy,0.49,6.32
79,5.79,32.38,90,10.45,125.27,44,99.22,Healthy,0.54,24.83
80,5.81,32.53,100,10.44,122.05,45,99.2,Healthy,0.54,35.0
81,6.0,32.31,90,9.73,117.53,45,99.19,Healthy,0.54,47.83
82,5.8,32.2,100,9.69,120.6,46,99.18,Healthy,0.2,33.49
83,5.82,32.32,90,9.57,120.85,46,99.16,Healthy,0.6,33.66
84,5.69,32.48,100,9.58,128.04,47,99.16,Healthy,0.44,16.03
85,5.88,32.77,90,10.13,121.47,47,99.15,Healthy,0.43,35.37
86,5.81,32.59,100,10.02,126.44,48,99.14,Healthy,0.47,21.65
87,5.85,32.46,90,9.86,121.41,48,99.14,Healthy,0.4,42.13
88,5.77,32.33,100,10.25,124.23,49,99.14,Healthy,0.28,28.69
89,5.86,32.41,90,9.69,122.49,49,99.12,Healthy,0.45,30.82
90,5.65,32.42,100,10.41,125.59,50,99.12,Healthy,0.51,21.74
91,5.94,32.46,90,9.9,122.25,50,99.12,Healthy,0.58,35.9
92,5.85,32.66,100,9.57,121.07,51,99.12,Healthy,0.36,34.4
93,6.0,32.51,90,9.96,119.01,51,99.11,Healthy,0.47,43.98
94,5.96,32.65,100,9.77,120.47,52,99.1,Healthy,0.33,42.31
95,5.56,32.63,90,10.2,127.82,52,99.1,Healthy,0.36,9.89
96,5.76,32.39,100,9.51,121.81,53,99.1,Healthy,0.3,32.18
97,5.83,32.38,90,9.66,124.64,53,99.09,Healthy,0.54,27.41
98,5.63,32.44,100,10.03,126.78,54,99.08,Healthy,0.45,20.09
99,5.58,32.51,90,10.23,127.64,54,99.06,Healthy,0.4,15.52
100,5.95,32.27,100,9.96,120.57,55,99.04,Healthy,0.33,43.34
101,5.62,32.48,90,9.85,126.76,55,99.04,Healthy,0.51,16.59
102,5.77,32.42,100,9.72,121.49,56,99.04,Healthy,0.38,30.85
103,5.49,32.51,90,9.93,126.81,56,99.03,Healthy,0.54,6.72
104,5.79,32.78,100,9.65,120.83,57,99.02,Healthy,0.48,31.12
105,5.73,32.8,90,9.92,125.7,57,99.0,Healthy,0.37,19.57
106,5.87,32.69,100,10.32,121.97,58,98.98,Healthy,0.45,37.72
107,5.6,32.56,90,10.11,125.06,58,98.96,Healthy,0.36,16.29
108,5.9,32.4,100,10.47,120.74,59,98.95,Healthy,0.24,32.42
109,5.66,32.4,90,10.14,126.77,59,98.94,Healthy,0.33,19.41
110,5.83,32.59,100,10.44,118.34,60,98.94,Healthy,0.53,42.09
111,5.73,32.6,90,10.4,125.92,60,98.93,Healthy,0.32,25.31
112,5.86,32.38,100,9.82,118.86,61,98.92,Healthy,0.48,45.11
113,5.58,32.6,90,9.61,127.2,61,98.92,Healthy,0.38,5.84
114,5.6,32.65,100,9.75,125.79,62,98.91,Healthy,0.56,10.05
115,5.52,32.8,90,9.77,126.93,62,98.9,Healthy,0.4,6.84
116,5.88,32.65,100,9.79,116.52,63,98.89,Healthy,0.32,48.17
117,5.51,32.39,90,10.04,126.94,63,98.89,Healthy,0.47,10.25
118,5.62,32.43,100,10.18,123.47,64,98.89,Healthy,0.48,20.35
119,5.54,32.48,90,10.4,126.86,64,98.87,Healthy,0.31,12.78
120,6.0,32.35,100,9.95,118.63,65,98.85,Healthy,0.25,48.34
121,5.75,32.1,90,10.06,124.54,65,98.83,Healthy,0.47,26.78
122,5.56,32.27,100,9.95,126.97,66,98.83,Healthy,0.52,11.41
123,6.0,32.49,90,10.38,118.09,66,98.82,Healthy,0.2,44.71
124,5.66,32.33,100,9.85,127.52,67,98.81,Healthy,0.43,12.86
125,5.56,32.1,90,10.23,129.1,67,98.8,Healthy,0.44,11.66
126,5.74,32.15,100,9.85,123.81,68,98.8,Healthy,0.27,17.98
127,5.65,31.88,90,9.89,129.52,68,98.8,Healthy,0.25,5.54
128,5.8,31.95,100,10.08,123.32,69,98.79,Healthy,0.41,35.31
129,5.74,31.87,90,10.47,123.92,69,98.79,Healthy,0.33,29.08
130,5.95,32.22,100,9.63,117.33,70,98.77,Healthy,0.38,45.2
131,5.68,32.22,90,9.5,126.29,70,98.76,Healthy,0.39,17.02
132,5.61,32.0,100,9.84,126.98,71,98.74,Healthy,0.35,17.42
133,5.95,32.02,90,10.42,120.03,71,98.72,Healthy,0.59,42.67
134,5.81,32.06,100,10.22,123.61,72,98.71,Healthy,0.53,26.72
135,5.78,32.03,90,9.9,123.88,72,98.7,Healthy,0.21,28.25
136,5.78,32.13,100,10.27,125.74,73,98.7,Healthy,0.38,22.39
137,5.69,32.06,90,10.49,125.46,73,98.7,Healthy,0.28,21.03
138,5.69,32.23,100,10.01,126.04,74,98.68,Healthy,0.56,14.43
139,5.5,32.37,90,9.65,129.38,74,98.66,Healthy,0.5,9.37
140,5.85,32.18,100,10.16,120.29,75,98.64,Healthy,0.45,41.57
141,5.57,32.26,90,10.17,126.14,75,98.63,Healthy,0.37,14.13
142,5.82,32.5,100,9.76,123.48,76,98.62,Healthy,0.36,28.87
143,5.54,32.59,90,10.16,127.35,76,98.61,Healthy,0.55,12.67
144,5.94,32.68,100,9.83,117.71,77,98.6,Healthy,0.58,46.03
145,5.87,32.54,90,9.68,123.02,77,98.59,Healthy,0.33,29.24
146,5.78,32.72,100,9.72,124.57,78,98.59,Healthy,0.38,19.86
147,5.8,32.67,90,9.85,123.73,78,98.57,Healthy,0.25,29.19
148,5.97,32.68,100,10.01,119.75,79,98.55,Healthy,0.52,48.19
149,5.87,32.77,90,9.53,120.2,79,98.54,Healthy,0.39,42.96
150,5.93,32.97,100,9.94,123.15,80,98.54,Healthy,0.3,33.66
151,5.87,32.61,90,10.02,124.69,80,98.53,Healthy,0.59,26.86
152,5.72,32.57,100,9.51,125.29,81,98.51,Healthy,0.28,22.76
153,5.73,32.44,90,10.29,126.5,81,98.49,Healthy,0.37,13.74
154,5.93,32.47,100,9.61,118.44,82,98.49,Healthy,0.29,41.63
155,5.91,32.46,90,9.91,122.9,82,98.47,Healthy,0.4,37.74
156,5.52,32.69,100,9.74,128.26,83,98.47,Healthy,0.22,8.22
157,5.85,32.38,90,9.86,123.4,83,98.46,Healthy,0.22,29.65
158,6.0,32.38,100,10.1,120.56,84,98.46,Healthy,0.55,44.67
159,5.62,32.13,90,10.11,125.68,84,98.46,Healthy,0.54,15.82
160,5.65,32.45,100,10.14,128.72,85,98.44,Healthy,0.22,12.53
161,5.99,32.64,90,9.82,119.8,85,98.43,Healthy,0.51,49.56
162,5.65,32.56,100,10.42,125.35,86,98.42,Healthy,0.4,23.21
163,5.91,32.58,90,9.67,117.42,86,98.42,Healthy,0.36,49.71
164,6.0,32.61,100,10.26,119.38,87,98.4,Healthy,0.53,46.92
165,5.83,32.79,90,10.06,123.4,87,98.38,Healthy,0.36,32.92
166,5.92,32.9,100,10.26,119.91,88,98.37,Healthy,0.56,45.23
167,5.93,32.73,90,10.2,119.05,88,98.35,Healthy,0.21,49.39
168,5.71,32.64,100,9.63,122.58,89,98.34,Healthy,0.25,29.97
169,5.97,32.39,90,9.68,119.02,89,98.32,Healthy,0.41,44.4
170,5.8,32.24,100,10.49,124.06,90,98.31,Healthy,0.48,30.03
171,5.98,32.25,90,9.6,119.08,90,98.29,Healthy,0.2,42.67
172,5.62,32.23,100,9.92,126.73,91,98.28,Healthy,0.5,5.92
173,5.7,32.33,90,9.73,122.02,91,98.26,Healthy,0.48,27.72
174,5.9,32.28,100,10.15,120.88,92,98.24,Healthy,0.44,40.34
175,5.59,32.29,90,9.9,128.77,92,98.23,Healthy,0.38,6.27
176,5.63,32.14,100,10.32,127.24,93,98.23,Healthy,0.31,16.64
177,5.68,31.99,90,10.27,122.58,93,98.21,Healthy,0.3,24.05
178,5.6,31.81,100,9.75,126.16,94,98.19,Healthy,0.32,18.38
179,5.75,31.94,90,10.28,123.38,94,98.18,Healthy,0.42,28.17
180,5.61,32.29,100,10.45,127.83,95,98.17,Healthy,0.25,13.99
181,5.95,32.16,90,10.42,119.04,95,98.17,Healthy,0.59,39.47
182,5.72,32.22,100,9.91,125.05,96,98.16,Healthy,0.57,21.76
183,5.59,32.03,90,9.51,124.56,96,98.14,Healthy,0.38,17.6
184,6.0,32.13,100,9.78,120.55,97,98.14,Healthy,0.2,43.37
185,5.82,31.98,90,10.46,118.75,97,98.13,Healthy,0.36,40.48
186,5.93,32.02,100,9.69,119.78,98,98.11,Healthy,0.29,46.51
187,5.71,31.97,90,9.94,126.79,98,98.1,Healthy,0.29,16.84
188,5.95,32.11,100,9.91,120.2,99,98.09,Healthy,0.24,48.48
189,5.86,32.05,90,9.67,123.29,99,98.07,Healthy,0.39,33.47
190,5.81,32.26,100,10.25,121.04,100,98.05,Healthy,0.38,31.96
191,5.96,32.28,90,9.69,118.6,100,98.04,Healthy,0.24,40.68
192,5.5,32.08,100,9.93,126.87,101,98.04,Healthy,0.25,7.95
193,5.9,32.21,90,10.38,120.98,101,98.04,Healthy,0.56,39.5
194,5.79,32.39,100,10.06,122.81,102,98.02,Healthy,0.33,37.29
195,5.82,32.53,90,10.05,123.69,102,98.0,Healthy,0.29,29.99
196,5.92,32.48,100,9.6,120.43,103,97.99,Healthy,0.47,39.81
197,5.79,32.57,90,10.49,121.27,103,97.98,Healthy,0.42,31.65
198,5.87,32.38,100,10.17,124.68,104,97.97,Healthy,0.38,29.2
199,5.59,32.52,90,9.84,127.96,104,97.96,Healthy,0.53,15.55
200,6.0,32.49,100,9.75,117.6,105,97.95,Healthy,0.31,46.66
201,5.72,32.58,90,10.12,124.46,105,97.93,Healthy,0.32,14.82
202,5.84,32.43,100,9.63,121.08,106,97.92,Healthy,0.27,32.66
203,5.72,32.61,90,9.98,126.26,106,97.92,Healthy,0.42,23.39
204,5.84,32.72,100,9.86,124.68,107,97.9,Healthy,0.24,27.71
205,5.6,32.4,90,9.53,129.16,107,97.89,Healthy,0.6,9.22
206,6.0,32.45,100,10.25,117.65,108,97.88,Healthy,0.42,48.02
207,5.58,32.58,90,9.77,127.67,108,97.88,Healthy,0.56,6.66
208,5.77,32.8,100,10.13,126.26,109,97.87,Healthy,0.51,23.23
209,5.7,32.67,90,9.59,124.09,109,97.86,Healthy,0.23,21.44
210,5.74,32.74,100,10.26,120.43,110,97.86,Healthy,0.51,33.84
211,5.6,32.62,90,9.66,129.66,110,97.84,Healthy,0.34,7.52
212,5.93,32.84,100,10.31,119.6,111,97.83,Healthy,0.34,38.6
213,5.74,33.09,90,9.89,125.78,111,97.83,Healthy,0.41,23.31
214,5.81,33.18,100,10.24,124.77,112,97.82,Healthy,0.22,27.3
215,5.94,33.37,90,10.26,122.5,112,97.81,Healthy,0.29,37.47
216,5.85,33.03,100,10.13,120.56,113,97.8,Healthy,0.38,37.1
217,5.79,33.15,90,9.93,123.07,113,97.79,Healthy,0.31,20.68
218,5.67,33.24,100,10.47,127.37,114,97.78,Healthy,0.28,16.61
219,5.79,33.06,90,9.62,122.37,114,97.78,Healthy,0.6,37.2
220,5.78,32.95,100,10.12,123.88,115,97.77,Healthy,0.25,26.77
221,5.89,33.05,90,10.31,120.96,115,97.76,Healthy,0.34,44.52
222,5.9,33.12,100,9.56,120.76,116,97.75,Healthy,0.35,35.52
223,5.62,32.96,90,9.85,127.78,116,97.74,Healthy,0.37,11.25
224,5.72,32.89,100,9.6,127.15,117,97.73,Healthy,0.52,15.09
225,5.56,32.56,90,10.19,129.99,117,97.71,Healthy,0.45,5.96
226,5.75,32.79,100,10.47,122.91,118,97.71,Healthy,0.47,21.36
227,5.77,32.42,90,10.15,121.67,118,97.7,Healthy,0.33,32.04
228,6.0,32.38,100,9.86,119.7,119,97.68,Healthy,0.39,44.82
229,5.66,32.62,90,9.67,129.23,119,97.67,Healthy,0.3,10.44
230,5.89,32.5,100,9.99,123.73,120,97.66,Healthy,0.31,29.51
231,6.0,32.49,90,9.65,116.24,120,97.64,Healthy,0.26,49.24
232,5.94,32.2,100,9.62,120.88,121,97.62,Healthy,0.59,35.63
233,5.91,32.13,90,10.1,120.61,121,97.6,Healthy,0.29,38.8
234,5.55,32.05,100,10.15,129.6,122,97.6,Healthy,0.22,5.08
235,5.84,31.92,90,9.71,124.08,122,97.59,Healthy,0.51,27.79
236,5.6,31.94,100,10.49,124.11,123,97.58,Healthy,0.58,18.36
237,5.83,31.87,90,9.65,122.25,123,97.57,Healthy,0.24,24.46
238,6.0,31.91,100,9.68,119.63,124,97.55,Healthy,0.43,46.85
239,5.95,32.01,90,9.98,120.3,124,97.54,Healthy,0.3,45.35
240,5.78,32.01,100,9.97,123.94,125,97.54,Healthy,0.44,20.47
241,5.81,32.09,90,10.16,122.09,125,97.54,Healthy,0.47,28.28
242,5.67,32.21,100,10.48,122.37,126,97.53,Healthy,0.2,25.06
243,6.0,32.3,90,10.42,117.45,126,97.52,Healthy,0.38,44.15
244,5.91,32.32,100,10.03,121.24,127,97.52,Healthy,0.58,38.64
245,6.0,32.14,90,9.97,118.58,127,97.51,Healthy,0.35,49.9
246,5.75,31.87,100,9.7,126.76,128,97.49,Healthy,0.44,18.49
247,5.87,32.02,90,9.54,122.34,128,97.48,Healthy,0.52,34.74
248,5.56,32.13,100,9.91,125.69,129,97.47,Healthy,0.59,12.91
249,6.0,32.21,90,9.72,121.28,129,97.46,Healthy,0.26,44.0
250,5.72,32.17,100,9.83,124.02,130,97.46,Healthy,0.49,25.75
251,5.93,32.01,90,9.54,121.32,130,97.46,Healthy,0.59,33.99
252,5.88,32.18,100,9.66,116.9,131,97.44,Healthy,0.43,47.89
253,5.9,32.23,90,10.09,122.86,131,97.44,Healthy,0.3,35.16
254,5.77,32.11,100,9.75,125.86,132,97.43,Healthy,0.47,23.14
255,5.67,32.06,90,9.74,127.14,132,97.41,Healthy,0.27,8.65
256,5.79,32.24,100,10.31,122.08,133,97.4,Healthy,0.53,37.75
257,5.53,32.48,90,10.06,125.18,133,97.39,Healthy,0.36,12.98
258,5.57,32.57,100,9.56,129.06,134,97.38,Healthy,0.28,12.03
259,6.0,32.69,90,9.56,120.04,134,97.38,Healthy,0.26,48.64
260,5.68,32.71,100,9.94,124.75,135,97.36,Healthy,0.47,28.18
261,5.89,32.73,90,10.11,119.68,135,97.34,Healthy,0.23,45.33
262,5.64,32.36,100,10.02,125.93,136,97.33,Healthy,0.34,20.04
263,5.91,32.34,90,9.68,117.42,136,97.33,Healthy,0.27,48.44
264,5.72,32.28,100,9.96,124.18,137,97.32,Healthy,0.28,25.13
265,6.0,32.35,90,10.04,120.21,137,97.3,Healthy,0.42,48.6
266,5.73,32.54,100,10.19,124.92,138,97.29,Healthy,0.45,23.97
267,5.6,32.59,90,9.66,126.88,138,97.27,Healthy,0.25,13.3
268,5.75,32.63,100,10.46,126.49,139,97.27,Healthy,0.39,20.25
269,5.88,32.47,90,10.32,123.93,139,97.25,Healthy,0.45,29.89
270,5.88,32.47,100,9.98,118.7,140,97.24,Healthy,0.5,45.7
271,5.8,32.64,90,9.76,124.67,140,97.23,Healthy,0.52,26.41
272,5.8,32.48,100,9.62,123.53,141,97.21,Healthy,0.36,27.82
273,6.0,32.54,90,9.95,121.07,141,97.2,Healthy,0.55,43.68
274,6.0,32.67,100,10.27,119.71,142,97.19,Healthy,0.5,47.45
275,5.89,32.58,90,9.68,120.09,142,97.18,Healthy,0.53,36.49
276,5.84,32.71,100,9.71,122.3,143,97.17,Healthy,0.58,23.85
277,5.49,32.48,90,10.38,129.73,143,97.16,Healthy,0.49,5.45
278,5.81,32.45,100,10.21,123.65,144,97.15,Healthy,0.59,22.57
279,5.78,32.57,90,9.54,124.09,144,97.14,Healthy,0.53,21.7
280,5.82,32.58,100,9.63,120.42,145,97.14,Healthy,0.41,34.99
281,5.59,32.45,90,10.23,124.6,145,97.13,Healthy,0.36,17.65
282,5.9,32.23,100,9.64,118.25,146,97.12,Healthy,0.25,49.51
283,5.65,32.52,90,9.52,124.91,146,97.11,Healthy,0.32,18.64
284,5.68,32.57,100,9.8,125.15,147,97.1,Healthy,0.59,21.93
285,5.49,32.58,90,10.02,130,147,97.08,Healthy,0.25,5.83
286,5.65,32.57,100,9.59,127.29,148,97.07,Healthy,0.47,6.88
287,5.6,32.61,90,10.03,128.72,148,97.07,Healthy,0.52,10.55
288,5.7,32.33,100,10.32,124.89,149,97.06,Healthy,0.56,20.97
289,5.7,32.36,90,10.03,126.43,149,97.05,Healthy,0.45,14.8
290,5.65,32.35,100,10.31,126.17,150,97.03,Healthy,0.3,8.72
291,5.57,32.29,90,10.19,128.32,150,97.01,Healthy,0.55,10.75
292,5.79,32.15,100,9.87,124.85,151,96.99,Healthy,0.28,24.33
293,6.0,32.07,90,9.76,117.34,151,96.98,Healthy,0.43,46.47
294,5.93,31.87,100,10.24,120.04,152,96.97,Healthy,0.25,40.12
295,5.61,31.79,90,10.48,126.2,152,96.97,Healthy,0.32,21.31
296,5.87,31.7,100,10.43,124.03,153,96.96,Healthy,0.54,29.6
297,5.65,31.84,90,9.8,127.71,153,96.95,Healthy,0.34,15.63
298,5.62,32.11,100,10.1,127.72,154,96.94,Healthy,0.45,6.82
299,6.0,32.23,90,9.74,118.25,154,96.94,Healthy,0.46,44.54
300,5.67,32.35,100,9.72,127.34,155,96.93,Healthy,0.38,7.53
301,5.69,32.53,90,9.58,129.12,155,96.93,Healthy,0.33,11.74
302,5.65,32.51,100,10.31,126.1,156,96.92,Healthy,0.49,8.26
303,5.62,32.36,90,10.44,130,156,96.92,Healthy,0.34,5.06
304,5.88,32.57,100,10.21,118.08,157,96.92,Healthy,0.59,45.75
305,5.85,32.55,90,9.79,121.26,157,96.9,Healthy,0.33,37.07
306,5.67,32.67,100,9.58,127.42,158,96.88,Healthy,0.58,13.07
307,5.57,32.71,90,10.33,125.63,158,96.86,Healthy,0.56,12.91
308,5.52,32.52,100,9.98,126.7,159,96.86,Healthy,0.42,11.46
309,5.8,32.21,90,9.96,119.96,159,96.85,Healthy,0.5,35.53
310,6.0,32.45,100,10.3,118.01,160,96.85,Healthy,0.52,48.36
311,5.87,32.46,90,9.75,120.61,160,96.84,Healthy,0.43,37.4
312,5.61,32.53,100,9.86,124.03,161,96.83,Healthy,0.27,18.09
313,5.8,32.7,90,9.83,124.14,161,96.82,Healthy,0.54,28.85
314,5.76,32.45,100,9.62,124.99,162,96.81,Healthy,0.39,20.08
315,5.92,32.35,90,9.88,120.59,162,96.79,Healthy,0.22,43.99
316,5.86,32.24,100,10.47,120.92,163,96.78,Healthy,0.57,37.34
317,6.0,32.17,90,9.69,116.47,163,96.77,Healthy,0.49,49.32
318,5.71,32.17,100,10.38,123.88,164,96.76,Healthy,0.26,21.31
319,5.7,32.31,90,9.9,127.28,164,96.76,Healthy,0.32,15.9
320,6.0,32.04,100,9.84,119.18,165,96.76,Healthy,0.48,48.23
321,5.8,32.31,90,10.13,118.6,165,96.76,Healthy,0.56,40.07
322,5.95,32.35,100,10.23,118.73,166,96.76,Healthy,0.4,48.82
323,5.62,32.33,90,10.25,128.22,166,96.76,Healthy,0.5,6.77
324,5.84,32.48,100,10.34,119.05,167,96.76,Healthy,0.26,44.14
325,5.99,32.48,90,9.63,119.97,167,96.74,Healthy,0.38,42.37
326,5.52,32.35,100,9.7,125.87,168,96.72,Healthy,0.31,10.24
327,5.88,32.39,90,10.15,122.88,168,96.71,Healthy,0.53,32.51
328,5.74,32.4,100,9.77,126.59,169,96.7,Healthy,0.57,18.41
329,6.0,32.26,90,9.73,117.66,169,96.68,Healthy,0.58,43.2
330,6.0,32.28,100,10.05,121.04,170,96.67,Healthy,0.41,45.12
331,5.94,32.44,90,10.0,122.34,170,96.65,Healthy,0.37,36.77
332,5.94,32.46,100,10.47,122.1,171,96.63,Healthy,0.48,38.0
333,5.59,32.24,90,9.62,130,171,96.63,Healthy,0.45,5.21
334,5.6,32.15,100,9.84,128.61,172,96.63,Healthy,0.3,5.34
335,6.0,32.12,90,10.17,121.5,172,96.63,Healthy,0.47,41.81
336,5.74,32.03,100,9.92,124.45,173,96.62,Healthy,0.36,17.73
337,5.72,32.21,90,10.12,124.45,173,96.61,Healthy,0.53,18.03
338,5.86,32.16,100,9.97,121.29,174,96.59,Healthy,0.32,41.98
339,5.53,32.41,90,9.59,126.42,174,96.57,Healthy,0.39,7.01
340,5.87,32.49,100,10.02,119.52,175,96.57,Healthy,0.58,44.52
341,5.99,32.25,90,10.15,118.66,175,96.56,Healthy,0.53,49.37
342,5.58,32.34,100,10.03,127.24,176,96.55,Healthy,0.32,17.48
343,5.77,32.27,90,10.04,121.54,176,96.54,Healthy,0.42,34.04
344,5.84,32.28,100,9.95,122.66,177,96.53,Healthy,0.38,36.82
345,5.94,32.27,90,10.15,120.45,177,96.51,Healthy,0.43,46.95
346,5.98,32.12,100,9.92,119.28,178,96.5,Healthy,0.39,44.75
347,5.86,31.98,90,9.6,118.45,178,96.48,Healthy,0.5,45.82
348,5.67,32.09,100,10.19,127.68,179,96.46,Healthy,0.36,10.49
349,5.86,32.07,90,10.14,119.71,179,96.45,Healthy,0.32,45.78
350,5.65,32.26,100,10.25,126.13,180,96.44,Healthy,0.22,19.25
351,5.57,32.23,90,10.4,128.6,180,96.43,Healthy,0.24,6.36
352,5.55,32.04,100,9.59,126.67,181,96.42,Healthy,0.51,13.56
353,6.0,32.35,90,9.95,117.54,181,96.41,Healthy,0.31,47.99
354,5.75,32.22,100,10.4,125.18,182,96.41,Healthy,0.34,21.35
355,5.66,31.94,90,10.03,127.4,182,96.39,Healthy,0.58,13.04
356,5.81,31.95,100,9.99,122.49,183,96.39,Healthy,0.34,24.75
357,5.66,32.2,90,9.83,126.96,183,96.37,Healthy,0.43,11.66
358,5.99,32.04,100,10.1,121.05,184,96.36,Healthy,0.52,41.7
359,5.65,32.21,90,10.29,126.21,184,96.34,Healthy,0.53,21.97
360,6.0,32.07,100,10.04,117.1,185,96.34,Healthy,0.33,49.76
361,5.75,32.33,90,9.69,121.02,185,96.32,Healthy,0.6,32.52
362,5.76,32.21,100,9.55,124.23,186,96.3,Healthy,0.44,22.0
363,5.75,32.44,90,9.87,127.85,186,96.29,Healthy,0.39,15.51
364,5.65,32.55,100,9.64,128.86,187,96.28,Healthy,0.4,11.71
365,5.84,32.41,90,10.07,119.25,187,96.28,Healthy,0.37,41.43
366,5.61,32.53,100,10.0,129.64,188,96.27,Healthy,0.55,6.55
367,5.83,32.54,90,9.73,122.76,188,96.26,Healthy,0.54,31.84
368,5.86,32.47,100,9.93,119.81,189,96.25,Healthy,0.46,42.53
369,5.95,32.26,90,10.04,119.0,189,96.24,Healthy,0.21,44.94
370,5.67,32.21,100,10.14,125.83,190,96.22,Healthy,0.41,22.94
371,5.88,32.23,90,10.33,121.6,190,96.21,Healthy,0.23,42.04
372,5.64,32.24,100,10.5,127.3,191,96.21,Healthy,0.59,18.82
373,5.97,32.19,90,9.67,117.33,191,96.2,Healthy,0.21,48.43
374,5.58,32.34,100,9.61,127.3,192,96.19,Healthy,0.37,5.79
375,5.94,32.36,90,10.09,120.48,192,96.18,Healthy,0.48,42.01
376,5.78,32.59,100,9.52,122.99,193,96.17,Healthy,0.46,37.01
377,5.52,32.76,90,9.79,129.8,193,96.16,Healthy,0.46,5.54
378,5.68,32.76,100,10.17,127.74,194,96.16,Healthy,0.52,12.26
379,5.63,32.55,90,9.72,128.53,194,96.15,Healthy,0.42,13.85
380,5.69,32.45,100,10.08,125.12,195,96.15,Healthy,0.59,13.69
381,5.76,32.77,90,10.07,122.26,195,96.14,Healthy,0.25,24.96
382,5.65,32.88,100,9.74,125.26,196,96.12,Healthy,0.28,19.21
383,5.76,32.95,90,9.88,120.55,196,96.11,Healthy,0.48,32.79
384,5.74,32.83,100,9.74,126.61,197,96.11,Healthy,0.5,17.24
385,5.93,32.91,90,9.78,121.4,197,96.09,Healthy,0.2,35.43
386,5.68,32.92,100,10.41,122.78,198,96.09,Healthy,0.42,25.53
387,5.71,33.07,90,9.97,125.88,198,96.08,Healthy,0.6,19.69
388,5.74,33.16,100,9.64,128.09,199,96.07,Healthy,0.55,14.48
389,5.63,33.17,90,10.38,124.42,199,96.07,Healthy,0.56,16.25
390,5.65,33.15,100,9.94,124.38,200,96.07,Healthy,0.36,24.39
391,5.54,33.05,90,9.53,128.67,200,96.06,Healthy,0.31,9.68
392,5.56,32.7,100,10.37,125.32,201,96.04,Healthy,0.59,15.33
393,5.8,32.59,90,10.04,125.25,201,96.03,Healthy,0.46,21.75
394,5.81,32.5,100,9.55,124.05,202,96.02,Healthy,0.41,24.06
395,5.83,32.44,90,10.34,121.46,202,96.02,Healthy,0.46,37.22
396,5.59,32.23,100,10.33,123.96,203,96.01,Healthy,0.26,16.96
397,5.9,32.02,90,10.38,121.57,203,96.01,Healthy,0.47,31.39
398,5.94,31.97,100,10.45,119.79,204,95.99,Healthy,0.55,41.14
399,5.67,31.96,90,9.99,129.06,204,95.97,Healthy,0.24,9.66
400,5.64,31.88,100,9.66,126.12,205,95.96,Healthy,0.48,17.4
401,5.79,32.2,90,9.73,121.56,205,95.94,Healthy,0.51,33.55
402,5.91,32.23,100,10.45,122.8,206,95.92,Healthy,0.48,38.0
403,5.97,32.23,90,10.49,118.54,206,95.92,Healthy,0.23,42.8
404,5.72,32.32,100,10.23,123.75,207,95.92,Healthy,0.44,23.67
405,5.86,32.24,90,9.7,124.46,207,95.9,Healthy,0.25,29.35
406,5.95,32.52,100,10.12,117.94,208,95.89,Healthy,0.34,44.74
407,5.69,32.5,90,9.63,122.29,208,95.89,Healthy,0.29,25.34
408,5.48,32.4,100,10.36,129.02,209,95.89,Healthy,0.35,5.45
409,5.88,32.39,90,9.83,117.58,209,95.88,Healthy,0.29,43.5
410,5.69,32.45,100,9.77,124.75,210,95.87,Healthy,0.52,22.53
411,5.64,32.7,90,10.37,127.35,210,95.86,Healthy,0.25,15.22
412,5.63,32.84,100,9.75,128.72,211,95.85,Healthy,0.24,5.21
413,5.65,32.8,90,9.83,129.3,211,95.84,Healthy,0.29,5.06
414,5.54,32.85,100,10.21,129.85,212,95.83,Healthy,0.41,8.47
415,5.81,32.84,90,9.68,119.74,212,95.81,Healthy,0.32,35.76
416,5.72,32.93,100,10.43,124.95,213,95.81,Healthy,0.29,17.94
417,5.78,32.91,90,9.6,125.34,213,95.79,Healthy,0.26,21.84
418,5.76,32.7,100,9.95,120.28,214,95.79,Healthy,0.56,35.39
419,5.76,32.87,90,10.35,124.68,214,95.78,Healthy,0.37,29.04
420,5.74,33.02,100,9.59,126.0,215,95.76,Healthy,0.46,18.29
421,5.77,32.91,90,9.83,123.59,215,95.76,Healthy,0.48,20.5
422,5.78,33.04,100,10.01,119.19,216,95.74,Healthy,0.51,38.38
423,5.87,33.1,90,9.99,122.35,216,95.74,Healthy,0.54,30.73
424,5.7,33.14,100,10.23,122.89,217,95.74,Healthy,0.29,26.12
425,5.74,33.29,90,10.34,123.65,217,95.73,Healthy,0.47,28.57
426,5.94,33.15,100,9.74,120.78,218,95.73,Healthy,0.25,38.27
427,5.82,33.16,90,9.69,122.41,218,95.71,Healthy,0.45,25.49
428,5.88,33.11,100,9.51,122.82,219,95.71,Healthy,0.56,36.34
429,5.58,33.2,90,10.08,126.38,219,95.7,Healthy,0.22,13.73
430,5.58,33.12,100,10.29,130,220,95.7,Healthy,0.26,6.11
431,5.75,33.26,90,10.02,124.85,220,95.7,Healthy,0.55,20.01
432,5.59,33.18,100,10.09,126.57,221,95.69,Healthy,0.37,10.21
433,5.86,32.95,90,9.97,120.69,221,95.69,Healthy,0.54,37.46
434,5.75,32.78,100,9.66,125.64,222,95.69,Healthy,0.26,15.53
435,5.73,32.55,90,9.78,124.21,222,95.69,Healthy,0.47,27.09
436,5.74,32.43,100,9.74,124.92,223,95.67,Healthy,0.39,18.66
437,5.92,32.42,90,10.23,118.76,223,95.65,Healthy,0.32,48.74
438,5.63,32.32,100,10.38,127.91,224,95.65,Healthy,0.6,9.99
439,5.64,32.34,90,10.44,124.0,224,95.64,Healthy,0.38,21.13
440,5.8,32.36,100,10.08,123.19,225,95.63,Healthy,0.36,30.59
441,5.57,32.29,90,9.54,127.87,225,95.62,Healthy,0.32,12.66
442,6.0,32.09,100,9.64,116.53,226,95.6,Healthy,0.25,49.69
443,5.89,32.35,90,10.13,119.68,226,95.58,Healthy,0.23,47.18
444,5.8,32.48,100,10.4,121.59,227,95.57,Healthy,0.55,33.21
445,5.97,32.38,90,9.74,121.19,227,95.56,Healthy,0.24,43.86
446,5.93,32.33,100,10.19,119.71,228,95.56,Healthy,0.27,47.07
447,5.92,32.52,90,9.57,118.54,228,95.56,Healthy,0.34,40.24
448,5.74,32.3,100,10.26,123.77,229,95.55,Healthy,0.41,19.74
449,5.97,32.43,90,10.23,118.98,229,95.54,Healthy,0.28,46.51
450,5.78,32.61,100,9.61,123.61,230,95.52,Healthy,0.44,30.07
451,5.97,32.76,90,9.81,119.39,230,95.51,Healthy,0.28,42.21
452,5.65,32.95,100,9.54,127.71,231,95.51,Healthy,0.23,9.7
453,5.59,32.98,90,9.61,127.22,231,95.51,Healthy,0.44,11.54
454,6.0,32.82,100,10.38,119.57,232,95.5,Healthy,0.41,48.81
455,5.99,32.87,90,10.03,120.82,232,95.49,Healthy,0.25,41.96
456,5.73,32.83,100,9.91,125.46,233,95.48,Healthy,0.32,18.27
457,5.92,32.59,90,9.7,118.42,233,95.47,Healthy,0.28,41.91
458,5.78,32.59,100,10.18,120.34,234,95.46,Healthy,0.45,32.05
459,5.68,32.81,90,10.37,125.73,234,95.44,Healthy,0.46,18.95
460,5.85,32.61,100,10.28,121.13,235,95.43,Healthy,0.25,31.67
461,5.63,32.79,90,9.9,125.46,235,95.42,Healthy,0.26,13.07
462,5.73,32.79,100,9.55,121.04,236,95.41,Healthy,0.27,32.06
463,5.97,32.73,90,10.23,120.55,236,95.4,Healthy,0.48,37.36
464,5.61,32.57,100,10.48,123.89,237,95.39,Healthy,0.3,18.79
465,5.55,32.37,90,10.21,124.94,237,95.38,Healthy,0.29,12.99
466,5.82,32.16,100,9.5,122.89,238,95.38,Healthy,0.46,33.57
467,5.94,32.24,90,10.06,116.77,238,95.38,Healthy,0.3,49.3
468,5.95,32.1,100,10.06,118.87,239,95.38,Healthy,0.22,41.8
469,5.77,32.13,90,9.52,126.93,239,95.37,Healthy,0.52,19.52
470,5.7,32.22,100,9.71,121.81,240,95.37,Healthy,0.6,29.7
471,5.51,32.34,90,10.37,127.73,240,95.35,Healthy,0.44,5.28
472,5.79,32.27,100,10.23,125.96,241,95.34,Healthy,0.32,24.57
473,6.0,32.28,90,9.55,117.9,241,95.32,Healthy,0.56,45.47
474,5.97,32.08,100,9.75,118.85,242,95.31,Healthy,0.27,42.41
475,5.75,31.96,90,9.77,123.97,242,95.3,Healthy,0.58,32.29
476,5.76,31.94,100,9.63,125.77,243,95.28,Healthy,0.47,19.42
477,5.68,31.83,90,10.34,128.29,243,95.27,Healthy,0.23,13.58
478,5.99,32.2,100,10.17,121.79,244,95.25,Healthy,0.3,40.07
479,5.57,32.3,90,9.52,129.05,244,95.24,Healthy,0.21,12.0
480,5.9,32.08,100,9.8,121.66,245,95.24,Healthy,0.24,38.47
481,5.7,32.22,90,9.88,124.87,245,95.23,Healthy,0.41,15.0
482,6.0,32.41,100,9.94,119.16,246,95.23,Healthy,0.34,45.43
483,5.96,32.44,90,9.53,117.29,246,95.23,Healthy,0.3,49.84
484,5.82,32.45,100,10.33,118.54,247,95.22,Healthy,0.53,41.74
485,5.65,32.52,90,9.94,124.92,247,95.22,Healthy,0.36,19.79
486,5.69,32.6,100,10.33,123.13,248,95.2,Healthy,0.22,24.39
487,6.0,32.8,90,9.91,120.77,248,95.19,Healthy,0.55,42.66
488,5.74,32.82,100,10.49,122.69,249,95.17,Healthy,0.5,25.24
489,5.9,32.77,90,9.93,121.78,249,95.16,Healthy,0.34,30.83
490,5.76,32.68,100,10.4,123.74,250,95.14,Healthy,0.47,17.94
491,5.47,32.46,90,10.24,127.5,250,95.12,Healthy,0.43,6.42
492,5.89,32.45,100,9.52,120.98,251,95.1,Healthy,0.22,42.35
493,5.87,32.31,90,10.42,123.23,251,95.08,Healthy,0.56,31.48
494,5.64,32.61,100,9.9,125.63,252,95.06,Healthy,0.41,12.94
495,5.82,32.67,90,9.52,119.94,252,95.05,Healthy,0.58,36.36
496,5.88,32.54,100,9.74,120.73,253,95.04,Healthy,0.59,35.07
497,6.0,32.79,90,10.49,120.38,253,95.03,Healthy,0.52,46.02
498,5.75,32.78,100,10.27,121.41,254,95.03,Healthy,0.42,27.76
499,5.8,32.78,90,10.05,122.31,254,95.02,Healthy,0.52,27.46
500,5.82,32.79,100,9.97,123.52,255,95.02,Healthy,0.36,32.12
501,5.86,32.66,90,9.74,119.39,255,95.0,Healthy,0.33,42.64
502,5.72,32.51,100,9.95,123.84,256,95,Healthy,0.44,18.37
503,5.83,32.85,90,10.14,120.73,256,95,Healthy,0.41,33.29
504,5.96,32.79,100,10.13,118.25,257,95,Healthy,0.35,49.66
505,5.67,32.53,90,10.36,129.04,257,95,Healthy,0.26,8.22
506,6.0,32.39,100,9.96,120.25,258,95,Healthy,0.39,41.08
507,5.56,32.38,90,10.28,127.58,258,95,Healthy,0.26,12.95
508,5.61,32.42,100,10.33,128.85,259,95,Healthy,0.22,9.91
509,5.54,32.27,90,10.49,126.74,259,95,Healthy,0.24,10.13
510,5.74,32.4,100,9.57,127.5,260,95,Healthy,0.47,16.09
511,5.66,32.47,90,10.28,124.53,260,95,Healthy,0.23,23.36
512,6.0,32.21,100,9.67,118.43,261,95,Healthy,0.3,46.27
513,5.81,32.49,90,9.73,120.08,261,95,Healthy,0.2,34.38
514,6.0,32.63,100,10.22,118.19,262,95,Healthy,0.3,47.81
515,5.72,32.37,90,10.07,122.44,262,95,Healthy,0.3,30.13
516,5.65,32.53,100,9.94,129.32,263,95,Healthy,0.26,10.25
517,5.85,32.6,90,10.29,121.88,263,95,Healthy,0.22,26.41
518,5.78,32.69,100,9.68,123.0,264,95,Healthy,0.26,23.78
519,5.79,32.57,90,9.77,120.81,264,95,Healthy,0.38,38.1
520,5.63,32.6,100,10.16,123.6,265,95,Healthy,0.46,18.7
521,5.72,32.61,90,9.53,123.17,265,95,Healthy,0.41,21.13
522,6.0,32.46,100,10.25,120.11,266,95,Healthy,0.46,48.02
523,5.7,32.37,90,10.2,124.59,266,95,Healthy,0.54,25.43
524,5.77,32.16,100,10.45,125.72,267,95,Healthy,0.54,23.0
525,5.73,32.19,90,10.17,127.06,267,95,Healthy,0.46,17.52
526,5.59,32.27,100,9.72,129.06,268,95,Healthy,0.26,6.28
527,5.53,32.27,90,10.15,127.61,268,95,Healthy,0.26,6.74
528,5.81,32.34,100,9.61,120.95,269,95,Healthy,0.24,38.26
529,5.85,32.49,90,10.02,123.52,269,95,Healthy,0.34,25.25
530,5.78,32.63,100,9.54,121.93,270,95,Healthy,0.22,37.33
531,5.72,32.62,90,10.3,124.41,270,95,Healthy,0.38,15.58
532,5.56,32.62,100,10.17,130,271,95,Healthy,0.22,7.08
533,5.88,32.33,90,9.7,118.73,271,95,Healthy,0.25,39.51
534,5.6,32.2,100,10.26,130,272,95,Healthy,0.32,6.2
535,5.7,31.95,90,10.37,123.06,272,95,Healthy,0.55,21.58
536,5.86,32.03,100,9.85,124.85,273,95,Healthy,0.43,28.04
537,5.9,32.01,90,9.62,118.98,273,95,Healthy,0.6,46.73
538,5.79,31.8,100,9.88,122.95,274,95,Healthy,0.28,37.68
539,5.73,32.22,90,9.9,124.44,274,95,Healthy,0.25,25.15
540,5.56,32.47,100,9.67,126.12,275,95,Healthy,0.36,15.63
541,5.77,32.71,90,9.6,124.65,275,95,Healthy,0.5,18.84
542,5.88,32.52,100,9.53,120.65,276,95,Healthy,0.39,37.24
543,5.59,32.53,90,10.07,127.49,276,95,Healthy,0.24,10.24
544,5.83,32.68,100,9.65,121.97,277,95,Healthy,0.23,41.5
545,5.64,32.56,90,9.53,124.53,277,95,Healthy,0.45,14.98
546,5.93,32.58,100,10.1,118.78,278,95,Healthy,0.56,44.41
547,5.99,32.4,90,10.4,117.87,278,95,Healthy,0.35,46.4
548,5.93,32.19,100,9.75,122.3,279,95,Healthy,0.36,32.95
549,5.99,32.24,90,10.06,118.46,279,95,Healthy,0.45,46.09
550,5.75,32.12,100,10.31,121.65,280,95,Healthy,0.28,34.2
551,5.87,31.97,90,9.57,118.83,280,95,Healthy,0.38,46.76
552,5.82,31.8,100,10.22,123.96,281,95,Healthy,0.43,32.64
553,5.85,31.69,90,9.7,119.55,281,95,Healthy,0.49,44.69
554,5.76,31.9,100,9.76,124.62,282,95,Healthy,0.22,21.3
555,5.95,31.82,90,10.16,119.99,282,95,Healthy,0.46,43.85
556,5.59,31.9,100,10.48,126.56,283,95,Healthy,0.55,11.7
557,6.0,31.82,90,10.29,119.98,283,95,Healthy,0.39,43.55
558,5.87,31.89,100,10.17,122.67,284,95,Healthy,0.28,37.96
559,5.71,32.24,90,10.33,124.82,284,95,Healthy,0.25,14.62
560,5.87,32.47,100,9.89,121.89,285,95,Healthy,0.46,36.81
561,5.63,32.53,90,9.71,126.79,285,95,Healthy,0.45,21.53
562,6.0,32.72,100,9.65,120.09,286,95,Healthy,0.31,47.47
563,5.72,32.9,90,10.11,123.88,286,95,Healthy,0.36,27.37
564,5.99,32.82,100,10.41,120.51,287,95,Healthy,0.46,43.13
565,5.66,32.77,90,9.91,129.36,287,95,Healthy,0.28,6.34
566,5.78,33.02,100,9.52,120.4,288,95,Healthy,0.33,31.84
567,5.94,33.23,90,9.5,119.09,288,95,Healthy,0.41,44.99
568,5.93,32.87,100,10.45,121.71,289,95,Healthy,0.56,37.78
569,6.0,33.14,90,9.53,117.07,289,95,Healthy,0.23,46.2
570,5.69,33.15,100,9.64,127.44,290,95,Healthy,0.21,12.51
571,5.75,32.95,90,10.29,127.0,290,95,Healthy,0.53,18.69
572,5.8,32.85,100,10.08,125.57,291,95,Healthy,0.6,23.33
573,5.85,32.56,90,10.34,120.88,291,95,Healthy,0.27,33.46
574,5.64,32.38,100,10.31,126.63,292,95,Healthy,0.56,10.71
575,5.72,32.39,90,9.84,125.14,292,95,Healthy,0.36,14.62
576,5.56,32.28,100,9.87,126.0,293,95,Healthy,0.56,14.15
577,5.63,32.42,90,9.92,124.67,293,95,Healthy,0.22,14.1
578,5.83,32.41,100,10.32,122.96,294,95,Healthy,0.3,31.29
579,5.73,32.45,90,10.46,123.24,294,95,Healthy,0.4,21.8
580,5.6,32.48,100,9.76,126.22,295,95,Healthy,0.44,8.38
581,5.55,32.64,90,9.73,128.38,295,95,Healthy,0.27,10.03
582,5.89,32.62,100,10.35,121.65,296,95,Healthy,0.25,31.32
583,5.64,32.63,90,10.21,129.68,296,95,Healthy,0.56,5.1
584,5.72,32.41,100,10.38,125.92,297,95,Healthy,0.46,19.51
585,5.98,32.31,90,9.87,117.85,297,95,Healthy,0.48,46.93
586,5.96,32.28,100,9.72,119.18,298,95,Healthy,0.2,37.02
587,5.69,32.36,90,9.93,127.5,298,95,Healthy,0.37,13.3
588,5.77,32.29,100,9.52,121.95,299,95,Healthy,0.33,27.37
589,5.79,32.32,90,10.5,121.77,299,95,Healthy,0.33,35.04
590,6.0,32.25,100,10.42,120.05,300,95,Healthy,0.26,40.69
591,5.95,32.08,90,10.27,120.29,300,95,Healthy,0.41,35.38
592,5.78,31.96,100,10.05,123.01,301,95,Healthy,0.26,22.36
593,5.86,32.02,90,10.0,119.18,301,95,Healthy,0.29,40.45
594,5.94,32.05,100,9.89,121.85,302,95,Healthy,0.42,37.37
595,5.8,32.13,90,9.66,121.55,302,95,Healthy,0.39,38.09
596,5.74,32.27,100,9.87,123.97,303,95,Healthy,0.29,28.99
597,5.55,32.31,90,9.89,128.09,303,95,Healthy,0.44,14.01
598,5.89,32.58,100,10.41,122.86,304,95,Healthy,0.54,32.83
599,5.77,32.42,90,9.93,120.58,304,95,Healthy,0.38,32.86
600,5.82,32.63,100,10.36,122.04,305,95,Healthy,0.56,31.17
601,5.99,32.59,90,10.38,116.76,305,95,Healthy,0.59,49.82
602,5.96,32.71,100,9.56,120.05,306,95,Healthy,0.42,46.52
603,5.92,32.68,90,9.97,119.12,306,95,Healthy,0.48,40.82
604,5.89,32.71,100,10.42,120.3,307,95,Healthy,0.59,38.55
605,5.75,32.9,90,9.69,123.25,307,95,Healthy,0.25,20.02
606,5.79,32.94,100,10.28,125.3,308,95,Healthy,0.36,23.13
607,5.74,32.86,90,10.31,125.64,308,95,Healthy,0.34,25.62
608,5.84,32.8,100,10.32,121.86,309,95,Healthy,0.56,37.34
609,5.96,33.03,90,9.76,121.02,309,95,Healthy,0.54,42.84
610,5.87,33.01,100,10.09,119.84,310,95,Healthy,0.21,45.81
611,5.69,32.94,90,9.67,128.14,310,95,Healthy,0.58,13.26
612,5.99,33.06,100,9.98,119.25,311,95,Healthy,0.24,49.44
613,5.64,32.8,90,10.17,123.98,311,95,Healthy,0.41,20.57
614,5.93,32.83,100,9.64,122.91,312,95,Healthy,0.44,34.59
615,5.87,32.59,90,9.67,122.3,312,95,Healthy,0.54,29.23
616,5.88,32.64,100,9.91,123.05,313,95,Healthy,0.49,31.11
617,5.79,32.74,90,10.41,121.9,313,95,Healthy,0.53,27.74
618,5.79,32.88,100,9.92,119.52,314,95,Healthy,0.34,36.03
619,5.9,32.79,90,9.91,122.26,314,95,Healthy,0.51,36.61
620,5.85,32.94,100,10.43,122.07,315,95,Healthy,0.41,27.34
621,5.74,33.09,90,9.84,123.93,315,95,Healthy,0.23,27.84
622,5.8,33.07,100,9.81,119.18,316,95,Healthy,0.46,39.23
623,6.0,32.99,90,9.97,118.33,316,95,Healthy,0.37,49.08
624,5.74,33.21,100,9.74,122.01,317,95,Healthy,0.22,25.47
625,5.61,32.81,90,9.91,127.61,317,95,Healthy,0.57,17.63
626,5.84,32.93,100,9.69,119.56,318,95,Healthy,0.48,37.99
627,5.99,32.93,90,10.35,120.23,318,95,Healthy,0.28,42.91
628,5.82,32.63,100,9.6,122.55,319,95,Healthy,0.24,23.66
629,6.0,32.39,90,10.39,116.37,319,95,Healthy,0.4,49.27
630,5.7,32.25,100,9.53,124.95,320,95,Healthy,0.34,26.03
631,5.74,32.39,90,9.95,126.46,320,95,Healthy,0.25,22.34
632,5.68,32.49,100,9.91,126.76,321,95,Healthy,0.52,10.77
633,5.53,32.42,90,10.24,129.65,321,95,Healthy,0.51,8.3
634,5.89,32.77,100,9.94,120.62,322,95,Healthy,0.25,34.17
635,5.86,32.73,90,9.82,122.77,322,95,Healthy,0.39,30.93
636,5.96,32.67,100,10.4,119.47,323,95,Healthy,0.37,48.51
637,5.67,32.57,90,9.63,123.92,323,95,Healthy,0.21,18.31
638,5.65,32.7,100,9.97,123.44,324,95,Healthy,0.33,21.44
639,6.0,32.55,90,9.61,118.59,324,95,Healthy,0.49,46.85
640,5.99,32.62,100,9.66,121.58,325,95,Healthy,0.59,39.07
641,5.54,32.63,90,10.41,128.13,325,95,Healthy,0.38,12.58
642,5.48,32.63,100,10.04,127.71,326,95,Healthy,0.47,6.59
643,5.77,32.55,90,10.44,125.96,326,95,Healthy,0.45,20.6
644,5.75,32.43,100,9.51,122.72,327,95,Healthy,0.58,24.38
645,5.52,32.29,90,10.14,126.14,327,95,Healthy,0.27,10.1
646,5.95,32.31,100,9.51,117.1,328,95,Healthy,0.22,48.33
647,5.89,32.41,90,10.07,120.6,328,95,Healthy,0.43,42.4
648,5.7,32.67,100,10.25,126.63,329,95,Healthy,0.28,12.64
649,5.91,32.66,90,10.36,118.31,329,95,Healthy,0.51,49.06
650,5.74,32.6,100,10.49,125.58,330,95,Healthy,0.39,20.59
651,5.65,32.75,90,10.05,124.78,330,95,Healthy,0.43,17.71
652,5.79,32.78,100,9.9,121.83,331,95,Healthy,0.51,29.98
653,5.63,32.68,90,9.85,127.81,331,95,Healthy,0.39,14.73
654,5.83,32.75,100,9.73,119.38,332,95,Healthy,0.53,40.95
655,5.7,32.63,90,9.96,126.89,332,95,Healthy,0.31,18.12
656,6.0,32.68,100,9.58,117.25,333,95,Healthy,0.5,45.58
657,5.88,32.61,90,10.49,120.97,333,95,Healthy,0.49,31.53
658,5.9,32.38,100,10.09,119.01,334,95,Healthy,0.32,39.83
659,5.89,32.51,90,10.48,120.64,334,95,Healthy,0.26,33.0
660,5.84,32.75,100,9.91,121.55,335,95,Healthy,0.47,43.53
661,6.0,32.85,90,9.69,120.15,335,95,Healthy,0.46,41.19
662,5.86,32.8,100,10.22,118.86,336,95,Healthy,0.42,41.6
663,5.78,32.61,90,9.8,121.9,336,95,Healthy,0.46,26.14
664,5.71,32.75,100,9.57,121.67,337,95,Healthy,0.54,29.96
665,5.85,32.68,90,10.31,122.18,337,95,Healthy,0.32,39.03
666,5.98,32.72,100,10.27,118.53,338,95,Healthy,0.32,45.7
667,5.51,32.57,90,10.43,129.96,338,95,Healthy,0.37,7.53
668,5.75,32.65,100,9.7,123.37,339,95,Healthy,0.45,19.44
669,5.85,32.5,90,10.43,118.61,339,95,Healthy,0.53,45.23
670,5.74,32.23,100,10.37,121.66,340,95,Healthy,0.21,29.43
671,5.81,32.19,90,10.43,123.83,340,95,Healthy,0.54,22.8
672,5.77,32.07,100,10.02,125.77,341,95,Healthy,0.31,21.1
673,5.47,31.91,90,10.1,130,341,95,Healthy,0.31,6.48
674,5.76,31.91,100,10.17,125.96,342,95,Healthy,0.34,24.06
675,5.59,31.96,90,10.14,129.97,342,95,Healthy,0.32,7.44
676,5.83,31.88,100,9.63,119.82,343,95,Healthy,0.31,36.84
677,5.73,32.02,90,9.69,123.88,343,95,Healthy,0.57,32.58
678,5.85,31.99,100,10.26,119.61,344,95,Healthy,0.51,38.73
679,5.57,32.17,90,10.05,127.95,344,95,Healthy,0.21,9.04
680,5.73,32.05,100,9.91,125.96,345,95,Healthy,0.27,15.43
681,5.78,31.94,90,9.89,123.57,345,95,Healthy,0.56,27.34
682,5.93,32.13,100,9.6,116.94,346,95,Healthy,0.59,48.84
683,5.67,32.17,90,9.78,125.23,346,95,Healthy,0.44,12.41
684,5.87,32.56,100,10.18,121.21,347,95,Healthy,0.32,35.46
685,5.56,32.63,90,10.44,126.79,347,95,Healthy,0.23,12.88
686,5.91,32.62,100,9.96,120.43,348,95,Healthy,0.44,41.54
687,5.82,32.39,90,10.16,122.27,348,95,Healthy,0.42,33.01
688,6.0,32.22,100,9.87,117.22,349,95,Healthy,0.45,47.75
689,5.81,32.05,90,10.27,122.36,349,95,Healthy,0.42,30.18
690,5.8,32.27,100,9.8,124.36,350,95,Healthy,0.26,23.1
691,5.76,32.42,90,9.64,124.44,350,95,Healthy,0.56,19.18
692,5.77,32.46,100,9.7,121.08,351,95,Healthy,0.45,29.48
693,5.93,32.42,90,10.08,119.48,351,95,Healthy,0.49,39.42
694,5.74,32.46,100,9.72,124.9,352,95,Healthy,0.46,23.17
695,5.95,32.27,90,9.67,119.54,352,95,Healthy,0.49,35.33
696,5.57,32.27,100,10.05,127.82,353,95,Healthy,0.21,14.36
697,5.86,32.17,90,10.13,118.21,353,95,Healthy,0.21,44.03
698,5.79,32.12,100,10.26,123.31,354,95,Healthy,0.48,23.79
699,5.74,31.99,90,10.38,122.04,354,95,Healthy,0.44,28.58
700,5.72,32.03,100,9.51,126.18,355,95,Healthy,0.35,18.48
701,5.75,32.0,90,10.47,126.79,355,95,Healthy,0.48,21.18
702,5.98,31.95,100,9.68,117.59,356,95,Healthy,0.48,48.04
703,5.81,32.05,90,9.83,123.4,356,95,Healthy,0.38,21.31
704,5.56,31.99,100,9.76,128.39,357,95,Healthy,0.5,14.01
705,5.89,32.01,90,9.57,123.99,357,95,Healthy,0.5,31.81
706,5.74,31.98,100,9.63,124.78,358,95,Healthy,0.58,25.37
707,5.84,31.94,90,9.95,123.5,358,95,Healthy,0.33,31.07
708,5.79,32.02,100,10.45,122.36,359,95,Healthy,0.45,33.93
709,5.64,32.07,90,9.81,129.46,359,95,Healthy,0.56,9.24
710,5.55,32.31,100,10.34,126.65,360,95,Healthy,0.41,12.78
711,5.89,32.08,90,10.25,117.52,360,95,Healthy,0.54,44.36
712,5.58,32.12,100,10.21,128.66,361,95,Healthy,0.3,10.9
713,5.6,32.05,90,10.47,125.51,361,95,Healthy,0.48,16.19
714,5.54,31.92,100,10.3,127.22,362,95,Healthy,0.23,6.31
715,5.59,31.99,90,9.94,127.46,362,95,Healthy,0.52,17.82
716,5.81,31.87,100,10.45,126.01,363,95,Healthy,0.55,23.0
717,5.62,31.81,90,10.44,124.76,363,95,Healthy,0.29,18.31
718,6.0,31.96,100,9.83,116.76,364,95,Healthy,0.43,49.41
719,5.79,31.9,90,9.65,120.62,364,95,Healthy,0.22,35.18
720,5.74,31.94,100,10.35,121.97,365,95,Healthy,0.38,31.86
721,5.84,32.36,90,10.17,123.74,365,95,Healthy,0.57,34.31
722,5.63,32.61,100,10.34,125.33,366,95,Healthy,0.49,14.62
723,5.84,32.45,90,10.16,121.05,366,95,Healthy,0.25,30.55
724,5.66,32.58,100,10.46,127.58,367,95,Healthy,0.6,16.49
725,5.76,32.57,90,10.13,124.63,367,95,Healthy,0.43,22.83
726,5.77,32.66,100,9.64,123.61,368,95,Healthy,0.35,29.65
727,5.62,32.77,90,10.12,130,368,95,Healthy,0.43,6.88
728,5.7,32.45,100,9.87,127.85,369,95,Healthy,0.6,14.74
729,5.56,32.55,90,9.51,125.01,369,95,Healthy,0.58,14.55
730,5.62,32.62,100,9.58,126.56,370,95,Healthy,0.34,15.02
731,5.77,32.49,90,9.86,127.21,370,95,Healthy,0.23,19.69
732,5.7,32.54,100,9.61,127.26,371,95,Healthy,0.5,17.37
733,5.51,32.77,90,9.5,129.29,371,95,Healthy,0.21,7.18
734,5.81,32.66,100,10.0,121.38,372,95,Healthy,0.36,32.04
735,6.0,32.45,90,9.77,117.7,372,95,Healthy,0.42,49.43
736,5.64,32.33,100,10.14,127.71,373,95,Healthy,0.37,7.59
737,5.82,32.34,90,10.18,121.05,373,95,Healthy,0.45,40.74
738,5.88,32.47,100,9.87,123.57,374,95,Healthy,0.42,32.34
739,5.72,32.28,90,9.82,124.3,374,95,Healthy,0.37,16.12
740,5.73,32.3,100,9.95,126.18,375,95,Healthy,0.31,23.71
741,5.9,32.08,90,10.03,119.58,375,95,Healthy,0.57,47.75
742,5.98,31.9,100,9.52,116.63,376,95,Healthy,0.44,48.06
743,5.54,32.03,90,9.56,126.09,376,95,Healthy,0.6,10.42
744,5.66,31.99,100,10.37,124.59,377,95,Healthy,0.31,25.39
745,5.66,31.95,90,10.16,126.52,377,95,Healthy,0.44,17.82
746,5.93,31.8,100,9.66,120.33,378,95,Healthy,0.26,35.41
747,5.55,31.69,90,10.39,125.92,378,95,Healthy,0.37,10.06
748,5.85,31.87,100,10.09,124.49,379,95,Healthy,0.51,28.47
749,5.86,31.79,90,10.35,118.35,379,95,Healthy,0.54,42.24
750,5.84,31.99,100,9.63,119.65,380,95,Healthy,0.24,38.27
751,5.56,32.23,90,9.83,127.09,380,95,Healthy,0.2,9.03
752,6.0,32.32,100,9.64,116.56,381,95,Healthy,0.41,48.31
753,6.0,32.43,90,9.61,119.58,381,95,Healthy,0.34,48.56
754,5.69,32.33,100,10.21,122.63,382,95,Healthy,0.53,25.36
755,5.84,32.2,90,9.52,123.97,382,95,Healthy,0.34,24.7
756,5.86,32.33,100,10.3,120.39,383,95,Healthy,0.41,33.35
757,5.82,32.14,90,9.56,120.29,383,95,Healthy,0.44,41.54
758,5.92,32.1,100,10.07,118.6,384,95,Healthy,0.55,40.24
759,5.69,32.5,90,9.82,124.0,384,95,Healthy,0.57,19.3
760,5.79,32.52,100,10.43,120.62,385,95,Healthy,0.4,32.41
761,5.51,32.5,90,9.95,128.38,385,95,Healthy,0.31,6.21
762,5.92,32.34,100,9.61,120.46,386,95,Healthy,0.23,43.09
763,5.82,32.1,90,9.55,125.2,386,95,Healthy,0.3,22.58
764,5.85,32.09,100,9.86,120.73,387,95,Healthy,0.22,36.34
765,5.82,32.28,90,10.01,122.59,387,95,Healthy,0.48,37.01
766,5.93,32.26,100,9.88,120.21,388,95,Healthy,0.22,43.56
767,5.7,32.13,90,9.57,125.46,388,95,Healthy,0.24,17.89
768,5.87,32.39,100,9.82,124.68,389,95,Healthy,0.24,29.74
769,5.94,32.39,90,10.26,121.98,389,95,Healthy,0.39,36.86
770,5.79,32.41,100,10.13,124.1,390,95,Healthy,0.34,25.69
771,5.87,32.43,90,10.44,119.58,390,95,Healthy,0.52,36.93
772,5.69,32.54,100,9.68,124.97,391,95,Healthy,0.33,15.25
773,5.83,32.61,90,9.61,119.68,391,95,Healthy,0.35,36.65
774,5.87,32.74,100,10.38,122.26,392,95,Healthy,0.53,29.24
775,5.86,32.81,90,9.74,121.02,392,95,Healthy,0.3,43.05
776,5.55,32.5,100,10.43,129.76,393,95,Healthy,0.42,6.3
777,5.94,32.38,90,9.99,119.72,393,95,Healthy,0.35,42.36
778,5.86,32.36,100,10.21,122.3,394,95,Healthy,0.58,26.98
779,5.97,32.6,90,9.99,118.86,394,95,Healthy,0.35,48.64
780,5.59,32.26,100,9.72,125.57,395,95,Healthy,0.34,12.69
781,5.77,32.24,90,9.97,122.49,395,95,Healthy,0.5,24.77
782,5.97,32.34,100,10.23,116.67,396,95,Healthy,0.58,48.28
783,5.64,32.03,90,10.21,125.59,396,95,Healthy,0.44,15.96
784,5.94,32.11,100,9.57,120.04,397,95,Healthy,0.24,40.29
785,5.71,32.04,90,9.92,123.24,397,95,Healthy,0.39,28.21
786,5.89,32.02,100,9.72,121.91,398,95,Healthy,0.58,34.15
787,5.9,32.09,90,10.04,117.77,398,95,Healthy,0.34,47.47
788,5.8,32.0,100,10.08,121.54,399,95,Healthy,0.32,39.29
789,5.73,31.95,90,9.5,123.97,399,95,Healthy,0.47,32.08
790,6.0,31.89,100,10.38,120.4,400,95,Healthy,0.33,47.63
791,5.97,31.99,90,10.28,119.98,400,95,Healthy,0.41,49.51
792,5.71,31.85,100,9.76,126.79,401,95,Healthy,0.35,15.22
793,5.7,31.72,90,10.33,124.56,401,95,Healthy,0.43,29.86
794,5.84,32.03,100,10.12,121.55,402,95,Healthy,0.31,39.72
795,5.71,32.1,90,10.19,122.83,402,95,Healthy,0.59,26.78
796,5.81,31.87,100,10.49,120.02,403,95,Healthy,0.52,34.94
797,5.71,32.09,90,9.59,125.58,403,95,Healthy,0.39,14.79
798,5.68,32.21,100,10.13,126.96,404,95,Healthy,0.4,14.82
799,5.76,32.31,90,10.36,123.98,404,95,Healthy,0.45,31.52
800,5.81,32.1,100,9.81,122.42,405,95,Healthy,0.44,24.48
801,5.78,32.14,90,10.05,124.01,405,95,Healthy,0.41,25.02
802,5.64,32.43,100,10.09,126.93,406,95,Healthy,0.58,16.88
803,5.78,32.47,90,9.57,121.09,406,95,Healthy,0.55,31.28
804,5.92,32.69,100,9.78,119.05,407,95,Healthy,0.55,45.4
805,5.58,32.99,90,10.06,128.18,407,95,Healthy,0.36,6.28
806,5.55,33.12,100,10.29,128.7,408,95,Healthy,0.56,10.73
807,5.94,32.92,90,9.99,118.84,408,95,Healthy,0.42,43.24
808,5.81,33.0,100,9.99,121.91,409,95,Healthy,0.34,29.24
809,6.0,33.19,90,9.51,119.14,409,95,Healthy,0.48,48.65
810,5.71,33.34,100,10.32,121.91,410,95,Healthy,0.55,26.69
811,5.67,32.97,90,10.09,127.77,410,95,Healthy,0.56,15.15
812,6.0,32.95,100,9.7,119.13,411,95,Healthy,0.37,44.3
813,5.51,32.53,90,10.36,125.77,411,95,Healthy,0.46,9.55
814,5.86,32.26,100,10.46,121.35,412,95,Healthy,0.23,33.36
815,5.93,32.07,90,10.33,119.69,412,95,Healthy,0.4,41.39
816,5.78,31.94,100,9.9,121.48,413,95,Healthy,0.42,30.25
817,5.54,31.74,90,9.52,129.22,413,95,Healthy,0.3,9.45
818,6.0,31.93,100,9.82,118.47,414,95,Healthy,0.46,47.69
819,5.84,32.0,90,10.3,120.36,414,95,Healthy,0.28,36.0
820,5.76,32.0,100,10.07,125.75,415,95,Healthy,0.2,25.84
821,5.58,31.94,90,9.64,126.82,415,95,Healthy,0.58,10.18
822,5.73,31.84,100,9.91,125.81,416,95,Healthy,0.23,16.63
823,5.66,32.05,90,9.53,129.63,416,95,Healthy,0.31,7.74
824,5.7,32.23,100,10.17,123.36,417,95,Healthy,0.48,29.86
825,5.9,31.98,90,9.97,120.21,417,95,Healthy,0.52,45.33
826,5.84,32.21,100,9.6,120.53,418,95,Healthy,0.36,35.55
827,5.93,32.47,90,9.62,120.46,418,95,Healthy,0.32,44.52
828,5.91,32.53,100,9.71,121.07,419,95,Healthy,0.57,36.51
829,5.5,32.74,90,10.12,129.93,419,95,Healthy,0.33,7.76
830,5.66,32.77,100,10.49,124.19,420,95,Healthy,0.52,25.41
831,5.9,32.68,90,10.37,120.56,420,95,Healthy,0.52,44.1
832,5.63,32.81,100,10.14,128.73,421,95,Healthy,0.49,12.0
833,5.92,32.91,90,10.15,120.97,421,95,Healthy,0.48,40.55
834,5.9,32.93,100,10.08,122.8,422,95,Healthy,0.31,34.23
835,5.84,32.97,90,9.95,122.73,422,95,Healthy,0.44,26.7
836,5.7,32.68,100,9.69,124.12,423,95,Healthy,0.34,25.98
837,5.8,32.51,90,10.41,124.88,423,95,Healthy,0.41,21.56
838,5.67,32.33,100,9.52,128.25,424,95,Healthy,0.34,8.0
839,5.72,32.2,90,10.46,126.21,424,95,Healthy,0.57,21.42
840,5.67,32.54,100,9.79,125.94,425,95,Healthy,0.36,10.64
841,5.78,32.7,90,10.32,122.35,425,95,Healthy,0.45,25.14
842,5.9,32.44,100,9.62,120.26,426,95,Healthy,0.33,45.24
843,5.84,32.29,90,9.71,124.16,426,95,Healthy,0.45,29.38
844,5.74,32.58,100,10.13,120.35,427,95,Healthy,0.36,32.71
845,5.48,32.49,90,10.15,127.87,427,95,Healthy,0.3,7.47
846,5.56,32.85,100,10.05,129.05,428,95,Healthy,0.44,8.44
847,5.9,33.06,90,10.25,119.73,428,95,Healthy,0.48,35.25
848,5.72,32.96,100,9.76,125.64,429,95,Healthy,0.4,13.77
849,5.75,33.19,90,9.69,123.96,429,95,Healthy,0.41,21.74
850,5.79,33.24,100,9.6,123.22,430,95,Healthy,0.45,34.94
851,5.65,33.06,90,9.66,124.38,430,95,Healthy,0.31,16.36
852,5.74,32.8,100,9.91,122.73,431,95,Healthy,0.6,32.6
853,5.81,32.5,90,10.41,122.43,431,95,Healthy,0.47,32.33
854,5.83,32.55,100,10.27,122.69,432,95,Healthy,0.26,27.16
855,5.67,32.44,90,9.83,129.36,432,95,Healthy,0.23,7.76
856,5.77,32.61,100,9.88,122.12,433,95,Healthy,0.25,33.48
857,5.51,32.72,90,10.46,126.49,433,95,Healthy,0.29,9.63
858,5.85,32.72,100,10.47,122.24,434,95,Healthy,0.28,27.35
859,6.0,32.66,90,10.31,119.54,434,95,Healthy,0.32,46.93
860,5.74,32.65,100,9.99,122.43,435,95,Healthy,0.27,28.51
861,5.95,32.71,90,10.29,118.82,435,95,Healthy,0.57,39.07
862,5.73,32.55,100,10.46,122.17,436,95,Healthy,0.48,24.31
863,5.59,32.75,90,10.31,125.22,436,95,Healthy,0.44,15.63
864,5.62,32.71,100,9.67,127.57,437,95,Healthy,0.32,12.3
865,5.65,32.53,90,10.49,126.06,437,95,Healthy,0.6,16.72
866,5.75,32.73,100,9.69,123.51,438,95,Healthy,0.58,22.57
867,5.88,32.73,90,10.41,118.94,438,95,Healthy,0.3,39.01
868,5.7,32.8,100,10.44,126.93,439,95,Healthy,0.21,10.4
869,5.95,32.87,90,9.8,118.86,439,95,Healthy,0.48,40.46
870,5.91,32.94,100,9.81,120.49,440,95,Healthy,0.6,33.6
871,5.63,33.02,90,10.21,127.0,440,95,Healthy,0.51,9.58
872,5.77,32.91,100,10.07,120.73,441,95,Healthy,0.39,32.34
873,5.75,32.84,90,10.41,125.3,441,95,Healthy,0.6,19.33
874,5.59,32.53,100,9.79,129.23,442,95,Healthy,0.33,11.07
875,5.49,32.7,90,10.14,128.67,442,95,Healthy,0.21,7.04
876,5.62,32.96,100,10.45,125.15,443,95,Healthy,0.26,11.89
877,5.95,32.97,90,10.23,121.78,443,95,Healthy,0.57,39.76
878,5.63,33.12,100,10.47,123.77,444,95,Healthy,0.5,19.1
879,5.73,33.0,90,10.43,121.89,444,95,Healthy,0.24,27.36
880,5.94,33.11,100,10.01,121.0,445,95,Healthy,0.28,35.82
881,5.93,32.88,90,9.73,119.08,445,95,Healthy,0.52,48.67
882,5.97,32.94,100,9.68,119.44,446,95,Healthy,0.4,46.1
883,5.97,32.88,90,10.37,121.05,446,95,Healthy,0.31,44.0
884,5.9,32.89,100,10.22,119.79,447,95,Healthy,0.31,35.05
885,5.65,32.7,90,10.31,126.9,447,95,Healthy,0.25,6.86
886,5.57,32.53,100,9.5,126.76,448,95,Healthy,0.48,15.75
887,5.84,32.61,90,9.65,121.36,448,95,Healthy,0.52,39.17
888,5.61,32.48,100,9.51,126.44,449,95,Healthy,0.22,7.09
889,5.87,32.54,90,9.89,123.22,449,95,Healthy,0.28,36.19
890,5.57,32.56,100,10.34,125.52,450,95,Healthy,0.47,16.73
891,5.97,32.24,90,9.54,120.36,450,95,Healthy,0.48,46.81
892,5.83,32.28,100,9.74,122.25,451,95,Healthy,0.31,37.46
893,5.55,32.46,90,9.5,129.84,451,95,Healthy,0.58,8.99
894,5.85,32.23,100,9.6,123.34,452,95,Healthy,0.21,34.83
895,5.67,32.19,90,9.95,129.07,452,95,Healthy,0.59,7.8
896,5.65,32.14,100,9.77,129.37,453,95,Healthy,0.26,7.69
897,5.75,32.12,90,10.27,124.79,453,95,Healthy,0.53,29.32
898,5.68,32.26,100,9.87,127.91,454,95,Healthy,0.25,14.42
899,5.76,32.2,90,10.43,120.58,454,95,Healthy,0.32,34.39
900,5.87,32.24,100,10.36,120.75,455,95,Healthy,0.37,37.55
901,5.86,32.41,90,10.0,120.1,455,95,Healthy,0.45,43.69
902,5.75,32.52,100,9.99,125.07,456,95,Healthy,0.4,21.6
903,5.91,32.51,90,10.35,122.17,456,95,Healthy,0.52,38.16
904,5.79,32.49,100,10.48,120.2,457,95,Healthy,0.3,33.1
905,5.85,32.37,90,9.97,124.98,457,95,Healthy,0.33,25.51
906,5.6,32.13,100,10.48,127.59,458,95,Healthy,0.59,6.57
907,5.97,31.95,90,10.11,121.45,458,95,Healthy,0.52,37.71
908,5.88,32.28,100,9.8,123.07,459,95,Healthy,0.21,31.62
909,5.73,32.4,90,10.24,126.02,459,95,Healthy,0.3,16.22
910,5.95,32.2,100,10.3,118.74,460,95,Healthy,0.33,38.8
911,5.6,32.19,90,9.53,124.37,460,95,Healthy,0.33,18.34
912,5.88,31.9,100,10.14,121.2,461,95,Healthy,0.25,28.59
913,5.75,32.09,90,9.95,123.48,461,95,Healthy,0.28,29.66
914,5.61,32.28,100,10.45,124.79,462,95,Healthy,0.58,18.44
915,5.62,32.29,90,9.69,129.19,462,95,Healthy,0.36,5.09
916,5.96,32.19,100,10.3,118.74,463,95,Healthy,0.5,42.98
917,5.61,32.12,90,9.61,129.81,463,95,Healthy,0.3,8.6
918,5.96,32.31,100,9.71,119.13,464,95,Healthy,0.38,44.72
919,5.6,32.16,90,10.02,127.54,464,95,Healthy,0.52,6.74
920,5.68,32.17,100,10.48,125.3,465,95,Healthy,0.34,22.44
921,5.92,32.27,90,9.51,121.44,465,95,Healthy,0.27,43.78
922,5.89,32.42,100,10.29,120.12,466,95,Healthy,0.46,39.68
923,5.68,32.68,90,10.34,126.75,466,95,Healthy,0.22,10.28
924,5.85,32.54,100,10.16,121.43,467,95,Healthy,0.37,41.85
925,5.72,32.53,90,9.73,124.28,467,95,Healthy,0.54,18.3
926,5.78,32.27,100,10.33,125.96,468,95,Healthy,0.53,18.25
927,5.92,32.44,90,9.89,121.38,468,95,Healthy,0.37,38.44
928,5.96,32.35,100,10.34,117.77,469,95,Healthy,0.51,49.3
929,5.65,32.62,90,9.9,124.73,469,95,Healthy,0.4,23.16
930,6.0,32.55,100,9.88,117.13,470,95,Healthy,0.34,49.21
931,5.91,32.71,90,9.64,118.57,470,95,Healthy,0.26,39.44
932,5.56,32.56,100,9.66,127.25,471,95,Healthy,0.44,10.45
933,5.79,32.57,90,9.64,126.37,471,95,Healthy,0.32,20.5
934,6.0,32.44,100,10.23,119.86,472,95,Healthy,0.53,44.18
935,5.82,32.32,90,10.04,126.64,472,95,Healthy,0.51,22.29
936,5.48,32.19,100,9.58,127.55,473,95,Healthy,0.4,5.31
937,5.86,32.46,90,10.4,118.83,473,95,Healthy,0.56,44.73
938,5.54,32.34,100,10.12,126.64,474,95,Healthy,0.56,12.88
939,6.0,32.27,90,10.33,118.84,474,95,Healthy,0.43,43.62
940,5.98,32.51,100,9.52,117.47,475,95,Healthy,0.27,44.29
941,5.72,32.61,90,9.82,124.25,475,95,Healthy,0.36,23.14
942,5.88,32.49,100,9.74,123.2,476,95,Healthy,0.29,28.57
943,5.88,32.61,90,10.29,122.68,476,95,Healthy,0.32,31.78
944,5.53,32.72,100,10.04,129.9,477,95,Healthy,0.35,7.2
945,5.95,32.86,90,10.03,118.36,477,95,Healthy,0.36,42.32
946,5.62,32.9,100,10.36,126.09,478,95,Healthy,0.45,15.45
947,5.89,32.7,90,9.95,122.25,478,95,Healthy,0.21,29.72
948,5.92,32.78,100,9.98,121.48,479,95,Healthy,0.5,37.83
949,5.58,32.71,90,9.8,128.74,479,95,Healthy,0.51,6.69
950,6.0,32.88,100,10.24,119.9,480,95,Healthy,0.42,45.65
951,5.71,32.77,90,9.88,126.95,480,95,Healthy,0.45,18.09
952,5.78,32.97,100,10.45,124.3,481,95,Healthy,0.21,23.63
953,5.65,33.13,90,9.8,124.07,481,95,Healthy,0.29,20.63
954,5.84,32.96,100,9.72,119.9,482,95,Healthy,0.35,42.04
955,6.0,32.86,90,9.79,118.79,482,95,Healthy,0.57,44.11
956,5.68,32.72,100,9.61,126.18,483,95,Healthy,0.59,23.36
957,5.68,32.44,90,9.54,126.26,483,95,Healthy,0.51,11.37
958,5.71,32.57,100,10.45,126.12,484,95,Healthy,0.26,17.55
959,5.62,32.45,90,9.92,128.2,484,95,Healthy,0.43,10.84
960,5.72,32.29,100,9.85,122.8,485,95,Healthy,0.34,26.86
961,5.88,32.25,90,10.44,118.55,485,95,Healthy,0.49,48.02
962,5.67,32.29,100,9.82,125.98,486,95,Healthy,0.31,13.99
963,5.93,32.22,90,9.51,118.34,486,95,Healthy,0.4,48.04
964,5.9,32.52,100,10.49,121.39,487,95,Healthy,0.54,36.69
965,5.78,32.42,90,9.96,126.56,487,95,Healthy,0.37,19.39
966,5.58,32.54,100,9.56,125.51,488,95,Healthy,0.55,14.76
967,5.72,32.44,90,9.71,127.58,488,95,Healthy,0.32,14.87
968,5.84,32.38,100,9.63,121.11,489,95,Healthy,0.35,30.27
969,5.83,32.49,90,10.09,122.66,489,95,Healthy,0.51,31.11
970,5.75,32.51,100,9.89,124.61,490,95,Healthy,0.46,17.69
971,5.92,32.44,90,9.72,120.36,490,95,Healthy,0.6,33.96
972,5.83,32.11,100,9.82,122.01,491,95,Healthy,0.46,34.07
973,5.75,32.2,90,9.78,126.6,491,95,Healthy,0.37,16.42
974,5.8,32.34,100,9.65,122.39,492,95,Healthy,0.52,30.96
975,5.9,32.17,90,9.95,122.18,492,95,Healthy,0.56,35.36
976,5.53,32.28,100,10.34,127.07,493,95,Healthy,0.53,10.74
977,6.0,32.47,90,10.01,117.03,493,95,Healthy,0.22,49.0
978,5.75,32.56,100,10.34,123.15,494,95,Healthy,0.35,28.68
979,5.64,32.54,90,9.71,123.09,494,95,Healthy,0.29,21.58
980,5.89,32.56,100,10.26,120.8,495,95,Healthy,0.57,42.74
981,5.66,32.76,90,9.67,127.71,495,95,Healthy,0.28,16.43
982,5.7,32.85,100,10.34,125.47,496,95,Healthy,0.41,11.31
983,5.55,32.77,90,10.02,128.67,496,95,Healthy,0.46,5.89
984,5.59,32.88,100,10.07,126.62,497,95,Healthy,0.36,18.37
985,5.72,32.68,90,10.31,122.11,497,95,Healthy,0.26,31.21
986,5.78,32.66,100,9.99,123.55,498,95,Healthy,0.54,29.87
987,5.71,32.59,90,9.66,125.31,498,95,Healthy,0.53,14.97
988,6.0,32.39,100,9.91,117.65,499,95,Healthy,0.23,45.71
989,5.55,32.29,90,9.77,127.82,499,95,Healthy,0.5,7.76
990,5.95,32.43,100,9.96,120.2,500,95,Healthy,0.26,37.44
991,5.68,32.52,90,10.08,127.97,500,95,Healthy,0.49,12.99
992,5.55,33.15,100,10.58,123.33,501,94.96,Air Leakage,1.11,17.29
993,5.52,33.71,90,10.53,116.66,501,94.94,Air Leakage,0.88,33.12
994,5.25,33.76,100,10.6,119.32,502,94.89,Air Leakage,0.96,13.63
995,5.28,33.94,90,10.97,122.12,502,94.85,Air Leakage,0.95,16.33
996,5.52,34.09,100,11.02,121.54,503,94.82,Air Leakage,1.02,13.89
997,5.36,34.21,90,11.01,118.82,503,94.78,Air Leakage,1.14,16.9
998,5.29,34.59,100,10.15,116.49,504,94.74,Air Leakage,0.96,18.57
999,5.23,34.93,90,10.66,126.8,504,94.72,Air Leakage,1.01,5.9
1000,5.34,35.21,100,10.42,124.92,505,94.69,Air Leakage,0.93,7.37
1001,5.33,35.26,90,10.08,119.94,505,94.65,Air Leakage,1.16,8.86
1002,5.52,35.59,100,11.11,113.99,506,94.63,Air Leakage,0.91,41.93
1003,5.32,36.22,90,10.65,119.35,506,94.6,Air Leakage,1.05,6.19
1004,5.08,36.42,100,10.74,124.07,507,94.57,Air Leakage,1.01,10.62
1005,5.23,36.55,90,10.04,121.18,507,94.53,Air Leakage,0.93,8.07
1006,5.4,36.43,100,10.94,121.01,508,94.49,Air Leakage,0.99,21.12
1007,5.49,36.44,90,10.79,115.31,508,94.45,Air Leakage,0.98,34.25
1008,5.72,36.74,100,11.16,112.4,509,94.43,Air Leakage,1.08,47.21
1009,5.25,36.59,90,10.29,120.53,509,94.4,Air Leakage,1.17,18.94
1010,5.25,36.8,100,10.87,120.04,510,94.36,Air Leakage,1.05,12.7
1011,5.3,36.86,90,10.16,119.57,510,94.32,Air Leakage,0.93,15.74
1012,5.39,36.8,100,10.93,116.71,511,94.28,Air Leakage,0.83,33.43
1013,5.45,37.11,90,10.83,113.05,511,94.26,Air Leakage,0.82,43.49
1014,5.73,37.11,100,10.82,111.32,512,94.22,Air Leakage,0.87,47.41
1015,5.5,37.1,90,10.68,112.31,512,94.17,Air Leakage,0.97,34.11
1016,5.38,36.9,100,10.9,112.94,513,94.14,Air Leakage,1.18,32.22
1017,5.46,36.69,90,10.44,116.48,513,94.11,Air Leakage,1.14,28.33
1018,5.53,36.92,100,10.31,117.55,514,94.07,Air Leakage,1.12,28.09
1019,5.37,36.62,90,10.87,121.25,514,94.04,Air Leakage,0.92,15.41
1020,5.35,36.99,100,10.43,122.31,515,93.99,Air Leakage,0.81,9.76
1021,5.53,37.22,90,10.34,116.03,515,93.95,Air Leakage,0.85,41.86
1022,5.13,37.08,100,10.17,120.84,516,93.91,Air Leakage,0.91,12.93
1023,5.47,37.1,90,11.05,117.05,516,93.88,Air Leakage,1.14,35.69
1024,5.2,36.75,100,10.47,122.3,517,93.85,Air Leakage,0.87,13.94
1025,5.62,36.93,90,11.37,110.81,517,93.81,Air Leakage,1.11,46.34
1026,5.42,36.67,100,10.7,118.93,518,93.78,Air Leakage,1.18,16.64
1027,5.47,36.93,90,10.46,120.41,518,93.74,Air Leakage,1.07,16.47
1028,5.26,36.92,100,10.13,123.9,519,93.69,Air Leakage,0.89,7.48
1029,5.62,36.77,90,10.87,113.66,519,93.66,Air Leakage,0.94,49.24
1030,5.26,37.02,100,10.28,120.21,520,93.63,Air Leakage,0.98,21.88
1031,5.47,37.11,90,10.68,113.08,520,93.59,Air Leakage,0.82,37.38
1032,5.55,37.16,100,10.19,117.2,521,93.57,Air Leakage,0.87,32.49
1033,5.7,37.26,90,10.89,111.48,521,93.53,Air Leakage,1.07,46.24
1034,5.46,36.65,100,11.04,111.69,522,93.49,Air Leakage,0.85,45.21
1035,5.35,36.8,90,10.78,117.4,522,93.44,Air Leakage,0.9,21.56
1036,5.61,36.64,100,10.94,112.12,523,93.39,Air Leakage,0.86,49.1
1037,5.23,36.18,90,10.49,120.2,523,93.35,Air Leakage,0.91,13.78
1038,5.29,36.02,100,10.81,120.43,524,93.31,Air Leakage,1.12,9.3
1039,5.31,35.98,90,10.0,118.89,524,93.26,Air Leakage,0.83,24.94
1040,5.52,35.95,100,10.27,119.59,525,93.21,Air Leakage,1.19,12.48
1041,5.37,36.23,90,10.62,117.07,525,93.19,Air Leakage,1.04,22.81
1042,5.05,36.42,100,10.35,124.92,526,93.17,Air Leakage,0.99,5.11
1043,5.36,36.25,90,10.74,118.96,526,93.14,Air Leakage,1.12,13.51
1044,5.25,35.98,100,10.05,119.19,527,93.1,Air Leakage,0.83,19.2
1045,5.51,35.88,90,10.96,115.04,527,93.06,Air Leakage,0.84,40.2
1046,5.54,35.91,100,10.53,113.54,528,93.03,Air Leakage,1.08,44.69
1047,5.71,36.21,90,10.33,115.82,528,93.0,Air Leakage,0.97,39.71
1048,5.64,35.94,100,10.5,113.66,529,92.96,Air Leakage,0.96,42.28
1049,5.17,36.52,90,10.87,126.26,529,92.92,Air Leakage,0.91,5.58
1050,5.39,36.49,100,11.14,119.25,530,92.88,Air Leakage,0.93,26.04
1051,5.31,36.24,90,10.51,119.61,530,92.84,Air Leakage,0.87,21.93
1052,5.43,36.11,100,10.14,122.31,531,92.8,Air Leakage,0.9,15.87
1053,5.31,36.28,90,10.55,118.73,531,92.77,Air Leakage,0.9,31.34
1054,5.47,36.01,100,11.0,121.47,532,92.74,Air Leakage,0.8,18.9
1055,5.72,36.37,90,10.26,114.56,532,92.72,Air Leakage,1.02,46.85
1056,5.13,35.9,100,11.3,121.79,533,92.67,Air Leakage,0.86,9.2
1057,5.79,36.02,90,10.95,112.74,533,92.62,Air Leakage,1.08,48.97
1058,5.53,36.28,100,10.61,114.98,534,92.6,Air Leakage,0.86,36.58
1059,5.42,36.29,90,11.37,119.09,534,92.57,Air Leakage,1.1,20.99
1060,5.62,36.49,100,10.39,114.0,535,92.52,Air Leakage,1.05,39.86
1061,5.4,36.53,90,10.65,122.19,535,92.47,Air Leakage,1.12,9.37
1062,5.32,36.53,100,11.17,122.67,536,92.44,Air Leakage,0.84,9.61
1063,5.59,36.77,90,10.77,114.15,536,92.41,Air Leakage,1.19,40.75
1064,5.53,37.16,100,10.21,116.54,537,92.37,Air Leakage,0.88,28.85
1065,5.46,37.25,90,10.88,115.28,537,92.32,Air Leakage,1.12,28.76
1066,5.29,37.0,100,11.16,122.8,538,92.27,Air Leakage,1.19,17.37
1067,5.38,37.02,90,11.16,120.27,538,92.23,Air Leakage,0.85,8.61
1068,5.2,36.43,100,10.85,120.61,539,92.2,Air Leakage,1.12,13.88
1069,5.58,36.59,90,11.32,116.12,539,92.17,Air Leakage,1.17,43.86
1070,5.73,36.76,100,10.82,114.78,540,92.15,Air Leakage,0.97,48.55
1071,5.46,36.97,90,11.03,113.06,540,92.12,Air Leakage,0.95,39.78
1072,5.63,37.01,100,10.6,115.63,541,92.08,Air Leakage,0.92,48.69
1073,5.68,37.26,90,10.88,112.34,541,92.04,Air Leakage,1.02,41.66
1074,5.33,37.24,100,11.29,121.76,542,92.01,Air Leakage,0.87,14.58
1075,5.39,37.21,90,10.39,113.6,542,91.99,Air Leakage,1.08,39.67
1076,5.56,37.09,100,11.11,118.63,543,91.96,Air Leakage,1.06,32.28
1077,5.5,37.05,90,11.01,111.59,543,91.93,Air Leakage,1.07,47.4
1078,5.41,37.12,100,10.87,116.88,544,91.9,Air Leakage,1.19,27.69
1079,5.28,37.03,90,10.41,121.38,544,91.87,Air Leakage,0.88,11.96
1080,5.27,37.04,100,10.7,121.18,545,91.84,Air Leakage,0.96,17.67
1081,5.59,36.69,90,10.4,114.73,545,91.82,Air Leakage,0.96,28.27
1082,5.1,36.4,100,10.28,126.65,546,91.79,Air Leakage,0.9,8.59
1083,5.25,36.15,90,10.54,122.13,546,91.75,Air Leakage,0.88,14.55
1084,5.61,36.31,100,10.61,112.94,547,91.72,Air Leakage,0.96,36.7
1085,5.52,36.22,90,10.81,113.57,547,91.68,Air Leakage,0.82,38.99
1086,5.22,36.25,100,10.37,122.07,548,91.66,Air Leakage,0.85,12.39
1087,5.39,36.41,90,11.09,120.06,548,91.62,Air Leakage,1.08,20.27
1088,5.39,36.17,100,10.23,124.08,549,91.6,Air Leakage,0.93,13.06
1089,5.51,35.86,90,11.11,116.28,549,91.57,Air Leakage,1.05,25.34
1090,5.19,35.56,100,10.57,121.25,550,91.53,Air Leakage,0.97,7.8
1091,5.49,35.86,90,10.59,119.54,550,91.5,Air Leakage,1.16,34.9
1092,5.38,35.39,100,11.1,118.39,551,91.46,Air Leakage,1.18,22.24
1093,5.35,35.19,90,11.22,121.24,551,91.43,Air Leakage,1.2,17.54
1094,5.6,35.7,100,10.52,114.37,552,91.4,Air Leakage,0.82,36.14
1095,5.7,35.71,90,10.63,114.14,552,91.36,Air Leakage,1.16,48.18
1096,5.43,35.75,100,11.0,118.71,553,91.32,Air Leakage,1.04,33.56
1097,5.7,35.97,90,10.82,113.31,553,91.3,Air Leakage,0.98,41.01
1098,5.48,35.77,100,10.57,122.89,554,91.27,Air Leakage,1.14,22.86
1099,5.45,35.91,90,11.14,116.88,554,91.24,Air Leakage,0.94,32.28
1100,5.56,35.9,100,10.65,120.43,555,91.21,Air Leakage,0.93,32.67
1101,5.28,35.96,90,11.3,118.99,555,91.17,Air Leakage,1.15,23.38
1102,5.34,35.67,100,10.9,118.23,556,91.14,Air Leakage,1.14,23.88
1103,5.51,35.94,90,10.89,113.32,556,91.1,Air Leakage,1.15,42.37
1104,5.49,35.97,100,10.94,112.8,557,91.07,Air Leakage,0.86,39.09
1105,5.29,36.08,90,10.56,122.5,557,91.03,Air Leakage,1.03,10.05
1106,5.38,36.02,100,10.21,117.6,558,91.0,Air Leakage,1.03,39.27
1107,5.32,35.93,90,10.93,119.12,558,90.95,Air Leakage,0.86,5.99
1108,5.08,35.89,100,10.1,122.67,559,90.92,Air Leakage,0.89,5.06
1109,5.52,35.9,90,10.4,112.69,559,90.89,Air Leakage,0.97,31.56
1110,5.28,35.91,100,11.07,121.98,560,90.85,Air Leakage,1.14,16.44
1111,5.53,35.8,90,10.15,117.12,560,90.81,Air Leakage,1.09,35.29
1112,5.7,36.27,100,10.67,112.7,561,90.77,Air Leakage,1.1,38.51
1113,5.47,36.2,90,11.12,121.76,561,90.75,Air Leakage,0.87,12.92
1114,5.58,35.98,100,11.29,114.46,562,90.73,Air Leakage,0.83,44.78
1115,5.27,36.05,90,10.49,121.84,562,90.69,Air Leakage,1.13,20.29
1116,5.43,35.89,100,10.94,115.33,563,90.66,Air Leakage,1.17,39.25
1117,5.45,35.88,90,11.31,114.76,563,90.62,Air Leakage,1.03,27.53
1118,5.41,36.25,100,11.29,118.1,564,90.6,Air Leakage,0.9,20.6
1119,5.59,36.31,90,10.2,114.84,564,90.56,Air Leakage,1.14,29.72
1120,5.02,36.12,100,10.68,121.91,565,90.53,Air Leakage,1.0,8.53
1121,5.41,36.05,90,10.9,113.58,565,90.49,Air Leakage,0.83,39.3
1122,5.46,36.53,100,10.93,116.88,566,90.44,Air Leakage,1.07,34.0
1123,5.25,36.55,90,11.08,120.9,566,90.42,Air Leakage,1.01,13.03
1124,5.18,36.66,100,10.83,116.16,567,90.38,Air Leakage,0.86,20.33
1125,5.42,36.8,90,10.57,114.96,567,90.33,Air Leakage,0.86,41.65
1126,5.31,36.56,100,10.18,119.51,568,90.29,Air Leakage,1.13,24.66
1127,5.3,36.6,90,10.07,113.3,568,90.25,Air Leakage,0.92,30.52
1128,5.37,36.38,100,10.75,117.59,569,90.21,Air Leakage,1.05,15.09
1129,5.62,36.38,90,10.35,112.22,569,90.16,Air Leakage,0.97,41.81
1130,5.39,36.23,100,10.7,111.3,570,90.11,Air Leakage,1.07,39.89
1131,5.43,36.06,90,10.46,119.03,570,90.09,Air Leakage,1.07,20.22
1132,5.26,36.2,100,10.7,119.5,571,90.06,Air Leakage,1.1,15.88
1133,5.76,36.3,90,11.39,112.81,571,90.02,Air Leakage,0.86,48.16
1134,5.25,36.16,100,10.86,121.44,572,89.98,Air Leakage,0.94,20.8
1135,5.46,36.24,90,10.63,115.04,572,89.93,Air Leakage,0.82,45.5
1136,5.64,36.1,100,11.07,112.59,573,89.89,Air Leakage,0.86,49.26
1137,5.34,36.4,90,10.18,112.38,573,89.86,Air Leakage,1.18,35.9
1138,5.1,36.63,100,10.35,122.34,574,89.82,Air Leakage,0.9,6.17
1139,5.44,36.86,90,11.03,119.39,574,89.79,Air Leakage,0.95,18.95
1140,5.39,36.47,100,11.21,114.89,575,89.77,Air Leakage,0.83,29.43
1141,5.42,36.59,90,10.82,120.98,575,89.75,Air Leakage,0.83,27.96
1142,5.66,36.31,100,10.71,111.46,576,89.72,Air Leakage,0.92,49.55
1143,5.58,36.21,90,10.66,118.21,576,89.68,Air Leakage,1.09,39.32
1144,5.43,36.02,100,10.55,121.56,577,89.64,Air Leakage,1.08,25.17
1145,5.45,36.18,90,11.26,116.89,577,89.6,Air Leakage,1.12,30.68
1146,5.17,36.42,100,10.94,122.25,578,89.57,Air Leakage,1.14,14.2
1147,5.18,36.52,90,11.22,124.58,578,89.54,Air Leakage,0.97,7.62
1148,5.17,36.5,100,10.19,119.16,579,89.5,Air Leakage,0.93,19.1
1149,5.42,36.49,90,10.63,117.4,579,89.46,Air Leakage,1.19,22.73
1150,5.24,36.64,100,10.79,119.47,580,89.41,Air Leakage,0.85,24.0
1151,5.38,36.2,90,10.85,115.44,580,89.36,Air Leakage,0.9,28.96
1152,5.33,36.18,100,10.79,123.79,581,89.33,Air Leakage,1.05,13.18
1153,5.74,36.14,90,10.55,113.03,581,89.31,Air Leakage,1.08,39.68
1154,5.5,35.85,100,10.6,119.3,582,89.28,Air Leakage,1.09,31.1
1155,5.6,35.84,90,10.63,116.0,582,89.25,Air Leakage,0.99,46.56
1156,5.42,36.23,100,10.39,121.76,583,89.21,Air Leakage,1.18,12.38
1157,5.14,35.8,90,11.09,122.7,583,89.18,Air Leakage,1.18,10.56
1158,5.62,35.68,100,11.38,113.67,584,89.15,Air Leakage,0.91,37.86
1159,5.21,36.11,90,10.59,123.48,584,89.1,Air Leakage,1.09,7.3
1160,5.4,35.82,100,10.31,121.66,585,89.07,Air Leakage,0.98,24.5
1161,5.1,35.39,90,9.97,124.81,585,89.03,Air Leakage,1.18,8.94
1162,5.5,35.39,100,10.57,115.39,586,88.98,Air Leakage,0.88,42.35
1163,5.56,35.45,90,11.11,114.97,586,88.96,Air Leakage,1.07,46.7
1164,5.3,35.59,100,10.95,114.46,587,88.91,Air Leakage,1.19,36.42
1165,5.32,35.9,90,10.5,124.92,587,88.87,Air Leakage,1.19,8.78
1166,5.62,36.12,100,10.86,115.66,588,88.83,Air Leakage,0.81,32.57
1167,5.3,36.32,90,10.84,120.68,588,88.8,Air Leakage,1.15,19.2
1168,5.34,36.38,100,10.47,115.05,589,88.77,Air Leakage,0.96,34.44
1169,5.46,36.64,90,10.59,113.04,589,88.73,Air Leakage,1.12,41.16
1170,5.53,36.51,100,10.81,119.05,590,88.68,Air Leakage,0.92,34.79
1171,5.3,36.11,90,10.46,124.75,590,88.64,Air Leakage,1.12,13.13
1172,5.45,35.68,100,10.98,122.31,591,88.6,Air Leakage,1.02,14.44
1173,5.25,35.56,90,10.74,123.78,591,88.57,Air Leakage,1.05,14.05
1174,5.36,35.51,100,11.12,120.42,592,88.54,Air Leakage,0.95,5.86
1175,5.44,35.92,90,10.41,118.77,592,88.5,Air Leakage,1.05,17.56
1176,5.62,36.04,100,10.21,116.85,593,88.47,Air Leakage,0.81,29.99
1177,5.25,36.26,90,11.0,117.86,593,88.45,Air Leakage,1.0,15.95
1178,5.55,36.29,100,10.99,111.55,594,88.43,Air Leakage,0.86,45.79
1179,5.72,36.23,90,10.56,115.84,594,88.41,Air Leakage,0.88,44.14
1180,5.1,35.96,100,10.39,121.51,595,88.38,Air Leakage,1.17,10.84
1181,5.5,36.48,90,11.19,118.43,595,88.34,Air Leakage,0.99,26.16
1182,5.45,36.11,100,10.76,117.42,596,88.31,Air Leakage,1.1,31.99
1183,5.45,36.31,90,10.41,113.41,596,88.28,Air Leakage,0.87,46.52
1184,5.47,36.56,100,10.78,111.33,597,88.26,Air Leakage,0.91,49.62
1185,5.47,36.37,90,10.77,120.37,597,88.24,Air Leakage,1.11,15.74
1186,5.49,36.22,100,10.61,113.86,598,88.2,Air Leakage,0.94,39.12
1187,5.52,36.12,90,10.31,114.57,598,88.18,Air Leakage,0.97,32.47
1188,5.34,36.03,100,11.13,121.96,599,88.14,Air Leakage,1.07,17.02
1189,5.52,36.21,90,11.12,118.09,599,88.12,Air Leakage,1.01,24.97
1190,5.42,36.19,100,10.09,121.98,600,88.07,Air Leakage,0.92,7.77
1191,5.17,36.16,90,10.06,121.9,600,88.03,Air Leakage,0.81,13.09
1192,5.34,36.03,100,10.69,120.98,601,88.0,Air Leakage,0.88,21.6
1193,5.61,35.9,90,10.34,112.31,601,87.96,Air Leakage,0.92,43.85
1194,5.2,35.51,100,10.39,123.65,602,87.91,Air Leakage,0.88,8.43
1195,5.57,35.64,90,10.52,116.88,602,87.87,Air Leakage,0.94,46.05
1196,5.17,35.63,100,10.7,120.8,603,87.84,Air Leakage,0.87,22.19
1197,5.41,35.44,90,10.49,115.26,603,87.8,Air Leakage,0.97,21.7
1198,5.2,35.23,100,10.93,123.7,604,87.76,Air Leakage,1.07,15.61
1199,5.1,35.71,90,10.98,120.4,604,87.73,Air Leakage,1.0,9.41
1200,5.28,35.94,100,10.51,123.32,605,87.71,Air Leakage,1.11,9.67
1201,5.63,35.55,90,11.14,112.29,605,87.66,Air Leakage,0.8,44.62
1202,5.2,35.84,100,10.17,122.21,606,87.62,Air Leakage,1.13,20.35
1203,5.76,36.05,90,11.19,114.86,606,87.58,Air Leakage,1.09,46.96
1204,5.52,35.77,100,10.01,124.27,607,87.55,Air Leakage,1.02,17.53
1205,5.49,35.46,90,11.1,117.29,607,87.51,Air Leakage,1.15,38.95
1206,5.77,35.84,100,10.07,114.85,608,87.47,Air Leakage,0.98,42.91
1207,5.52,35.6,90,10.65,117.14,608,87.44,Air Leakage,0.9,39.0
1208,5.38,36.01,100,10.76,119.09,609,87.39,Air Leakage,0.91,34.93
1209,5.19,36.17,90,10.92,122.64,609,87.35,Air Leakage,1.16,5.19
1210,5.55,35.84,100,10.88,114.76,610,87.33,Air Leakage,1.2,37.56
1211,5.37,35.58,90,10.82,118.96,610,87.29,Air Leakage,1.06,21.23
1212,5.5,35.42,100,11.21,113.82,611,87.25,Air Leakage,1.03,37.64
1213,5.58,35.56,90,10.37,119.97,611,87.22,Air Leakage,0.85,33.09
1214,5.72,35.7,100,10.77,114.09,612,87.19,Air Leakage,1.12,47.54
1215,5.77,35.79,90,10.68,116.62,612,87.15,Air Leakage,0.81,39.68
1216,5.65,36.07,100,10.61,115.21,613,87.13,Air Leakage,0.82,31.84
1217,5.42,36.16,90,10.06,119.88,613,87.09,Air Leakage,1.16,17.33
1218,5.54,35.95,100,10.84,117.51,614,87.05,Air Leakage,0.88,40.91
1219,5.27,35.82,90,10.57,118.88,614,87.01,Air Leakage,0.83,16.12
1220,5.46,35.74,100,10.49,113.94,615,86.98,Air Leakage,1.07,30.05
1221,5.7,36.19,90,10.37,115.35,615,86.95,Air Leakage,0.85,42.0
1222,5.43,35.82,100,10.7,116.54,616,86.91,Air Leakage,1.02,21.76
1223,5.36,35.64,90,10.04,121.26,616,86.87,Air Leakage,1.04,18.29
1224,5.67,35.43,100,10.2,116.29,617,86.82,Air Leakage,1.07,28.98
1225,5.54,35.38,90,11.03,117.91,617,86.79,Air Leakage,0.93,27.46
1226,5.57,35.42,100,10.55,116.08,618,86.75,Air Leakage,1.06,27.56
1227,5.67,35.47,90,11.11,116.79,618,86.71,Air Leakage,1.18,33.15
1228,5.49,35.58,100,9.99,116.78,619,86.68,Air Leakage,0.91,24.46
1229,5.42,35.69,90,10.9,117.41,619,86.65,Air Leakage,1.08,39.23
1230,5.42,35.74,100,10.84,114.2,620,86.61,Air Leakage,1.08,46.27
1231,5.08,35.84,90,10.29,121.27,620,86.56,Air Leakage,0.88,11.02
1232,5.73,35.63,100,10.94,117.27,621,86.53,Air Leakage,0.84,34.16
1233,5.57,35.71,90,10.25,112.24,621,86.51,Air Leakage,0.86,44.14
1234,5.47,35.55,100,10.86,120.01,622,86.47,Air Leakage,0.87,15.84
1235,5.26,35.48,90,11.44,125.92,622,86.42,Air Leakage,0.8,7.56
1236,5.17,35.97,100,10.47,119.62,623,86.38,Air Leakage,1.1,15.71
1237,5.52,36.22,90,10.33,114.03,623,86.34,Air Leakage,0.93,47.05
1238,5.33,36.05,100,10.48,120.11,624,86.3,Air Leakage,1.07,28.64
1239,5.63,35.9,90,11.04,113.65,624,86.27,Air Leakage,0.98,48.19
1240,5.08,36.11,100,10.35,124.36,625,86.23,Air Leakage,1.08,9.17
1241,5.35,36.03,90,10.36,121.91,625,86.2,Air Leakage,1.04,6.77
1242,5.76,35.8,100,10.52,114.02,626,86.18,Air Leakage,0.81,47.14
1243,5.24,36.05,90,10.24,123.88,626,86.13,Air Leakage,1.01,5.93
1244,5.35,35.92,100,10.68,120.09,627,86.11,Air Leakage,0.96,21.76
1245,5.6,36.05,90,10.77,113.15,627,86.06,Air Leakage,0.83,47.26
1246,5.55,36.21,100,10.12,114.27,628,86.03,Air Leakage,1.06,41.48
1247,5.45,36.07,90,10.96,114.39,628,86.0,Air Leakage,1.07,42.08
1248,5.4,36.24,100,10.61,117.17,629,85.98,Air Leakage,0.84,35.54
1249,5.29,36.46,90,10.28,124.32,629,85.95,Air Leakage,1.07,8.46
1250,5.64,36.72,100,11.1,113.69,630,85.91,Air Leakage,0.88,45.27
1251,5.45,37.1,90,10.51,120.58,630,85.86,Air Leakage,1.03,12.79
1252,5.29,36.67,100,10.91,121.58,631,85.82,Air Leakage,1.17,12.16
1253,5.46,36.49,90,10.88,118.08,631,85.8,Air Leakage,0.86,43.37
1254,5.28,36.41,100,10.82,122.99,632,85.75,Air Leakage,0.85,9.52
1255,5.1,36.26,90,10.3,120.03,632,85.72,Air Leakage,1.15,7.53
1256,5.23,35.96,100,10.49,122.84,633,85.68,Air Leakage,0.81,14.87
1257,5.25,36.2,90,10.19,118.05,633,85.64,Air Leakage,0.89,12.0
1258,5.31,36.15,100,11.34,120.78,634,85.6,Air Leakage,0.96,11.18
1259,5.54,35.87,90,10.81,112.84,634,85.56,Air Leakage,0.89,44.0
1260,5.5,36.13,100,11.0,115.69,635,85.51,Air Leakage,0.89,38.31
1261,5.33,35.86,90,10.35,118.36,635,85.47,Air Leakage,0.82,23.68
1262,5.2,35.54,100,10.44,122.52,636,85.42,Air Leakage,0.89,7.48
1263,5.41,36.0,90,10.46,113.03,636,85.4,Air Leakage,1.07,38.41
1264,5.35,35.84,100,10.55,116.97,637,85.37,Air Leakage,1.07,26.41
1265,5.25,35.48,90,10.68,119.88,637,85.34,Air Leakage,0.95,9.67
1266,5.68,35.58,100,10.92,113.16,638,85.32,Air Leakage,1.07,39.92
1267,5.24,35.74,90,10.54,121.33,638,85.28,Air Leakage,0.93,5.61
1268,5.32,35.79,100,10.86,118.28,639,85.24,Air Leakage,1.14,28.93
1269,5.27,35.77,90,10.67,119.04,639,85.21,Air Leakage,1.15,13.16
1270,5.37,35.69,100,11.13,118.45,640,85.19,Air Leakage,1.17,23.95
1271,5.55,36.03,90,10.75,118.96,640,85.15,Air Leakage,1.06,23.47
1272,5.6,36.28,100,10.53,113.7,641,85.11,Air Leakage,0.98,41.37
1273,5.47,36.68,90,10.28,119.18,641,85.08,Air Leakage,0.88,11.41
1274,5.23,36.24,100,10.69,115.82,642,85.03,Air Leakage,1.18,30.14
1275,5.39,36.25,90,11.03,118.45,642,85.01,Air Leakage,1.06,29.06
1276,5.21,36.35,100,10.78,120.15,643,84.98,Air Leakage,1.14,7.81
1277,5.54,36.37,90,10.42,116.53,643,84.95,Air Leakage,1.03,49.85
1278,5.26,36.71,100,10.89,123.96,644,84.92,Air Leakage,1.0,15.36
1279,5.37,36.4,90,10.24,118.61,644,84.88,Air Leakage,1.02,26.59
1280,5.48,36.55,100,10.74,120.16,645,84.86,Air Leakage,0.93,29.72
1281,5.51,36.66,90,10.61,112.27,645,84.83,Air Leakage,0.97,48.69
1282,5.34,36.57,100,10.5,121.14,646,84.79,Air Leakage,1.05,12.11
1283,5.29,36.69,90,11.08,118.84,646,84.77,Air Leakage,1.12,21.35
1284,5.21,36.97,100,10.28,118.55,647,84.73,Air Leakage,1.2,20.3
1285,5.29,36.82,90,10.85,119.72,647,84.69,Air Leakage,1.12,29.54
1286,5.27,36.76,100,10.41,115.48,648,84.66,Air Leakage,0.97,23.64
1287,5.3,36.7,90,10.72,117.47,648,84.61,Air Leakage,0.97,28.54
1288,5.29,36.5,100,11.35,125.63,649,84.57,Air Leakage,0.85,5.18
1289,5.58,36.61,90,10.49,114.56,649,84.52,Air Leakage,0.82,38.06
1290,5.11,36.98,100,10.11,123.26,650,84.47,Air Leakage,1.06,8.96
1291,5.29,37.09,90,10.5,119.27,650,84.42,Air Leakage,0.98,13.13
1292,5.42,37.08,100,10.92,120.4,651,84.39,Air Leakage,1.17,20.62
1293,5.35,36.69,90,11.41,121.08,651,84.37,Air Leakage,0.89,19.8
1294,5.62,36.48,100,10.64,117.47,652,84.33,Air Leakage,0.9,40.66
1295,5.32,36.62,90,10.15,115.73,652,84.31,Air Leakage,0.95,33.59
1296,5.44,36.86,100,11.06,114.62,653,84.26,Air Leakage,1.19,24.89
1297,5.24,36.9,90,10.48,119.31,653,84.23,Air Leakage,0.82,24.5
1298,5.67,36.63,100,10.99,112.44,654,84.18,Air Leakage,1.11,46.42
1299,5.48,36.39,90,10.65,118.46,654,84.15,Air Leakage,1.0,27.83
1300,5.78,36.05,100,10.6,117.57,655,84.11,Air Leakage,0.88,45.24
1301,5.66,35.92,90,10.53,115.17,655,84.08,Air Leakage,0.83,37.5
1302,5.34,35.89,100,10.41,123.49,656,84.05,Air Leakage,0.9,6.71
1303,5.31,36.3,90,10.9,119.39,656,84.01,Air Leakage,0.85,23.42
1304,5.6,36.32,100,11.46,116.14,657,83.97,Air Leakage,1.06,33.36
1305,5.61,36.47,90,10.3,121.66,657,83.94,Air Leakage,1.18,26.97
1306,5.12,36.61,100,11.48,121.57,658,83.89,Air Leakage,1.11,13.44
1307,5.24,36.6,90,10.98,121.01,658,83.85,Air Leakage,0.91,5.83
1308,5.44,36.46,100,10.54,120.27,659,83.83,Air Leakage,0.94,16.1
1309,5.28,36.25,90,10.94,123.04,659,83.8,Air Leakage,0.89,8.64
1310,5.67,36.25,100,10.35,112.36,660,83.78,Air Leakage,1.13,43.18
1311,5.41,36.52,90,10.16,114.77,660,83.76,Air Leakage,1.07,41.28
1312,5.28,36.53,100,11.05,123.02,661,83.73,Air Leakage,0.92,15.24
1313,5.21,36.6,90,10.41,125.73,661,83.7,Air Leakage,1.06,6.86
1314,5.11,36.41,100,10.74,121.31,662,83.65,Air Leakage,0.86,7.73
1315,5.3,36.7,90,10.04,125.71,662,83.6,Air Leakage,1.0,5.58
1316,5.23,37.04,100,10.89,120.1,663,83.55,Air Leakage,1.15,9.15
1317,5.43,36.98,90,11.31,115.18,663,83.51,Air Leakage,0.85,25.44
1318,5.67,37.11,100,10.48,112.94,664,83.48,Air Leakage,0.82,38.51
1319,5.5,37.11,90,10.07,120.5,664,83.46,Air Leakage,0.92,21.44
1320,5.13,36.79,100,10.48,120.55,665,83.42,Air Leakage,1.1,17.6
1321,5.45,36.75,90,10.35,119.58,665,83.38,Air Leakage,0.94,21.2
1322,5.36,37.14,100,10.96,117.83,666,83.35,Air Leakage,0.96,20.09
1323,5.18,36.98,90,10.26,120.64,666,83.31,Air Leakage,1.02,10.94
1324,5.63,36.9,100,10.43,114.6,667,83.29,Air Leakage,0.98,44.93
1325,5.7,36.37,90,10.83,116.08,667,83.25,Air Leakage,0.98,44.17
1326,5.21,36.0,100,10.72,123.46,668,83.21,Air Leakage,1.03,19.21
1327,5.34,35.74,90,10.99,112.85,668,83.16,Air Leakage,0.99,38.07
1328,5.13,36.15,100,11.34,120.13,669,83.11,Air Leakage,1.11,12.84
1329,5.55,36.17,90,10.52,112.62,669,83.07,Air Leakage,1.1,40.02
1330,5.56,35.67,100,10.92,119.0,670,83.04,Air Leakage,1.12,30.31
1331,5.53,35.95,90,10.66,120.85,670,83.0,Air Leakage,0.92,27.82
1332,5.52,36.05,100,11.02,110.97,671,82.96,Air Leakage,0.87,48.09
1333,5.43,35.7,90,10.46,119.69,671,82.93,Air Leakage,1.14,19.78
1334,5.26,35.4,100,10.59,123.46,672,82.91,Air Leakage,0.84,10.05
1335,5.38,35.38,90,11.06,125.21,672,82.88,Air Leakage,0.99,7.61
1336,5.32,35.23,100,11.15,121.2,673,82.85,Air Leakage,0.96,14.44
1337,5.62,35.67,90,10.9,117.06,673,82.81,Air Leakage,1.12,39.45
1338,5.65,35.63,100,10.82,113.07,674,82.78,Air Leakage,1.08,48.04
1339,5.4,35.87,90,11.06,116.04,674,82.73,Air Leakage,1.17,29.53
1340,5.33,35.78,100,10.25,121.29,675,82.71,Air Leakage,1.11,20.7
1341,5.62,36.17,90,10.64,113.95,675,82.67,Air Leakage,0.85,43.33
1342,5.42,36.29,100,10.99,123.04,676,82.63,Air Leakage,1.09,15.75
1343,5.47,36.54,90,10.5,122.31,676,82.59,Air Leakage,1.09,19.8
1344,5.42,36.47,100,10.63,120.43,677,82.56,Air Leakage,0.93,29.8
1345,5.39,36.92,90,10.24,116.42,677,82.53,Air Leakage,1.02,28.68
1346,5.23,36.9,100,10.14,118.37,678,82.51,Air Leakage,1.12,20.28
1347,5.34,37.01,90,10.5,117.85,678,82.48,Air Leakage,0.82,16.84
1348,5.23,36.52,100,10.5,121.01,679,82.45,Air Leakage,0.83,15.91
1349,5.44,36.76,90,10.27,118.25,679,82.42,Air Leakage,1.13,20.66
1350,5.45,36.8,100,10.97,114.06,680,82.39,Air Leakage,0.88,39.73
1351,5.15,36.58,90,11.17,118.95,680,82.37,Air Leakage,0.87,7.62
1352,5.7,36.98,100,10.03,113.32,681,82.33,Air Leakage,0.84,43.55
1353,5.76,37.21,90,10.33,115.65,681,82.29,Air Leakage,1.12,43.95
1354,5.55,37.29,100,10.49,120.08,682,82.26,Air Leakage,0.94,16.49
1355,5.46,37.51,90,10.38,113.05,682,82.23,Air Leakage,1.04,32.82
1356,5.42,37.38,100,10.06,121.62,683,82.2,Air Leakage,0.85,23.53
1357,5.53,37.03,90,10.55,117.47,683,82.15,Air Leakage,0.96,27.88
1358,5.33,36.74,100,10.45,120.18,684,82.11,Air Leakage,1.2,15.96
1359,5.28,36.52,90,10.2,122.44,684,82.06,Air Leakage,0.88,16.2
1360,5.28,36.5,100,10.97,120.8,685,82.03,Air Leakage,1.07,17.45
1361,5.6,36.01,90,10.46,119.6,685,82.01,Air Leakage,1.01,26.82
1362,5.13,35.59,100,11.4,122.08,686,81.98,Air Leakage,1.13,15.72
1363,5.34,35.53,90,10.3,120.44,686,81.93,Air Leakage,1.11,17.86
1364,5.44,35.88,100,10.58,120.26,687,81.89,Air Leakage,1.12,24.64
1365,5.24,35.8,90,10.92,118.38,687,81.84,Air Leakage,1.18,11.59
1366,5.23,35.8,100,10.93,123.34,688,81.79,Air Leakage,0.85,8.82
1367,5.48,36.16,90,10.64,115.84,688,81.74,Air Leakage,0.82,28.76
1368,5.43,36.16,100,11.29,117.62,689,81.69,Air Leakage,1.02,28.45
1369,5.37,36.14,90,11.09,120.0,689,81.66,Air Leakage,0.99,20.91
1370,5.46,36.11,100,10.72,114.62,690,81.62,Air Leakage,0.87,35.42
1371,5.64,36.01,90,11.0,111.6,690,81.59,Air Leakage,0.89,48.92
1372,5.36,35.73,100,10.78,120.73,691,81.56,Air Leakage,1.06,23.7
1373,5.38,36.29,90,10.57,117.52,691,81.52,Air Leakage,1.08,18.03
1374,5.47,36.22,100,10.63,116.26,692,81.49,Air Leakage,1.07,32.02
1375,5.37,36.23,90,10.76,114.49,692,81.45,Air Leakage,1.1,30.35
1376,5.39,36.46,100,10.28,123.78,693,81.43,Air Leakage,0.97,9.02
1377,5.38,36.46,90,10.76,122.25,693,81.39,Air Leakage,1.18,8.94
1378,5.37,36.57,100,11.0,116.09,694,81.34,Air Leakage,1.1,33.26
1379,5.29,36.48,90,10.85,122.66,694,81.32,Air Leakage,0.8,12.22
1380,5.3,36.38,100,10.11,122.97,695,81.29,Air Leakage,0.96,12.51
1381,5.33,36.14,90,10.72,120.66,695,81.26,Air Leakage,1.08,28.06
1382,5.42,36.29,100,10.66,119.95,696,81.22,Air Leakage,1.01,20.73
1383,5.61,36.59,90,10.48,113.26,696,81.18,Air Leakage,0.86,45.66
1384,5.27,36.53,100,10.98,117.97,697,81.15,Air Leakage,0.94,22.01
1385,5.52,37.01,90,11.26,117.17,697,81.11,Air Leakage,0.91,35.56
1386,5.22,36.79,100,10.34,119.87,698,81.08,Air Leakage,1.15,13.35
1387,5.24,36.93,90,11.2,120.45,698,81.05,Air Leakage,1.12,24.13
1388,5.48,36.95,100,10.66,116.68,699,81.0,Air Leakage,1.15,28.82
1389,5.77,36.9,90,11.07,111.81,699,80.95,Air Leakage,1.07,45.87
1390,5.22,37.05,100,11.21,122.0,700,80.93,Air Leakage,0.92,22.37
1391,5.65,37.14,90,10.54,114.94,700,80.91,Air Leakage,0.86,40.87
1392,5.5,37.27,100,10.64,115.58,701,80.88,Air Leakage,0.96,27.32
1393,5.47,37.29,90,11.02,114.66,701,80.84,Air Leakage,1.09,42.16
1394,5.56,37.22,100,10.07,120.71,702,80.79,Air Leakage,0.86,26.23
1395,5.6,37.17,90,10.7,121.44,702,80.74,Air Leakage,0.97,29.98
1396,5.59,36.84,100,10.48,117.35,703,80.69,Air Leakage,1.03,31.51
1397,5.46,36.4,90,10.6,118.66,703,80.67,Air Leakage,1.2,38.75
1398,5.33,36.57,100,10.8,116.15,704,80.64,Air Leakage,1.14,30.74
1399,5.41,36.76,90,10.71,113.42,704,80.61,Air Leakage,1.12,48.4
1400,5.22,36.41,100,10.43,120.79,705,80.59,Air Leakage,0.93,10.95
1401,5.59,36.7,90,10.75,111.54,705,80.55,Air Leakage,0.82,48.51
1402,5.38,36.89,100,10.54,120.42,706,80.52,Air Leakage,0.82,7.84
1403,5.29,36.86,90,10.68,123.31,706,80.47,Air Leakage,1.04,15.55
1404,5.29,36.88,100,10.69,115.45,707,80.42,Air Leakage,0.88,29.83
1405,5.55,37.04,90,10.69,110.22,707,80.39,Air Leakage,1.13,42.63
1406,5.5,36.85,100,10.54,113.9,708,80.34,Air Leakage,1.19,42.21
1407,5.78,36.76,90,10.85,110.95,708,80.3,Air Leakage,0.98,49.07
1408,5.2,36.63,100,10.89,118.81,709,80.28,Air Leakage,0.92,16.25
1409,5.32,36.62,90,10.4,117.78,709,80.24,Air Leakage,0.91,21.08
1410,5.29,36.44,100,10.87,122.98,710,80.19,Air Leakage,0.91,16.98
1411,5.3,36.7,90,10.58,124.77,710,80.16,Air Leakage,1.06,6.83
1412,5.67,36.49,100,10.87,112.99,711,80.14,Air Leakage,0.93,38.05
1413,5.21,36.76,90,10.85,120.67,711,80.11,Air Leakage,1.05,18.27
1414,5.23,36.43,100,10.95,121.58,712,80.08,Air Leakage,1.05,23.53
1415,5.61,36.87,90,10.9,116.95,712,80.04,Air Leakage,1.08,37.87
1416,5.43,36.98,100,10.45,116.71,713,80.02,Air Leakage,1.1,22.47
1417,5.21,36.94,90,10.89,118.98,713,79.99,Air Leakage,0.99,19.42
1418,5.39,37.14,100,10.48,119.52,714,79.96,Air Leakage,0.83,10.27
1419,5.19,37.01,90,11.16,119.64,714,79.92,Air Leakage,1.07,18.09
1420,5.38,37.15,100,11.14,120.9,715,79.89,Air Leakage,0.97,22.37
1421,5.4,37.27,90,11.15,122.09,715,79.86,Air Leakage,1.18,10.52
1422,5.43,36.57,100,10.57,112.74,716,79.82,Air Leakage,0.97,34.71
1423,5.76,36.64,90,10.11,111.39,716,79.78,Air Leakage,0.99,44.43
1424,5.74,36.57,100,11.09,112.51,717,79.74,Air Leakage,1.2,45.08
1425,5.73,36.89,90,10.44,112.36,717,79.71,Air Leakage,1.01,44.55
1426,5.52,36.91,100,10.48,113.34,718,79.68,Air Leakage,1.11,32.94
1427,5.52,37.02,90,10.9,117.51,718,79.64,Air Leakage,0.84,31.43
1428,5.44,37.2,100,10.82,114.68,719,79.6,Air Leakage,0.88,38.01
1429,5.13,37.06,90,10.5,120.89,719,79.56,Air Leakage,1.15,7.18
1430,5.14,36.58,100,10.55,123.35,720,79.52,Air Leakage,0.89,11.5
1431,5.65,36.63,90,10.98,111.92,720,79.49,Air Leakage,1.01,46.85
1432,5.55,36.71,100,10.71,121.3,721,79.46,Air Leakage,0.84,18.91
1433,5.62,36.87,90,10.84,112.62,721,79.44,Air Leakage,0.95,49.32
1434,5.12,37.0,100,10.31,120.96,722,79.4,Air Leakage,1.16,10.91
1435,5.5,36.91,90,11.19,120.38,722,79.37,Air Leakage,0.9,22.72
1436,5.34,36.95,100,10.14,124.45,723,79.33,Air Leakage,1.09,5.48
1437,5.31,36.81,90,10.65,123.43,723,79.3,Air Leakage,0.95,11.56
1438,5.56,37.22,100,10.52,119.6,724,79.26,Air Leakage,1.13,28.84
1439,5.32,36.95,90,10.77,116.54,724,79.22,Air Leakage,1.06,27.94
1440,5.49,36.72,100,11.03,116.31,725,79.19,Air Leakage,1.18,30.27
1441,5.32,36.51,90,11.06,119.9,725,79.16,Air Leakage,1.11,21.62
1442,5.07,36.51,100,10.63,124.24,726,79.13,Air Leakage,0.9,10.82
1443,5.56,36.8,90,10.99,116.27,726,79.1,Air Leakage,0.98,36.37
1444,5.69,37.17,100,10.5,116.59,727,79.05,Air Leakage,0.8,43.93
1445,5.24,37.08,90,10.23,119.95,727,79.03,Air Leakage,0.99,17.41
1446,5.6,36.72,100,11.01,116.04,728,78.99,Air Leakage,1.03,40.85
1447,5.38,36.82,90,10.69,122.81,728,78.96,Air Leakage,1.04,9.17
1448,5.32,37.07,100,10.36,125.34,729,78.93,Air Leakage,0.81,6.12
1449,5.26,37.12,90,10.39,121.78,729,78.9,Air Leakage,0.92,10.77
1450,5.46,36.62,100,11.21,122.22,730,78.85,Air Leakage,0.88,23.46
1451,5.64,36.5,90,10.7,111.85,730,78.81,Air Leakage,1.0,40.63
1452,5.67,36.6,100,10.32,115.48,731,78.77,Air Leakage,1.17,37.12
1453,5.62,36.37,90,11.22,112.81,731,78.73,Air Leakage,1.2,47.53
1454,5.57,36.29,100,10.94,116.18,732,78.7,Air Leakage,0.9,35.68
1455,5.37,36.53,90,10.13,119.68,732,78.66,Air Leakage,0.91,34.39
1456,5.69,36.37,100,10.52,113.96,733,78.62,Air Leakage,1.12,41.35
1457,5.33,36.12,90,10.89,123.4,733,78.57,Air Leakage,0.8,19.88
1458,5.46,36.42,100,10.78,122.36,734,78.52,Air Leakage,1.13,8.22
1459,5.48,36.32,90,10.76,120.53,734,78.48,Air Leakage,1.04,23.86
1460,5.45,36.77,100,11.11,115.35,735,78.44,Air Leakage,0.89,37.64
1461,5.16,36.86,90,10.83,122.5,735,78.4,Air Leakage,1.01,8.69
1462,5.55,37.1,100,11.38,113.99,736,78.35,Air Leakage,1.03,47.47
1463,5.61,36.89,90,11.41,116.72,736,78.32,Air Leakage,0.94,38.89
1464,5.21,36.8,100,10.61,114.88,737,78.28,Air Leakage,0.93,25.6
1465,5.4,36.77,90,10.62,123.18,737,78.23,Air Leakage,0.99,18.51
1466,5.24,36.55,100,10.86,124.64,738,78.18,Air Leakage,1.19,8.13
1467,5.69,36.72,90,10.74,112.68,738,78.14,Air Leakage,1.12,48.32
1468,5.44,36.67,100,10.77,122.8,739,78.09,Air Leakage,0.95,13.7
1469,5.63,36.79,90,11.1,115.85,739,78.05,Air Leakage,0.94,44.25
1470,5.67,36.89,100,11.17,114.47,740,78.03,Air Leakage,1.12,37.13
1471,5.43,36.34,90,10.89,122.87,740,78.0,Air Leakage,1.0,6.94
1472,5.66,36.32,100,10.44,113.16,741,77.96,Air Leakage,0.84,45.32
1473,5.57,36.55,90,10.5,111.66,741,77.92,Air Leakage,1.14,46.94
1474,5.43,36.76,100,10.79,111.97,742,77.89,Air Leakage,0.82,39.07
1475,5.33,36.92,90,10.27,121.96,742,77.85,Air Leakage,0.81,20.26
1476,5.68,37.01,100,10.79,113.75,743,77.83,Air Leakage,0.84,43.91
1477,5.32,37.3,90,10.3,120.63,743,77.81,Air Leakage,0.92,24.77
1478,5.47,37.21,100,10.98,118.97,744,77.78,Air Leakage,1.07,30.66
1479,5.23,37.39,90,10.94,126.14,744,77.74,Air Leakage,1.1,5.53
1480,5.38,37.2,100,10.26,118.88,745,77.71,Air Leakage,0.96,15.25
1481,5.46,36.83,90,11.01,113.1,745,77.66,Air Leakage,0.97,35.09
1482,5.39,36.43,100,10.67,115.2,746,77.62,Air Leakage,0.81,36.96
1483,5.3,36.29,90,11.06,121.89,746,77.59,Air Leakage,0.82,5.69
1484,5.53,36.07,100,10.73,116.46,747,77.57,Air Leakage,1.08,36.84
1485,5.54,35.92,90,10.75,115.35,747,77.52,Air Leakage,1.04,39.04
1486,5.29,35.46,100,10.09,119.91,748,77.47,Air Leakage,1.2,12.33
1487,5.31,35.26,90,10.24,120.93,748,77.42,Air Leakage,1.13,10.53
1488,5.31,34.97,100,10.45,115.92,749,77.39,Air Leakage,0.83,21.13
1489,5.55,35.07,90,10.66,110.37,749,77.34,Air Leakage,1.0,49.02
1490,5.27,34.92,100,10.78,121.43,750,77.3,Air Leakage,1.02,13.93
1491,5.0,35.09,90,11.25,119.36,750,77.26,Air Leakage,0.85,5.89
1492,5.74,34.79,100,10.82,112.67,751,77.24,Air Leakage,0.83,45.74
1493,5.22,35.18,90,10.5,121.53,751,77.21,Air Leakage,1.06,14.43
1494,5.45,35.12,100,11.3,115.51,752,77.19,Air Leakage,0.93,23.86
1495,5.63,35.83,90,10.31,112.4,752,77.15,Air Leakage,0.87,48.27
1496,5.29,36.19,100,10.22,122.7,753,77.11,Air Leakage,1.09,9.16
1497,5.55,36.26,90,11.11,116.27,753,77.07,Air Leakage,1.08,19.81
1498,5.18,36.25,100,10.22,121.76,754,77.03,Air Leakage,1.06,12.92
1499,5.57,36.12,90,11.25,114.02,754,76.99,Air Leakage,0.91,33.69
1500,5.53,35.89,100,10.57,116.28,755,76.95,Air Leakage,1.0,29.26
1501,5.47,35.81,90,10.2,114.41,755,76.93,Air Leakage,1.19,40.61
1502,5.52,35.72,100,10.25,112.19,756,76.88,Air Leakage,0.88,46.46
1503,5.49,36.32,90,10.46,122.53,756,76.84,Air Leakage,1.15,19.7
1504,5.51,36.39,100,10.54,114.08,757,76.79,Air Leakage,1.2,42.46
1505,5.37,36.23,90,10.19,121.71,757,76.75,Air Leakage,1.09,8.53
1506,5.5,35.7,100,10.04,117.88,758,76.72,Air Leakage,1.12,33.95
1507,5.33,35.74,90,10.65,117.37,758,76.69,Air Leakage,0.92,30.33
1508,5.69,36.2,100,10.4,110.14,759,76.65,Air Leakage,1.0,47.86
1509,5.33,36.24,90,10.22,116.11,759,76.62,Air Leakage,1.1,24.11
1510,5.25,36.66,100,10.47,120.11,760,76.58,Air Leakage,1.13,13.43
1511,5.4,36.76,90,10.71,122.08,760,76.55,Air Leakage,0.92,12.29
1512,5.27,36.15,100,10.27,116.46,761,76.52,Air Leakage,0.86,25.46
1513,5.71,36.57,90,10.67,114.0,761,76.47,Air Leakage,1.07,44.39
1514,5.38,36.8,100,10.49,112.68,762,76.44,Air Leakage,1.03,39.61
1515,5.71,36.56,90,10.04,113.26,762,76.4,Air Leakage,0.96,49.67
1516,5.27,36.09,100,10.7,117.53,763,76.37,Air Leakage,1.02,19.63
1517,5.33,35.76,90,10.65,119.98,763,76.35,Air Leakage,1.14,6.06
1518,5.44,35.71,100,10.93,117.31,764,76.31,Air Leakage,0.96,36.19
1519,5.42,36.18,90,10.73,114.41,764,76.28,Air Leakage,0.88,26.55
1520,5.42,35.97,100,10.88,118.68,765,76.24,Air Leakage,1.05,23.66
1521,5.3,36.2,90,10.43,120.05,765,76.2,Air Leakage,0.92,12.1
1522,5.5,36.28,100,10.76,114.5,766,76.16,Air Leakage,0.96,34.3
1523,5.56,36.21,90,11.2,111.06,766,76.11,Air Leakage,1.19,47.05
1524,5.49,36.5,100,10.72,113.56,767,76.09,Air Leakage,0.92,42.31
1525,5.52,36.76,90,10.2,116.68,767,76.07,Air Leakage,0.91,31.26
1526,5.24,36.63,100,10.84,121.22,768,76.03,Air Leakage,1.15,20.21
1527,5.11,36.47,90,11.05,120.9,768,76.0,Air Leakage,1.15,8.9
1528,5.41,36.34,100,11.21,118.66,769,75.96,Air Leakage,1.13,8.27
1529,5.42,36.51,90,9.98,112.81,769,75.93,Air Leakage,1.02,38.49
1530,5.36,36.93,100,10.61,124.31,770,75.91,Air Leakage,0.9,6.45
1531,5.62,36.58,90,10.12,117.53,770,75.87,Air Leakage,0.91,25.68
1532,5.2,36.34,100,10.55,122.25,771,75.84,Air Leakage,1.19,9.56
1533,5.76,36.4,90,10.12,118.49,771,75.82,Air Leakage,0.86,38.72
1534,5.1,36.39,100,10.89,120.77,772,75.78,Air Leakage,0.96,16.54
1535,5.55,36.72,90,10.25,115.45,772,75.74,Air Leakage,1.09,38.39
1536,5.63,36.34,100,10.98,112.18,773,75.71,Air Leakage,0.87,43.67
1537,5.5,35.89,90,11.11,114.03,773,75.67,Air Leakage,0.84,38.38
1538,5.52,35.79,100,11.3,120.34,774,75.65,Air Leakage,0.85,17.24
1539,5.51,36.01,90,10.51,119.5,774,75.6,Air Leakage,1.1,22.22
1540,5.59,36.31,100,10.63,116.65,775,75.57,Air Leakage,1.08,29.1
1541,5.25,36.52,90,11.26,119.05,775,75.55,Air Leakage,1.06,13.93
1542,5.29,36.34,100,10.46,122.99,776,75.51,Air Leakage,1.14,15.3
1543,5.1,36.47,90,10.45,122.55,776,75.49,Air Leakage,1.12,7.22
1544,5.29,36.02,100,11.0,118.33,777,75.44,Air Leakage,0.92,26.9
1545,5.76,36.11,90,10.74,110.77,777,75.4,Air Leakage,0.87,45.23
1546,5.55,35.76,100,10.63,113.26,778,75.35,Air Leakage,0.86,35.35
1547,5.73,35.89,90,10.38,113.54,778,75.31,Air Leakage,1.02,49.45
1548,5.51,35.9,100,10.83,115.69,779,75.27,Air Leakage,0.8,24.71
1549,5.28,36.0,90,10.28,120.59,779,75.23,Air Leakage,0.98,18.24
1550,5.52,35.7,100,10.74,111.87,780,75.21,Air Leakage,0.85,37.89
1551,5.31,35.96,90,10.71,118.82,780,75.19,Air Leakage,1.18,10.96
1552,5.06,36.47,100,11.0,121.56,781,75.14,Air Leakage,0.91,6.92
1553,5.23,36.28,90,11.16,124.76,781,75.11,Air Leakage,0.95,6.73
1554,5.27,36.15,100,11.17,114.23,782,75.09,Air Leakage,0.86,28.85
1555,5.26,36.49,90,10.59,119.52,782,75.06,Air Leakage,1.12,26.12
1556,5.63,36.37,100,10.64,112.92,783,75.04,Air Leakage,0.91,43.98
1557,5.32,36.6,90,10.82,122.67,783,75.0,Air Leakage,0.9,19.03
1558,5.38,36.63,100,10.91,119.56,784,75,Air Leakage,0.97,18.68
1559,5.62,36.65,90,11.2,114.62,784,75,Air Leakage,0.97,47.18
1560,5.38,36.63,100,10.64,118.92,785,75,Air Leakage,0.9,23.62
1561,5.24,37.04,90,10.66,119.54,785,75,Air Leakage,1.02,24.41
1562,5.49,36.79,100,10.23,110,786,75,Air Leakage,0.86,47.62
1563,5.66,36.42,90,11.01,114.51,786,75,Air Leakage,0.97,47.92
1564,5.37,36.74,100,10.39,115.91,787,75,Air Leakage,1.11,21.96
1565,5.46,36.48,90,10.42,116.13,787,75,Air Leakage,0.96,38.32
1566,5.38,36.86,100,10.59,115.92,788,75,Air Leakage,1.09,27.57
1567,5.48,37.08,90,11.12,114.16,788,75,Air Leakage,0.95,38.5
1568,5.66,36.98,100,10.73,115.54,789,75,Air Leakage,0.98,40.63
1569,5.5,36.87,90,10.41,112.58,789,75,Air Leakage,0.85,45.18
1570,5.31,36.92,100,10.99,119.05,790,75,Air Leakage,1.09,27.62
1571,5.57,36.95,90,11.17,116.19,790,75,Air Leakage,1.02,31.17
1572,5.27,36.82,100,10.65,121.13,791,75,Air Leakage,0.86,6.33
1573,5.35,36.82,90,11.45,120.51,791,75,Air Leakage,0.9,17.4
1574,5.52,36.71,100,10.66,115.91,792,75,Air Leakage,0.99,40.0
1575,5.16,36.23,90,10.85,121.12,792,75,Air Leakage,1.12,9.68
1576,5.47,36.14,100,10.63,115.87,793,75,Air Leakage,0.91,30.31
1577,5.32,35.67,90,11.05,121.41,793,75,Air Leakage,1.17,21.81
1578,5.34,35.66,100,10.7,118.19,794,75,Air Leakage,0.89,32.81
1579,5.3,35.8,90,10.31,118.53,794,75,Air Leakage,0.89,26.86
1580,5.19,35.46,100,10.55,120.94,795,75,Air Leakage,1.03,15.32
1581,5.45,35.62,90,10.88,122.95,795,75,Air Leakage,0.88,12.77
1582,5.12,35.54,100,10.51,121.13,796,75,Air Leakage,1.02,16.41
1583,5.63,35.77,90,10.84,111.85,796,75,Air Leakage,0.92,38.1
1584,5.24,36.04,100,10.43,123.02,797,75,Air Leakage,1.1,6.51
1585,5.55,36.18,90,10.51,115.57,797,75,Air Leakage,0.99,38.54
1586,5.6,36.23,100,10.71,111.51,798,75,Air Leakage,1.07,46.77
1587,5.75,36.35,90,10.42,112.53,798,75,Air Leakage,0.93,42.29
1588,5.13,36.31,100,11.08,122.68,799,75,Air Leakage,1.03,6.73
1589,5.28,36.36,90,11.04,123.21,799,75,Air Leakage,0.92,9.46
1590,5.53,36.13,100,10.62,114.62,800,75,Air Leakage,0.96,30.4
1591,5.44,36.28,90,10.52,118.3,800,75,Air Leakage,1.05,26.5
1592,5.41,35.97,100,10.59,121.7,801,75,Air Leakage,0.85,27.62
1593,5.35,36.17,90,10.19,119.52,801,75,Air Leakage,1.03,19.75
1594,5.63,36.32,100,10.19,110.65,802,75,Air Leakage,1.11,45.67
1595,5.15,36.61,90,11.16,122.3,802,75,Air Leakage,1.16,13.47
1596,5.45,36.74,100,10.9,122.2,803,75,Air Leakage,1.16,17.01
1597,5.39,36.27,90,10.71,122.17,803,75,Air Leakage,1.05,16.68
1598,5.5,36.18,100,11.29,116.78,804,75,Air Leakage,1.16,31.22
1599,5.51,36.66,90,11.43,113.49,804,75,Air Leakage,1.12,44.8
1600,5.53,36.25,100,10.21,119.62,805,75,Air Leakage,1.05,22.11
1601,5.26,36.33,90,11.33,119.68,805,75,Air Leakage,0.98,19.71
1602,5.18,36.18,100,10.98,119.94,806,75,Air Leakage,1.18,6.68
1603,5.28,36.07,90,10.14,116.54,806,75,Air Leakage,0.9,25.91
1604,5.54,36.12,100,10.44,114.6,807,75,Air Leakage,1.16,44.92
1605,5.63,36.49,90,10.97,115.86,807,75,Air Leakage,1.1,47.98
1606,5.25,36.55,100,10.92,121.65,808,75,Air Leakage,0.96,11.29
1607,5.1,36.27,90,10.8,120.53,808,75,Air Leakage,0.95,10.44
1608,5.09,35.89,100,10.99,121.43,809,75,Air Leakage,1.08,12.09
1609,5.31,35.78,90,10.53,118.6,809,75,Air Leakage,0.99,25.39
1610,5.17,35.97,100,11.3,125.37,810,75,Air Leakage,1.19,6.08
1611,5.59,36.09,90,10.04,114.37,810,75,Air Leakage,0.95,38.35
1612,5.52,36.5,100,10.8,113.8,811,75,Air Leakage,0.96,41.5
1613,5.13,36.38,90,10.33,124.2,811,75,Air Leakage,1.12,8.51
1614,5.31,36.36,100,10.05,121.38,812,75,Air Leakage,0.85,19.25
1615,5.18,36.52,90,10.46,120.2,812,75,Air Leakage,1.16,6.19
1616,5.17,36.59,100,10.1,121.58,813,75,Air Leakage,0.9,5.82
1617,5.61,36.88,90,10.73,113.32,813,75,Air Leakage,0.97,49.28
1618,5.53,36.44,100,10.42,116.98,814,75,Air Leakage,1.2,31.06
1619,5.28,36.43,90,11.08,120.91,814,75,Air Leakage,0.86,27.58
1620,5.54,36.62,100,10.93,115.82,815,75,Air Leakage,0.95,46.83
1621,5.25,36.39,90,10.9,120.64,815,75,Air Leakage,1.09,9.28
1622,5.65,36.21,100,10.84,116.12,816,75,Air Leakage,0.88,44.95
1623,5.68,36.38,90,11.12,113.98,816,75,Air Leakage,0.94,39.61
1624,5.61,36.4,100,10.55,117.19,817,75,Air Leakage,1.08,31.38
1625,5.12,36.68,90,10.51,120.2,817,75,Air Leakage,0.84,8.1
1626,5.57,36.88,100,10.25,115.89,818,75,Air Leakage,1.15,42.29
1627,5.15,36.67,90,10.97,120.26,818,75,Air Leakage,1.0,6.32
1628,5.45,36.53,100,10.21,121.54,819,75,Air Leakage,1.11,24.06
1629,5.19,36.48,90,11.15,119.22,819,75,Air Leakage,0.99,10.34
1630,5.74,36.26,100,10.54,115.03,820,75,Air Leakage,0.87,34.34
1631,5.3,36.53,90,10.16,118.87,820,75,Air Leakage,0.98,37.04
1632,5.67,36.09,100,11.27,110.17,821,75,Air Leakage,1.03,47.72
1633,5.57,35.74,90,10.14,114.26,821,75,Air Leakage,0.86,42.25
1634,5.09,35.95,100,10.86,119.93,822,75,Air Leakage,1.11,9.77
1635,5.64,36.32,90,11.07,112.2,822,75,Air Leakage,0.83,38.64
1636,5.44,36.15,100,10.35,119.87,823,75,Air Leakage,0.92,15.99
1637,5.58,35.97,90,10.56,117.99,823,75,Air Leakage,0.91,31.88
1638,5.5,35.72,100,11.02,115.07,824,75,Air Leakage,0.92,30.54
1639,5.37,35.52,90,10.69,121.22,824,75,Air Leakage,1.04,28.33
1640,5.69,35.71,100,10.83,113.65,825,75,Air Leakage,0.99,42.36
1641,5.31,36.09,90,10.54,117.17,825,75,Air Leakage,1.07,26.39
1642,5.37,35.91,100,11.15,120.98,826,75,Air Leakage,1.07,17.04
1643,5.16,35.88,90,11.38,120.88,826,75,Air Leakage,0.81,12.29
1644,5.37,35.7,100,11.19,115.9,827,75,Air Leakage,1.15,27.75
1645,5.24,35.51,90,10.4,120.76,827,75,Air Leakage,1.09,13.96
1646,5.41,35.54,100,10.25,118.73,828,75,Air Leakage,1.0,13.29
1647,5.61,35.72,90,10.24,114.82,828,75,Air Leakage,0.9,24.2
1648,5.2,36.21,100,10.67,118.88,829,75,Air Leakage,1.14,13.97
1649,5.37,36.19,90,10.87,113.86,829,75,Air Leakage,1.18,29.39
1650,5.25,35.85,100,11.18,123.44,830,75,Air Leakage,1.04,8.07
1651,5.69,36.17,90,11.26,113.57,830,75,Air Leakage,0.98,46.8
1652,5.51,35.81,100,10.8,117.58,831,75,Air Leakage,0.91,35.84
1653,5.33,35.85,90,10.07,114.12,831,75,Air Leakage,0.93,39.07
1654,5.5,35.71,100,10.78,118.75,832,75,Air Leakage,1.09,21.62
1655,5.34,35.96,90,10.26,119.74,832,75,Air Leakage,0.95,13.33
1656,5.46,35.87,100,11.35,113.42,833,75,Air Leakage,1.07,38.19
1657,5.31,35.59,90,10.57,118.87,833,75,Air Leakage,1.15,31.87
1658,5.42,35.74,100,11.01,121.41,834,75,Air Leakage,0.86,15.57
1659,5.48,36.05,90,10.69,112.62,834,75,Air Leakage,1.07,47.29
1660,5.21,35.82,100,10.55,123.21,835,75,Air Leakage,1.1,8.58
1661,5.48,35.47,90,11.19,123.1,835,75,Air Leakage,1.05,18.75
1662,5.41,35.36,100,10.33,118.48,836,75,Air Leakage,0.94,34.25
1663,5.78,35.52,90,10.83,114.74,836,75,Air Leakage,0.99,45.18
1664,5.49,35.56,100,10.8,116.24,837,75,Air Leakage,1.03,41.52
1665,5.6,36.01,90,10.54,114.91,837,75,Air Leakage,0.89,34.85
1666,5.55,36.33,100,10.3,118.44,838,75,Air Leakage,1.19,40.75
1667,5.65,36.23,90,10.38,115.12,838,75,Air Leakage,0.85,46.3
1668,5.3,36.44,100,10.11,119.03,839,75,Air Leakage,1.14,17.46
1669,5.22,36.72,90,11.03,119.91,839,75,Air Leakage,0.97,7.02
1670,5.29,36.7,100,11.02,119.68,840,75,Air Leakage,0.95,20.02
1671,5.42,36.43,90,10.75,120.57,840,75,Air Leakage,1.13,31.2
1672,5.61,35.84,100,11.26,119.33,841,75,Air Leakage,0.86,34.81
1673,5.3,35.94,90,10.76,117.65,841,75,Air Leakage,1.19,21.18
1674,5.3,35.97,100,11.38,117.57,842,75,Air Leakage,0.86,28.77
1675,5.4,36.13,90,10.89,115.06,842,75,Air Leakage,1.03,37.45
1676,5.32,36.16,100,10.47,124.07,843,75,Air Leakage,0.93,10.7
1677,5.26,35.75,90,11.24,125.26,843,75,Air Leakage,0.86,13.63
1678,5.29,35.85,100,10.95,123.1,844,75,Air Leakage,0.84,12.7
1679,5.39,35.95,90,10.84,122.54,844,75,Air Leakage,1.09,8.26
1680,5.35,36.28,100,11.13,117.82,845,75,Air Leakage,0.99,38.4
1681,5.45,36.01,90,10.01,117.84,845,75,Air Leakage,1.16,30.91
1682,5.31,36.44,100,10.4,124.06,846,75,Air Leakage,1.03,14.78
1683,5.69,36.33,90,11.21,112.76,846,75,Air Leakage,0.96,49.15
1684,5.34,36.56,100,10.56,119.85,847,75,Air Leakage,1.14,20.67
1685,5.26,37.02,90,10.36,118.42,847,75,Air Leakage,0.91,21.56
1686,5.24,37.16,100,10.88,121.01,848,75,Air Leakage,1.09,15.83
1687,5.41,36.78,90,10.98,119.54,848,75,Air Leakage,0.93,19.73
1688,5.2,36.81,100,10.9,120.09,849,75,Air Leakage,1.03,23.63
1689,5.24,36.76,90,10.77,119.7,849,75,Air Leakage,0.8,13.37
1690,5.35,36.64,100,10.27,120.81,850,75,Air Leakage,1.15,9.47
1691,5.29,36.89,90,10.51,117.7,850,75,Air Leakage,0.89,14.52
1692,5.68,36.26,100,9.93,116.47,851,75,Air Leakage,1.06,39.49
1693,5.16,36.1,90,10.95,120.67,851,75,Air Leakage,0.9,9.47
1694,5.63,36.18,100,11.16,112.8,852,75,Air Leakage,1.08,47.95
1695,5.65,36.13,90,10.63,112.37,852,75,Air Leakage,1.03,44.86
1696,5.62,36.46,100,10.49,113.0,853,75,Air Leakage,1.06,34.93
1697,5.37,36.46,90,11.21,118.86,853,75,Air Leakage,1.12,18.87
1698,5.26,36.8,100,10.95,119.59,854,75,Air Leakage,0.99,21.36
1699,5.7,36.94,90,10.37,113.48,854,75,Air Leakage,0.89,38.32
1700,5.47,37.02,100,11.19,118.74,855,75,Air Leakage,1.13,24.41
1701,5.53,37.07,90,10.61,114.98,855,75,Air Leakage,1.17,35.34
1702,5.54,36.82,100,10.86,110,856,75,Air Leakage,0.83,48.84
1703,5.45,37.05,90,10.6,117.11,856,75,Air Leakage,0.99,34.64
1704,5.38,36.93,100,10.16,119.74,857,75,Air Leakage,1.14,9.96
1705,5.53,36.98,90,10.67,117.32,857,75,Air Leakage,0.99,42.72
1706,5.46,36.79,100,10.94,120.08,858,75,Air Leakage,0.92,23.54
1707,5.59,36.97,90,10.31,112.48,858,75,Air Leakage,0.88,43.21
1708,5.36,36.68,100,10.88,121.54,859,75,Air Leakage,1.05,6.47
1709,5.35,36.92,90,10.6,119.37,859,75,Air Leakage,1.04,26.84
1710,5.19,36.74,100,10.66,119.54,860,75,Air Leakage,0.91,22.13
1711,5.52,36.29,90,10.94,115.16,860,75,Air Leakage,0.92,30.5
1712,5.17,36.63,100,11.28,125.59,861,75,Air Leakage,1.15,9.61
1713,5.59,36.53,90,11.16,113.97,861,75,Air Leakage,1.01,39.98
1714,5.37,36.3,100,10.08,123.87,862,75,Air Leakage,1.1,5.3
1715,5.54,36.3,90,10.62,114.16,862,75,Air Leakage,0.99,39.45
1716,5.23,36.15,100,11.05,119.04,863,75,Air Leakage,1.09,24.21
1717,5.25,35.89,90,10.22,120.47,863,75,Air Leakage,1.16,9.51
1718,5.35,36.1,100,10.06,115.84,864,75,Air Leakage,1.1,34.57
1719,5.22,35.99,90,10.61,118.27,864,75,Air Leakage,0.91,21.47
1720,5.62,36.2,100,11.06,115.02,865,75,Air Leakage,1.01,27.24
1721,5.36,36.22,90,10.2,118.86,865,75,Air Leakage,0.89,15.67
1722,5.2,36.59,100,10.3,121.25,866,75,Air Leakage,1.0,21.4
1723,5.54,36.43,90,10.98,113.75,866,75,Air Leakage,1.12,38.52
1724,5.65,36.7,100,11.01,116.7,867,75,Air Leakage,0.88,38.36
1725,5.31,36.93,90,10.84,126.98,867,75,Air Leakage,0.84,6.37
1726,5.53,37.04,100,11.29,115.33,868,75,Air Leakage,0.89,44.52
1727,5.74,36.95,90,11.33,116.87,868,75,Air Leakage,1.18,40.07
1728,5.43,36.57,100,11.44,116.55,869,75,Air Leakage,1.05,22.13
1729,5.28,36.8,90,10.99,124.67,869,75,Air Leakage,0.84,8.11
1730,5.53,36.58,100,10.64,113.85,870,75,Air Leakage,0.95,33.99
1731,5.27,36.63,90,10.87,121.54,870,75,Air Leakage,1.14,9.05
1732,5.51,36.39,100,10.34,121.87,871,75,Air Leakage,1.05,13.82
1733,5.38,36.55,90,10.98,119.89,871,75,Air Leakage,1.02,11.67
1734,5.48,36.32,100,10.59,114.18,872,75,Air Leakage,0.89,32.97
1735,5.7,36.33,90,10.5,115.25,872,75,Air Leakage,0.82,46.38
1736,5.63,36.68,100,10.67,116.88,873,75,Air Leakage,0.95,42.8
1737,5.3,36.91,90,10.74,119.96,873,75,Air Leakage,1.01,19.47
1738,5.22,37.22,100,10.5,122.91,874,75,Air Leakage,1.02,11.19
1739,5.21,36.86,90,10.44,115.02,874,75,Air Leakage,1.02,25.79
1740,5.59,36.32,100,10.32,117.15,875,75,Air Leakage,1.0,41.52
1741,5.12,35.92,90,10.87,119.65,875,75,Air Leakage,0.89,14.7
1742,5.38,36.0,100,11.0,118.54,876,75,Air Leakage,1.2,28.92
1743,5.59,35.83,90,10.55,113.68,876,75,Air Leakage,0.94,40.43
1744,5.44,36.44,100,10.79,119.02,877,75,Air Leakage,0.81,17.38
1745,5.27,36.51,90,10.12,122.52,877,75,Air Leakage,0.82,16.21
1746,5.78,36.1,100,10.74,113.17,878,75,Air Leakage,0.84,48.15
1747,5.27,36.27,90,10.79,121.8,878,75,Air Leakage,0.91,23.83
1748,5.45,36.51,100,10.4,114.03,879,75,Air Leakage,1.02,45.62
1749,5.42,36.8,90,10.72,121.96,879,75,Air Leakage,0.96,14.99
1750,5.31,36.61,100,10.76,117.47,880,75,Air Leakage,0.81,26.44
1751,5.58,36.79,90,11.24,116.47,880,75,Air Leakage,0.82,46.9
1752,5.39,36.73,100,11.15,120.06,881,75,Air Leakage,1.13,27.47
1753,5.39,37.09,90,10.29,120.46,881,75,Air Leakage,1.08,20.62
1754,5.5,36.96,100,10.66,116.64,882,75,Air Leakage,0.84,30.08
1755,5.51,36.86,90,10.73,111.37,882,75,Air Leakage,0.98,39.9
1756,5.55,36.71,100,10.75,122.41,883,75,Air Leakage,1.0,26.23
1757,5.31,36.85,90,10.35,119.08,883,75,Air Leakage,0.82,23.25
1758,5.68,36.73,100,10.46,115.46,884,75,Air Leakage,1.0,46.64
1759,5.34,36.81,90,10.39,119.48,884,75,Air Leakage,1.11,17.85
1760,5.39,36.52,100,10.07,123.15,885,75,Air Leakage,1.16,16.18
1761,5.63,36.68,90,10.74,115.1,885,75,Air Leakage,0.92,49.38
1762,5.08,36.65,100,10.59,121.46,886,75,Air Leakage,0.95,10.63
1763,5.41,36.36,90,10.72,117.75,886,75,Air Leakage,1.16,16.94
1764,5.67,36.2,100,10.8,112.9,887,75,Air Leakage,1.15,47.36
1765,5.65,36.05,90,11.11,112.38,887,75,Air Leakage,1.01,43.13
1766,5.17,35.79,100,10.27,120.37,888,75,Air Leakage,0.88,16.43
1767,5.39,35.77,90,11.08,121.19,888,75,Air Leakage,1.16,13.46
1768,5.49,36.07,100,10.49,116.89,889,75,Air Leakage,0.9,34.67
1769,5.23,35.85,90,11.16,122.51,889,75,Air Leakage,1.08,12.8
1770,5.48,36.06,100,10.14,120.18,890,75,Air Leakage,0.89,28.03
1771,5.54,35.69,90,10.85,115.47,890,75,Air Leakage,0.91,38.88
1772,5.37,35.59,100,11.23,122.14,891,75,Air Leakage,0.9,9.76
1773,5.66,35.45,90,10.84,112.55,891,75,Air Leakage,0.93,49.74
1774,5.54,35.24,100,10.64,116.92,892,75,Air Leakage,0.81,28.08
1775,5.45,35.08,90,11.37,117.97,892,75,Air Leakage,1.15,23.78
1776,5.2,35.3,100,11.45,123.27,893,75,Air Leakage,1.18,6.07
1777,5.66,35.62,90,10.73,113.26,893,75,Air Leakage,0.93,43.73
1778,5.45,35.55,100,10.57,120.19,894,75,Air Leakage,0.98,19.4
1779,5.09,35.27,90,10.22,122.46,894,75,Air Leakage,0.89,9.52
1780,5.59,35.07,100,10.77,115.35,895,75,Air Leakage,1.14,38.56
1781,5.28,34.9,90,10.75,121.13,895,75,Air Leakage,0.89,15.6
1782,5.64,35.22,100,10.85,117.9,896,75,Air Leakage,1.13,33.56
1783,5.32,35.55,90,10.99,120.08,896,75,Air Leakage,0.94,15.13
1784,5.21,36.12,100,10.89,124.1,897,75,Air Leakage,1.15,8.49
1785,5.5,35.66,90,10.48,116.61,897,75,Air Leakage,1.19,32.42
1786,5.43,35.8,100,11.08,125.06,898,75,Air Leakage,0.87,12.74
1787,5.41,35.63,90,10.47,119.87,898,75,Air Leakage,1.16,16.06
1788,5.49,35.88,100,10.38,122.86,899,75,Air Leakage,1.02,19.51
1789,5.09,36.22,90,10.19,121.57,899,75,Air Leakage,1.01,10.69
1790,5.49,36.13,100,10.63,117.45,900,75,Air Leakage,0.82,23.72
1791,5.54,36.57,90,10.17,114.55,900,75,Air Leakage,1.17,42.26
1792,5.2,36.87,100,10.61,124.97,901,75,Air Leakage,1.17,6.91
1793,5.71,36.47,90,11.41,114.02,901,75,Air Leakage,1.2,39.99
1794,5.44,36.93,100,10.38,116.14,902,75,Air Leakage,1.15,38.51
1795,5.12,36.99,90,11.08,122.58,902,75,Air Leakage,0.94,10.7
1796,5.16,36.53,100,10.72,117.55,903,75,Air Leakage,1.15,13.1
1797,5.46,36.65,90,10.57,117.77,903,75,Air Leakage,1.05,40.22
1798,5.29,36.89,100,10.73,119.89,904,75,Air Leakage,0.99,26.11
1799,5.35,36.36,90,10.4,118.74,904,75,Air Leakage,0.96,34.28
1800,5.29,36.06,100,10.11,119.13,905,75,Air Leakage,1.01,14.29
1801,5.71,35.55,90,11.01,117.64,905,75,Air Leakage,1.08,39.15
1802,5.18,35.5,100,10.7,122.34,906,75,Air Leakage,1.02,9.76
1803,5.21,35.92,90,11.07,120.47,906,75,Air Leakage,0.8,16.1
1804,5.3,36.0,100,10.36,118.21,907,75,Air Leakage,0.81,21.38
1805,5.55,36.0,90,10.87,117.64,907,75,Air Leakage,0.97,27.32
1806,5.27,35.87,100,11.22,120.91,908,75,Air Leakage,1.03,13.41
1807,5.33,36.23,90,11.15,112.88,908,75,Air Leakage,0.98,33.57
1808,5.69,36.71,100,10.96,110.6,909,75,Air Leakage,1.1,46.48
1809,5.56,36.46,90,10.54,114.86,909,75,Air Leakage,0.82,28.77
1810,5.39,36.86,100,10.58,119.74,910,75,Air Leakage,1.04,18.55
1811,5.71,36.85,90,10.51,113.81,910,75,Air Leakage,1.07,44.68
1812,5.17,37.13,100,11.21,122.12,911,75,Air Leakage,0.91,8.08
1813,5.01,36.71,90,10.2,123.7,911,75,Air Leakage,0.9,6.81
1814,5.63,36.73,100,10.93,117.31,912,75,Air Leakage,0.95,32.56
1815,5.42,36.89,90,10.91,117.97,912,75,Air Leakage,0.83,36.88
1816,5.45,37.22,100,10.55,120.34,913,75,Air Leakage,1.06,19.79
1817,5.58,37.27,90,10.37,111.23,913,75,Air Leakage,0.98,47.5
1818,5.48,37.26,100,11.0,120.72,914,75,Air Leakage,0.89,24.23
1819,5.64,36.91,90,10.35,112.94,914,75,Air Leakage,1.1,45.89
1820,5.6,37.07,100,10.87,114.57,915,75,Air Leakage,1.09,42.7
1821,5.02,36.71,90,11.13,121.06,915,75,Air Leakage,0.98,6.3
1822,5.35,36.89,100,10.99,120.13,916,75,Air Leakage,1.16,16.94
1823,5.4,36.93,90,10.41,115.29,916,75,Air Leakage,0.88,33.74
1824,5.45,36.87,100,11.11,120.23,917,75,Air Leakage,0.93,28.64
1825,5.31,36.61,90,10.37,116.43,917,75,Air Leakage,0.99,23.75
1826,5.48,36.73,100,10.97,114.24,918,75,Air Leakage,0.93,44.32
1827,5.48,36.5,90,11.02,115.86,918,75,Air Leakage,0.91,41.68
1828,5.29,36.07,100,11.16,120.6,919,75,Air Leakage,1.01,12.15
1829,5.61,36.02,90,10.68,112.56,919,75,Air Leakage,0.94,48.94
1830,5.51,35.88,100,10.52,117.84,920,75,Air Leakage,0.83,25.75
1831,5.64,36.22,90,10.3,110,920,75,Air Leakage,1.1,45.54
1832,5.31,35.97,100,10.66,125.8,921,75,Air Leakage,0.95,7.84
1833,5.15,35.81,90,10.5,120.94,921,75,Air Leakage,1.11,9.86
1834,5.67,35.79,100,10.2,112.84,922,75,Air Leakage,1.01,47.74
1835,5.14,35.6,90,11.31,122.5,922,75,Air Leakage,1.13,9.07
1836,5.42,35.68,100,10.54,117.87,923,75,Air Leakage,1.01,32.76
1837,5.47,35.74,90,10.83,119.06,923,75,Air Leakage,1.1,24.71
1838,5.21,35.95,100,11.36,122.5,924,75,Air Leakage,1.03,5.95
1839,5.33,35.68,90,10.65,121.22,924,75,Air Leakage,0.9,22.45
1840,5.54,35.27,100,10.66,113.55,925,75,Air Leakage,1.18,39.63
1841,5.66,35.42,90,10.7,115.33,925,75,Air Leakage,0.87,45.5
1842,5.25,35.45,100,10.59,121.97,926,75,Air Leakage,1.06,15.82
1843,5.46,35.5,90,10.74,116.06,926,75,Air Leakage,1.08,35.05
1844,5.38,35.4,100,10.75,116.16,927,75,Air Leakage,1.04,34.08
1845,5.76,35.96,90,10.37,115.96,927,75,Air Leakage,1.04,41.63
1846,5.37,36.08,100,10.9,123.8,928,75,Air Leakage,1.13,14.72
1847,5.54,35.89,90,10.38,120.97,928,75,Air Leakage,0.91,18.64
1848,5.4,35.6,100,11.29,114.29,929,75,Air Leakage,1.13,34.75
1849,5.41,35.91,90,10.19,117.96,929,75,Air Leakage,0.8,27.3
1850,5.4,36.01,100,10.73,119.63,930,75,Air Leakage,0.96,20.31
1851,5.57,35.59,90,10.72,116.28,930,75,Air Leakage,0.8,38.79
1852,5.2,35.29,100,10.46,120.07,931,75,Air Leakage,1.04,14.72
1853,5.38,35.25,90,10.08,122.67,931,75,Air Leakage,1.19,15.06
1854,5.5,35.23,100,10.65,122.63,932,75,Air Leakage,1.19,20.78
1855,5.44,35.51,90,11.23,122.37,932,75,Air Leakage,0.88,9.84
1856,5.33,35.41,100,10.98,120.03,933,75,Air Leakage,0.82,28.81
1857,5.54,35.77,90,10.77,114.76,933,75,Air Leakage,0.86,38.36
1858,5.13,35.97,100,11.25,122.86,934,75,Air Leakage,1.02,20.81
1859,5.46,35.76,90,10.42,116.04,934,75,Air Leakage,0.85,39.9
1860,5.42,36.03,100,11.06,119.1,935,75,Air Leakage,0.93,37.15
1861,5.2,35.96,90,10.88,122.92,935,75,Air Leakage,1.08,16.14
1862,5.34,35.5,100,10.48,120.47,936,75,Air Leakage,1.16,21.41
1863,5.2,35.03,90,10.64,121.06,936,75,Air Leakage,1.01,9.96
1864,5.62,35.04,100,11.21,116.25,937,75,Air Leakage,1.13,47.5
1865,5.76,34.93,90,11.11,112.11,937,75,Air Leakage,1.09,42.15
1866,5.19,35.02,100,10.41,120.77,938,75,Air Leakage,0.9,8.83
1867,5.33,34.83,90,10.24,122.23,938,75,Air Leakage,0.97,12.71
1868,5.56,35.05,100,11.11,110.95,939,75,Air Leakage,1.12,46.72
1869,5.53,35.3,90,10.36,113.19,939,75,Air Leakage,0.85,39.62
1870,5.34,35.25,100,10.0,120.44,940,75,Air Leakage,0.92,6.99
1871,5.33,35.41,90,10.82,122.95,940,75,Air Leakage,1.08,8.9
1872,5.53,35.75,100,10.5,112.68,941,75,Air Leakage,0.89,45.97
1873,5.51,35.82,90,10.43,112.11,941,75,Air Leakage,1.02,42.5
1874,5.32,35.66,100,10.99,119.79,942,75,Air Leakage,1.17,22.17
1875,5.54,35.63,90,10.64,110.49,942,75,Air Leakage,0.99,43.12
1876,5.47,35.49,100,10.88,119.89,943,75,Air Leakage,0.85,21.85
1877,5.08,35.43,90,10.71,122.05,943,75,Air Leakage,1.06,6.78
1878,5.6,35.52,100,11.1,112.75,944,75,Air Leakage,1.16,49.86
1879,5.76,36.03,90,11.03,112.98,944,75,Air Leakage,0.94,49.7
1880,5.37,36.03,100,11.07,120.64,945,75,Air Leakage,0.93,16.26
1881,5.49,36.31,90,10.52,113.7,945,75,Air Leakage,1.17,45.15
1882,5.19,36.53,100,10.68,121.04,946,75,Air Leakage,0.95,9.49
1883,5.71,36.68,90,10.63,112.94,946,75,Air Leakage,1.03,45.33
1884,5.77,36.78,100,11.15,118.05,947,75,Air Leakage,0.89,40.87
1885,5.64,36.45,90,11.28,117.78,947,75,Air Leakage,1.12,26.32
1886,5.79,36.07,100,10.52,112.56,948,75,Air Leakage,0.83,45.2
1887,5.5,35.83,90,10.94,117.24,948,75,Air Leakage,1.07,34.29
1888,5.58,36.15,100,10.55,111.98,949,75,Air Leakage,0.91,45.41
1889,5.58,35.88,90,11.14,110,949,75,Air Leakage,0.86,48.5
1890,5.62,35.81,100,10.35,114.79,950,75,Air Leakage,0.81,40.51
1891,5.22,35.46,90,11.18,123.81,950,75,Air Leakage,0.94,15.23
1892,5.68,35.91,100,10.39,116.12,951,75,Air Leakage,1.03,36.83
1893,5.78,35.65,90,11.12,111.09,951,75,Air Leakage,1.01,48.26
1894,5.39,35.85,100,10.4,122.52,952,75,Air Leakage,0.99,17.16
1895,5.23,36.3,90,10.52,121.76,952,75,Air Leakage,0.85,9.86
1896,5.4,36.24,100,11.11,121.24,953,75,Air Leakage,0.83,16.1
1897,5.24,35.96,90,10.99,122.88,953,75,Air Leakage,1.05,5.76
1898,5.57,36.01,100,11.46,111.21,954,75,Air Leakage,0.89,49.51
1899,5.45,36.2,90,10.74,120.89,954,75,Air Leakage,1.06,13.19
1900,5.21,35.73,100,11.33,119.97,955,75,Air Leakage,0.97,16.5
1901,5.59,35.73,90,10.41,114.95,955,75,Air Leakage,0.83,37.7
1902,5.61,35.49,100,10.61,117.77,956,75,Air Leakage,1.1,33.93
1903,5.26,35.51,90,10.74,115.98,956,75,Air Leakage,0.97,30.07
1904,5.41,35.22,100,10.92,120.64,957,75,Air Leakage,0.88,13.52
1905,5.66,35.39,90,10.77,114.41,957,75,Air Leakage,1.14,48.14
1906,5.42,35.06,100,10.51,125.31,958,75,Air Leakage,0.96,10.32
1907,5.27,35.46,90,10.81,121.04,958,75,Air Leakage,1.17,23.24
1908,5.52,35.41,100,10.36,116.96,959,75,Air Leakage,0.82,28.9
1909,5.62,35.43,90,11.07,116.99,959,75,Air Leakage,0.81,42.68
1910,5.65,35.47,100,10.92,113.48,960,75,Air Leakage,0.82,43.23
1911,5.56,35.42,90,10.52,116.26,960,75,Air Leakage,1.12,40.14
1912,5.58,35.6,100,10.28,111.93,961,75,Air Leakage,1.04,47.82
1913,5.57,35.44,90,11.31,111.1,961,75,Air Leakage,1.18,46.94
1914,5.28,35.53,100,11.24,117.58,962,75,Air Leakage,1.02,24.19
1915,5.64,35.81,90,11.02,114.75,962,75,Air Leakage,1.16,47.5
1916,5.56,36.06,100,11.29,116.43,963,75,Air Leakage,0.95,36.6
1917,5.37,36.29,90,10.39,114.17,963,75,Air Leakage,0.95,33.61
1918,5.32,35.76,100,10.91,118.59,964,75,Air Leakage,0.95,13.66
1919,5.63,36.35,90,10.24,110.79,964,75,Air Leakage,1.2,46.95
1920,5.44,36.44,100,10.64,121.07,965,75,Air Leakage,0.83,21.43
1921,5.46,36.18,90,10.59,112.47,965,75,Air Leakage,0.82,38.97
1922,5.39,36.11,100,10.83,112.73,966,75,Air Leakage,0.92,38.31
1923,5.31,36.15,90,10.5,122.07,966,75,Air Leakage,1.15,6.15
1924,5.43,36.26,100,10.12,115.51,967,75,Air Leakage,1.2,47.14
1925,5.45,36.54,90,10.46,118.78,967,75,Air Leakage,0.83,28.07
1926,5.52,36.48,100,10.63,113.87,968,75,Air Leakage,0.88,30.18
1927,5.59,36.67,90,10.72,112.87,968,75,Air Leakage,1.19,45.0
1928,5.6,36.33,100,10.54,115.38,969,75,Air Leakage,1.15,23.55
1929,5.6,36.53,90,10.57,117.23,969,75,Air Leakage,0.97,37.01
1930,5.46,36.43,100,9.98,121.96,970,75,Air Leakage,1.04,22.17
1931,5.25,36.07,90,11.07,117.57,970,75,Air Leakage,1.14,24.41
1932,5.19,35.96,100,10.95,122.2,971,75,Air Leakage,0.94,10.71
1933,5.41,35.78,90,11.29,119.55,971,75,Air Leakage,0.86,21.52
1934,5.28,35.66,100,11.19,120.88,972,75,Air Leakage,1.08,26.42
1935,5.6,35.65,90,10.73,112.68,972,75,Air Leakage,1.03,33.3
1936,5.32,35.85,100,11.21,117.59,973,75,Air Leakage,0.85,30.14
1937,5.2,35.48,90,10.15,122.46,973,75,Air Leakage,0.85,19.86
1938,5.52,35.3,100,10.02,118.28,974,75,Air Leakage,0.93,30.07
1939,5.4,35.11,90,10.55,121.42,974,75,Air Leakage,1.17,9.31
1940,5.73,35.19,100,10.93,115.51,975,75,Air Leakage,1.18,45.25
1941,5.38,34.9,90,11.14,117.03,975,75,Air Leakage,0.84,29.16
1942,5.44,35.44,100,10.22,120.15,976,75,Air Leakage,1.1,16.19
1943,5.51,36.0,90,10.78,110.06,976,75,Air Leakage,1.11,49.77
1944,5.63,36.24,100,10.71,116.43,977,75,Air Leakage,0.89,34.19
1945,5.23,36.39,90,10.8,118.21,977,75,Air Leakage,0.99,19.72
1946,5.44,36.64,100,11.21,113.34,978,75,Air Leakage,1.06,40.4
1947,5.13,36.59,90,10.97,124.21,978,75,Air Leakage,1.16,8.61
1948,5.18,36.52,100,11.0,126.61,979,75,Air Leakage,1.19,5.89
1949,5.44,36.6,90,10.21,113.21,979,75,Air Leakage,0.97,47.74
1950,5.24,36.47,100,10.55,120.79,980,75,Air Leakage,1.03,7.02
1951,5.34,36.25,90,10.25,121.47,980,75,Air Leakage,1.03,13.12
1952,5.33,36.06,100,10.14,116.05,981,75,Air Leakage,0.83,27.18
1953,5.11,36.15,90,11.04,122.89,981,75,Air Leakage,1.08,5.22
1954,5.73,36.49,100,10.95,112.55,982,75,Air Leakage,0.82,46.24
1955,5.51,36.63,90,10.54,117.78,982,75,Air Leakage,0.9,28.77
1956,5.19,36.9,100,10.22,122.14,983,75,Air Leakage,1.05,10.54
1957,5.35,36.33,90,10.29,124.45,983,75,Air Leakage,0.99,5.19
1958,5.38,36.04,100,10.41,120.56,984,75,Air Leakage,0.97,20.05
1959,5.35,36.27,90,10.17,124.23,984,75,Air Leakage,0.98,11.75
1960,5.41,36.33,100,9.96,118.88,985,75,Air Leakage,0.99,25.2
1961,5.19,36.4,90,10.33,121.85,985,75,Air Leakage,1.12,11.71
1962,5.51,36.59,100,10.53,117.75,986,75,Air Leakage,1.04,26.79
1963,5.52,37.0,90,10.89,114.48,986,75,Air Leakage,1.17,37.28
1964,5.18,36.68,100,10.87,121.73,987,75,Air Leakage,0.91,14.57
1965,5.08,36.48,90,10.51,119.63,987,75,Air Leakage,0.99,5.5
1966,5.55,36.77,100,10.6,113.38,988,75,Air Leakage,1.14,36.39
1967,5.63,36.23,90,11.05,112.49,988,75,Air Leakage,1.05,40.15
1968,5.34,35.94,100,10.94,115.06,989,75,Air Leakage,1.18,36.11
1969,5.4,36.01,90,10.26,117.65,989,75,Air Leakage,1.0,28.67
1970,5.72,36.12,100,10.99,117.02,990,75,Air Leakage,1.15,35.14
1971,5.7,36.63,90,11.13,116.12,990,75,Air Leakage,1.17,36.33
1972,5.35,36.64,100,11.27,118.27,991,75,Air Leakage,1.17,24.44
1973,5.64,36.74,90,10.34,112.27,991,75,Air Leakage,0.9,47.05
1974,5.66,36.8,100,10.66,113.78,992,75,Air Leakage,0.9,49.74
1975,5.43,36.61,90,10.55,114.72,992,75,Air Leakage,1.02,43.84
1976,5.58,36.41,100,10.29,118.23,993,75,Air Leakage,1.1,31.74
1977,5.24,36.03,90,10.39,120.84,993,75,Air Leakage,0.93,22.42
1978,5.35,35.96,100,10.97,113.25,994,75,Air Leakage,1.07,40.68
1979,5.45,35.95,90,10.35,116.94,994,75,Air Leakage,1.02,38.68
1980,5.3,36.06,100,11.05,122.36,995,75,Air Leakage,1.05,19.85
1981,5.49,35.85,90,10.56,119.02,995,75,Air Leakage,0.93,25.43
1982,5.27,36.36,100,11.0,121.24,996,75,Air Leakage,0.81,17.46
1983,5.06,36.7,90,10.51,121.47,996,75,Air Leakage,0.87,6.05
1984,5.53,36.57,100,10.5,117.29,997,75,Air Leakage,1.11,26.85
1985,5.23,36.21,90,10.29,124.77,997,75,Air Leakage,0.9,14.41
1986,5.59,35.82,100,10.47,111.11,998,75,Air Leakage,1.09,48.96
1987,5.46,36.2,90,10.57,118.54,998,75,Air Leakage,1.16,33.08
1988,5.39,35.89,100,11.19,123.3,999,75,Air Leakage,0.85,11.14
1989,5.44,36.12,90,10.59,116.75,999,75,Air Leakage,0.92,23.13
1990,5.44,36.17,100,10.03,114.67,1000,75,Air Leakage,0.88,36.52
1991,5.55,36.24,90,10.98,119.82,1000,75,Air Leakage,0.83,22.79
1992,5.23,36.36,100,10.82,119.72,1001,75,Air Leakage,0.91,28.08
1993,5.36,36.48,90,10.66,122.81,1001,75,Air Leakage,0.81,15.67
1994,5.62,36.33,100,11.16,115.05,1002,75,Air Leakage,1.1,43.55
1995,5.35,36.67,90,10.42,119.87,1002,75,Air Leakage,1.09,32.48
1996,5.39,36.56,100,11.11,118.32,1003,75,Air Leakage,0.84,15.55
1997,5.22,36.71,90,10.74,120.41,1003,75,Air Leakage,0.89,15.83
1998,5.32,36.95,100,10.35,115.07,1004,75,Air Leakage,0.96,34.2
1999,5.76,36.85,90,10.43,112.63,1004,75,Air Leakage,1.12,49.01
2000,5.49,36.81,100,11.07,113.83,1005,75,Air Leakage,0.91,48.19
2001,5.53,36.41,90,10.19,114.9,1005,75,Air Leakage,1.03,34.84
2002,5.46,36.46,100,10.47,114.35,1006,75,Air Leakage,1.09,47.68
2003,5.32,36.89,90,10.22,120.97,1006,75,Air Leakage,1.1,5.86
2004,5.08,37.02,100,10.79,117.82,1007,75,Air Leakage,0.91,11.4
2005,5.53,36.59,90,10.82,122.17,1007,75,Air Leakage,1.07,15.57
2006,5.51,36.55,100,11.09,122.37,1008,75,Air Leakage,1.17,21.04
2007,5.52,36.75,90,10.73,113.49,1008,75,Air Leakage,0.88,37.92
2008,5.42,36.68,100,10.31,117.08,1009,75,Air Leakage,1.19,38.1
2009,5.63,36.7,90,10.69,114.14,1009,75,Air Leakage,0.81,43.25
2010,5.58,36.45,100,10.63,118.92,1010,75,Air Leakage,1.11,38.4
2011,5.52,36.07,90,11.18,122.45,1010,75,Air Leakage,1.13,17.75
2012,5.26,36.27,100,10.56,119.56,1011,75,Air Leakage,1.08,20.5
2013,5.12,36.4,90,10.39,123.03,1011,75,Air Leakage,0.95,12.17
2014,5.73,35.95,100,10.47,114.51,1012,75,Air Leakage,1.0,40.53
2015,5.17,36.32,90,10.95,122.93,1012,75,Air Leakage,1.14,7.52
2016,5.47,36.07,100,10.16,119.11,1013,75,Air Leakage,0.95,25.54
2017,5.65,36.24,90,10.57,115.76,1013,75,Air Leakage,0.9,34.37
2018,5.47,36.15,100,10.79,116.61,1014,75,Air Leakage,1.12,19.11
2019,5.36,36.28,90,10.28,119.25,1014,75,Air Leakage,0.86,26.95
2020,5.67,36.11,100,11.09,112.2,1015,75,Air Leakage,1.04,44.82
2021,5.38,36.0,90,11.19,120.26,1015,75,Air Leakage,1.07,34.36
2022,5.46,35.94,100,11.14,120.26,1016,75,Air Leakage,1.05,34.21
2023,5.45,35.63,90,11.12,114.69,1016,75,Air Leakage,0.93,27.56
2024,5.19,36.05,100,10.69,119.27,1017,75,Air Leakage,0.84,6.82
2025,5.08,36.34,90,10.44,125.28,1017,75,Air Leakage,0.81,5.26
2026,5.2,36.55,100,10.78,121.82,1018,75,Air Leakage,1.15,9.38
2027,5.13,36.33,90,10.84,121.7,1018,75,Air Leakage,0.84,8.03
2028,5.3,36.16,100,10.21,120.0,1019,75,Air Leakage,0.95,26.85
2029,5.45,35.68,90,11.39,110.61,1019,75,Air Leakage,1.05,48.68
2030,5.3,35.52,100,10.61,114.41,1020,75,Air Leakage,0.81,24.57
2031,5.7,35.54,90,10.98,112.67,1020,75,Air Leakage,0.83,46.09
2032,5.56,35.29,100,11.11,116.12,1021,75,Air Leakage,1.03,33.32
2033,5.8,35.17,90,11.22,115.04,1021,75,Air Leakage,0.97,40.45
2034,5.37,35.41,100,11.31,117.59,1022,75,Air Leakage,0.83,33.38
2035,5.38,35.56,90,10.2,117.76,1022,75,Air Leakage,1.09,28.97
2036,5.49,35.84,100,10.36,118.64,1023,75,Air Leakage,1.16,32.15
2037,5.38,36.04,90,11.13,119.99,1023,75,Air Leakage,1.0,10.93
2038,5.3,35.89,100,10.19,119.8,1024,75,Air Leakage,0.84,18.03
2039,5.41,35.69,90,10.15,120.21,1024,75,Air Leakage,1.19,25.03
2040,5.33,36.27,100,11.16,120.85,1025,75,Air Leakage,0.81,9.9
2041,5.3,35.85,90,11.3,121.7,1025,75,Air Leakage,1.01,11.27
2042,5.7,35.51,100,10.72,115.27,1026,75,Air Leakage,1.04,37.65
2043,5.39,35.53,90,11.33,116.77,1026,75,Air Leakage,0.87,27.38
2044,5.6,35.27,100,10.24,117.87,1027,75,Air Leakage,1.09,37.43
2045,5.3,35.4,90,10.27,112.82,1027,75,Air Leakage,0.8,33.59
2046,5.1,35.0,100,11.33,119.67,1028,75,Air Leakage,0.82,7.28
2047,5.24,34.63,90,10.27,118.76,1028,75,Air Leakage,0.84,18.83
2048,5.53,35.32,100,10.65,112.4,1029,75,Air Leakage,0.94,39.51
2049,5.38,35.74,90,10.47,117.12,1029,75,Air Leakage,0.91,20.66
2050,5.38,35.49,100,11.04,120.23,1030,75,Air Leakage,0.87,18.46
2051,5.51,35.24,90,10.61,111.44,1030,75,Air Leakage,1.05,46.24
2052,5.2,35.06,100,10.6,120.92,1031,75,Air Leakage,0.84,15.93
2053,5.45,35.19,90,10.39,117.09,1031,75,Air Leakage,1.01,23.43
2054,5.65,35.63,100,10.57,114.48,1032,75,Air Leakage,0.82,36.23
2055,5.68,35.77,90,10.25,113.26,1032,75,Air Leakage,1.1,49.88
2056,5.31,36.16,100,10.08,119.36,1033,75,Air Leakage,1.06,20.44
2057,5.52,36.19,90,11.14,116.92,1033,75,Air Leakage,0.82,31.52
2058,5.41,36.48,100,10.7,120.75,1034,75,Air Leakage,0.96,21.8
2059,5.42,36.39,90,10.27,118.33,1034,75,Air Leakage,0.89,26.74
2060,5.53,36.5,100,10.73,116.12,1035,75,Air Leakage,1.1,48.52
2061,5.13,36.57,90,10.47,121.12,1035,75,Air Leakage,0.93,8.77
2062,5.41,36.25,100,10.8,121.52,1036,75,Air Leakage,0.85,14.42
2063,5.34,36.59,90,10.71,120.28,1036,75,Air Leakage,1.09,28.86
2064,5.45,36.09,100,10.86,117.83,1037,75,Air Leakage,1.02,37.87
2065,5.16,36.05,90,10.71,121.01,1037,75,Air Leakage,1.08,8.93
2066,5.2,36.23,100,10.81,122.38,1038,75,Air Leakage,0.81,6.19
2067,5.72,36.41,90,10.61,114.45,1038,75,Air Leakage,1.1,39.16
2068,5.21,36.22,100,10.58,121.7,1039,75,Air Leakage,0.94,14.05
2069,5.18,36.28,90,10.71,120.16,1039,75,Air Leakage,0.84,24.32
2070,5.6,36.2,100,10.76,116.53,1040,75,Air Leakage,0.94,43.88
2071,5.52,36.46,90,10.41,112.47,1040,75,Air Leakage,1.07,43.93
2072,5.37,36.28,100,10.91,113.12,1041,75,Air Leakage,1.05,44.05
2073,5.3,36.57,90,10.3,120.54,1041,75,Air Leakage,1.19,9.83
2074,5.34,36.41,100,11.39,121.28,1042,75,Air Leakage,1.13,5.12
2075,5.21,36.27,90,11.37,118.28,1042,75,Air Leakage,0.95,21.11
2076,5.48,36.43,100,10.71,121.68,1043,75,Air Leakage,1.11,24.44
2077,5.48,36.4,90,10.9,114.65,1043,75,Air Leakage,1.19,29.22
2078,5.37,36.66,100,10.79,122.06,1044,75,Air Leakage,1.12,10.58
2079,5.61,36.71,90,10.65,119.0,1044,75,Air Leakage,0.92,26.87
2080,5.21,36.76,100,11.32,121.37,1045,75,Air Leakage,1.03,13.66
2081,5.53,36.96,90,10.66,115.24,1045,75,Air Leakage,1.12,29.66
2082,5.42,37.32,100,11.06,120.48,1046,75,Air Leakage,0.88,27.71
2083,5.54,37.45,90,11.09,113.71,1046,75,Air Leakage,1.07,46.83
2084,5.42,37.43,100,10.7,122.07,1047,75,Air Leakage,1.01,19.39
2085,5.41,37.4,90,10.77,120.65,1047,75,Air Leakage,0.84,27.63
2086,5.28,37.18,100,10.7,121.75,1048,75,Air Leakage,0.82,17.79
2087,5.44,36.95,90,10.74,116.26,1048,75,Air Leakage,1.15,36.79
2088,5.33,37.0,100,10.33,117.73,1049,75,Air Leakage,1.17,30.02
2089,5.39,36.96,90,10.9,123.29,1049,75,Air Leakage,0.81,18.11
2090,5.5,37.22,100,11.05,119.61,1050,75,Air Leakage,0.86,24.89
2091,5.56,36.64,90,11.16,118.3,1050,75,Air Leakage,0.84,31.55
2092,5.44,36.43,100,10.7,119.02,1051,75,Air Leakage,0.89,28.76
2093,5.33,36.35,90,10.16,120.79,1051,75,Air Leakage,1.1,7.42
2094,5.46,36.58,100,11.29,115.04,1052,75,Air Leakage,0.96,36.28
2095,5.58,36.5,90,11.07,119.8,1052,75,Air Leakage,0.97,25.37
2096,5.44,36.69,100,10.21,119.53,1053,75,Air Leakage,0.85,24.47
2097,5.13,36.55,90,10.31,126.16,1053,75,Air Leakage,0.97,7.07
2098,5.38,36.36,100,10.85,121.19,1054,75,Air Leakage,1.05,15.02
2099,5.5,36.1,90,10.71,118.42,1054,75,Air Leakage,1.15,21.83
2100,5.43,35.97,100,11.04,114.36,1055,75,Air Leakage,1.04,40.37
2101,5.7,35.96,90,10.21,113.85,1055,75,Air Leakage,0.87,39.87
2102,5.51,35.74,100,10.79,117.99,1056,75,Air Leakage,0.99,32.53
2103,5.28,35.38,90,10.31,121.5,1056,75,Air Leakage,0.98,17.11
2104,5.31,35.27,100,10.78,117.67,1057,75,Air Leakage,0.95,27.21
2105,5.49,35.5,90,10.26,114.78,1057,75,Air Leakage,1.05,30.63
2106,5.61,35.75,100,10.41,112.67,1058,75,Air Leakage,0.98,38.15
2107,5.53,35.85,90,10.29,118.03,1058,75,Air Leakage,0.98,29.2
2108,5.48,36.06,100,11.03,119.31,1059,75,Air Leakage,0.99,36.77
2109,5.47,36.3,90,10.71,113.91,1059,75,Air Leakage,0.92,38.0
2110,5.77,36.71,100,10.67,116.33,1060,75,Air Leakage,1.12,40.58
2111,5.71,36.34,90,10.0,112.16,1060,75,Air Leakage,0.98,45.08
2112,5.36,36.05,100,10.6,118.99,1061,75,Air Leakage,0.84,21.99
2113,5.37,36.06,90,10.17,117.56,1061,75,Air Leakage,1.0,22.3
2114,5.23,36.37,100,11.21,122.53,1062,75,Air Leakage,1.03,5.16
2115,5.25,36.4,90,10.87,122.62,1062,75,Air Leakage,0.99,15.89
2116,5.29,36.85,100,10.94,115.64,1063,75,Air Leakage,0.86,29.61
2117,5.19,36.78,90,10.66,122.31,1063,75,Air Leakage,1.01,9.32
2118,5.44,36.85,100,10.39,121.57,1064,75,Air Leakage,0.81,26.45
2119,5.33,36.64,90,10.43,112.5,1064,75,Air Leakage,1.03,34.84
2120,5.27,36.53,100,10.3,125.32,1065,75,Air Leakage,1.0,8.6
2121,5.58,36.57,90,10.78,116.37,1065,75,Air Leakage,0.94,44.73
2122,5.5,36.47,100,11.41,114.12,1066,75,Air Leakage,0.92,30.03
2123,5.6,36.6,90,10.48,118.9,1066,75,Air Leakage,1.06,35.23
2124,5.23,36.55,100,10.93,118.86,1067,75,Air Leakage,1.19,23.0
2125,5.18,37.02,90,10.35,119.87,1067,75,Air Leakage,0.97,10.93
2126,5.34,36.73,100,10.35,123.82,1068,75,Air Leakage,1.16,10.83
2127,5.39,36.7,90,10.91,116.79,1068,75,Air Leakage,0.97,34.53
2128,5.26,36.54,100,10.55,119.51,1069,75,Air Leakage,0.94,14.75
2129,5.35,36.43,90,11.03,125.13,1069,75,Air Leakage,1.03,10.52
2130,5.35,36.53,100,10.07,119.3,1070,75,Air Leakage,0.8,17.1
2131,5.28,36.19,90,10.68,119.86,1070,75,Air Leakage,1.08,12.52
2132,5.7,35.68,100,11.04,115.68,1071,75,Air Leakage,1.16,42.84
2133,5.25,35.81,90,10.8,120.81,1071,75,Air Leakage,1.07,12.39
2134,5.33,35.8,100,10.88,115.06,1072,75,Air Leakage,0.88,31.14
2135,5.47,35.69,90,10.48,113.15,1072,75,Air Leakage,1.15,47.27
2136,5.24,35.66,100,10.92,121.2,1073,75,Air Leakage,1.09,17.21
2137,5.53,35.34,90,10.79,115.5,1073,75,Air Leakage,1.19,44.01
2138,5.12,35.26,100,10.32,119.26,1074,75,Air Leakage,1.1,19.1
2139,5.31,35.07,90,11.25,118.66,1074,75,Air Leakage,0.95,29.19
2140,5.39,35.32,100,10.96,114.94,1075,75,Air Leakage,1.15,35.36
2141,5.61,35.27,90,11.07,111.27,1075,75,Air Leakage,1.07,45.44
2142,5.37,35.41,100,10.46,119.65,1076,75,Air Leakage,1.06,24.52
2143,5.32,35.3,90,11.1,118.78,1076,75,Air Leakage,0.94,16.4
2144,5.33,35.58,100,10.43,119.62,1077,75,Air Leakage,0.95,22.72
2145,5.49,35.31,90,10.51,118.05,1077,75,Air Leakage,0.98,23.18
2146,5.79,35.3,100,10.69,111.18,1078,75,Air Leakage,1.16,43.66
2147,5.44,35.28,90,11.36,120.01,1078,75,Air Leakage,1.03,24.52
2148,5.19,35.68,100,10.78,120.91,1079,75,Air Leakage,1.19,14.34
2149,5.31,35.63,90,10.77,117.37,1079,75,Air Leakage,0.9,21.84
2150,5.59,35.71,100,10.2,113.08,1080,75,Air Leakage,0.96,44.63
2151,5.15,35.75,90,10.68,124.52,1080,75,Air Leakage,0.99,9.57
2152,5.61,35.53,100,10.19,120.24,1081,75,Air Leakage,0.8,31.44
2153,5.66,35.86,90,11.24,116.67,1081,75,Air Leakage,1.11,26.3
2154,5.27,36.1,100,10.95,123.24,1082,75,Air Leakage,1.02,10.37
2155,5.16,36.09,90,10.92,120.82,1082,75,Air Leakage,1.04,13.8
2156,5.58,35.98,100,10.66,112.43,1083,75,Air Leakage,1.17,49.93
2157,5.27,35.89,90,10.56,118.59,1083,75,Air Leakage,0.97,16.67
2158,5.29,35.69,100,11.08,117.35,1084,75,Air Leakage,0.98,30.28
2159,5.31,35.66,90,10.75,116.76,1084,75,Air Leakage,0.84,22.19
2160,5.62,35.67,100,10.78,112.68,1085,75,Air Leakage,1.11,38.4
2161,5.44,35.63,90,10.28,117.44,1085,75,Air Leakage,0.91,30.36
2162,5.4,36.11,100,10.56,117.42,1086,75,Air Leakage,1.13,26.46
2163,5.47,36.31,90,10.24,119.25,1086,75,Air Leakage,1.14,28.15
2164,5.2,36.58,100,11.14,121.94,1087,75,Air Leakage,1.12,8.05
2165,5.5,36.32,90,10.7,117.04,1087,75,Air Leakage,1.07,31.83
2166,5.37,36.16,100,11.14,116.28,1088,75,Air Leakage,1.14,30.87
2167,5.54,35.95,90,10.61,119.93,1088,75,Air Leakage,1.1,23.56
2168,5.39,36.03,100,10.46,123.79,1089,75,Air Leakage,1.02,12.94
2169,5.62,35.9,90,10.75,114.74,1089,75,Air Leakage,0.8,40.14
2170,5.44,36.25,100,10.52,112.49,1090,75,Air Leakage,1.18,40.42
2171,5.48,36.38,90,10.21,118.92,1090,75,Air Leakage,1.0,30.32
2172,5.53,36.84,100,10.75,116.97,1091,75,Air Leakage,0.93,26.54
2173,5.27,37.2,90,10.06,120.61,1091,75,Air Leakage,1.18,15.08
2174,5.4,36.97,100,10.31,120.36,1092,75,Air Leakage,0.9,31.4
2175,5.42,36.83,90,11.18,122.77,1092,75,Air Leakage,1.09,8.88
2176,5.76,36.42,100,10.37,111.98,1093,75,Air Leakage,0.98,41.9
2177,5.21,36.12,90,10.95,120.7,1093,75,Air Leakage,1.15,19.0
2178,5.46,36.09,100,10.64,122.09,1094,75,Air Leakage,1.15,17.74
2179,5.62,36.22,90,11.02,115.44,1094,75,Air Leakage,1.0,47.16
2180,5.37,36.07,100,10.27,120.15,1095,75,Air Leakage,0.96,23.79
2181,5.41,35.97,90,10.79,116.47,1095,75,Air Leakage,0.87,35.49
2182,5.23,36.34,100,10.09,119.25,1096,75,Air Leakage,0.95,9.48
2183,5.34,36.25,90,9.92,120.17,1096,75,Air Leakage,0.86,6.28
2184,5.56,35.99,100,11.42,116.1,1097,75,Air Leakage,1.01,37.03
2185,5.48,35.82,90,10.29,110.6,1097,75,Air Leakage,0.92,47.52
2186,5.31,35.93,100,10.19,122.42,1098,75,Air Leakage,0.95,21.95
2187,5.19,35.88,90,10.02,119.82,1098,75,Air Leakage,0.88,17.5
2188,5.17,35.66,100,10.24,122.5,1099,75,Air Leakage,1.05,15.38
2189,5.27,35.8,90,10.94,120.92,1099,75,Air Leakage,0.83,5.77
2190,5.16,36.05,100,10.48,120.16,1100,75,Air Leakage,1.01,9.9
2191,5.45,35.84,90,10.19,117.49,1100,75,Air Leakage,0.89,24.66
2192,5.4,35.78,100,10.79,121.25,1101,75,Air Leakage,1.12,15.39
2193,5.35,36.25,90,10.71,115.17,1101,75,Air Leakage,1.03,27.3
2194,5.43,36.3,100,10.85,124.89,1102,75,Air Leakage,1.12,16.62
2195,5.43,35.91,90,10.76,122.29,1102,75,Air Leakage,0.84,25.23
2196,5.19,35.74,100,11.27,121.76,1103,75,Air Leakage,1.17,13.61
2197,5.33,35.51,90,10.7,122.29,1103,75,Air Leakage,1.12,20.13
2198,5.1,35.6,100,10.84,124.18,1104,75,Air Leakage,1.02,6.49
2199,5.47,35.47,90,10.77,117.21,1104,75,Air Leakage,1.0,32.84
2200,5.32,35.64,100,11.3,115.1,1105,75,Air Leakage,1.19,33.53
2201,5.62,35.7,90,10.87,113.12,1105,75,Air Leakage,0.83,45.07
2202,5.46,35.28,100,10.49,119.26,1106,75,Air Leakage,1.03,25.58
2203,5.19,35.86,90,10.52,123.46,1106,75,Air Leakage,1.0,7.72
2204,5.28,35.74,100,10.37,115.73,1107,75,Air Leakage,0.88,21.35
2205,5.45,35.69,90,10.67,119.99,1107,75,Air Leakage,0.84,15.85
2206,5.25,35.79,100,10.65,120.33,1108,75,Air Leakage,0.96,19.0
2207,5.3,35.65,90,11.4,121.39,1108,75,Air Leakage,1.13,11.61
2208,5.45,35.38,100,10.68,118.93,1109,75,Air Leakage,1.02,31.23
2209,5.35,34.92,90,10.45,117.39,1109,75,Air Leakage,0.95,19.42
2210,5.43,35.0,100,10.93,113.92,1110,75,Air Leakage,0.92,33.7
2211,5.64,34.67,90,10.41,116.62,1110,75,Air Leakage,0.97,47.61
2212,5.28,34.84,100,11.36,123.72,1111,75,Air Leakage,0.99,12.33
2213,5.52,34.55,90,11.07,113.38,1111,75,Air Leakage,1.08,46.75
2214,5.14,34.66,100,10.29,120.48,1112,75,Air Leakage,0.91,6.8
2215,5.61,35.38,90,10.75,116.93,1112,75,Air Leakage,1.2,42.92
2216,5.31,35.63,100,10.86,119.32,1113,75,Air Leakage,0.88,7.8
2217,5.4,35.43,90,10.67,117.27,1113,75,Air Leakage,1.02,21.62
2218,5.48,35.79,100,10.23,114.57,1114,75,Air Leakage,1.15,34.16
2219,5.43,36.24,90,11.03,118.69,1114,75,Air Leakage,1.18,29.93
2220,5.75,36.1,100,10.31,110,1115,75,Air Leakage,0.83,46.53
2221,5.26,35.74,90,10.98,121.8,1115,75,Air Leakage,0.93,16.51
2222,5.77,35.53,100,11.08,114.45,1116,75,Air Leakage,0.84,48.04
2223,5.58,35.73,90,10.59,114.31,1116,75,Air Leakage,0.99,39.27
2224,5.49,35.49,100,10.79,117.19,1117,75,Air Leakage,1.03,36.99
2225,5.63,35.34,90,11.14,114.69,1117,75,Air Leakage,1.18,31.56
2226,5.42,35.58,100,10.59,118.11,1118,75,Air Leakage,1.02,27.53
2227,5.18,35.9,90,10.39,119.12,1118,75,Air Leakage,1.18,19.21
2228,5.18,35.61,100,10.2,118.49,1119,75,Air Leakage,1.16,8.37
2229,5.11,35.44,90,10.71,120.1,1119,75,Air Leakage,1.17,18.99
2230,5.28,35.29,100,10.31,122.12,1120,75,Air Leakage,1.02,8.0
2231,5.36,35.02,90,10.77,118.59,1120,75,Air Leakage,0.81,26.55
2232,5.3,34.96,100,10.72,123.05,1121,75,Air Leakage,1.16,9.39
2233,5.09,34.95,90,10.76,119.91,1121,75,Air Leakage,0.88,14.19
2234,5.35,35.24,100,10.62,118.99,1122,75,Air Leakage,1.02,8.51
2235,5.65,34.91,90,10.62,114.12,1122,75,Air Leakage,1.02,36.44
2236,5.55,34.96,100,11.02,112.3,1123,75,Air Leakage,1.04,45.4
2237,5.51,35.08,90,11.35,114.09,1123,75,Air Leakage,1.06,49.47
2238,5.7,35.14,100,11.11,117.34,1124,75,Air Leakage,1.08,41.35
2239,5.21,35.24,90,10.9,121.89,1124,75,Air Leakage,0.83,6.11
2240,5.39,35.37,100,10.38,117.63,1125,75,Air Leakage,1.1,34.12
2241,5.33,35.6,90,10.47,120.96,1125,75,Air Leakage,1.05,24.39
2242,5.49,35.46,100,10.78,118.3,1126,75,Air Leakage,1.09,32.55
2243,5.16,35.31,90,10.32,125.76,1126,75,Air Leakage,0.89,8.91
2244,5.53,35.44,100,10.53,116.38,1127,75,Air Leakage,0.89,43.37
2245,5.79,35.63,90,10.92,117.08,1127,75,Air Leakage,0.93,41.47
2246,5.39,35.31,100,10.42,118.01,1128,75,Air Leakage,1.16,33.53
2247,5.23,35.24,90,10.89,117.47,1128,75,Air Leakage,1.01,16.78
2248,5.34,35.21,100,10.2,117.77,1129,75,Air Leakage,1.01,15.23
2249,5.27,35.03,90,10.45,117.82,1129,75,Air Leakage,0.85,30.24
2250,5.16,35.33,100,10.51,120.55,1130,75,Air Leakage,0.92,9.01
2251,5.36,35.13,90,10.87,119.36,1130,75,Air Leakage,1.04,27.29
2252,5.46,34.9,100,10.97,115.85,1131,75,Air Leakage,1.14,28.48
2253,5.3,34.95,90,10.5,124.79,1131,75,Air Leakage,1.03,9.18
2254,5.49,34.91,100,10.23,115.26,1132,75,Air Leakage,0.81,39.56
2255,5.5,35.07,90,10.73,120.58,1132,75,Air Leakage,1.05,20.05
2256,5.55,35.2,100,11.03,115.36,1133,75,Air Leakage,1.05,30.87
2257,5.33,35.22,90,10.69,118.46,1133,75,Air Leakage,0.8,32.8
2258,5.48,35.14,100,10.47,119.12,1134,75,Air Leakage,1.01,36.18
2259,5.42,35.51,90,11.05,117.42,1134,75,Air Leakage,1.14,23.08
2260,5.51,35.41,100,10.74,110.46,1135,75,Air Leakage,0.95,42.37
2261,5.05,35.58,90,10.28,123.3,1135,75,Air Leakage,1.18,6.54
2262,5.38,35.41,100,10.45,116.43,1136,75,Air Leakage,0.84,29.44
2263,5.3,35.41,90,10.19,115.45,1136,75,Air Leakage,1.18,23.29
2264,5.54,35.65,100,10.55,117.55,1137,75,Air Leakage,0.83,41.19
2265,5.38,35.42,90,10.57,121.93,1137,75,Air Leakage,1.15,19.49
2266,5.39,35.34,100,10.47,115.65,1138,75,Air Leakage,0.83,31.96
2267,5.14,35.26,90,10.81,118.46,1138,75,Air Leakage,0.98,19.45
2268,5.19,35.17,100,10.59,119.97,1139,75,Air Leakage,1.2,18.88
2269,5.39,35.08,90,10.61,118.47,1139,75,Air Leakage,1.02,34.15
2270,5.38,34.87,100,10.18,119.87,1140,75,Air Leakage,1.0,16.55
2271,5.09,34.66,90,10.69,120.75,1140,75,Air Leakage,0.92,12.33
2272,5.07,35.44,100,10.95,121.64,1141,75,Air Leakage,0.87,11.53
2273,5.01,35.16,90,10.98,119.34,1141,75,Air Leakage,0.9,6.81
2274,5.29,35.26,100,10.79,122.29,1142,75,Air Leakage,1.08,6.39
2275,5.48,34.82,90,10.41,116.6,1142,75,Air Leakage,1.09,36.72
2276,5.46,35.21,100,10.68,116.69,1143,75,Air Leakage,1.05,45.57
2277,5.74,35.41,90,11.08,115.88,1143,75,Air Leakage,0.82,39.02
2278,5.61,35.82,100,10.17,118.54,1144,75,Air Leakage,1.15,33.55
2279,5.21,35.69,90,11.09,118.19,1144,75,Air Leakage,1.11,19.97
2280,5.48,35.91,100,10.67,117.35,1145,75,Air Leakage,0.81,27.01
2281,5.59,35.44,90,11.03,112.96,1145,75,Air Leakage,0.95,41.32
2282,5.44,35.45,100,10.98,118.14,1146,75,Air Leakage,0.87,28.88
2283,5.5,35.28,90,10.52,119.73,1146,75,Air Leakage,1.13,29.22
2284,5.52,35.04,100,10.72,113.69,1147,75,Air Leakage,1.17,43.28
2285,5.67,35.16,90,10.61,114.77,1147,75,Air Leakage,1.01,32.22
2286,5.7,35.34,100,10.82,114.87,1148,75,Air Leakage,1.09,48.95
2287,5.51,35.21,90,10.45,113.76,1148,75,Air Leakage,0.98,31.68
2288,5.46,35.05,100,10.53,115.89,1149,75,Air Leakage,1.08,36.74
2289,5.19,34.86,90,11.0,121.19,1149,75,Air Leakage,1.07,10.05
2290,5.49,35.11,100,10.43,114.67,1150,75,Air Leakage,0.97,41.05
2291,5.54,35.0,90,10.75,116.09,1150,75,Air Leakage,0.88,33.89
2292,5.18,35.08,100,11.44,117.5,1151,75,Air Leakage,0.82,18.7
2293,5.49,35.75,90,10.97,114.84,1151,75,Air Leakage,0.92,40.71
2294,5.42,36.12,100,10.92,121.69,1152,75,Air Leakage,0.82,12.68
2295,5.38,36.4,90,10.44,119.04,1152,75,Air Leakage,0.81,30.27
2296,5.52,36.2,100,10.72,113.91,1153,75,Air Leakage,1.18,38.58
2297,5.18,35.8,90,10.99,118.02,1153,75,Air Leakage,1.18,15.17
2298,5.61,35.73,100,11.24,116.57,1154,75,Air Leakage,0.83,36.78
2299,5.29,36.09,90,10.34,122.05,1154,75,Air Leakage,1.07,14.69
2300,5.66,35.5,100,10.71,112.03,1155,75,Air Leakage,1.09,49.42
2301,5.54,35.2,90,10.46,113.63,1155,75,Air Leakage,1.12,43.84
2302,5.63,35.81,100,11.33,114.43,1156,75,Air Leakage,1.17,31.45
2303,5.66,35.8,90,10.93,115.83,1156,75,Air Leakage,0.97,39.17
2304,5.67,35.46,100,10.59,119.03,1157,75,Air Leakage,0.83,34.06
2305,5.33,35.36,90,11.2,121.21,1157,75,Air Leakage,1.18,14.42
2306,5.35,35.44,100,11.28,121.33,1158,75,Air Leakage,0.89,23.07
2307,5.37,35.73,90,10.91,122.91,1158,75,Air Leakage,0.9,5.57
2308,5.33,35.85,100,10.69,117.99,1159,75,Air Leakage,1.11,34.22
2309,5.34,35.64,90,10.81,117.78,1159,75,Air Leakage,0.88,16.66
2310,5.55,36.0,100,11.31,118.27,1160,75,Air Leakage,1.13,23.9
2311,5.36,36.09,90,10.28,118.62,1160,75,Air Leakage,1.04,15.11
2312,5.3,35.95,100,10.95,115.75,1161,75,Air Leakage,1.11,26.49
2313,5.59,36.31,90,10.88,117.12,1161,75,Air Leakage,0.82,31.31
2314,5.38,36.52,100,10.86,115.96,1162,75,Air Leakage,0.95,41.39
2315,5.38,36.27,90,10.73,118.4,1162,75,Air Leakage,0.99,16.6
2316,5.38,35.84,100,10.97,118.39,1163,75,Air Leakage,1.08,21.33
2317,5.09,35.76,90,10.21,119.63,1163,75,Air Leakage,1.16,7.87
2318,5.27,35.8,100,11.07,119.04,1164,75,Air Leakage,0.84,19.61
2319,5.64,35.73,90,11.26,116.79,1164,75,Air Leakage,1.18,36.48
2320,5.29,35.46,100,10.31,119.77,1165,75,Air Leakage,1.19,7.66
2321,5.5,35.66,90,11.47,115.36,1165,75,Air Leakage,1.11,40.19
2322,5.44,35.49,100,10.27,117.15,1166,75,Air Leakage,1.19,27.59
2323,5.39,35.8,90,10.37,116.54,1166,75,Air Leakage,0.82,24.45
2324,5.51,35.95,100,10.39,114.86,1167,75,Air Leakage,1.17,44.46
2325,5.48,36.29,90,10.35,122.88,1167,75,Air Leakage,0.9,17.55
2326,5.55,36.29,100,10.71,112.42,1168,75,Air Leakage,1.19,48.92
2327,5.17,36.17,90,10.19,123.7,1168,75,Air Leakage,1.1,8.6
2328,5.76,36.18,100,10.07,112.05,1169,75,Air Leakage,0.98,49.61
2329,5.29,35.95,90,10.31,120.09,1169,75,Air Leakage,1.08,28.28
2330,5.53,36.09,100,10.72,118.42,1170,75,Air Leakage,0.97,15.22
2331,5.52,35.88,90,10.53,114.25,1170,75,Air Leakage,1.13,34.31
2332,5.29,36.23,100,10.54,120.65,1171,75,Air Leakage,1.06,6.02
2333,5.5,35.91,90,10.89,115.21,1171,75,Air Leakage,0.99,40.5
2334,5.43,35.78,100,10.51,117.74,1172,75,Air Leakage,0.9,31.43
2335,5.51,35.83,90,10.49,115.94,1172,75,Air Leakage,0.9,26.28
2336,5.41,36.05,100,10.87,118.11,1173,75,Air Leakage,1.16,36.08
2337,5.5,36.27,90,10.58,114.29,1173,75,Air Leakage,1.13,30.86
2338,5.64,36.23,100,10.41,118.99,1174,75,Air Leakage,0.87,26.83
2339,5.77,36.59,90,10.41,113.98,1174,75,Air Leakage,1.17,41.44
2340,5.55,36.59,100,10.67,119.87,1175,75,Air Leakage,1.11,24.08
2341,5.65,36.73,90,11.36,112.65,1175,75,Air Leakage,0.81,47.26
2342,5.29,36.96,100,11.1,121.18,1176,75,Air Leakage,0.85,8.48
2343,5.13,37.18,90,11.13,124.66,1176,75,Air Leakage,0.98,11.36
2344,5.55,36.99,100,10.08,115.54,1177,75,Air Leakage,1.0,34.85
2345,5.5,37.17,90,10.49,117.68,1177,75,Air Leakage,1.13,34.0
2346,5.5,36.74,100,10.38,121.24,1178,75,Air Leakage,1.19,19.63
2347,5.2,36.83,90,11.1,116.69,1178,75,Air Leakage,0.94,20.47
2348,5.67,36.62,100,10.97,114.75,1179,75,Air Leakage,1.13,46.48
2349,5.63,36.74,90,10.46,119.32,1179,75,Air Leakage,0.96,33.33
2350,5.22,36.45,100,10.56,120.8,1180,75,Air Leakage,1.06,14.1
2351,5.23,36.17,90,10.62,118.12,1180,75,Air Leakage,1.09,30.74
2352,5.35,36.32,100,10.64,120.14,1181,75,Air Leakage,1.11,9.0
2353,5.32,36.05,90,10.08,116.12,1181,75,Air Leakage,1.15,37.47
2354,5.35,36.36,100,10.41,123.17,1182,75,Air Leakage,0.98,16.42
2355,5.68,36.46,90,10.46,114.81,1182,75,Air Leakage,1.18,34.37
2356,5.54,36.8,100,10.72,123.16,1183,75,Air Leakage,0.82,17.75
2357,5.56,36.62,90,11.08,115.71,1183,75,Air Leakage,0.83,31.08
2358,5.71,36.58,100,10.66,116.02,1184,75,Air Leakage,1.2,47.57
2359,5.6,36.68,90,10.7,112.93,1184,75,Air Leakage,1.1,48.56
2360,5.57,36.37,100,11.33,117.37,1185,75,Air Leakage,0.96,28.94
2361,5.53,36.12,90,10.2,117.61,1185,75,Air Leakage,0.89,30.0
2362,5.52,36.39,100,10.33,113.5,1186,75,Air Leakage,1.02,48.18
2363,5.56,36.07,90,10.43,118.14,1186,75,Air Leakage,0.98,38.3
2364,5.49,36.08,100,11.07,121.65,1187,75,Air Leakage,1.16,14.43
2365,5.4,36.17,90,11.12,118.63,1187,75,Air Leakage,1.06,24.44
2366,5.35,36.59,100,10.55,121.93,1188,75,Air Leakage,1.02,22.85
2367,5.22,36.48,90,11.06,121.48,1188,75,Air Leakage,1.14,20.5
2368,5.26,35.98,100,11.3,122.44,1189,75,Air Leakage,1.0,9.88
2369,5.34,35.77,90,10.14,116.72,1189,75,Air Leakage,1.0,24.69
2370,5.44,35.41,100,10.72,119.12,1190,75,Air Leakage,1.06,22.65
2371,5.27,35.51,90,10.76,122.35,1190,75,Air Leakage,0.83,13.42
2372,5.43,35.34,100,10.45,114.59,1191,75,Air Leakage,1.04,43.06
2373,5.19,35.0,90,10.46,124.22,1191,75,Air Leakage,0.86,7.81
2374,5.62,35.26,100,10.74,114.34,1192,75,Air Leakage,0.88,40.5
2375,5.48,35.12,90,10.52,116.6,1192,75,Air Leakage,0.95,16.24
2376,5.46,35.53,100,10.31,113.1,1193,75,Air Leakage,0.96,37.63
2377,5.45,35.47,90,10.5,115.23,1193,75,Air Leakage,0.91,41.49
2378,5.26,35.63,100,10.11,121.63,1194,75,Air Leakage,0.89,10.22
2379,5.5,35.76,90,10.63,114.27,1194,75,Air Leakage,0.81,44.7
2380,5.65,35.46,100,10.91,115.05,1195,75,Air Leakage,0.96,46.22
2381,5.37,35.48,90,10.11,118.89,1195,75,Air Leakage,0.93,16.73
2382,5.64,35.52,100,10.82,115.13,1196,75,Air Leakage,0.84,43.43
2383,5.53,35.75,90,10.66,116.28,1196,75,Air Leakage,1.03,22.78
2384,5.28,35.71,100,10.87,120.02,1197,75,Air Leakage,1.09,13.52
2385,5.78,35.9,90,10.43,114.1,1197,75,Air Leakage,0.97,48.36
2386,5.76,35.91,100,10.86,112.97,1198,75,Air Leakage,1.18,42.86
2387,5.45,35.7,90,10.5,115.41,1198,75,Air Leakage,1.01,35.79
2388,5.47,35.63,100,10.9,115.91,1199,75,Air Leakage,1.1,33.14
2389,5.26,35.63,90,10.65,120.1,1199,75,Air Leakage,0.89,11.5
2390,5.25,35.66,100,11.1,119.86,1200,75,Air Leakage,0.94,16.44
2391,5.52,35.65,90,9.99,114.54,1200,75,Air Leakage,1.09,48.01
2392,5.28,35.3,100,10.64,118.13,1201,75,Air Leakage,0.83,15.86
2393,5.69,35.57,90,11.01,111.87,1201,75,Air Leakage,1.17,39.89
2394,5.19,35.7,100,10.54,124.45,1202,75,Air Leakage,1.12,9.0
2395,5.44,36.09,90,10.66,115.7,1202,75,Air Leakage,1.01,26.02
2396,5.54,36.29,100,10.88,115.46,1203,75,Air Leakage,0.99,27.66
2397,5.23,35.85,90,11.37,124.53,1203,75,Air Leakage,1.1,14.8
2398,5.39,35.87,100,11.26,114.43,1204,75,Air Leakage,0.9,32.58
2399,5.18,36.08,90,10.37,125.4,1204,75,Air Leakage,1.16,5.36
2400,5.34,36.19,100,10.96,119.57,1205,75,Air Leakage,0.92,14.15
2401,5.13,36.21,90,10.38,123.62,1205,75,Air Leakage,1.16,7.97
2402,5.51,35.94,100,10.73,113.01,1206,75,Air Leakage,1.05,49.08
2403,5.41,36.05,90,11.15,117.42,1206,75,Air Leakage,0.81,31.18
2404,5.56,36.13,100,10.42,117.66,1207,75,Air Leakage,0.87,35.05
2405,5.6,36.37,90,10.36,113.34,1207,75,Air Leakage,0.92,47.26
2406,5.33,36.04,100,10.42,121.32,1208,75,Air Leakage,1.0,12.64
2407,5.37,36.12,90,11.24,117.77,1208,75,Air Leakage,1.01,28.67
2408,5.29,36.38,100,10.71,116.37,1209,75,Air Leakage,1.18,28.35
2409,5.61,36.83,90,10.88,119.62,1209,75,Air Leakage,0.93,34.59
2410,5.21,36.82,100,10.62,119.99,1210,75,Air Leakage,0.99,16.71
2411,5.54,37.25,90,10.55,116.99,1210,75,Air Leakage,1.03,38.22
2412,5.35,36.95,100,11.21,118.41,1211,75,Air Leakage,0.83,15.67
2413,5.57,36.81,90,10.36,110,1211,75,Air Leakage,1.0,48.76
2414,5.75,36.65,100,11.1,115.29,1212,75,Air Leakage,0.86,49.45
2415,5.43,36.75,90,10.33,116.09,1212,75,Air Leakage,0.85,34.68
2416,5.4,36.58,100,11.39,119.76,1213,75,Air Leakage,0.84,22.83
2417,5.62,36.6,90,10.86,116.27,1213,75,Air Leakage,0.82,30.5
2418,5.66,36.64,100,10.54,110.45,1214,75,Air Leakage,1.19,49.65
2419,5.35,36.49,90,10.31,115.01,1214,75,Air Leakage,1.08,30.27
2420,5.33,36.59,100,10.9,121.34,1215,75,Air Leakage,0.83,11.65
2421,5.43,36.42,90,10.62,118.0,1215,75,Air Leakage,1.01,19.2
2422,5.15,36.55,100,10.9,123.66,1216,75,Air Leakage,0.83,8.51
2423,5.37,36.1,90,10.4,115.55,1216,75,Air Leakage,0.94,28.89
2424,5.2,36.33,100,10.53,120.86,1217,75,Air Leakage,0.81,16.54
2425,5.55,36.16,90,11.25,116.31,1217,75,Air Leakage,1.06,42.75
2426,5.43,35.63,100,10.25,114.53,1218,75,Air Leakage,0.96,34.08
2427,5.12,35.42,90,11.01,117.77,1218,75,Air Leakage,0.89,20.64
2428,5.49,35.74,100,11.39,114.7,1219,75,Air Leakage,0.88,40.2
2429,5.43,35.6,90,10.81,117.66,1219,75,Air Leakage,1.14,25.74
2430,5.71,35.69,100,10.73,115.98,1220,75,Air Leakage,1.12,34.79
2431,5.36,35.72,90,10.63,120.07,1220,75,Air Leakage,0.87,22.77
2432,5.38,35.35,100,10.63,120.47,1221,75,Air Leakage,1.05,15.49
2433,5.52,35.53,90,11.2,114.1,1221,75,Air Leakage,1.12,47.53
2434,5.21,35.34,100,9.98,121.84,1222,75,Air Leakage,0.95,9.58
2435,5.06,35.07,90,10.9,120.6,1222,75,Air Leakage,0.82,9.26
2436,5.47,35.16,100,11.1,118.1,1223,75,Air Leakage,1.1,25.2
2437,5.52,35.27,90,10.58,116.0,1223,75,Air Leakage,0.92,31.93
2438,5.33,35.91,100,10.76,115.82,1224,75,Air Leakage,1.17,27.23
2439,5.22,35.64,90,10.41,121.18,1224,75,Air Leakage,1.17,7.74
2440,5.39,35.48,100,10.68,114.75,1225,75,Air Leakage,1.15,40.24
2441,5.73,35.84,90,10.83,116.6,1225,75,Air Leakage,0.88,44.88
2442,5.51,36.28,100,10.86,114.61,1226,75,Air Leakage,0.94,34.41
2443,5.25,35.91,90,10.95,122.68,1226,75,Air Leakage,0.82,10.68
2444,5.73,35.97,100,11.41,115.54,1227,75,Air Leakage,1.16,46.38
2445,5.41,36.17,90,10.89,122.07,1227,75,Air Leakage,1.03,8.12
2446,5.3,36.25,100,10.32,118.76,1228,75,Air Leakage,1.09,21.64
2447,5.65,36.11,90,10.74,116.75,1228,75,Air Leakage,1.17,47.39
2448,5.34,35.82,100,10.12,113.6,1229,75,Air Leakage,0.91,36.63
2449,5.07,36.03,90,10.29,123.38,1229,75,Air Leakage,0.92,5.41
2450,5.27,36.05,100,10.32,125.59,1230,75,Air Leakage,0.93,5.51
2451,5.36,36.02,90,10.38,120.75,1230,75,Air Leakage,0.92,24.52
2452,5.57,35.91,100,10.24,111.9,1231,75,Air Leakage,1.0,35.84
2453,5.32,36.12,90,11.07,122.46,1231,75,Air Leakage,1.2,13.88
2454,5.38,35.99,100,10.66,123.93,1232,75,Air Leakage,0.87,5.33
2455,5.2,35.87,90,10.4,125.44,1232,75,Air Leakage,1.19,6.12
2456,5.0,35.94,100,10.64,123.56,1233,75,Air Leakage,1.06,6.3
2457,5.44,35.56,90,10.83,119.94,1233,75,Air Leakage,0.94,17.91
2458,5.45,36.04,100,10.97,114.14,1234,75,Air Leakage,1.07,36.82
2459,5.72,35.79,90,10.64,114.36,1234,75,Air Leakage,1.18,46.88
2460,5.36,35.73,100,10.58,117.75,1235,75,Air Leakage,0.9,28.88
2461,5.67,35.6,90,10.5,115.17,1235,75,Air Leakage,1.03,40.11
2462,5.4,35.73,100,10.84,114.72,1236,75,Air Leakage,0.82,38.01
2463,5.49,35.54,90,10.57,120.86,1236,75,Air Leakage,1.04,18.14
2464,5.32,35.5,100,10.7,116.65,1237,75,Air Leakage,0.91,38.65
2465,5.42,35.71,90,10.32,124.14,1237,75,Air Leakage,0.9,13.13
2466,5.32,36.07,100,10.78,120.53,1238,75,Air Leakage,0.94,24.1
2467,5.32,36.33,90,10.18,122.38,1238,75,Air Leakage,1.05,22.48
2468,5.31,36.47,100,10.44,120.47,1239,75,Air Leakage,1.06,20.31
2469,5.56,36.35,90,10.74,111.46,1239,75,Air Leakage,1.18,45.36
2470,5.47,36.14,100,10.43,115.47,1240,75,Air Leakage,1.09,38.62
2471,5.52,36.38,90,10.71,113.71,1240,75,Air Leakage,1.15,26.43
2472,5.46,36.48,100,11.0,117.96,1241,75,Air Leakage,0.83,26.21
2473,5.18,36.41,90,10.77,120.4,1241,75,Air Leakage,1.19,9.86
2474,5.51,36.36,100,10.51,114.17,1242,75,Air Leakage,0.88,48.7
2475,5.43,36.33,90,10.67,121.87,1242,75,Air Leakage,0.83,7.7
2476,5.28,36.32,100,10.98,120.26,1243,75,Air Leakage,0.83,16.67
2477,5.79,36.5,90,10.53,115.67,1243,75,Air Leakage,0.97,43.12
2478,5.53,36.3,100,10.36,117.8,1244,75,Air Leakage,0.95,36.31
2479,5.61,36.04,90,10.64,113.11,1244,75,Air Leakage,1.03,31.98
2480,5.51,36.11,100,10.77,116.75,1245,75,Air Leakage,0.86,31.34
2481,5.2,35.9,90,11.11,120.9,1245,75,Air Leakage,1.09,13.03
2482,5.63,36.29,100,10.78,114.49,1246,75,Air Leakage,0.95,48.58
2483,5.47,36.29,90,10.9,115.89,1246,75,Air Leakage,0.94,28.62
2484,5.51,35.93,100,10.67,113.06,1247,75,Air Leakage,0.94,41.32
2485,5.25,35.82,90,10.81,120.32,1247,75,Air Leakage,0.86,14.75
2486,5.65,35.44,100,11.2,114.02,1248,75,Air Leakage,0.94,43.9
2487,5.48,35.75,90,10.16,117.98,1248,75,Air Leakage,1.07,29.28
2488,5.41,35.41,100,10.78,117.92,1249,75,Air Leakage,1.12,32.48
2489,5.17,35.47,90,10.77,119.33,1249,75,Air Leakage,1.15,14.29
2490,5.36,35.49,100,10.71,116.63,1250,75,Air Leakage,0.81,21.82
2491,5.25,35.74,90,10.35,122.14,1250,75,Air Leakage,1.17,10.28
2492,5.24,35.77,100,10.74,117.21,1251,75,Air Leakage,1.06,20.86
2493,5.4,35.42,90,10.5,119.77,1251,75,Air Leakage,0.82,29.64
2494,5.4,35.58,100,11.0,120.06,1252,75,Air Leakage,0.85,17.63
2495,5.6,35.48,90,10.62,115.19,1252,75,Air Leakage,1.04,41.94
2496,5.54,35.53,100,10.49,110.36,1253,75,Air Leakage,0.99,48.26
2497,5.34,35.62,90,10.58,117.35,1253,75,Air Leakage,1.02,26.61
2498,5.08,35.69,100,10.75,119.47,1254,75,Air Leakage,0.81,12.22
2499,5.45,35.37,90,11.34,113.56,1254,75,Air Leakage,0.93,43.51
2500,5.45,35.6,100,11.23,117.01,1255,75,Air Leakage,0.8,40.37
2501,5.51,35.21,90,10.46,116.2,1255,75,Air Leakage,0.98,49.75
2502,5.57,35.48,100,10.22,119.81,1256,75,Air Leakage,0.93,22.75
2503,5.12,35.63,90,11.02,121.45,1256,75,Air Leakage,0.92,16.42
2504,5.48,35.74,100,10.6,112.77,1257,75,Air Leakage,1.14,36.46
2505,5.51,35.98,90,10.39,121.69,1257,75,Air Leakage,1.11,21.93
2506,5.24,36.18,100,10.27,125.58,1258,75,Air Leakage,0.93,5.12
2507,5.42,36.35,90,10.61,114.95,1258,75,Air Leakage,1.1,40.95
2508,5.53,36.39,100,10.58,118.96,1259,75,Air Leakage,1.15,26.51
2509,5.5,36.03,90,10.81,110.56,1259,75,Air Leakage,0.89,46.47
2510,5.39,35.79,100,10.51,118.55,1260,75,Air Leakage,1.14,27.53
2511,5.07,36.05,90,10.61,123.71,1260,75,Air Leakage,0.81,9.92
2512,5.54,36.56,100,10.6,112.85,1261,75,Air Leakage,1.03,47.81
2513,5.64,36.37,90,11.16,113.04,1261,75,Air Leakage,1.14,41.88
2514,5.42,36.32,100,10.28,113.93,1262,75,Air Leakage,0.98,35.01
2515,5.56,36.76,90,10.37,119.37,1262,75,Air Leakage,1.14,24.05
2516,5.01,36.84,100,11.06,121.36,1263,75,Air Leakage,1.12,7.24
2517,5.35,36.43,90,10.6,120.35,1263,75,Air Leakage,0.96,17.91
2518,5.34,36.31,100,10.54,119.39,1264,75,Air Leakage,0.97,12.84
2519,5.5,36.18,90,10.68,116.62,1264,75,Air Leakage,1.08,40.27
2520,5.45,36.54,100,11.04,117.0,1265,75,Air Leakage,1.15,31.65
2521,5.38,36.51,90,10.45,116.79,1265,75,Air Leakage,1.13,18.59
2522,5.34,36.76,100,11.01,118.52,1266,75,Air Leakage,1.01,9.88
2523,5.08,36.41,90,10.82,124.03,1266,75,Air Leakage,0.89,6.11
2524,5.63,36.47,100,10.85,115.6,1267,75,Air Leakage,0.82,24.24
2525,5.25,36.33,90,10.91,126.03,1267,75,Air Leakage,0.93,9.67
2526,5.16,36.26,100,10.69,121.17,1268,75,Air Leakage,1.04,9.57
2527,5.52,36.59,90,10.63,113.29,1268,75,Air Leakage,1.18,32.31
2528,5.38,36.61,100,10.13,121.89,1269,75,Air Leakage,1.06,11.75
2529,5.73,36.35,90,10.95,117.89,1269,75,Air Leakage,0.83,40.64
2530,5.39,36.77,100,10.5,116.88,1270,75,Air Leakage,1.18,27.02
2531,5.47,36.5,90,10.36,117.1,1270,75,Air Leakage,1.09,20.98
2532,5.26,36.26,100,10.67,118.75,1271,75,Air Leakage,1.11,24.29
2533,5.4,36.29,90,11.32,114.1,1271,75,Air Leakage,0.95,44.3
2534,5.42,36.37,100,11.12,111.39,1272,75,Air Leakage,0.88,44.97
2535,5.21,36.48,90,11.03,125.65,1272,75,Air Leakage,1.19,5.95
2536,5.41,36.78,100,11.05,117.62,1273,75,Air Leakage,1.06,26.06
2537,5.55,36.78,90,11.13,117.18,1273,75,Air Leakage,1.0,37.68
2538,5.51,36.71,100,11.25,116.64,1274,75,Air Leakage,0.98,19.2
2539,5.58,36.31,90,10.72,117.72,1274,75,Air Leakage,1.12,28.7
2540,5.09,36.15,100,10.78,121.87,1275,75,Air Leakage,0.96,8.97
2541,5.55,36.26,90,11.02,110.86,1275,75,Air Leakage,0.81,46.64
2542,5.32,36.31,100,11.04,120.18,1276,75,Air Leakage,0.85,26.71
2543,5.1,35.97,90,11.05,118.99,1276,75,Air Leakage,1.1,19.24
2544,5.54,35.83,100,11.1,116.74,1277,75,Air Leakage,0.85,28.08
2545,5.28,36.04,90,10.47,124.83,1277,75,Air Leakage,1.01,11.56
2546,5.73,36.21,100,10.84,114.08,1278,75,Air Leakage,0.89,40.1
2547,5.47,35.96,90,10.54,121.39,1278,75,Air Leakage,1.19,14.6
2548,5.42,35.93,100,10.41,121.31,1279,75,Air Leakage,0.8,28.75
2549,5.56,36.05,90,10.57,115.5,1279,75,Air Leakage,0.89,42.36
2550,5.61,35.98,100,11.19,112.69,1280,75,Air Leakage,1.14,45.87
2551,5.47,35.98,90,11.38,113.69,1280,75,Air Leakage,0.86,49.08
2552,5.3,36.0,100,10.57,121.45,1281,75,Air Leakage,0.99,13.97
2553,5.14,36.3,90,10.55,121.75,1281,75,Air Leakage,1.01,11.47
2554,5.54,36.7,100,10.39,114.45,1282,75,Air Leakage,1.18,33.61
2555,5.27,36.32,90,10.96,120.76,1282,75,Air Leakage,1.04,6.77
2556,5.55,36.13,100,10.97,115.31,1283,75,Air Leakage,0.88,32.64
2557,5.15,36.02,90,10.83,123.51,1283,75,Air Leakage,1.17,6.19
2558,5.66,35.96,100,10.57,116.27,1284,75,Air Leakage,1.04,28.22
2559,5.31,35.96,90,10.46,118.24,1284,75,Air Leakage,1.18,20.24
2560,5.49,35.85,100,10.62,120.78,1285,75,Air Leakage,1.05,18.84
2561,5.06,35.96,90,10.69,125.71,1285,75,Air Leakage,0.88,11.14
2562,5.18,35.77,100,10.96,123.62,1286,75,Air Leakage,0.98,9.32
2563,5.41,35.56,90,10.38,113.13,1286,75,Air Leakage,0.87,37.77
2564,5.2,35.59,100,10.46,120.28,1287,75,Air Leakage,0.86,19.24
2565,5.56,35.43,90,10.62,114.53,1287,75,Air Leakage,0.81,48.41
2566,5.54,35.15,100,11.11,118.79,1288,75,Air Leakage,1.02,27.55
2567,5.57,34.91,90,10.34,114.46,1288,75,Air Leakage,1.09,36.83
2568,5.25,35.14,100,10.8,123.07,1289,75,Air Leakage,0.89,10.33
2569,5.74,35.01,90,10.48,112.08,1289,75,Air Leakage,1.01,44.13
2570,5.44,35.19,100,10.55,119.41,1290,75,Air Leakage,0.83,30.97
2571,5.56,35.19,90,10.4,114.03,1290,75,Air Leakage,0.9,41.58
2572,5.64,35.31,100,10.45,115.05,1291,75,Air Leakage,0.89,47.45
2573,5.63,35.22,90,11.11,118.45,1291,75,Air Leakage,1.08,30.33
2574,5.72,35.1,100,10.81,116.8,1292,75,Air Leakage,1.18,34.81
2575,5.6,35.08,90,10.56,117.8,1292,75,Air Leakage,0.87,37.1
2576,5.75,35.24,100,10.31,112.92,1293,75,Air Leakage,0.95,48.91
2577,5.67,35.56,90,11.03,116.37,1293,75,Air Leakage,0.84,42.18
2578,5.54,35.79,100,11.16,118.59,1294,75,Air Leakage,0.83,34.39
2579,5.47,36.17,90,10.21,116.34,1294,75,Air Leakage,0.87,46.3
2580,5.27,36.04,100,11.23,121.81,1295,75,Air Leakage,1.18,19.65
2581,5.29,35.86,90,10.6,117.73,1295,75,Air Leakage,1.17,19.92
2582,5.54,35.61,100,10.87,112.34,1296,75,Air Leakage,0.82,49.7
2583,5.52,35.65,90,10.53,119.04,1296,75,Air Leakage,0.86,25.32
2584,5.27,36.05,100,10.49,120.48,1297,75,Air Leakage,1.14,26.61
2585,5.68,36.18,90,11.2,116.56,1297,75,Air Leakage,0.89,34.9
2586,5.53,36.16,100,10.78,114.8,1298,75,Air Leakage,1.04,47.49
2587,5.19,35.95,90,10.27,125.92,1298,75,Air Leakage,0.95,5.43
2588,5.38,35.64,100,10.6,114.59,1299,75,Air Leakage,1.09,33.79
2589,5.43,35.51,90,10.77,121.67,1299,75,Air Leakage,1.1,13.79
2590,5.54,35.8,100,10.63,116.37,1300,75,Air Leakage,1.03,37.94
2591,5.62,36.39,90,10.55,111.94,1300,75,Air Leakage,1.05,49.24
2592,5.37,36.17,100,10.61,116.74,1301,75,Air Leakage,1.0,24.1
2593,5.56,35.63,90,10.34,117.78,1301,75,Air Leakage,0.81,29.31
2594,5.39,35.94,100,10.69,118.21,1302,75,Air Leakage,1.1,23.62
2595,5.53,36.21,90,10.99,114.02,1302,75,Air Leakage,0.9,47.25
2596,5.46,36.34,100,9.92,120.14,1303,75,Air Leakage,0.84,27.67
2597,5.64,36.05,90,10.94,115.6,1303,75,Air Leakage,1.14,35.55
2598,5.68,35.78,100,10.6,114.74,1304,75,Air Leakage,0.93,40.04
2599,5.52,36.1,90,10.33,114.49,1304,75,Air Leakage,1.17,47.51
2600,5.22,35.65,100,10.48,122.03,1305,75,Air Leakage,0.99,14.25
2601,5.54,36.13,90,11.24,113.5,1305,75,Air Leakage,0.84,39.34
2602,5.26,36.39,100,10.15,120.41,1306,75,Air Leakage,1.03,20.4
2603,5.4,36.75,90,10.82,122.58,1306,75,Air Leakage,0.95,21.04
2604,5.14,36.88,100,10.95,122.33,1307,75,Air Leakage,1.0,5.42
2605,5.19,36.73,90,10.63,121.99,1307,75,Air Leakage,1.02,5.21
2606,5.39,36.92,100,10.7,119.67,1308,75,Air Leakage,0.91,24.21
2607,5.52,36.35,90,10.98,114.17,1308,75,Air Leakage,1.02,36.24
2608,5.28,36.62,100,10.73,116.93,1309,75,Air Leakage,0.93,16.79
2609,5.53,36.9,90,10.78,115.16,1309,75,Air Leakage,1.04,44.7
2610,5.16,36.97,100,10.87,120.56,1310,75,Air Leakage,1.04,9.71
2611,5.31,36.45,90,10.27,123.77,1310,75,Air Leakage,1.07,10.89
2612,5.28,36.74,100,10.87,121.21,1311,75,Air Leakage,0.97,19.85
2613,5.52,36.26,90,10.71,114.02,1311,75,Air Leakage,1.02,41.51
2614,5.72,36.38,100,10.74,110.58,1312,75,Air Leakage,0.98,49.93
2615,5.34,36.18,90,10.49,121.03,1312,75,Air Leakage,1.11,15.76
2616,5.2,36.39,100,10.51,115.95,1313,75,Air Leakage,0.93,25.96
2617,5.26,36.46,90,11.07,124.15,1313,75,Air Leakage,1.15,6.38
2618,5.26,36.78,100,10.88,120.24,1314,75,Air Leakage,1.06,16.41
2619,5.56,36.55,90,10.02,114.06,1314,75,Air Leakage,0.88,40.32
2620,5.28,36.1,100,11.27,124.25,1315,75,Air Leakage,0.92,7.62
2621,5.49,36.03,90,10.96,112.26,1315,75,Air Leakage,0.95,43.76
2622,5.47,36.02,100,11.11,116.03,1316,75,Air Leakage,0.82,29.22
2623,5.67,35.95,90,11.13,112.72,1316,75,Air Leakage,1.17,46.51
2624,5.58,36.04,100,11.15,116.11,1317,75,Air Leakage,1.03,32.66
2625,5.34,35.85,90,10.49,116.74,1317,75,Air Leakage,1.04,29.18
2626,5.18,35.59,100,10.97,124.05,1318,75,Air Leakage,1.11,11.58
2627,5.37,36.1,90,10.21,117.15,1318,75,Air Leakage,1.15,17.41
2628,5.57,36.14,100,9.94,119.47,1319,75,Air Leakage,1.16,25.38
2629,5.28,36.0,90,10.86,120.25,1319,75,Air Leakage,1.05,15.57
2630,5.65,36.01,100,10.63,118.52,1320,75,Air Leakage,1.06,36.96
2631,5.36,36.48,90,10.83,120.04,1320,75,Air Leakage,1.07,12.49
2632,5.36,36.16,100,10.66,118.09,1321,75,Air Leakage,0.81,19.22
2633,5.63,36.26,90,10.55,111.72,1321,75,Air Leakage,0.89,47.04
2634,5.02,36.22,100,10.2,124.19,1322,75,Air Leakage,1.13,6.35
2635,5.36,35.73,90,10.81,122.82,1322,75,Air Leakage,0.98,22.06
2636,5.75,35.88,100,11.23,110,1323,75,Air Leakage,1.11,49.28
2637,5.22,36.07,90,10.95,122.7,1323,75,Air Leakage,0.81,8.95
2638,5.3,35.66,100,10.89,118.65,1324,75,Air Leakage,1.03,32.56
2639,5.74,35.63,90,10.65,111.22,1324,75,Air Leakage,0.87,41.21
2640,5.32,35.43,100,10.75,120.93,1325,75,Air Leakage,1.2,17.4
2641,5.58,35.27,90,10.7,115.67,1325,75,Air Leakage,1.13,37.01
2642,5.4,35.28,100,10.68,115.32,1326,75,Air Leakage,0.85,42.46
2643,5.3,35.53,90,10.11,115.97,1326,75,Air Leakage,0.81,32.37
2644,5.15,35.23,100,10.15,121.55,1327,75,Air Leakage,1.01,5.37
2645,5.34,35.14,90,10.3,114.18,1327,75,Air Leakage,0.93,40.07
2646,5.68,35.48,100,11.41,118.11,1328,75,Air Leakage,1.08,34.67
2647,5.25,35.03,90,11.03,116.68,1328,75,Air Leakage,1.1,27.11
2648,5.57,35.07,100,10.52,115.35,1329,75,Air Leakage,0.91,36.05
2649,5.41,35.33,90,10.3,117.83,1329,75,Air Leakage,0.89,26.67
2650,5.15,35.1,100,10.17,121.8,1330,75,Air Leakage,0.95,18.31
2651,5.36,35.03,90,10.81,120.34,1330,75,Air Leakage,1.19,9.18
2652,5.55,35.02,100,10.17,118.02,1331,75,Air Leakage,0.9,24.82
2653,5.42,34.85,90,10.26,113.93,1331,75,Air Leakage,0.81,35.07
2654,5.36,35.24,100,10.21,124.92,1332,75,Air Leakage,0.81,6.87
2655,5.48,35.17,90,10.9,119.77,1332,75,Air Leakage,1.18,22.67
2656,5.51,35.31,100,10.4,111.96,1333,75,Air Leakage,1.1,42.78
2657,5.28,35.38,90,10.47,118.38,1333,75,Air Leakage,0.89,19.11
2658,5.29,35.89,100,10.24,121.82,1334,75,Air Leakage,1.0,18.97
2659,5.38,36.09,90,11.01,116.84,1334,75,Air Leakage,0.96,27.76
2660,5.52,35.99,100,10.21,116.85,1335,75,Air Leakage,0.96,35.9
2661,5.38,36.13,90,11.21,114.31,1335,75,Air Leakage,0.88,27.19
2662,5.48,35.81,100,10.97,123.49,1336,75,Air Leakage,0.82,10.56
2663,5.61,36.29,90,10.54,116.45,1336,75,Air Leakage,1.15,39.93
2664,5.71,36.37,100,10.78,111.84,1337,75,Air Leakage,0.82,48.73
2665,5.6,36.11,90,10.51,117.47,1337,75,Air Leakage,1.05,28.8
2666,5.57,36.11,100,10.98,119.75,1338,75,Air Leakage,1.14,30.47
2667,5.21,36.67,90,10.87,117.27,1338,75,Air Leakage,1.12,23.47
2668,5.51,36.88,100,10.57,119.16,1339,75,Air Leakage,1.16,30.66
2669,5.37,36.51,90,10.61,113.45,1339,75,Air Leakage,1.11,33.79
2670,5.33,36.52,100,11.07,123.73,1340,75,Air Leakage,0.91,8.24
2671,5.31,36.61,90,11.26,117.87,1340,75,Air Leakage,0.82,20.75
2672,5.42,36.46,100,10.57,115.77,1341,75,Air Leakage,1.09,30.26
2673,5.18,36.27,90,10.01,122.99,1341,75,Air Leakage,0.99,9.45
2674,5.62,36.13,100,10.93,116.33,1342,75,Air Leakage,0.85,42.22
2675,5.55,35.96,90,11.0,114.7,1342,75,Air Leakage,0.95,38.32
2676,5.17,36.1,100,10.75,122.47,1343,75,Air Leakage,0.96,6.39
2677,5.29,36.18,90,11.28,122.39,1343,75,Air Leakage,1.1,8.22
2678,5.64,36.27,100,11.04,114.09,1344,75,Air Leakage,0.91,35.12
2679,5.33,36.59,90,11.13,119.47,1344,75,Air Leakage,0.85,21.38
2680,5.22,36.52,100,10.71,123.0,1345,75,Air Leakage,1.01,5.45
2681,5.66,36.16,90,11.36,114.69,1345,75,Air Leakage,0.89,44.96
2682,5.36,35.84,100,10.48,116.43,1346,75,Air Leakage,1.03,31.14
2683,5.47,35.67,90,10.97,116.16,1346,75,Air Leakage,1.09,26.45
2684,5.22,35.86,100,11.04,125.19,1347,75,Air Leakage,1.18,5.65
2685,5.02,35.92,90,11.13,121.72,1347,75,Air Leakage,1.03,6.67
2686,5.33,36.26,100,10.53,122.72,1348,75,Air Leakage,0.9,5.26
2687,5.25,36.29,90,11.15,121.4,1348,75,Air Leakage,0.98,15.06
2688,5.37,35.9,100,10.42,120.18,1349,75,Air Leakage,0.89,28.85
2689,5.26,35.86,90,10.9,114.49,1349,75,Air Leakage,1.1,32.45
2690,5.43,35.63,100,10.19,120.78,1350,75,Air Leakage,1.02,18.88
2691,5.59,36.04,90,11.33,117.07,1350,75,Air Leakage,0.95,30.26
2692,5.38,36.19,100,10.93,122.3,1351,75,Air Leakage,0.89,8.49
2693,5.28,36.57,90,10.44,120.38,1351,75,Air Leakage,1.07,16.74
2694,5.47,36.33,100,11.23,113.95,1352,75,Air Leakage,0.82,47.36
2695,5.44,36.12,90,10.73,113.2,1352,75,Air Leakage,0.82,48.97
2696,5.25,35.97,100,10.97,123.78,1353,75,Air Leakage,1.11,14.86
2697,5.58,35.69,90,11.16,114.92,1353,75,Air Leakage,0.92,35.75
2698,5.42,35.98,100,10.57,118.77,1354,75,Air Leakage,0.99,27.38
2699,5.48,36.3,90,11.01,114.45,1354,75,Air Leakage,0.89,38.66
2700,5.28,35.84,100,10.86,119.74,1355,75,Air Leakage,0.9,20.59
2701,5.18,35.65,90,10.48,123.51,1355,75,Air Leakage,0.95,7.44
2702,5.23,35.75,100,10.8,116.66,1356,75,Air Leakage,0.98,23.07
2703,5.35,35.56,90,10.27,119.34,1356,75,Air Leakage,0.9,5.74
2704,5.22,35.63,100,10.1,120.83,1357,75,Air Leakage,1.18,25.22
2705,5.57,35.52,90,11.08,115.26,1357,75,Air Leakage,1.02,36.94
2706,5.15,35.28,100,10.45,123.62,1358,75,Air Leakage,1.12,7.77
2707,5.64,35.47,90,10.1,114.69,1358,75,Air Leakage,0.98,45.56
2708,5.07,35.58,100,10.14,126.88,1359,75,Air Leakage,1.12,5.41
2709,5.38,35.81,90,10.57,115.91,1359,75,Air Leakage,1.01,35.73
2710,5.4,35.68,100,10.21,121.49,1360,75,Air Leakage,0.92,5.05
2711,5.6,35.42,90,10.19,113.27,1360,75,Air Leakage,0.98,40.64
2712,5.46,35.57,100,11.08,115.13,1361,75,Air Leakage,1.03,36.24
2713,5.37,35.42,90,11.37,123.81,1361,75,Air Leakage,0.83,10.34
2714,5.56,35.69,100,10.41,114.37,1362,75,Air Leakage,1.12,35.31
2715,5.2,35.3,90,10.27,119.58,1362,75,Air Leakage,1.19,18.05
2716,5.52,35.47,100,10.38,119.43,1363,75,Air Leakage,1.07,37.83
2717,5.42,35.25,90,10.28,116.52,1363,75,Air Leakage,1.11,41.38
2718,5.74,34.81,100,10.6,113.3,1364,75,Air Leakage,1.0,48.89
2719,5.42,35.17,90,10.76,117.25,1364,75,Air Leakage,1.17,21.48
2720,5.26,35.34,100,10.64,124.87,1365,75,Air Leakage,0.84,6.0
2721,5.58,35.39,90,10.44,115.04,1365,75,Air Leakage,0.92,40.74
2722,5.44,35.54,100,11.14,120.85,1366,75,Air Leakage,0.91,26.72
2723,5.38,35.38,90,10.8,120.87,1366,75,Air Leakage,0.96,28.15
2724,5.68,35.12,100,10.63,115.83,1367,75,Air Leakage,1.05,46.07
2725,5.23,35.03,90,10.87,119.29,1367,75,Air Leakage,0.82,25.72
2726,5.2,34.93,100,10.23,123.35,1368,75,Air Leakage,0.87,11.16
2727,5.53,34.71,90,10.8,116.99,1368,75,Air Leakage,1.15,19.6
2728,5.2,34.49,100,10.66,126.19,1369,75,Air Leakage,1.2,7.29
2729,5.43,34.32,90,10.78,115.63,1369,75,Air Leakage,0.87,47.77
2730,5.44,34.65,100,10.93,117.05,1370,75,Air Leakage,1.12,31.55
2731,5.38,35.15,90,10.57,116.02,1370,75,Air Leakage,1.13,22.82
2732,5.27,34.87,100,10.32,122.12,1371,75,Air Leakage,1.08,10.54
2733,5.38,34.59,90,10.31,121.85,1371,75,Air Leakage,1.08,17.99
2734,5.52,34.61,100,10.87,110,1372,75,Air Leakage,0.94,49.69
2735,5.24,34.95,90,10.73,123.87,1372,75,Air Leakage,0.88,16.47
2736,5.51,35.11,100,10.11,116.45,1373,75,Air Leakage,1.14,43.68
2737,5.42,35.3,90,10.44,119.81,1373,75,Air Leakage,0.9,18.42
2738,5.5,34.91,100,11.19,116.74,1374,75,Air Leakage,1.01,28.85
2739,5.69,34.93,90,10.89,115.0,1374,75,Air Leakage,1.19,48.92
2740,5.57,35.1,100,10.85,118.4,1375,75,Air Leakage,0.85,27.62
2741,5.16,35.44,90,10.93,123.33,1375,75,Air Leakage,0.9,15.9
2742,5.43,35.85,100,10.85,116.02,1376,75,Air Leakage,0.8,22.17
2743,5.43,35.61,90,11.23,118.45,1376,75,Air Leakage,1.1,26.79
2744,5.29,35.43,100,10.32,122.55,1377,75,Air Leakage,1.05,17.1
2745,5.53,35.79,90,10.61,115.78,1377,75,Air Leakage,0.97,28.56
2746,5.18,35.83,100,11.12,119.42,1378,75,Air Leakage,0.91,12.62
2747,5.53,35.67,90,10.85,113.56,1378,75,Air Leakage,1.14,46.94
2748,5.75,35.65,100,10.17,117.05,1379,75,Air Leakage,0.84,41.73
2749,5.28,36.26,90,10.22,119.2,1379,75,Air Leakage,0.91,24.08
2750,5.51,35.9,100,9.99,118.1,1380,75,Air Leakage,0.89,27.79
2751,5.48,35.82,90,11.15,114.37,1380,75,Air Leakage,0.93,37.85
2752,5.43,35.46,100,10.6,115.94,1381,75,Air Leakage,1.18,37.98
2753,5.51,35.63,90,10.18,111.72,1381,75,Air Leakage,1.1,49.36
2754,5.42,35.71,100,10.6,119.12,1382,75,Air Leakage,1.03,30.12
2755,5.68,35.71,90,11.0,115.96,1382,75,Air Leakage,0.95,35.97
2756,5.21,35.64,100,10.73,120.51,1383,75,Air Leakage,1.04,7.21
2757,5.61,35.92,90,10.26,116.06,1383,75,Air Leakage,0.93,47.09
2758,5.59,36.04,100,11.3,116.86,1384,75,Air Leakage,1.06,22.81
2759,5.3,35.5,90,10.6,120.07,1384,75,Air Leakage,0.89,29.36
2760,5.14,36.05,100,10.31,118.86,1385,75,Air Leakage,1.13,13.47
2761,5.39,36.37,90,10.92,121.97,1385,75,Air Leakage,0.92,15.24
2762,5.22,36.44,100,10.52,118.75,1386,75,Air Leakage,1.16,10.92
2763,5.47,36.2,90,9.99,117.47,1386,75,Air Leakage,0.87,41.21
2764,5.53,36.38,100,10.21,116.76,1387,75,Air Leakage,1.16,30.71
2765,5.47,36.48,90,10.89,113.04,1387,75,Air Leakage,1.11,43.53
2766,5.25,35.83,100,11.28,120.91,1388,75,Air Leakage,1.05,23.91
2767,5.4,36.09,90,11.04,119.64,1388,75,Air Leakage,0.81,23.04
2768,5.55,36.18,100,10.85,116.44,1389,75,Air Leakage,1.0,43.74
2769,5.27,35.9,90,10.6,117.95,1389,75,Air Leakage,0.83,23.14
2770,5.36,35.85,100,10.36,113.75,1390,75,Air Leakage,0.84,30.56
2771,5.38,36.23,90,10.85,120.95,1390,75,Air Leakage,0.81,13.31
2772,5.29,35.83,100,10.54,115.36,1391,75,Air Leakage,1.16,34.84
2773,5.64,36.01,90,11.09,115.87,1391,75,Air Leakage,0.9,49.73
2774,5.45,36.09,100,10.72,114.4,1392,75,Air Leakage,0.97,43.12
2775,5.76,36.31,90,11.43,117.22,1392,75,Air Leakage,1.07,37.3
2776,5.77,36.02,100,10.43,113.63,1393,75,Air Leakage,1.15,45.55
2777,5.6,35.52,90,10.88,119.14,1393,75,Air Leakage,1.06,34.33
2778,5.26,35.77,100,10.7,123.29,1394,75,Air Leakage,0.99,17.91
2779,5.54,36.12,90,10.36,117.94,1394,75,Air Leakage,1.08,29.87
2780,5.49,36.25,100,10.72,118.35,1395,75,Air Leakage,1.11,15.4
2781,5.24,36.44,90,10.88,115.46,1395,75,Air Leakage,1.19,27.37
2782,5.73,36.17,100,10.83,115.98,1396,75,Air Leakage,1.17,35.58
2783,5.54,36.16,90,11.13,116.51,1396,75,Air Leakage,0.83,43.76
2784,5.36,35.93,100,11.03,111.78,1397,75,Air Leakage,0.88,39.71
2785,5.41,36.43,90,10.22,120.24,1397,75,Air Leakage,0.94,23.97
2786,5.48,36.86,100,10.14,117.28,1398,75,Air Leakage,1.04,20.48
2787,5.5,36.95,90,10.7,114.07,1398,75,Air Leakage,1.05,31.97
2788,5.27,36.93,100,10.13,114.11,1399,75,Air Leakage,0.96,35.17
2789,5.51,36.77,90,10.23,114.98,1399,75,Air Leakage,1.2,33.71
2790,5.59,36.57,100,10.74,111.66,1400,75,Air Leakage,0.93,41.17
2791,5.7,36.8,90,10.19,112.8,1400,75,Air Leakage,1.2,47.67
2792,5.54,36.83,100,10.87,114.6,1401,75,Air Leakage,0.85,48.29
2793,5.37,37.11,90,10.48,122.51,1401,75,Air Leakage,1.01,13.29
2794,5.26,37.05,100,10.79,120.57,1402,75,Air Leakage,1.03,18.81
2795,5.09,37.22,90,11.29,119.39,1402,75,Air Leakage,1.09,6.27
2796,5.49,37.45,100,10.89,113.06,1403,75,Air Leakage,1.13,42.75
2797,5.09,36.85,90,10.6,121.61,1403,75,Air Leakage,1.09,8.47
2798,5.42,36.83,100,10.93,118.99,1404,75,Air Leakage,0.91,21.29
2799,5.24,36.69,90,10.11,123.97,1404,75,Air Leakage,1.13,10.46
2800,5.59,36.9,100,10.34,115.29,1405,75,Air Leakage,0.94,48.03
2801,5.19,36.98,90,10.98,121.14,1405,75,Air Leakage,0.85,11.09
2802,5.4,37.26,100,10.76,121.75,1406,75,Air Leakage,0.98,26.02
2803,5.26,37.45,90,10.98,119.69,1406,75,Air Leakage,0.89,20.53
2804,5.34,37.45,100,10.92,122.31,1407,75,Air Leakage,1.01,9.91
2805,5.32,37.45,90,10.71,117.33,1407,75,Air Leakage,1.13,32.5
2806,5.22,37.6,100,11.35,121.34,1408,75,Air Leakage,0.96,20.52
2807,5.39,37.66,90,10.75,115.36,1408,75,Air Leakage,0.87,29.17
2808,5.31,37.58,100,10.69,125.07,1409,75,Air Leakage,1.13,9.23
2809,5.8,37.72,90,10.6,114.94,1409,75,Air Leakage,0.98,48.6
2810,5.51,37.68,100,10.76,117.51,1410,75,Air Leakage,1.12,31.08
2811,5.55,37.24,90,10.85,122.11,1410,75,Air Leakage,1.19,20.84
2812,5.25,37.37,100,10.39,119.21,1411,75,Air Leakage,0.85,21.3
2813,5.15,36.87,90,10.84,121.48,1411,75,Air Leakage,0.88,9.15
2814,5.43,36.94,100,10.41,118.33,1412,75,Air Leakage,1.15,24.23
2815,5.2,37.1,90,10.76,122.94,1412,75,Air Leakage,1.0,6.42
2816,5.4,37.13,100,10.78,112.93,1413,75,Air Leakage,0.86,32.74
2817,5.31,37.27,90,10.9,118.18,1413,75,Air Leakage,1.12,31.93
2818,5.4,37.2,100,11.2,113.84,1414,75,Air Leakage,0.86,28.14
2819,5.47,37.43,90,10.23,120.76,1414,75,Air Leakage,0.92,14.49
2820,5.42,36.69,100,10.52,124.29,1415,75,Air Leakage,0.86,18.6
2821,5.55,36.4,90,10.37,120.1,1415,75,Air Leakage,1.05,26.51
2822,5.57,36.39,100,10.46,115.86,1416,75,Air Leakage,1.01,42.68
2823,5.48,36.3,90,10.56,116.54,1416,75,Air Leakage,0.98,36.57
2824,5.56,36.24,100,10.61,118.22,1417,75,Air Leakage,0.99,33.43
2825,5.61,36.53,90,10.8,110.9,1417,75,Air Leakage,1.04,44.72
2826,5.5,36.69,100,10.45,113.61,1418,75,Air Leakage,1.03,33.49
2827,5.6,36.45,90,11.26,115.6,1418,75,Air Leakage,1.19,49.8
2828,5.43,36.69,100,10.16,121.64,1419,75,Air Leakage,1.06,18.81
2829,5.2,36.39,90,10.38,125.59,1419,75,Air Leakage,0.91,6.36
2830,5.73,36.45,100,10.9,116.07,1420,75,Air Leakage,0.9,46.97
2831,5.31,36.26,90,10.81,121.83,1420,75,Air Leakage,1.18,13.97
2832,5.63,35.9,100,10.56,118.91,1421,75,Air Leakage,0.92,26.2
2833,5.65,36.05,90,11.1,114.65,1421,75,Air Leakage,0.99,35.25
2834,5.5,35.66,100,10.57,118.33,1422,75,Air Leakage,1.19,25.15
2835,5.29,36.07,90,10.18,114.94,1422,75,Air Leakage,1.15,30.68
2836,5.2,36.35,100,11.15,123.26,1423,75,Air Leakage,1.05,9.65
2837,5.39,36.69,90,10.56,121.37,1423,75,Air Leakage,1.12,24.12
2838,5.48,36.65,100,10.6,114.33,1424,75,Air Leakage,1.18,34.87
2839,5.37,36.44,90,10.83,122.59,1424,75,Air Leakage,1.04,10.35
2840,5.54,36.75,100,11.07,118.68,1425,75,Air Leakage,0.92,25.51
2841,5.7,36.42,90,10.07,110,1425,75,Air Leakage,0.96,45.01
2842,5.33,36.81,100,10.26,117.83,1426,75,Air Leakage,1.01,36.68
2843,5.66,37.06,90,10.43,115.23,1426,75,Air Leakage,1.14,42.72
2844,5.09,37.09,100,11.28,121.86,1427,75,Air Leakage,1.07,8.75
2845,5.47,36.8,90,10.75,119.84,1427,75,Air Leakage,1.13,23.49
2846,5.36,36.89,100,10.17,123.1,1428,75,Air Leakage,1.12,12.05
2847,5.6,36.71,90,11.15,116.31,1428,75,Air Leakage,1.2,30.16
2848,5.51,36.44,100,10.71,114.21,1429,75,Air Leakage,0.97,44.48
2849,5.51,36.72,90,10.14,121.37,1429,75,Air Leakage,1.02,21.77
2850,5.37,36.6,100,11.09,114.97,1430,75,Air Leakage,0.91,33.87
2851,5.67,36.56,90,10.71,114.99,1430,75,Air Leakage,0.92,41.71
2852,5.67,36.78,100,10.25,110.57,1431,75,Air Leakage,0.9,49.67
2853,5.6,37.11,90,11.3,114.15,1431,75,Air Leakage,0.99,49.38
2854,5.45,36.94,100,11.16,118.46,1432,75,Air Leakage,0.97,20.21
2855,5.49,36.86,90,10.44,114.14,1432,75,Air Leakage,0.85,40.98
2856,5.35,36.32,100,11.3,121.44,1433,75,Air Leakage,0.98,16.49
2857,5.48,35.88,90,10.89,116.83,1433,75,Air Leakage,1.13,37.49
2858,5.36,36.24,100,10.22,123.93,1434,75,Air Leakage,1.04,6.31
2859,5.61,36.27,90,10.61,116.85,1434,75,Air Leakage,0.84,41.63
2860,5.22,36.49,100,10.87,119.36,1435,75,Air Leakage,1.06,11.01
2861,5.57,36.25,90,11.35,111.01,1435,75,Air Leakage,0.91,40.24
2862,5.78,36.28,100,10.39,112.67,1436,75,Air Leakage,1.08,46.17
2863,5.21,36.03,90,10.36,120.28,1436,75,Air Leakage,1.08,17.41
2864,5.7,36.1,100,11.17,110,1437,75,Air Leakage,0.96,49.08
2865,5.52,35.92,90,11.26,112.14,1437,75,Air Leakage,0.86,48.61
2866,5.15,36.19,100,10.99,119.36,1438,75,Air Leakage,1.07,14.43
2867,5.59,35.96,90,10.88,115.38,1438,75,Air Leakage,0.86,37.03
2868,5.14,35.97,100,10.55,122.0,1439,75,Air Leakage,1.13,11.98
2869,5.12,36.07,90,11.35,120.99,1439,75,Air Leakage,1.0,6.47
2870,5.17,35.89,100,11.12,121.07,1440,75,Air Leakage,0.82,17.86
2871,5.42,36.15,90,10.22,116.13,1440,75,Air Leakage,1.08,36.96
2872,5.56,36.0,100,10.63,119.52,1441,75,Air Leakage,0.82,27.04
2873,5.07,36.38,90,10.75,121.72,1441,75,Air Leakage,1.18,8.35
2874,5.7,35.92,100,11.02,115.53,1442,75,Air Leakage,0.88,40.07
2875,5.37,35.89,90,11.05,119.1,1442,75,Air Leakage,1.09,30.73
2876,5.42,35.72,100,10.51,120.29,1443,75,Air Leakage,0.85,13.98
2877,5.42,36.12,90,11.34,121.49,1443,75,Air Leakage,1.09,11.89
2878,5.41,36.16,100,11.07,120.08,1444,75,Air Leakage,0.9,15.83
2879,5.58,36.17,90,11.08,112.9,1444,75,Air Leakage,1.05,43.35
2880,5.5,35.74,100,10.36,121.47,1445,75,Air Leakage,0.92,17.52
2881,5.48,35.67,90,10.86,117.07,1445,75,Air Leakage,1.2,33.67
2882,5.29,35.77,100,10.71,119.06,1446,75,Air Leakage,1.0,6.61
2883,5.37,35.43,90,11.13,124.01,1446,75,Air Leakage,1.06,10.29
2884,5.09,35.77,100,10.16,122.73,1447,75,Air Leakage,0.85,9.82
2885,5.5,35.65,90,10.44,117.19,1447,75,Air Leakage,0.95,31.46
2886,5.56,35.68,100,10.87,114.32,1448,75,Air Leakage,1.18,34.28
2887,5.3,35.91,90,10.57,116.67,1448,75,Air Leakage,1.06,26.65
2888,5.41,35.96,100,11.3,118.17,1449,75,Air Leakage,1.06,16.28
2889,5.72,36.29,90,10.67,110.84,1449,75,Air Leakage,0.93,45.74
2890,5.53,35.84,100,10.83,116.49,1450,75,Air Leakage,0.92,36.72
2891,5.54,35.58,90,10.46,113.7,1450,75,Air Leakage,1.01,39.94
2892,5.26,35.22,100,10.9,125.96,1451,75,Air Leakage,0.99,10.55
2893,5.61,35.58,90,11.01,115.26,1451,75,Air Leakage,1.13,49.18
2894,5.46,35.92,100,10.34,113.91,1452,75,Air Leakage,0.98,41.98
2895,5.43,35.47,90,10.04,118.9,1452,75,Air Leakage,0.98,24.66
2896,5.64,35.18,100,10.98,119.35,1453,75,Air Leakage,0.92,31.19
2897,5.12,35.42,90,10.44,120.43,1453,75,Air Leakage,1.03,16.88
2898,5.38,35.1,100,10.36,122.04,1454,75,Air Leakage,1.13,9.84
2899,5.51,35.4,90,10.41,117.39,1454,75,Air Leakage,1.12,18.49
2900,5.44,35.61,100,11.36,117.66,1455,75,Air Leakage,0.94,21.72
2901,5.52,35.46,90,10.35,117.05,1455,75,Air Leakage,1.19,30.01
2902,5.73,35.47,100,11.04,115.83,1456,75,Air Leakage,0.88,38.3
2903,5.5,35.41,90,10.5,114.47,1456,75,Air Leakage,0.92,34.96
2904,5.35,35.62,100,10.25,122.16,1457,75,Air Leakage,0.96,7.51
2905,5.05,35.63,90,10.21,122.65,1457,75,Air Leakage,0.81,5.81
2906,5.32,35.64,100,10.69,121.58,1458,75,Air Leakage,1.02,6.84
2907,5.43,35.44,90,10.34,126.75,1458,75,Air Leakage,1.15,8.37
2908,5.41,35.67,100,10.12,117.84,1459,75,Air Leakage,0.83,27.07
2909,5.36,35.45,90,10.53,117.54,1459,75,Air Leakage,1.12,34.16
2910,5.28,35.86,100,10.8,120.92,1460,75,Air Leakage,0.83,14.29
2911,5.44,36.32,90,11.02,113.17,1460,75,Air Leakage,1.02,34.52
2912,5.42,36.06,100,10.83,119.07,1461,75,Air Leakage,1.18,27.75
2913,5.54,36.08,90,10.28,111.09,1461,75,Air Leakage,0.98,49.04
2914,5.1,36.27,100,10.83,123.04,1462,75,Air Leakage,1.06,5.11
2915,5.58,36.0,90,10.78,115.84,1462,75,Air Leakage,1.02,31.18
2916,5.58,35.78,100,10.29,111.29,1463,75,Air Leakage,1.18,46.8
2917,5.33,35.82,90,10.66,119.35,1463,75,Air Leakage,0.95,29.61
2918,5.35,35.81,100,10.2,117.17,1464,75,Air Leakage,1.02,26.7
2919,5.21,36.07,90,11.23,123.89,1464,75,Air Leakage,0.88,10.54
2920,5.49,36.34,100,10.29,117.16,1465,75,Air Leakage,0.81,45.04
2921,5.14,36.47,90,10.24,117.05,1465,75,Air Leakage,0.96,18.19
2922,5.15,36.55,100,10.89,121.23,1466,75,Air Leakage,1.03,15.47
2923,5.43,36.36,90,11.01,119.17,1466,75,Air Leakage,1.18,25.82
2924,5.42,36.32,100,11.19,118.71,1467,75,Air Leakage,0.98,21.38
2925,5.32,36.17,90,11.32,116.27,1467,75,Air Leakage,1.1,30.74
2926,5.57,36.23,100,10.42,115.45,1468,75,Air Leakage,1.14,36.78
2927,5.08,36.39,90,10.39,121.69,1468,75,Air Leakage,1.11,7.44
2928,5.2,36.17,100,11.05,122.51,1469,75,Air Leakage,0.97,13.19
2929,5.65,36.53,90,10.11,113.68,1469,75,Air Leakage,1.09,35.76
2930,5.37,36.4,100,10.38,122.14,1470,75,Air Leakage,1.09,15.38
2931,5.47,36.24,90,10.33,113.06,1470,75,Air Leakage,1.09,29.68
2932,5.38,36.03,100,10.51,118.71,1471,75,Air Leakage,1.07,14.83
2933,5.48,36.08,90,10.92,114.24,1471,75,Air Leakage,1.01,49.06
2934,5.46,35.82,100,10.91,112.67,1472,75,Air Leakage,0.99,48.23
2935,5.4,35.77,90,9.96,121.92,1472,75,Air Leakage,0.87,20.3
2936,5.78,35.92,100,10.49,113.09,1473,75,Air Leakage,0.89,44.47
2937,5.16,35.99,90,10.73,120.56,1473,75,Air Leakage,0.84,17.69
2938,5.21,35.98,100,10.81,124.09,1474,75,Air Leakage,0.89,6.78
2939,5.21,35.91,90,10.68,117.37,1474,75,Air Leakage,0.94,15.44
2940,5.28,35.97,100,10.7,120.46,1475,75,Air Leakage,0.82,15.3
2941,5.76,35.75,90,10.95,110.13,1475,75,Air Leakage,1.19,48.32
2942,5.37,36.05,100,10.98,124.17,1476,75,Air Leakage,1.08,8.06
2943,5.22,36.21,90,11.25,121.38,1476,75,Air Leakage,0.82,12.1
2944,5.49,36.09,100,10.67,110.96,1477,75,Air Leakage,0.9,48.37
2945,5.55,36.03,90,10.26,118.38,1477,75,Air Leakage,1.05,34.17
2946,5.39,35.66,100,11.13,119.58,1478,75,Air Leakage,1.08,22.09
2947,5.53,35.55,90,10.23,116.2,1478,75,Air Leakage,0.92,32.15
2948,5.47,35.5,100,10.52,114.23,1479,75,Air Leakage,1.09,41.81
2949,5.43,35.72,90,10.54,122.28,1479,75,Air Leakage,1.03,8.71
2950,5.65,35.91,100,11.16,117.53,1480,75,Air Leakage,0.99,28.04
2951,5.41,35.81,90,10.11,117.0,1480,75,Air Leakage,0.99,18.51
2952,5.21,36.15,100,10.13,122.3,1481,75,Air Leakage,0.97,10.42
2953,5.41,36.25,90,10.51,120.52,1481,75,Air Leakage,0.98,30.68
2954,5.47,36.25,100,10.91,114.18,1482,75,Air Leakage,0.87,27.43
2955,5.16,36.04,90,10.85,116.65,1482,75,Air Leakage,1.2,22.99
2956,5.38,36.17,100,11.27,118.09,1483,75,Air Leakage,1.02,30.07
2957,5.55,36.65,90,10.5,116.91,1483,75,Air Leakage,1.09,24.6
2958,5.42,36.4,100,11.22,114.34,1484,75,Air Leakage,1.09,44.87
2959,5.72,36.31,90,9.92,112.69,1484,75,Air Leakage,0.88,49.18
2960,5.47,36.19,100,11.07,121.34,1485,75,Air Leakage,1.15,12.68
2961,5.38,36.01,90,10.37,118.83,1485,75,Air Leakage,0.99,20.6
2962,5.66,36.06,100,11.14,114.6,1486,75,Air Leakage,1.16,32.01
2963,5.39,36.26,90,10.46,125.79,1486,75,Air Leakage,0.86,5.33
2964,5.38,35.92,100,11.17,121.79,1487,75,Air Leakage,0.99,22.23
2965,5.3,35.92,90,10.74,121.34,1487,75,Air Leakage,1.04,17.53
2966,5.71,35.83,100,11.08,115.36,1488,75,Air Leakage,1.08,45.33
2967,5.43,36.12,90,10.47,120.25,1488,75,Air Leakage,0.86,27.65
2968,5.25,36.15,100,10.61,122.13,1489,75,Air Leakage,0.95,18.2
2969,5.27,35.7,90,10.83,120.87,1489,75,Air Leakage,1.18,8.68
2970,5.4,35.78,100,10.48,114.73,1490,75,Air Leakage,1.07,42.79
2971,5.49,35.93,90,11.15,114.33,1490,75,Air Leakage,0.97,36.97
2972,5.31,35.89,100,10.33,120.49,1491,75,Air Leakage,0.98,13.31
2973,5.27,35.98,90,11.19,123.49,1491,75,Air Leakage,1.17,10.38
2974,5.47,36.31,100,10.49,119.41,1492,75,Air Leakage,1.08,34.81
2975,5.27,36.12,90,10.78,124.68,1492,75,Air Leakage,0.87,6.11
2976,5.33,35.72,100,11.32,117.55,1493,75,Air Leakage,0.86,31.35
2977,5.56,36.23,90,10.36,117.25,1493,75,Air Leakage,0.96,33.81
2978,5.4,36.17,100,10.54,119.6,1494,75,Air Leakage,1.02,21.49
2979,5.45,35.9,90,11.25,122.62,1494,75,Air Leakage,1.2,22.42
2980,5.57,35.82,100,10.8,113.33,1495,75,Air Leakage,0.84,40.72
2981,5.28,36.16,90,10.92,122.07,1495,75,Air Leakage,0.94,26.0
2982,5.39,36.49,100,10.5,118.71,1496,75,Air Leakage,1.08,30.26
2983,5.44,36.34,90,10.79,113.61,1496,75,Air Leakage,0.99,31.94
2984,5.49,36.01,100,10.34,118.79,1497,75,Air Leakage,1.11,28.86
2985,5.5,35.48,90,10.5,116.51,1497,75,Air Leakage,0.95,22.57
2986,5.52,35.47,100,11.2,117.12,1498,75,Air Leakage,0.82,25.28
2987,5.24,35.68,90,10.41,116.37,1498,75,Air Leakage,0.86,24.41
2988,5.42,35.82,100,10.29,121.75,1499,75,Air Leakage,1.0,17.9
2989,5.32,35.74,90,10.68,115.68,1499,75,Air Leakage,0.88,35.58
2990,5.56,35.58,100,10.16,114.49,1500,75,Air Leakage,1.18,35.74
2991,5.5,35.5,90,10.86,111.83,1500,75,Air Leakage,1.17,44.88
2992,5.49,35.55,100,9.99,117.44,1501,75,Air Leakage,0.89,31.16
2993,5.6,35.66,90,11.01,113.06,1501,75,Air Leakage,0.82,36.43
2994,5.48,35.83,100,10.36,117.75,1502,75,Air Leakage,0.94,36.21
2995,5.58,36.26,90,10.62,118.33,1502,75,Air Leakage,0.84,37.99
2996,5.8,36.18,100,11.05,111.43,1503,75,Air Leakage,1.16,47.76
2997,5.75,36.45,90,10.21,116.44,1503,75,Air Leakage,0.95,48.11
2998,5.31,36.51,100,10.5,119.57,1504,75,Air Leakage,1.05,30.86
2999,5.37,36.93,90,10.57,117.22,1504,75,Air Leakage,0.97,31.81
3000,5.5,36.62,100,10.88,120.21,1505,75,Air Leakage,0.94,31.95
3001,5.37,36.21,90,10.62,121.05,1505,75,Air Leakage,1.04,14.14
3002,5.61,36.16,100,10.17,112.93,1506,75,Air Leakage,1.06,42.37
3003,5.45,36.28,90,11.07,120.03,1506,75,Air Leakage,1.18,29.24
3004,5.36,36.12,100,10.79,118.38,1507,75,Air Leakage,0.88,30.9
3005,5.14,36.02,90,10.91,123.92,1507,75,Air Leakage,1.13,13.96
3006,5.37,36.34,100,11.01,123.01,1508,75,Air Leakage,0.83,15.87
3007,5.56,36.3,90,10.62,111.63,1508,75,Air Leakage,0.97,43.0
3008,5.37,36.46,100,11.09,119.83,1509,75,Air Leakage,1.11,28.64
3009,5.33,36.71,90,11.15,112.83,1509,75,Air Leakage,1.15,38.96
3010,5.66,36.24,100,10.79,110.44,1510,75,Air Leakage,0.87,45.76
3011,5.52,36.4,90,10.86,119.48,1510,75,Air Leakage,1.07,24.63
3012,5.77,36.36,100,10.59,110,1511,75,Air Leakage,0.99,49.79
3013,5.56,36.02,90,10.23,115.68,1511,75,Air Leakage,0.8,41.57
3014,5.78,35.85,100,10.73,112.1,1512,75,Air Leakage,0.95,44.89
3015,5.46,35.43,90,10.83,115.42,1512,75,Air Leakage,0.82,46.32
3016,5.49,35.58,100,10.3,113.89,1513,75,Air Leakage,1.06,46.75
3017,5.67,35.83,90,10.79,114.11,1513,75,Air Leakage,1.11,35.59
3018,5.56,36.07,100,10.86,115.88,1514,75,Air Leakage,0.87,34.12
3019,5.19,36.03,90,10.82,123.68,1514,75,Air Leakage,0.83,5.83
3020,5.72,35.87,100,11.06,114.02,1515,75,Air Leakage,1.08,39.61
3021,5.24,35.68,90,10.35,125.23,1515,75,Air Leakage,1.13,10.87
3022,5.47,36.21,100,11.17,112.94,1516,75,Air Leakage,0.96,48.23
3023,5.2,35.88,90,10.89,123.52,1516,75,Air Leakage,1.18,8.34
3024,5.54,35.81,100,11.08,115.66,1517,75,Air Leakage,1.07,46.41
3025,5.1,35.75,90,11.35,121.35,1517,75,Air Leakage,1.16,7.13
3026,5.53,35.58,100,10.72,121.0,1518,75,Air Leakage,0.96,24.95
3027,5.6,35.23,90,10.96,114.67,1518,75,Air Leakage,1.16,35.8
3028,5.49,35.2,100,10.27,111.05,1519,75,Air Leakage,1.18,42.99
3029,5.67,35.59,90,10.72,114.26,1519,75,Air Leakage,0.84,45.16
3030,5.53,35.37,100,10.91,117.98,1520,75,Air Leakage,1.07,24.93
3031,5.56,35.34,90,10.46,114.77,1520,75,Air Leakage,0.93,33.94
3032,5.58,35.46,100,10.11,114.27,1521,75,Air Leakage,0.84,46.24
3033,5.5,35.68,90,10.53,121.02,1521,75,Air Leakage,1.03,14.52
3034,5.27,35.94,100,11.05,122.22,1522,75,Air Leakage,0.93,19.61
3035,5.23,35.68,90,10.17,119.02,1522,75,Air Leakage,0.84,13.44
3036,5.2,35.63,100,10.48,122.17,1523,75,Air Leakage,1.18,7.98
3037,5.3,35.84,90,11.17,118.29,1523,75,Air Leakage,0.81,12.78
3038,5.65,35.96,100,10.98,120.95,1524,75,Air Leakage,1.15,31.32
3039,5.54,35.64,90,10.97,117.76,1524,75,Air Leakage,1.13,35.3
3040,5.38,36.01,100,10.75,122.05,1525,75,Air Leakage,0.98,21.56
3041,5.42,35.62,90,10.67,121.81,1525,75,Air Leakage,1.01,13.73
3042,5.47,35.31,100,10.83,116.01,1526,75,Air Leakage,0.81,33.43
3043,5.33,35.39,90,10.66,113.25,1526,75,Air Leakage,1.0,32.13
3044,5.3,35.15,100,10.88,117.59,1527,75,Air Leakage,0.9,23.85
3045,5.38,35.09,90,10.54,116.66,1527,75,Air Leakage,0.83,33.44
3046,5.17,35.39,100,10.27,117.6,1528,75,Air Leakage,0.97,16.37
3047,5.59,35.07,90,10.6,114.94,1528,75,Air Leakage,0.85,46.62
3048,5.21,35.08,100,10.86,121.09,1529,75,Air Leakage,1.09,5.74
3049,5.77,34.85,90,10.74,112.54,1529,75,Air Leakage,0.92,47.29
3050,5.34,34.89,100,10.43,116.36,1530,75,Air Leakage,0.96,30.92
3051,5.37,34.98,90,11.33,121.99,1530,75,Air Leakage,1.04,24.76
3052,5.44,34.75,100,10.82,116.53,1531,75,Air Leakage,0.99,33.95
3053,5.64,35.01,90,11.05,115.06,1531,75,Air Leakage,0.99,46.37
3054,5.21,35.52,100,10.95,120.52,1532,75,Air Leakage,0.81,23.93
3055,5.32,35.33,90,11.04,121.15,1532,75,Air Leakage,1.02,10.17
3056,5.36,35.52,100,10.89,118.76,1533,75,Air Leakage,1.12,15.37
3057,5.44,36.02,90,10.71,120.32,1533,75,Air Leakage,0.95,8.55
3058,5.47,35.77,100,10.47,122.39,1534,75,Air Leakage,1.17,19.18
3059,5.62,35.75,90,10.83,115.73,1534,75,Air Leakage,1.05,49.36
3060,5.4,35.82,100,10.41,116.85,1535,75,Air Leakage,0.97,26.43
3061,5.26,36.28,90,10.04,122.06,1535,75,Air Leakage,1.09,10.11
3062,5.55,36.01,100,11.06,115.38,1536,75,Air Leakage,1.06,22.37
3063,5.38,35.91,90,10.25,123.8,1536,75,Air Leakage,0.87,10.64
3064,5.27,35.69,100,11.19,122.1,1537,75,Air Leakage,0.83,15.71
3065,5.22,35.52,90,10.25,121.12,1537,75,Air Leakage,0.83,13.69
3066,5.21,35.71,100,10.93,120.61,1538,75,Air Leakage,0.91,19.34
3067,5.42,35.62,90,10.23,113.17,1538,75,Air Leakage,1.03,33.45
3068,5.68,35.38,100,10.6,114.44,1539,75,Air Leakage,0.91,49.47
3069,5.34,35.93,90,10.56,119.82,1539,75,Air Leakage,1.18,19.58
3070,5.52,35.78,100,10.62,118.39,1540,75,Air Leakage,1.05,25.27
3071,5.63,36.06,90,11.0,111.34,1540,75,Air Leakage,0.94,49.94
3072,5.49,36.37,100,10.95,110.67,1541,75,Air Leakage,1.15,44.07
3073,5.36,36.53,90,10.87,118.01,1541,75,Air Leakage,1.18,9.76
3074,5.4,36.44,100,10.61,122.71,1542,75,Air Leakage,1.01,13.95
3075,5.61,36.11,90,10.23,119.17,1542,75,Air Leakage,0.94,29.97
3076,5.77,36.28,100,10.28,116.06,1543,75,Air Leakage,1.1,43.66
3077,5.74,36.3,90,10.09,112.61,1543,75,Air Leakage,1.04,43.47
3078,5.67,36.44,100,10.91,112.11,1544,75,Air Leakage,0.84,36.21
3079,5.57,35.84,90,10.74,114.94,1544,75,Air Leakage,0.9,30.86
3080,5.2,36.07,100,10.32,122.68,1545,75,Air Leakage,0.89,19.64
3081,5.61,35.81,90,10.69,114.03,1545,75,Air Leakage,1.15,48.96
3082,5.55,35.56,100,10.75,114.81,1546,75,Air Leakage,1.02,43.98
3083,5.35,35.64,90,11.05,120.64,1546,75,Air Leakage,1.04,14.38
3084,5.48,35.49,100,10.86,121.84,1547,75,Air Leakage,1.15,20.47
3085,5.28,35.29,90,10.8,116.22,1547,75,Air Leakage,0.98,26.75
3086,5.35,35.05,100,11.17,117.87,1548,75,Air Leakage,1.17,13.42
3087,5.55,35.14,90,11.09,116.83,1548,75,Air Leakage,0.86,34.98
3088,5.41,34.8,100,10.92,116.95,1549,75,Air Leakage,1.11,40.56
3089,5.05,34.93,90,10.12,121.23,1549,75,Air Leakage,0.89,7.99
3090,5.37,34.81,100,10.16,119.66,1550,75,Air Leakage,0.86,10.63
3091,5.43,34.8,90,10.16,119.6,1550,75,Air Leakage,1.09,14.93
3092,5.63,35.25,100,10.42,115.41,1551,75,Air Leakage,0.97,33.64
3093,5.47,35.06,90,10.39,115.94,1551,75,Air Leakage,1.04,37.01
3094,5.17,34.68,100,11.12,121.59,1552,75,Air Leakage,1.02,12.66
3095,5.46,34.35,90,10.87,115.07,1552,75,Air Leakage,1.06,44.4
3096,5.44,34.71,100,11.24,115.77,1553,75,Air Leakage,0.99,40.81
3097,5.22,35.29,90,11.29,120.24,1553,75,Air Leakage,1.05,12.5
3098,5.21,35.53,100,10.84,118.45,1554,75,Air Leakage,0.94,23.59
3099,5.29,35.22,90,10.46,115.52,1554,75,Air Leakage,0.85,31.59
3100,5.36,34.87,100,10.7,116.85,1555,75,Air Leakage,0.92,25.55
3101,5.07,34.92,90,10.94,123.36,1555,75,Air Leakage,0.82,10.62
3102,5.5,35.22,100,11.0,116.39,1556,75,Air Leakage,1.04,25.03
3103,5.4,35.41,90,10.41,120.9,1556,75,Air Leakage,0.92,28.99
3104,5.5,35.24,100,11.26,115.13,1557,75,Air Leakage,1.04,38.72
3105,5.47,35.42,90,10.77,115.15,1557,75,Air Leakage,1.0,35.45
3106,5.52,35.99,100,11.3,114.56,1558,75,Air Leakage,1.11,30.99
3107,5.47,35.95,90,10.24,118.09,1558,75,Air Leakage,0.97,28.24
3108,5.69,35.77,100,10.03,113.74,1559,75,Air Leakage,0.98,32.09
3109,5.39,35.27,90,11.35,121.2,1559,75,Air Leakage,1.17,22.31
3110,5.31,35.46,100,10.13,118.87,1560,75,Air Leakage,0.91,21.92
3111,5.05,35.41,90,10.44,122.31,1560,75,Air Leakage,1.16,7.03
3112,5.46,35.42,100,10.99,112.86,1561,75,Air Leakage,0.82,43.05
3113,5.03,35.09,90,10.47,123.9,1561,75,Air Leakage,1.19,5.32
3114,5.12,35.6,100,10.66,125.88,1562,75,Air Leakage,1.12,5.83
3115,5.59,35.36,90,10.77,113.65,1562,75,Air Leakage,0.98,44.05
3116,5.52,35.17,100,10.77,114.08,1563,75,Air Leakage,0.97,45.54
3117,5.24,35.27,90,10.72,120.64,1563,75,Air Leakage,1.05,21.2
3118,5.46,35.09,100,10.95,122.56,1564,75,Air Leakage,1.16,12.05
3119,5.4,35.06,90,10.63,114.66,1564,75,Air Leakage,0.86,35.84
3120,5.4,35.29,100,10.45,117.84,1565,75,Air Leakage,1.16,23.24
3121,5.42,35.45,90,10.53,118.98,1565,75,Air Leakage,1.17,20.12
3122,5.52,35.54,100,10.77,123.68,1566,75,Air Leakage,1.15,21.57
3123,5.55,35.37,90,10.94,113.82,1566,75,Air Leakage,1.08,38.26
3124,5.16,35.29,100,10.21,119.74,1567,75,Air Leakage,1.04,11.11
3125,5.5,35.51,90,10.83,115.99,1567,75,Air Leakage,1.16,44.22
3126,5.66,35.59,100,10.73,116.56,1568,75,Air Leakage,0.81,39.61
3127,5.18,35.8,90,10.99,122.97,1568,75,Air Leakage,1.09,7.02
3128,5.73,35.59,100,10.45,116.26,1569,75,Air Leakage,1.02,47.36
3129,5.77,35.22,90,10.51,112.8,1569,75,Air Leakage,1.07,48.78
3130,5.37,35.26,100,10.48,114.54,1570,75,Air Leakage,1.16,32.77
3131,5.46,35.03,90,10.28,112.26,1570,75,Air Leakage,1.1,45.47
3132,5.34,34.85,100,10.58,116.49,1571,75,Air Leakage,1.0,39.82
3133,5.31,34.88,90,10.44,119.17,1571,75,Air Leakage,1.01,13.67
3134,5.5,35.23,100,10.82,120.4,1572,75,Air Leakage,0.87,19.79
3135,5.32,35.33,90,10.74,114.7,1572,75,Air Leakage,0.82,22.59
3136,5.33,35.68,100,11.1,118.11,1573,75,Air Leakage,0.96,14.26
3137,5.26,35.75,90,10.37,123.2,1573,75,Air Leakage,0.88,13.09
3138,5.51,35.85,100,10.91,114.45,1574,75,Air Leakage,1.11,46.47
3139,5.19,35.67,90,10.61,120.63,1574,75,Air Leakage,1.17,12.32
3140,5.1,35.77,100,10.26,122.11,1575,75,Air Leakage,1.13,10.88
3141,5.25,35.8,90,10.31,117.71,1575,75,Air Leakage,1.13,19.71
3142,5.5,35.82,100,11.33,117.12,1576,75,Air Leakage,0.89,28.57
3143,5.43,36.08,90,11.11,114.68,1576,75,Air Leakage,1.04,42.24
3144,5.46,35.99,100,11.13,120.24,1577,75,Air Leakage,0.9,17.66
3145,5.1,36.01,90,10.72,121.63,1577,75,Air Leakage,1.08,11.93
3146,5.61,36.09,100,10.49,115.05,1578,75,Air Leakage,1.09,41.33
3147,5.49,36.31,90,10.94,114.1,1578,75,Air Leakage,0.88,30.48
3148,5.4,36.37,100,11.12,118.94,1579,75,Air Leakage,0.95,19.04
3149,5.53,36.19,90,10.2,115.99,1579,75,Air Leakage,1.07,29.27
3150,5.62,36.18,100,11.06,117.39,1580,75,Air Leakage,1.08,35.2
3151,5.38,36.49,90,10.46,116.88,1580,75,Air Leakage,0.89,19.84
3152,5.58,36.15,100,11.07,114.16,1581,75,Air Leakage,1.07,38.83
3153,5.24,36.18,90,10.02,120.01,1581,75,Air Leakage,1.16,10.48
3154,5.05,36.3,100,11.05,124.37,1582,75,Air Leakage,1.07,10.3
3155,5.33,35.94,90,10.71,117.11,1582,75,Air Leakage,0.96,23.01
3156,5.33,36.31,100,10.66,120.8,1583,75,Air Leakage,0.86,19.43
3157,5.46,35.74,90,10.69,113.51,1583,75,Air Leakage,1.02,36.16
3158,5.38,35.89,100,11.06,117.98,1584,75,Air Leakage,0.93,30.12
3159,5.21,35.83,90,10.66,121.03,1584,75,Air Leakage,1.18,19.2
3160,5.46,35.85,100,10.37,121.08,1585,75,Air Leakage,1.16,21.22
3161,5.29,35.95,90,10.59,119.84,1585,75,Air Leakage,1.08,16.79
3162,5.42,35.61,100,10.99,115.11,1586,75,Air Leakage,1.19,25.66
3163,5.28,35.57,90,11.14,118.13,1586,75,Air Leakage,0.99,22.52
3164,5.71,35.35,100,10.68,112.47,1587,75,Air Leakage,0.84,49.66
3165,5.68,35.71,90,10.85,115.54,1587,75,Air Leakage,1.1,31.18
3166,5.56,35.91,100,10.46,112.78,1588,75,Air Leakage,1.06,46.7
3167,5.29,36.05,90,10.86,120.26,1588,75,Air Leakage,0.84,18.92
3168,5.28,35.89,100,10.99,120.92,1589,75,Air Leakage,1.17,15.72
3169,5.38,35.82,90,9.96,124.16,1589,75,Air Leakage,1.2,10.19
3170,5.58,36.13,100,10.3,117.48,1590,75,Air Leakage,0.88,27.12
3171,5.41,35.88,90,10.49,119.41,1590,75,Air Leakage,0.99,19.28
3172,5.3,36.12,100,10.7,120.4,1591,75,Air Leakage,1.19,16.33
3173,5.53,36.03,90,10.42,116.16,1591,75,Air Leakage,1.2,26.42
3174,5.53,35.79,100,11.18,120.01,1592,75,Air Leakage,1.06,33.36
3175,5.33,35.73,90,10.78,121.04,1592,75,Air Leakage,0.84,21.42
3176,5.42,36.0,100,10.09,114.88,1593,75,Air Leakage,0.96,49.31
3177,5.34,36.02,90,11.05,119.49,1593,75,Air Leakage,0.9,23.47
3178,5.57,36.11,100,10.77,115.46,1594,75,Air Leakage,1.11,39.48
3179,5.49,35.94,90,10.41,116.67,1594,75,Air Leakage,1.13,42.71
3180,5.32,36.1,100,10.44,117.38,1595,75,Air Leakage,0.96,25.71
3181,5.16,35.69,90,10.68,121.87,1595,75,Air Leakage,1.02,5.69
3182,5.56,35.92,100,11.06,110.06,1596,75,Air Leakage,1.13,49.64
3183,5.52,36.07,90,10.68,118.99,1596,75,Air Leakage,1.02,32.83
3184,5.72,35.99,100,10.52,116.82,1597,75,Air Leakage,0.97,37.5
3185,5.23,36.29,90,10.61,125.13,1597,75,Air Leakage,1.17,12.56
3186,5.37,36.06,100,10.44,118.76,1598,75,Air Leakage,1.08,12.24
3187,5.29,35.6,90,10.71,121.69,1598,75,Air Leakage,0.98,5.33
3188,5.17,35.65,100,10.3,121.88,1599,75,Air Leakage,0.98,10.13
3189,5.63,35.7,90,10.46,114.93,1599,75,Air Leakage,0.98,43.38
3190,5.48,35.81,100,10.68,113.11,1600,75,Air Leakage,1.11,35.35
3191,5.42,35.47,90,10.48,117.61,1600,75,Air Leakage,1.06,23.51
3192,5.68,35.39,100,10.89,117.9,1601,75,Air Leakage,1.02,34.06
3193,5.52,35.04,90,10.79,112.11,1601,75,Air Leakage,1.19,43.29
3194,5.32,34.88,100,11.02,115.71,1602,75,Air Leakage,1.06,21.17
3195,5.45,34.86,90,10.82,120.27,1602,75,Air Leakage,1.01,29.05
3196,5.27,34.71,100,10.51,117.0,1603,75,Air Leakage,0.83,20.91
3197,5.37,34.56,90,10.93,118.73,1603,75,Air Leakage,0.91,19.69
3198,5.36,34.51,100,10.3,117.73,1604,75,Air Leakage,1.01,25.81
3199,5.4,34.45,90,11.24,118.12,1604,75,Air Leakage,0.85,24.71
3200,5.67,34.59,100,10.63,110.55,1605,75,Air Leakage,1.19,49.67
3201,5.34,34.79,90,10.8,120.25,1605,75,Air Leakage,1.06,31.12
3202,5.49,34.75,100,10.84,116.16,1606,75,Air Leakage,1.11,23.24
3203,5.39,35.09,90,10.51,115.58,1606,75,Air Leakage,1.1,38.07
3204,5.43,35.36,100,10.09,117.03,1607,75,Air Leakage,0.94,30.15
3205,5.31,35.17,90,10.05,120.94,1607,75,Air Leakage,1.14,24.6
3206,5.15,35.2,100,10.73,118.34,1608,75,Air Leakage,0.97,18.7
3207,5.3,35.08,90,10.85,123.36,1608,75,Air Leakage,0.99,9.3
3208,5.39,35.05,100,10.33,117.32,1609,75,Air Leakage,1.15,32.23
3209,5.63,35.37,90,10.85,113.67,1609,75,Air Leakage,1.18,43.13
3210,5.3,35.48,100,10.67,118.69,1610,75,Air Leakage,1.19,22.8
3211,5.16,35.67,90,11.03,119.66,1610,75,Air Leakage,1.08,18.99
3212,5.4,35.9,100,10.26,111.57,1611,75,Air Leakage,0.9,37.51
3213,5.2,35.91,90,11.04,123.41,1611,75,Air Leakage,0.86,9.63
3214,5.53,35.75,100,10.57,123.68,1612,75,Air Leakage,0.82,16.88
3215,5.34,35.89,90,10.81,119.7,1612,75,Air Leakage,0.92,9.77
3216,5.43,35.51,100,11.04,124.22,1613,75,Air Leakage,0.81,15.16
3217,5.58,35.61,90,10.88,115.47,1613,75,Air Leakage,0.87,38.54
3218,5.45,35.86,100,10.44,112.59,1614,75,Air Leakage,1.0,43.34
3219,5.21,36.21,90,10.69,121.79,1614,75,Air Leakage,0.99,13.61
3220,5.5,36.42,100,11.14,118.67,1615,75,Air Leakage,0.98,36.61
3221,5.51,36.55,90,11.14,118.0,1615,75,Air Leakage,1.0,28.99
3222,5.47,36.78,100,10.78,115.52,1616,75,Air Leakage,0.87,37.68
3223,5.24,36.86,90,10.79,122.6,1616,75,Air Leakage,1.14,6.1
3224,5.22,37.04,100,10.21,123.82,1617,75,Air Leakage,1.19,7.19
3225,5.49,37.4,90,10.64,122.92,1617,75,Air Leakage,1.1,14.9
3226,5.53,37.21,100,10.61,110.82,1618,75,Air Leakage,0.95,49.15
3227,5.7,37.37,90,11.46,114.54,1618,75,Air Leakage,0.96,42.92
3228,5.58,37.25,100,10.65,115.62,1619,75,Air Leakage,0.83,39.08
3229,5.55,37.02,90,10.77,114.57,1619,75,Air Leakage,0.82,45.57
3230,5.36,36.8,100,10.32,122.3,1620,75,Air Leakage,1.02,6.91
3231,5.45,36.56,90,11.4,119.19,1620,75,Air Leakage,0.92,23.91
3232,5.43,36.64,100,10.1,123.28,1621,75,Air Leakage,0.93,7.45
3233,5.26,36.23,90,11.02,119.75,1621,75,Air Leakage,1.02,5.66
3234,5.28,36.03,100,10.44,118.58,1622,75,Air Leakage,1.14,21.7
3235,5.3,36.18,90,10.84,117.53,1622,75,Air Leakage,1.1,14.21
3236,5.53,35.91,100,10.62,117.46,1623,75,Air Leakage,1.1,42.01
3237,5.35,36.04,90,10.72,118.99,1623,75,Air Leakage,1.15,13.49
3238,5.25,35.87,100,10.22,113.91,1624,75,Air Leakage,1.14,29.22
3239,5.25,35.55,90,10.51,122.51,1624,75,Air Leakage,1.04,12.2
3240,5.2,35.54,100,11.17,122.58,1625,75,Air Leakage,1.09,12.78
3241,5.53,35.81,90,10.44,117.29,1625,75,Air Leakage,0.86,37.44
3242,5.73,35.67,100,10.27,113.33,1626,75,Air Leakage,1.16,47.07
3243,5.66,35.94,90,10.55,114.34,1626,75,Air Leakage,1.05,42.28
3244,5.64,35.74,100,11.0,114.17,1627,75,Air Leakage,0.95,44.02
3245,5.32,35.8,90,11.17,122.21,1627,75,Air Leakage,0.93,22.19
3246,5.65,35.53,100,11.32,111.4,1628,75,Air Leakage,0.99,45.78
3247,5.58,35.74,90,10.75,115.83,1628,75,Air Leakage,0.94,39.45
3248,5.4,35.83,100,10.58,119.02,1629,75,Air Leakage,1.09,23.47
3249,5.6,35.89,90,10.92,117.68,1629,75,Air Leakage,1.07,40.86
3250,5.28,35.65,100,10.55,121.81,1630,75,Air Leakage,1.08,20.66
3251,5.32,35.27,90,11.01,121.25,1630,75,Air Leakage,1.14,25.66
3252,5.64,35.16,100,10.26,112.88,1631,75,Air Leakage,0.96,32.75
3253,5.37,35.07,90,10.75,123.78,1631,75,Air Leakage,1.0,13.44
3254,5.79,35.43,100,10.28,114.4,1632,75,Air Leakage,0.85,43.77
3255,5.79,35.65,90,11.32,110.98,1632,75,Air Leakage,1.18,49.18
3256,5.09,35.46,100,10.54,125.06,1633,75,Air Leakage,0.91,5.66
3257,5.25,34.99,90,10.82,120.16,1633,75,Air Leakage,0.92,22.75
3258,5.41,34.83,100,10.78,117.69,1634,75,Air Leakage,1.07,29.89
3259,5.78,35.3,90,10.68,113.94,1634,75,Air Leakage,0.86,44.94
3260,5.04,35.7,100,11.24,123.9,1635,75,Air Leakage,0.93,7.48
3261,5.73,35.96,90,10.92,112.85,1635,75,Air Leakage,1.11,45.84
3262,5.54,35.76,100,10.9,117.93,1636,75,Air Leakage,1.0,25.34
3263,5.24,36.25,90,10.34,119.94,1636,75,Air Leakage,0.88,13.94
3264,5.47,36.21,100,11.39,117.94,1637,75,Air Leakage,0.95,28.38
3265,5.49,36.08,90,10.35,119.91,1637,75,Air Leakage,1.07,27.73
3266,5.43,35.98,100,10.79,122.27,1638,75,Air Leakage,0.92,24.78
3267,5.29,35.77,90,10.73,118.19,1638,75,Air Leakage,0.82,29.24
3268,5.36,36.28,100,10.07,114.06,1639,75,Air Leakage,1.08,37.09
3269,5.31,36.3,90,10.58,123.24,1639,75,Air Leakage,1.02,7.82
3270,5.57,36.17,100,10.56,116.33,1640,75,Air Leakage,1.05,32.89
3271,5.6,35.83,90,10.72,118.11,1640,75,Air Leakage,0.95,22.1
3272,5.52,35.79,100,10.48,112.9,1641,75,Air Leakage,1.08,49.9
3273,5.52,35.75,90,10.27,121.75,1641,75,Air Leakage,0.89,21.14
3274,5.5,35.48,100,10.59,119.05,1642,75,Air Leakage,1.18,37.67
3275,5.26,35.22,90,11.24,119.18,1642,75,Air Leakage,0.94,24.59
3276,5.24,35.03,100,11.07,118.51,1643,75,Air Leakage,0.88,14.95
3277,5.41,35.37,90,10.98,120.67,1643,75,Air Leakage,0.88,22.04
3278,5.44,35.65,100,10.55,115.9,1644,75,Air Leakage,0.9,38.96
3279,5.24,35.95,90,10.88,124.22,1644,75,Air Leakage,1.04,16.34
3280,5.53,35.75,100,10.48,119.29,1645,75,Air Leakage,1.05,29.77
3281,5.19,35.8,90,10.44,119.88,1645,75,Air Leakage,1.1,23.6
3282,5.49,35.67,100,11.29,110,1646,75,Air Leakage,0.89,48.51
3283,5.61,36.26,90,10.48,116.59,1646,75,Air Leakage,0.92,37.84
3284,5.32,36.58,100,10.78,115.14,1647,75,Air Leakage,0.93,36.96
3285,5.6,37.02,90,11.09,112.47,1647,75,Air Leakage,1.03,49.33
3286,5.49,37.18,100,10.89,117.68,1648,75,Air Leakage,1.04,28.75
3287,5.37,36.96,90,11.19,117.28,1648,75,Air Leakage,0.88,29.12
3288,5.02,36.5,100,10.65,123.63,1649,75,Air Leakage,1.09,7.82
3289,5.64,36.44,90,10.33,112.69,1649,75,Air Leakage,1.08,49.75
3290,5.21,36.39,100,10.82,117.97,1650,75,Air Leakage,1.0,17.4
3291,5.19,36.45,90,11.11,119.91,1650,75,Air Leakage,1.1,5.42
3292,5.55,36.21,100,10.9,116.76,1651,75,Air Leakage,1.09,31.57
3293,5.39,36.42,90,10.03,118.63,1651,75,Air Leakage,0.98,20.87
3294,5.29,36.45,100,10.63,124.32,1652,75,Air Leakage,0.93,13.69
3295,5.47,36.32,90,10.75,118.5,1652,75,Air Leakage,1.09,27.29
3296,5.45,36.24,100,10.49,111.81,1653,75,Air Leakage,1.09,37.44
3297,5.46,36.2,90,10.54,120.63,1653,75,Air Leakage,1.07,15.03
3298,5.32,36.25,100,10.45,119.78,1654,75,Air Leakage,1.05,18.86
3299,5.46,36.4,90,10.59,122.41,1654,75,Air Leakage,1.0,13.65
3300,5.12,36.36,100,10.93,124.46,1655,75,Air Leakage,1.12,12.71
3301,5.18,36.52,90,10.95,122.23,1655,75,Air Leakage,1.03,13.4
3302,5.32,36.81,100,11.24,120.3,1656,75,Air Leakage,1.08,8.86
3303,5.46,36.6,90,10.74,119.34,1656,75,Air Leakage,0.88,24.8
3304,5.31,36.6,100,10.74,123.13,1657,75,Air Leakage,0.84,16.89
3305,5.7,36.86,90,10.44,115.59,1657,75,Air Leakage,0.88,44.68
3306,5.5,36.8,100,10.52,120.06,1658,75,Air Leakage,1.16,18.44
3307,5.64,36.84,90,10.62,112.79,1658,75,Air Leakage,1.04,45.41
3308,5.24,37.16,100,11.16,116.71,1659,75,Air Leakage,0.86,26.96
3309,5.44,36.69,90,10.04,118.45,1659,75,Air Leakage,0.98,33.2
3310,5.17,36.61,100,11.35,123.8,1660,75,Air Leakage,1.09,10.9
3311,5.29,36.6,90,11.29,119.38,1660,75,Air Leakage,0.83,23.27
3312,5.42,36.43,100,10.95,113.7,1661,75,Air Leakage,0.84,45.12
3313,5.43,35.84,90,11.22,113.0,1661,75,Air Leakage,1.04,41.51
3314,5.27,36.22,100,10.01,123.58,1662,75,Air Leakage,1.18,8.47
3315,5.12,35.84,90,10.89,123.23,1662,75,Air Leakage,1.15,10.64
3316,5.31,36.28,100,10.46,116.86,1663,75,Air Leakage,0.87,38.26
3317,5.65,36.37,90,11.05,115.74,1663,75,Air Leakage,0.85,43.81
3318,5.52,36.55,100,10.59,120.53,1664,75,Air Leakage,0.86,23.58
3319,5.39,36.96,90,10.69,117.58,1664,75,Air Leakage,0.81,23.78
3320,5.62,36.68,100,11.23,114.74,1665,75,Air Leakage,1.03,39.47
3321,5.68,36.64,90,11.31,114.18,1665,75,Air Leakage,0.88,43.24
3322,5.34,36.19,100,11.17,120.37,1666,75,Air Leakage,0.91,10.1
3323,5.38,36.61,90,11.11,120.02,1666,75,Air Leakage,0.97,16.93
3324,5.55,36.67,100,10.95,114.49,1667,75,Air Leakage,1.18,48.28
3325,5.4,36.51,90,10.66,121.86,1667,75,Air Leakage,1.12,13.06
3326,5.63,36.22,100,11.15,118.16,1668,75,Air Leakage,1.06,28.78
3327,5.21,35.77,90,10.52,123.0,1668,75,Air Leakage,1.1,5.93
3328,5.25,36.11,100,10.92,121.83,1669,75,Air Leakage,0.94,11.22
3329,5.45,35.99,90,11.36,121.67,1669,75,Air Leakage,1.18,20.23
3330,5.37,36.21,100,11.17,120.88,1670,75,Air Leakage,1.18,29.99
3331,5.45,36.41,90,10.41,114.78,1670,75,Air Leakage,1.1,40.2
3332,5.58,36.46,100,11.02,115.62,1671,75,Air Leakage,1.18,44.63
3333,5.44,36.44,90,11.03,117.21,1671,75,Air Leakage,1.14,30.73
3334,5.64,36.07,100,10.34,116.62,1672,75,Air Leakage,0.99,27.36
3335,5.47,36.08,90,10.88,114.4,1672,75,Air Leakage,1.17,28.77
3336,5.56,36.21,100,10.43,122.66,1673,75,Air Leakage,1.13,19.09
3337,5.69,36.35,90,10.63,113.31,1673,75,Air Leakage,1.14,47.14
3338,5.71,36.73,100,10.47,113.79,1674,75,Air Leakage,0.83,45.46
3339,5.33,36.68,90,11.12,119.72,1674,75,Air Leakage,0.89,14.7
3340,5.5,36.62,100,10.07,118.69,1675,75,Air Leakage,0.91,20.27
3341,5.32,36.77,90,10.84,124.77,1675,75,Air Leakage,1.2,10.29
3342,5.67,36.59,100,11.1,116.38,1676,75,Air Leakage,1.15,46.76
3343,5.33,36.86,90,11.15,121.2,1676,75,Air Leakage,0.95,10.71
3344,5.47,36.86,100,10.42,118.61,1677,75,Air Leakage,1.14,26.31
3345,5.45,36.82,90,10.81,120.01,1677,75,Air Leakage,0.9,19.24
3346,5.22,36.22,100,10.78,118.81,1678,75,Air Leakage,0.96,23.42
3347,5.53,36.15,90,11.01,114.53,1678,75,Air Leakage,1.2,29.16
3348,5.44,36.13,100,10.82,112.17,1679,75,Air Leakage,1.2,48.7
3349,5.33,36.28,90,10.02,121.94,1679,75,Air Leakage,1.08,18.58
3350,5.28,36.43,100,10.06,122.12,1680,75,Air Leakage,0.96,25.08
3351,5.2,36.71,90,11.31,120.33,1680,75,Air Leakage,0.99,12.79
3352,5.59,37.05,100,10.72,113.81,1681,75,Air Leakage,1.09,27.55
3353,5.6,37.17,90,10.88,114.57,1681,75,Air Leakage,1.05,36.4
3354,5.18,37.34,100,10.27,124.11,1682,75,Air Leakage,0.82,12.94
3355,5.36,36.83,90,11.13,118.95,1682,75,Air Leakage,1.11,12.36
3356,5.18,36.86,100,10.86,124.94,1683,75,Air Leakage,1.11,6.01
3357,5.23,36.56,90,10.55,119.64,1683,75,Air Leakage,1.09,6.21
3358,5.43,36.6,100,11.33,121.04,1684,75,Air Leakage,1.16,28.21
3359,5.5,36.69,90,10.31,120.18,1684,75,Air Leakage,1.09,22.92
3360,5.2,36.48,100,10.53,122.7,1685,75,Air Leakage,1.07,7.16
3361,5.06,36.39,90,10.55,123.6,1685,75,Air Leakage,1.09,6.43
3362,5.41,36.55,100,10.94,115.81,1686,75,Air Leakage,0.86,31.91
3363,5.42,36.34,90,10.4,114.95,1686,75,Air Leakage,1.16,38.6
3364,5.43,36.55,100,10.27,120.11,1687,75,Air Leakage,0.85,9.81
3365,5.23,36.36,90,10.56,123.2,1687,75,Air Leakage,0.86,12.14
3366,5.59,35.91,100,10.05,118.63,1688,75,Air Leakage,0.97,26.41
3367,5.34,35.61,90,10.84,117.74,1688,75,Air Leakage,1.19,21.59
3368,5.42,35.28,100,10.53,119.4,1689,75,Air Leakage,1.14,28.64
3369,5.7,35.41,90,10.3,118.1,1689,75,Air Leakage,1.12,40.08
3370,5.17,35.41,100,10.35,123.09,1690,75,Air Leakage,1.15,8.32
3371,5.62,35.42,90,10.24,111.27,1690,75,Air Leakage,1.11,48.43
3372,5.22,35.32,100,10.68,116.91,1691,75,Air Leakage,1.15,22.17
3373,5.53,35.31,90,10.99,117.53,1691,75,Air Leakage,1.2,22.67
3374,5.17,35.17,100,10.22,119.25,1692,75,Air Leakage,1.0,19.42
3375,5.37,35.54,90,10.7,123.83,1692,75,Air Leakage,1.08,8.85
3376,5.07,35.39,100,10.55,122.27,1693,75,Air Leakage,0.97,10.67
3377,5.51,35.49,90,10.41,111.25,1693,75,Air Leakage,0.89,45.24
3378,5.21,35.29,100,10.59,118.67,1694,75,Air Leakage,0.96,18.43
3379,5.73,35.56,90,10.85,114.21,1694,75,Air Leakage,1.17,47.01
3380,5.11,35.37,100,10.53,123.47,1695,75,Air Leakage,0.95,7.86
3381,5.71,35.69,90,10.95,112.96,1695,75,Air Leakage,1.17,43.88
3382,5.43,35.96,100,10.53,115.24,1696,75,Air Leakage,0.82,24.17
3383,5.31,35.75,90,10.36,119.98,1696,75,Air Leakage,1.15,19.74
3384,5.37,36.02,100,11.0,124.62,1697,75,Air Leakage,1.05,10.54
3385,5.27,36.13,90,10.94,122.32,1697,75,Air Leakage,1.17,5.11
3386,5.3,36.28,100,10.81,115.13,1698,75,Air Leakage,0.97,31.77
3387,5.5,36.38,90,11.43,112.29,1698,75,Air Leakage,1.01,45.85
3388,5.5,36.15,100,10.01,120.16,1699,75,Air Leakage,0.84,28.14
3389,5.68,36.07,90,11.12,114.36,1699,75,Air Leakage,0.85,32.73
3390,5.47,35.9,100,10.55,118.75,1700,75,Air Leakage,0.86,38.02
3391,5.24,35.88,90,10.41,125.48,1700,75,Air Leakage,1.05,5.54
3392,5.0,36.04,100,9.92,114.65,1701,74.96,Pressure Drop,1.01,8.82
3393,5.0,35.97,90,9.31,121.66,1701,74.91,Pressure Drop,1.86,5.11
3394,5.14,35.52,100,9.01,115.45,1702,74.85,Pressure Drop,1.99,38.77
3395,5.07,35.87,90,9.13,118.91,1702,74.8,Pressure Drop,1.61,19.1
3396,5.0,36.09,100,9.4,121.57,1703,74.75,Pressure Drop,1.27,9.82
3397,5.16,35.76,90,9.63,110,1703,74.69,Pressure Drop,1.73,40.33
3398,5.02,36.16,100,9.45,115.52,1704,74.64,Pressure Drop,1.64,30.79
3399,5.16,36.55,90,10.12,114.25,1704,74.59,Pressure Drop,1.87,40.94
3400,5.06,36.83,100,9.27,116.29,1705,74.53,Pressure Drop,1.14,29.01
3401,5.0,36.71,90,9.09,119.68,1705,74.47,Pressure Drop,1.38,5.21
3402,5.0,36.89,100,9.24,118.72,1706,74.42,Pressure Drop,1.16,15.23
3403,5.0,36.41,90,9.47,118.23,1706,74.34,Pressure Drop,1.13,11.13
3404,5.11,36.14,100,9.49,111.37,1707,74.26,Pressure Drop,1.7,47.78
3405,5.02,36.55,90,9.74,116.3,1707,74.19,Pressure Drop,1.86,14.85
3406,5.22,36.81,100,10.0,110,1708,74.14,Pressure Drop,1.06,44.18
3407,5.32,36.04,90,9.92,112.71,1708,74.08,Pressure Drop,1.19,39.91
3408,5.14,35.43,100,8.97,116.45,1709,74.01,Pressure Drop,1.2,22.09
3409,5.09,36.06,90,9.32,115.03,1709,73.94,Pressure Drop,1.85,29.86
3410,5.0,36.28,100,9.52,119.94,1710,73.88,Pressure Drop,1.59,12.63
3411,5.05,36.71,90,9.8,110,1710,73.81,Pressure Drop,1.45,42.67
3412,5.25,36.05,100,9.06,112.1,1711,73.74,Pressure Drop,1.8,39.41
3413,5.13,36.06,90,9.23,113.07,1711,73.67,Pressure Drop,1.05,39.52
3414,5.0,36.16,100,10.02,119.68,1712,73.61,Pressure Drop,1.19,15.13
3415,5.14,35.79,90,9.74,118.36,1712,73.53,Pressure Drop,1.97,15.91
3416,5.24,35.76,100,9.46,111.91,1713,73.45,Pressure Drop,1.98,49.95
3417,5.41,35.54,90,8.97,111.31,1713,73.39,Pressure Drop,1.41,46.36
3418,5.0,35.22,100,9.03,118.27,1714,73.33,Pressure Drop,1.14,13.06
3419,5.0,35.5,90,9.92,121.83,1714,73.28,Pressure Drop,1.7,5.41
3420,5.0,36.13,100,9.28,114.33,1715,73.21,Pressure Drop,1.3,19.41
3421,5.07,36.62,90,9.64,110,1715,73.14,Pressure Drop,2.0,40.16
3422,5.13,36.94,100,9.5,120.11,1716,73.09,Pressure Drop,1.25,11.53
3423,5.0,36.71,90,9.64,117.05,1716,73.02,Pressure Drop,1.95,26.99
3424,5.18,37.14,100,9.01,115.49,1717,72.98,Pressure Drop,1.09,20.32
3425,5.0,36.96,90,9.72,117.19,1717,72.91,Pressure Drop,1.97,9.32
3426,5.0,36.64,100,9.41,116.07,1718,72.83,Pressure Drop,1.22,33.13
3427,5.48,36.9,90,9.43,112.69,1718,72.76,Pressure Drop,1.5,41.55
3428,5.04,37.11,100,9.21,112.2,1719,72.68,Pressure Drop,1.76,28.4
3429,5.05,37.25,90,9.56,117.74,1719,72.62,Pressure Drop,1.52,10.63
3430,5.12,36.87,100,9.73,112.33,1720,72.55,Pressure Drop,1.54,21.36
3431,5.01,37.01,90,9.53,120.51,1720,72.47,Pressure Drop,1.48,14.11
3432,5.17,36.95,100,9.5,115.17,1721,72.4,Pressure Drop,1.5,12.66
3433,5.14,36.54,90,9.73,113.07,1721,72.36,Pressure Drop,1.91,41.39
3434,5.0,37.02,100,8.88,114.72,1722,72.31,Pressure Drop,1.75,15.17
3435,5.21,37.17,90,9.36,115.86,1722,72.25,Pressure Drop,1.83,21.19
3436,5.0,36.59,100,9.12,117.09,1723,72.2,Pressure Drop,1.04,8.76
3437,5.0,36.93,90,9.84,116.33,1723,72.13,Pressure Drop,1.53,18.37
3438,5.0,36.44,100,10.0,113.6,1724,72.09,Pressure Drop,1.61,27.14
3439,5.1,36.32,90,9.14,112.22,1724,72.01,Pressure Drop,1.31,28.45
3440,5.17,36.5,100,9.72,118.33,1725,71.95,Pressure Drop,1.34,16.9
3441,5.01,36.65,90,9.05,118.18,1725,71.88,Pressure Drop,1.59,19.92
3442,5.01,37.35,100,10.09,117.69,1726,71.8,Pressure Drop,1.66,18.68
3443,5.0,36.89,90,9.93,117.75,1726,71.74,Pressure Drop,1.04,12.18
3444,5.2,36.99,100,9.65,110,1727,71.67,Pressure Drop,1.88,40.23
3445,5.2,37.12,90,9.65,110,1727,71.59,Pressure Drop,1.08,49.8
3446,5.1,37.07,100,8.99,115.26,1728,71.51,Pressure Drop,1.49,25.11
3447,5.43,37.18,90,10.11,110,1728,71.44,Pressure Drop,1.09,47.81
3448,5.21,37.1,100,9.89,113.85,1729,71.39,Pressure Drop,1.4,31.57
3449,5.35,37.02,90,9.2,110,1729,71.31,Pressure Drop,1.21,47.85
3450,5.0,36.68,100,9.38,114.56,1730,71.25,Pressure Drop,1.22,6.5
3451,5.0,36.4,90,8.87,116.3,1730,71.17,Pressure Drop,1.28,13.42
3452,5.24,35.79,100,9.4,110.56,1731,71.12,Pressure Drop,1.11,44.84
3453,5.17,35.82,90,10.09,110.18,1731,71.05,Pressure Drop,1.75,49.71
3454,5.0,36.15,100,9.0,119.18,1732,70.98,Pressure Drop,1.7,5.4
3455,5.03,36.3,90,9.8,113.52,1732,70.93,Pressure Drop,1.21,21.6
3456,5.0,36.54,100,10.0,120.77,1733,70.88,Pressure Drop,1.62,15.0
3457,5.0,36.9,90,9.16,114.79,1733,70.8,Pressure Drop,1.86,26.73
3458,5.03,37.21,100,9.9,112.11,1734,70.73,Pressure Drop,1.13,25.96
3459,5.36,37.14,90,10.08,116.35,1734,70.66,Pressure Drop,1.41,28.77
3460,5.04,36.42,100,8.91,115.21,1735,70.59,Pressure Drop,1.87,15.91
3461,5.29,36.08,90,9.76,110.48,1735,70.53,Pressure Drop,1.23,48.89
3462,5.4,36.39,100,9.62,112.63,1736,70.49,Pressure Drop,1.96,47.06
3463,5.0,36.37,90,9.33,116.65,1736,70.45,Pressure Drop,1.81,13.75
3464,5.0,36.42,100,9.58,116.69,1737,70.38,Pressure Drop,1.42,19.88
3465,5.0,36.11,90,9.32,117.67,1737,70.33,Pressure Drop,1.56,11.39
3466,5.41,36.42,100,9.78,112.51,1738,70.25,Pressure Drop,1.92,35.62
3467,5.12,36.69,90,9.46,111.86,1738,70.19,Pressure Drop,1.13,34.59
3468,5.0,36.45,100,9.22,116.53,1739,70.14,Pressure Drop,1.13,21.34
3469,5.0,36.19,90,9.03,120.56,1739,70.09,Pressure Drop,1.66,5.68
3470,5.0,36.07,100,10.04,112.69,1740,70.01,Pressure Drop,1.36,38.38
3471,5.05,36.47,90,9.56,110,1740,69.93,Pressure Drop,1.02,44.52
3472,5.0,36.21,100,9.19,116.8,1741,69.87,Pressure Drop,1.75,12.01
3473,5.03,35.38,90,9.63,115.46,1741,69.8,Pressure Drop,1.63,22.03
3474,5.35,35.01,100,9.08,110,1742,69.75,Pressure Drop,1.56,44.17
3475,5.0,35.62,90,9.23,120.74,1742,69.7,Pressure Drop,1.18,5.41
3476,5.0,35.34,100,9.14,115.63,1743,69.63,Pressure Drop,1.28,25.0
3477,5.0,34.95,90,9.59,116.57,1743,69.58,Pressure Drop,1.84,34.48
3478,5.13,34.9,100,9.23,118.16,1744,69.51,Pressure Drop,1.63,22.08
3479,5.43,34.8,90,9.68,110,1744,69.47,Pressure Drop,1.93,45.44
3480,5.13,35.82,100,9.05,113.64,1745,69.43,Pressure Drop,1.52,30.1
3481,5.15,35.88,90,9.36,112.71,1745,69.35,Pressure Drop,1.47,28.77
3482,5.1,35.74,100,9.18,119.11,1746,69.31,Pressure Drop,1.14,5.72
3483,5.0,35.86,90,9.13,119.19,1746,69.23,Pressure Drop,1.0,7.24
3484,5.06,35.51,100,10.05,110,1747,69.19,Pressure Drop,1.52,41.24
3485,5.0,35.31,90,9.73,117.2,1747,69.11,Pressure Drop,1.39,23.49
3486,5.04,35.55,100,9.88,113.18,1748,69.03,Pressure Drop,1.91,24.62
3487,5.07,34.87,90,9.6,115.13,1748,68.97,Pressure Drop,1.89,26.15
3488,5.11,35.49,100,9.18,111.5,1749,68.91,Pressure Drop,1.55,44.28
3489,5.06,35.45,90,9.34,110,1749,68.85,Pressure Drop,1.58,38.16
3490,5.02,34.79,100,9.4,110,1750,68.8,Pressure Drop,1.96,29.56
3491,5.0,34.9,90,9.69,117.04,1750,68.72,Pressure Drop,1.9,7.98
3492,5.12,34.59,100,9.61,110,1751,68.68,Pressure Drop,1.33,47.24
3493,5.0,35.33,90,9.05,116.13,1751,68.63,Pressure Drop,1.88,27.26
3494,5.0,35.21,100,9.18,116.15,1752,68.58,Pressure Drop,1.23,19.43
3495,5.15,35.27,90,9.73,117.51,1752,68.5,Pressure Drop,1.37,16.4
3496,5.07,35.37,100,9.03,110,1753,68.45,Pressure Drop,1.65,27.83
3497,5.28,35.74,90,9.09,112.17,1753,68.4,Pressure Drop,1.46,29.24
3498,5.37,35.91,100,10.08,110,1754,68.34,Pressure Drop,1.45,42.07
3499,5.0,36.1,90,9.69,115.6,1754,68.28,Pressure Drop,1.28,17.72
3500,5.0,36.69,100,9.46,112.47,1755,68.23,Pressure Drop,1.07,38.34
3501,5.0,37.06,90,9.49,119.96,1755,68.16,Pressure Drop,1.9,12.83
3502,5.0,36.87,100,9.23,113.58,1756,68.1,Pressure Drop,1.67,28.46
3503,5.33,37.04,90,9.59,112.32,1756,68.05,Pressure Drop,1.98,33.05
3504,5.0,36.96,100,9.73,118.66,1757,67.98,Pressure Drop,1.09,9.66
3505,5.21,36.58,90,9.48,110.92,1757,67.93,Pressure Drop,1.54,48.31
3506,5.09,36.26,100,9.75,110.02,1758,67.86,Pressure Drop,1.11,35.42
3507,5.0,36.47,90,9.63,117.67,1758,67.81,Pressure Drop,1.45,9.51
3508,5.45,36.11,100,9.64,113.15,1759,67.74,Pressure Drop,1.67,45.97
3509,5.24,36.94,90,9.25,110,1759,67.7,Pressure Drop,1.32,47.98
3510,5.0,36.98,100,9.84,118.33,1760,67.64,Pressure Drop,1.47,19.65
3511,5.21,36.89,90,9.1,111.38,1760,67.57,Pressure Drop,1.91,41.53
3512,5.01,36.83,100,9.05,119.24,1761,67.51,Pressure Drop,1.94,17.7
3513,5.32,37.28,90,9.42,110,1761,67.46,Pressure Drop,1.2,39.41
3514,5.0,36.49,100,9.73,114.6,1762,67.4,Pressure Drop,1.83,23.48
3515,5.12,36.3,90,9.54,121.49,1762,67.35,Pressure Drop,1.29,17.13
3516,5.49,36.12,100,9.52,113.0,1763,67.31,Pressure Drop,1.55,45.14
3517,5.17,35.68,90,9.25,114.96,1763,67.26,Pressure Drop,1.55,43.66
3518,5.0,35.08,100,9.88,116.48,1764,67.18,Pressure Drop,1.58,13.87
3519,5.0,34.88,90,9.99,115.89,1764,67.12,Pressure Drop,1.07,13.5
3520,5.0,35.22,100,9.26,115.33,1765,67.06,Pressure Drop,1.15,15.52
3521,5.0,35.08,90,9.42,120.34,1765,67.01,Pressure Drop,1.98,6.29
3522,5.0,35.2,100,9.92,117.66,1766,66.93,Pressure Drop,1.5,21.01
3523,5.36,35.64,90,9.33,110.42,1766,66.87,Pressure Drop,1.06,43.28
3524,5.05,35.21,100,9.51,116.83,1767,66.81,Pressure Drop,1.51,10.7
3525,5.29,35.11,90,9.21,110,1767,66.77,Pressure Drop,1.54,46.41
3526,5.0,35.56,100,9.24,120.52,1768,66.73,Pressure Drop,1.34,14.84
3527,5.18,35.84,90,8.82,112.37,1768,66.69,Pressure Drop,1.15,21.57
3528,5.01,35.34,100,9.0,114.38,1769,66.61,Pressure Drop,1.29,29.76
3529,5.11,35.41,90,9.29,110,1769,66.55,Pressure Drop,1.04,44.77
3530,5.13,35.01,100,9.57,110,1770,66.5,Pressure Drop,1.56,42.43
3531,5.31,35.33,90,8.74,110.23,1770,66.43,Pressure Drop,1.41,40.46
3532,5.03,35.19,100,9.44,111.37,1771,66.37,Pressure Drop,1.14,44.28
3533,5.0,35.58,90,9.88,118.55,1771,66.31,Pressure Drop,1.76,14.61
3534,5.22,35.49,100,10.0,113.17,1772,66.24,Pressure Drop,1.26,27.73
3535,5.0,35.82,90,9.96,111.28,1772,66.16,Pressure Drop,1.38,37.42
3536,5.32,36.17,100,9.27,114.19,1773,66.11,Pressure Drop,1.31,30.82
3537,5.26,36.17,90,9.06,110,1773,66.04,Pressure Drop,1.56,43.9
3538,5.0,36.88,100,9.55,115.88,1774,65.98,Pressure Drop,1.8,27.36
3539,5.0,36.44,90,9.99,117.7,1774,65.9,Pressure Drop,1.91,25.42
3540,5.3,36.36,100,9.82,110,1775,65.84,Pressure Drop,1.68,46.92
3541,5.0,36.11,90,10.07,117.43,1775,65.77,Pressure Drop,1.23,10.36
3542,5.0,35.7,100,9.86,110,1776,65.69,Pressure Drop,1.47,38.07
3543,5.0,35.7,90,9.08,119.04,1776,65.61,Pressure Drop,1.49,8.25
3544,5.24,36.2,100,9.49,111.23,1777,65.56,Pressure Drop,1.55,43.12
3545,5.01,36.28,90,8.96,113.18,1777,65.49,Pressure Drop,1.53,46.77
3546,5.0,35.85,100,9.7,112.71,1778,65.43,Pressure Drop,1.41,17.09
3547,5.09,36.42,90,8.93,115.99,1778,65.37,Pressure Drop,1.69,37.2
3548,5.04,36.45,100,9.09,116.51,1779,65.29,Pressure Drop,1.71,8.2
3549,5.13,35.53,90,9.61,110,1779,65.21,Pressure Drop,1.37,40.03
3550,5.05,36.32,100,9.98,116.81,1780,65.16,Pressure Drop,1.88,15.32
3551,5.0,36.21,90,9.86,120.31,1780,65.09,Pressure Drop,1.41,6.66
3552,5.03,35.84,100,9.35,117.34,1781,65.01,Pressure Drop,1.09,28.2
3553,5.0,35.69,90,9.09,119.27,1781,64.95,Pressure Drop,1.43,9.16
3554,5.32,35.24,100,9.73,110,1782,64.88,Pressure Drop,1.97,44.13
3555,5.16,35.28,90,9.19,114.19,1782,64.84,Pressure Drop,1.68,21.6
3556,5.13,35.04,100,9.83,115.16,1783,64.77,Pressure Drop,1.15,29.81
3557,5.0,35.22,90,9.17,121.26,1783,64.69,Pressure Drop,1.34,10.98
3558,5.0,35.64,100,9.43,116.41,1784,64.63,Pressure Drop,1.21,14.63
3559,5.22,35.9,90,9.37,111.4,1784,64.56,Pressure Drop,1.92,49.72
3560,5.05,35.84,100,9.3,119.51,1785,64.49,Pressure Drop,1.61,12.73
3561,5.0,36.22,90,9.17,119.12,1785,64.42,Pressure Drop,1.54,17.54
3562,5.0,35.95,100,10.05,121.61,1786,64.38,Pressure Drop,1.43,10.13
3563,5.0,36.32,90,9.29,116.97,1786,64.33,Pressure Drop,1.56,11.89
3564,5.24,35.91,100,9.1,110,1787,64.28,Pressure Drop,1.29,47.28
3565,5.0,36.26,90,9.19,113.77,1787,64.22,Pressure Drop,1.06,15.61
3566,5.32,36.46,100,9.58,110,1788,64.17,Pressure Drop,1.67,47.09
3567,5.0,36.31,90,9.23,110,1788,64.13,Pressure Drop,1.01,34.91
3568,5.0,36.14,100,9.93,111.12,1789,64.05,Pressure Drop,1.32,30.03
3569,5.09,36.02,90,9.17,116.52,1789,63.99,Pressure Drop,1.83,16.69
3570,5.0,35.72,100,9.02,114.73,1790,63.92,Pressure Drop,1.77,13.51
3571,5.03,36.03,90,9.78,110,1790,63.88,Pressure Drop,1.66,41.77
3572,5.24,36.55,100,9.61,114.44,1791,63.81,Pressure Drop,1.72,22.46
3573,5.0,36.36,90,9.47,113.63,1791,63.76,Pressure Drop,1.86,27.72
3574,5.02,36.1,100,9.07,113.82,1792,63.71,Pressure Drop,1.75,22.85
3575,5.45,35.77,90,9.67,111.51,1792,63.65,Pressure Drop,1.53,44.86
3576,5.17,35.24,100,9.87,117.75,1793,63.57,Pressure Drop,1.73,16.23
3577,5.0,35.25,90,9.54,116.94,1793,63.52,Pressure Drop,1.15,12.26
3578,5.0,35.39,100,9.87,114.66,1794,63.45,Pressure Drop,1.74,30.69
3579,5.0,35.49,90,8.94,117.33,1794,63.37,Pressure Drop,1.73,26.13
3580,5.31,35.9,100,9.62,111.86,1795,63.33,Pressure Drop,1.51,24.66
3581,5.0,36.02,90,9.49,115.66,1795,63.27,Pressure Drop,1.67,30.26
3582,5.05,35.87,100,10.03,120.06,1796,63.22,Pressure Drop,1.12,7.86
3583,5.41,36.18,90,9.08,111.34,1796,63.15,Pressure Drop,1.36,38.32
3584,5.11,36.11,100,9.09,112.92,1797,63.09,Pressure Drop,1.1,28.33
3585,5.0,36.58,90,9.37,121.16,1797,63.02,Pressure Drop,1.61,5.52
3586,5.07,36.6,100,9.34,116.01,1798,62.96,Pressure Drop,1.43,30.34
3587,5.14,36.17,90,9.38,116.29,1798,62.91,Pressure Drop,1.35,9.38
3588,5.19,36.6,100,9.5,116.79,1799,62.85,Pressure Drop,1.56,23.07
3589,5.22,36.89,90,9.28,113.38,1799,62.8,Pressure Drop,1.99,38.6
3590,5.11,37.01,100,8.9,115.17,1800,62.74,Pressure Drop,1.57,43.15
3591,5.07,36.46,90,9.84,116.65,1800,62.67,Pressure Drop,1.26,20.28
3592,5.4,36.21,100,9.97,110,1801,62.6,Pressure Drop,1.98,41.27
3593,5.0,36.24,90,9.55,114.16,1801,62.52,Pressure Drop,1.81,22.65
3594,5.0,36.18,100,8.97,110.9,1802,62.44,Pressure Drop,1.75,35.12
3595,5.23,36.45,90,9.47,110,1802,62.37,Pressure Drop,1.23,44.03
3596,5.03,36.26,100,9.74,110.92,1803,62.32,Pressure Drop,1.02,26.52
3597,5.0,36.62,90,9.53,120.56,1803,62.26,Pressure Drop,1.67,8.84
3598,5.16,36.27,100,9.67,114.3,1804,62.22,Pressure Drop,1.99,22.66
3599,5.2,36.71,90,9.28,111.4,1804,62.15,Pressure Drop,1.98,31.15
3600,5.16,37.03,100,9.25,110.35,1805,62.07,Pressure Drop,1.26,29.03
3601,5.07,36.7,90,9.44,111.31,1805,62.0,Pressure Drop,1.95,42.82
3602,5.2,36.78,100,9.26,112.6,1806,61.92,Pressure Drop,1.84,39.81
3603,5.08,36.43,90,9.63,116.54,1806,61.86,Pressure Drop,1.65,37.02
3604,5.0,36.61,100,9.51,121.82,1807,61.8,Pressure Drop,1.43,8.17
3605,5.08,36.83,90,9.08,116.57,1807,61.74,Pressure Drop,1.14,10.36
3606,5.0,36.31,100,9.36,114.39,1808,61.67,Pressure Drop,1.06,27.76
3607,5.14,36.02,90,9.48,116.87,1808,61.6,Pressure Drop,1.12,28.6
3608,5.04,36.03,100,9.22,118.64,1809,61.53,Pressure Drop,1.16,27.68
3609,5.1,35.85,90,8.79,112.34,1809,61.45,Pressure Drop,1.81,26.03
3610,5.0,35.83,100,9.05,121.0,1810,61.41,Pressure Drop,1.58,15.15
3611,5.06,36.14,90,9.38,115.18,1810,61.37,Pressure Drop,1.66,16.15
3612,5.18,36.17,100,8.93,110,1811,61.32,Pressure Drop,1.72,49.9
3613,5.06,35.51,90,9.23,111.8,1811,61.27,Pressure Drop,1.03,35.53
3614,5.24,35.38,100,9.97,111.4,1812,61.19,Pressure Drop,1.7,35.39
3615,5.17,35.37,90,9.7,114.92,1812,61.12,Pressure Drop,2.0,26.29
3616,5.0,35.63,100,9.14,112.17,1813,61.06,Pressure Drop,1.16,37.39
3617,5.14,35.51,90,9.68,116.67,1813,61.02,Pressure Drop,1.34,20.17
3618,5.0,35.74,100,8.9,116.53,1814,60.94,Pressure Drop,1.38,10.46
3619,5.22,35.63,90,9.84,110,1814,60.88,Pressure Drop,1.98,43.42
3620,5.36,35.45,100,9.68,111.27,1815,60.81,Pressure Drop,1.94,29.01
3621,5.04,35.75,90,9.77,114.01,1815,60.76,Pressure Drop,1.05,14.37
3622,5.0,35.72,100,9.78,116.31,1816,60.72,Pressure Drop,1.71,5.1
3623,5.46,35.9,90,10.04,110,1816,60.68,Pressure Drop,1.47,49.03
3624,5.0,36.81,100,9.28,116.14,1817,60.63,Pressure Drop,1.05,24.97
3625,5.0,36.85,90,9.76,115.16,1817,60.58,Pressure Drop,1.92,8.39
3626,5.0,36.41,100,9.4,112.01,1818,60.51,Pressure Drop,1.4,33.37
3627,5.23,36.48,90,9.52,110,1818,60.43,Pressure Drop,1.38,47.69
3628,5.26,36.22,100,9.25,117.43,1819,60.36,Pressure Drop,1.97,25.39
3629,5.31,36.94,90,9.4,110,1819,60.31,Pressure Drop,1.25,42.88
3630,5.05,37.23,100,9.05,116.71,1820,60.26,Pressure Drop,1.87,26.74
3631,5.11,37.52,90,9.04,114.79,1820,60.21,Pressure Drop,1.54,40.79
3632,5.31,37.45,100,8.98,111.05,1821,60.14,Pressure Drop,1.73,41.05
3633,5.0,37.2,90,9.04,115.86,1821,60.08,Pressure Drop,1.75,19.29
3634,5.26,37.4,100,9.64,113.34,1822,60.03,Pressure Drop,1.98,30.12
3635,5.39,36.99,90,8.92,111.09,1822,59.97,Pressure Drop,1.09,49.47
3636,5.31,37.51,100,8.8,110,1823,59.92,Pressure Drop,1.36,43.12
3637,5.27,37.18,90,9.01,111.63,1823,59.88,Pressure Drop,1.96,37.29
3638,5.08,36.62,100,9.98,120.75,1824,59.83,Pressure Drop,1.19,10.05
3639,5.0,36.61,90,8.94,119.81,1824,59.79,Pressure Drop,1.61,6.04
3640,5.17,36.51,100,9.51,114.89,1825,59.71,Pressure Drop,1.3,16.59
3641,5.24,36.65,90,9.23,113.25,1825,59.64,Pressure Drop,1.68,37.4
3642,5.14,37.13,100,9.36,116.03,1826,59.58,Pressure Drop,1.82,23.61
3643,5.15,37.45,90,9.02,111.04,1826,59.52,Pressure Drop,1.55,38.39
3644,5.0,37.58,100,9.74,113.42,1827,59.47,Pressure Drop,1.77,31.22
3645,5.06,37.49,90,10.05,118.93,1827,59.4,Pressure Drop,1.95,7.99
3646,5.44,37.27,100,9.78,110,1828,59.35,Pressure Drop,1.07,46.95
3647,5.07,37.35,90,9.25,117.03,1828,59.3,Pressure Drop,1.55,17.29
3648,5.34,37.6,100,9.76,112.03,1829,59.22,Pressure Drop,1.54,39.52
3649,5.0,37.9,90,9.72,115.58,1829,59.15,Pressure Drop,1.84,23.06
3650,5.1,37.66,100,9.83,111.59,1830,59.08,Pressure Drop,1.03,34.72
3651,5.07,37.51,90,9.65,116.22,1830,59.02,Pressure Drop,1.22,33.95
3652,5.0,37.38,100,9.37,119.47,1831,58.96,Pressure Drop,1.85,5.8
3653,5.2,37.17,90,8.79,112.86,1831,58.92,Pressure Drop,1.59,29.23
3654,5.2,36.89,100,9.05,110,1832,58.85,Pressure Drop,1.95,44.85
3655,5.16,36.11,90,9.71,112.74,1832,58.78,Pressure Drop,1.27,39.08
3656,5.0,36.78,100,9.29,121.1,1833,58.72,Pressure Drop,1.51,16.57
3657,5.2,36.99,90,9.83,115.25,1833,58.65,Pressure Drop,1.3,33.65
3658,5.06,37.31,100,9.06,115.46,1834,58.6,Pressure Drop,1.11,37.38
3659,5.06,37.14,90,9.22,113.51,1834,58.55,Pressure Drop,1.9,32.66
3660,5.15,36.42,100,9.11,120.61,1835,58.49,Pressure Drop,1.54,16.45
3661,5.26,36.56,90,9.05,110,1835,58.45,Pressure Drop,1.46,44.34
3662,5.44,36.99,100,9.98,110.07,1836,58.4,Pressure Drop,1.31,43.82
3663,5.34,37.18,90,9.44,114.62,1836,58.34,Pressure Drop,1.2,36.64
3664,5.0,36.69,100,9.38,119.64,1837,58.29,Pressure Drop,1.81,17.54
3665,5.15,36.91,90,8.92,114.25,1837,58.23,Pressure Drop,1.04,28.06
3666,5.05,36.47,100,9.04,118.65,1838,58.19,Pressure Drop,1.51,23.54
3667,5.0,36.03,90,8.93,114.48,1838,58.14,Pressure Drop,1.62,24.83
3668,5.23,35.68,100,9.85,110.11,1839,58.09,Pressure Drop,1.75,48.11
3669,5.1,35.98,90,9.51,115.55,1839,58.01,Pressure Drop,1.71,23.4
3670,5.11,35.75,100,9.1,110,1840,57.97,Pressure Drop,1.7,41.82
3671,5.46,35.74,90,9.25,112.73,1840,57.92,Pressure Drop,1.1,49.94
3672,5.23,36.2,100,9.98,110.53,1841,57.85,Pressure Drop,1.38,40.16
3673,5.22,35.89,90,9.64,110.85,1841,57.8,Pressure Drop,1.42,47.39
3674,5.24,36.35,100,9.3,113.2,1842,57.73,Pressure Drop,1.86,35.55
3675,5.27,36.4,90,9.71,113.46,1842,57.67,Pressure Drop,1.07,36.6
3676,5.0,36.65,100,9.15,118.5,1843,57.62,Pressure Drop,1.52,16.37
3677,5.0,36.56,90,9.49,120.33,1843,57.55,Pressure Drop,1.14,9.98
3678,5.0,37.11,100,9.91,118.72,1844,57.49,Pressure Drop,1.01,23.3
3679,5.44,37.23,90,9.12,110,1844,57.44,Pressure Drop,1.66,42.21
3680,5.0,37.39,100,9.01,111.74,1845,57.39,Pressure Drop,1.52,38.09
3681,5.49,37.73,90,9.65,110,1845,57.35,Pressure Drop,1.29,49.01
3682,5.0,37.59,100,9.44,112.25,1846,57.29,Pressure Drop,1.46,31.2
3683,5.08,37.57,90,9.29,112.97,1846,57.22,Pressure Drop,1.03,28.68
3684,5.26,37.7,100,9.5,113.08,1847,57.14,Pressure Drop,1.22,37.04
3685,5.17,38.07,90,9.1,112.96,1847,57.08,Pressure Drop,1.57,25.63
3686,5.14,38.01,100,8.9,110,1848,57.03,Pressure Drop,1.32,49.61
3687,5.0,38.34,90,9.16,118.99,1848,56.97,Pressure Drop,1.66,9.47
3688,5.02,38.17,100,9.4,113.99,1849,56.89,Pressure Drop,1.4,34.02
3689,5.0,38.21,90,9.14,117.92,1849,56.82,Pressure Drop,1.79,7.75
3690,5.19,37.7,100,9.57,110,1850,56.75,Pressure Drop,1.1,39.79
3691,5.2,37.76,90,9.95,110,1850,56.69,Pressure Drop,1.89,38.26
3692,5.1,38.01,100,9.41,110.6,1851,56.62,Pressure Drop,1.88,46.81
3693,5.0,37.57,90,8.99,114.64,1851,56.56,Pressure Drop,1.53,31.64
3694,5.0,37.25,100,9.56,116.14,1852,56.5,Pressure Drop,1.6,6.17
3695,5.0,37.85,90,9.13,116.94,1852,56.46,Pressure Drop,1.66,18.43
3696,5.04,37.02,100,9.19,111.87,1853,56.39,Pressure Drop,1.83,49.39
3697,5.11,36.18,90,9.97,110,1853,56.34,Pressure Drop,1.48,44.12
3698,5.0,35.39,100,9.95,118.4,1854,56.28,Pressure Drop,1.94,8.88
3699,5.13,35.72,90,9.38,111.54,1854,56.21,Pressure Drop,1.23,42.37
3700,5.0,35.93,100,9.18,120.55,1855,56.16,Pressure Drop,1.22,7.85
3701,5.11,35.44,90,9.18,112.55,1855,56.1,Pressure Drop,1.05,44.85
3702,5.22,35.4,100,9.63,113.75,1856,56.02,Pressure Drop,1.09,19.97
3703,5.0,35.27,90,9.81,117.8,1856,55.94,Pressure Drop,1.43,12.46
3704,5.2,35.95,100,9.65,116.27,1857,55.87,Pressure Drop,1.41,18.24
3705,5.25,36.02,90,9.72,113.68,1857,55.82,Pressure Drop,1.16,45.79
3706,5.0,36.67,100,9.68,113.32,1858,55.76,Pressure Drop,1.37,30.46
3707,5.3,36.81,90,9.29,110,1858,55.69,Pressure Drop,1.43,40.77
3708,5.37,37.35,100,9.57,111.96,1859,55.61,Pressure Drop,1.76,32.61
3709,5.09,37.22,90,9.03,113.4,1859,55.56,Pressure Drop,1.56,26.59
3710,5.05,36.89,100,9.71,111.11,1860,55.5,Pressure Drop,1.54,38.65
3711,5.0,36.21,90,9.76,115.04,1860,55.43,Pressure Drop,1.73,23.08
3712,5.04,36.33,100,9.96,114.4,1861,55.39,Pressure Drop,1.88,10.9
3713,5.28,36.85,90,9.0,110.28,1861,55.31,Pressure Drop,1.65,41.33
3714,5.11,36.65,100,9.34,113.94,1862,55.24,Pressure Drop,1.4,21.84
3715,5.06,37.0,90,9.66,117.09,1862,55.18,Pressure Drop,1.43,24.63
3716,5.05,37.32,100,9.07,120.46,1863,55.1,Pressure Drop,1.83,9.89
3717,5.0,37.4,90,8.82,122.83,1863,55.04,Pressure Drop,1.2,5.62
3718,5.2,37.68,100,9.76,110,1864,55,Pressure Drop,1.0,44.48
3719,5.0,37.87,90,9.56,110.03,1864,55,Pressure Drop,1.57,33.85
3720,5.11,37.55,100,9.7,121.24,1865,55,Pressure Drop,1.07,10.91
3721,5.37,37.16,90,9.14,111.36,1865,55,Pressure Drop,1.63,48.2
3722,5.19,37.36,100,9.6,114.54,1866,55,Pressure Drop,1.7,38.07
3723,5.28,36.63,90,9.42,112.22,1866,55,Pressure Drop,1.52,46.1
3724,5.0,36.66,100,9.69,120.79,1867,55,Pressure Drop,1.7,5.6
3725,5.07,36.55,90,9.85,112.61,1867,55,Pressure Drop,1.81,27.16
3726,5.11,36.96,100,9.81,118.89,1868,55,Pressure Drop,1.82,10.98
3727,5.09,36.66,90,9.52,112.68,1868,55,Pressure Drop,1.95,31.65
3728,5.03,35.83,100,9.71,111.24,1869,55,Pressure Drop,1.35,38.41
3729,5.03,35.53,90,9.09,120.14,1869,55,Pressure Drop,1.1,10.69
3730,5.14,35.67,100,9.31,111.88,1870,55,Pressure Drop,1.06,45.97
3731,5.24,35.39,90,9.33,114.06,1870,55,Pressure Drop,1.82,23.6
3732,5.03,35.95,100,10.09,112.88,1871,55,Pressure Drop,1.71,32.66
3733,5.06,36.31,90,9.71,117.89,1871,55,Pressure Drop,1.19,10.01
3734,5.1,36.52,100,9.85,114.95,1872,55,Pressure Drop,1.25,17.21
3735,5.14,36.14,90,9.21,120.99,1872,55,Pressure Drop,1.08,13.35
3736,5.19,35.78,100,9.69,120.3,1873,55,Pressure Drop,1.29,12.91
3737,5.0,36.08,90,9.37,119.48,1873,55,Pressure Drop,1.86,7.92
3738,5.1,35.87,100,9.36,110,1874,55,Pressure Drop,1.36,44.65
3739,5.0,36.13,90,8.9,114.98,1874,55,Pressure Drop,1.85,15.87
3740,5.0,35.54,100,9.23,114.66,1875,55,Pressure Drop,1.24,26.97
3741,5.3,34.96,90,9.44,119.06,1875,55,Pressure Drop,1.33,26.79
3742,5.26,35.4,100,8.89,111.08,1876,55,Pressure Drop,1.96,44.35
3743,5.25,34.89,90,9.96,112.0,1876,55,Pressure Drop,1.11,42.89
3744,5.08,35.19,100,9.44,115.34,1877,55,Pressure Drop,1.86,39.17
3745,5.25,35.47,90,9.49,110,1877,55,Pressure Drop,1.53,38.01
3746,5.23,35.79,100,9.79,110.18,1878,55,Pressure Drop,1.45,37.92
3747,5.08,36.51,90,9.82,110.94,1878,55,Pressure Drop,1.68,36.53
3748,5.18,35.85,100,9.86,114.11,1879,55,Pressure Drop,1.22,28.7
3749,5.0,36.17,90,9.27,117.51,1879,55,Pressure Drop,1.66,6.38
3750,5.05,36.01,100,8.88,118.06,1880,55,Pressure Drop,1.25,20.65
3751,5.3,36.05,90,9.05,113.39,1880,55,Pressure Drop,1.99,43.04
3752,5.0,36.41,100,9.72,111.3,1881,55,Pressure Drop,1.02,35.52
3753,5.0,36.93,90,9.47,112.84,1881,55,Pressure Drop,1.1,19.65
3754,5.24,37.06,100,9.81,110,1882,55,Pressure Drop,1.69,41.51
3755,5.03,37.03,90,9.3,111.39,1882,55,Pressure Drop,1.96,32.92
3756,5.12,37.23,100,9.08,120.7,1883,55,Pressure Drop,1.82,11.94
3757,5.12,36.74,90,8.98,110.64,1883,55,Pressure Drop,1.41,47.4
3758,5.25,36.74,100,8.91,114.47,1884,55,Pressure Drop,1.86,34.05
3759,5.09,37.03,90,9.29,112.84,1884,55,Pressure Drop,1.74,42.4
3760,5.09,36.68,100,8.77,110.94,1885,55,Pressure Drop,1.76,38.23
3761,5.0,37.18,90,9.51,119.05,1885,55,Pressure Drop,1.57,10.08
3762,5.0,37.39,100,9.07,118.57,1886,55,Pressure Drop,1.24,8.2
3763,5.0,36.62,90,9.56,121.55,1886,55,Pressure Drop,1.34,6.86
3764,5.25,37.24,100,9.34,113.83,1887,55,Pressure Drop,1.43,40.29
3765,5.0,37.56,90,9.7,117.81,1887,55,Pressure Drop,1.62,14.83
3766,5.0,36.94,100,9.56,122.42,1888,55,Pressure Drop,1.23,9.2
3767,5.24,36.37,90,9.52,111.67,1888,55,Pressure Drop,1.01,39.15
3768,5.0,36.34,100,9.39,120.26,1889,55,Pressure Drop,1.98,11.37
3769,5.33,36.41,90,9.16,111.28,1889,55,Pressure Drop,1.24,38.5
3770,5.0,36.39,100,9.85,117.79,1890,55,Pressure Drop,1.66,8.17
3771,5.03,36.74,90,9.14,112.74,1890,55,Pressure Drop,1.92,33.53
3772,5.21,37.01,100,9.08,115.38,1891,55,Pressure Drop,1.37,24.85
3773,5.25,37.08,90,8.88,115.25,1891,55,Pressure Drop,1.43,27.98
3774,5.0,36.96,100,9.68,116.35,1892,55,Pressure Drop,1.0,14.78
3775,5.09,36.77,90,9.4,120.01,1892,55,Pressure Drop,1.07,5.28
3776,5.0,37.01,100,9.28,115.81,1893,55,Pressure Drop,1.07,12.79
3777,5.14,37.34,90,9.69,119.24,1893,55,Pressure Drop,1.34,14.72
3778,5.1,36.99,100,9.57,113.67,1894,55,Pressure Drop,1.6,18.45
3779,5.05,36.24,90,9.95,111.24,1894,55,Pressure Drop,1.17,44.75
3780,5.0,36.19,100,9.12,117.55,1895,55,Pressure Drop,1.88,13.62
3781,5.08,36.16,90,9.39,113.46,1895,55,Pressure Drop,1.95,22.06
3782,5.15,36.63,100,9.04,115.44,1896,55,Pressure Drop,1.66,41.64
3783,5.0,36.34,90,9.08,118.38,1896,55,Pressure Drop,1.84,11.11
3784,5.0,36.63,100,9.22,114.67,1897,55,Pressure Drop,1.67,15.65
3785,5.06,36.3,90,9.02,112.99,1897,55,Pressure Drop,1.87,34.2
3786,5.07,35.92,100,9.77,114.43,1898,55,Pressure Drop,1.46,21.0
3787,5.0,35.34,90,9.05,114.61,1898,55,Pressure Drop,1.08,23.82
3788,5.11,35.43,100,8.92,118.9,1899,55,Pressure Drop,1.57,23.07
3789,5.38,35.52,90,8.88,110,1899,55,Pressure Drop,1.25,34.83
3790,5.0,36.16,100,9.22,115.21,1900,55,Pressure Drop,1.89,15.03
3791,5.35,36.71,90,9.83,110,1900,55,Pressure Drop,1.32,44.86
3792,5.31,37.3,100,10.0,112.09,1901,55,Pressure Drop,1.45,36.89
3793,5.0,36.91,90,9.44,120.23,1901,55,Pressure Drop,1.33,13.66
3794,5.26,36.76,100,9.57,110,1902,55,Pressure Drop,1.44,46.53
3795,5.2,37.15,90,9.14,112.28,1902,55,Pressure Drop,1.0,25.47
3796,5.0,37.04,100,8.95,121.6,1903,55,Pressure Drop,1.99,15.68
3797,5.0,36.93,90,9.53,111.04,1903,55,Pressure Drop,1.59,26.01
3798,5.0,37.08,100,8.89,111.93,1904,55,Pressure Drop,1.78,24.56
3799,5.08,37.38,90,9.34,110.34,1904,55,Pressure Drop,1.01,38.64
3800,5.0,37.36,100,9.96,117.87,1905,55,Pressure Drop,1.55,8.59
3801,5.07,37.2,90,9.9,112.21,1905,55,Pressure Drop,1.66,32.53
3802,5.49,36.63,100,9.81,110,1906,55,Pressure Drop,1.21,49.74
3803,5.18,36.17,90,9.25,112.95,1906,55,Pressure Drop,1.55,29.4
3804,5.0,36.44,100,9.89,116.03,1907,55,Pressure Drop,1.69,14.32
3805,5.0,36.58,90,9.62,116.89,1907,55,Pressure Drop,1.75,10.58
3806,5.0,36.43,100,9.91,110.13,1908,55,Pressure Drop,1.37,39.34
3807,5.25,35.92,90,8.98,112.53,1908,55,Pressure Drop,1.23,45.17
3808,5.1,36.14,100,9.11,110.63,1909,55,Pressure Drop,1.11,43.93
3809,5.1,36.68,90,9.43,117.22,1909,55,Pressure Drop,1.5,20.19
3810,5.0,36.49,100,9.78,115.9,1910,55,Pressure Drop,1.33,11.32
3811,5.0,37.02,90,9.07,119.95,1910,55,Pressure Drop,1.88,5.34
3812,5.0,37.53,100,9.74,117.42,1911,55,Pressure Drop,1.95,12.21
3813,5.24,37.16,90,9.14,110,1911,55,Pressure Drop,1.3,40.35
3814,5.0,37.45,100,9.33,114.63,1912,55,Pressure Drop,1.59,33.94
3815,5.27,37.81,90,9.13,112.0,1912,55,Pressure Drop,1.28,40.56
3816,5.0,37.12,100,9.07,115.78,1913,55,Pressure Drop,1.85,12.85
3817,5.0,36.79,90,9.16,119.32,1913,55,Pressure Drop,1.6,5.28
3818,5.0,36.17,100,9.2,113.36,1914,55,Pressure Drop,1.47,27.81
3819,5.18,36.4,90,8.83,110.25,1914,55,Pressure Drop,1.14,25.87
3820,5.44,36.71,100,9.47,110,1915,55,Pressure Drop,1.7,47.97
3821,5.1,36.42,90,9.25,116.56,1915,55,Pressure Drop,1.93,19.99
3822,5.19,36.8,100,9.66,110,1916,55,Pressure Drop,1.83,38.34
3823,5.1,36.77,90,9.41,115.44,1916,55,Pressure Drop,1.78,17.24
3824,5.2,36.11,100,9.85,114.54,1917,55,Pressure Drop,1.75,16.46
3825,5.32,35.92,90,9.67,114.84,1917,55,Pressure Drop,1.11,31.04
3826,5.0,36.09,100,8.92,117.09,1918,55,Pressure Drop,1.93,22.93
3827,5.21,36.35,90,9.23,110,1918,55,Pressure Drop,1.59,47.23
3828,5.05,36.54,100,8.91,119.48,1919,55,Pressure Drop,1.58,18.12
3829,5.31,36.53,90,9.53,110,1919,55,Pressure Drop,1.91,49.11
3830,5.17,36.6,100,9.63,111.14,1920,55,Pressure Drop,1.88,37.91
3831,5.0,35.83,90,9.46,110.26,1920,55,Pressure Drop,1.3,40.76
3832,5.18,35.32,100,9.71,113.05,1921,55,Pressure Drop,1.85,28.22
3833,5.0,35.74,90,9.52,117.18,1921,55,Pressure Drop,1.66,5.98
3834,5.24,35.22,100,9.07,113.75,1922,55,Pressure Drop,1.49,40.55
3835,5.09,34.8,90,9.69,110,1922,55,Pressure Drop,1.69,43.55
3836,5.14,35.69,100,10.01,112.85,1923,55,Pressure Drop,1.48,35.07
3837,5.0,35.77,90,10.07,112.86,1923,55,Pressure Drop,1.1,29.13
3838,5.13,35.36,100,9.75,115.49,1924,55,Pressure Drop,1.97,28.54
3839,5.48,35.1,90,9.65,110.37,1924,55,Pressure Drop,1.71,45.33
3840,5.02,34.88,100,9.2,118.04,1925,55,Pressure Drop,1.36,30.93
3841,5.11,34.63,90,9.23,117.92,1925,55,Pressure Drop,1.6,24.64
3842,5.22,34.35,100,9.92,115.59,1926,55,Pressure Drop,2.0,35.14
3843,5.0,34.95,90,9.16,121.45,1926,55,Pressure Drop,1.02,14.1
3844,5.24,35.29,100,9.63,110,1927,55,Pressure Drop,1.46,40.91
3845,5.48,35.33,90,9.15,112.56,1927,55,Pressure Drop,1.08,48.62
3846,5.44,35.51,100,9.81,110,1928,55,Pressure Drop,1.7,46.96
3847,5.16,35.78,90,9.84,112.82,1928,55,Pressure Drop,1.44,27.45
3848,5.2,35.88,100,9.62,110.69,1929,55,Pressure Drop,1.16,48.78
3849,5.06,36.17,90,9.03,117.48,1929,55,Pressure Drop,1.81,19.0
3850,5.34,36.17,100,9.42,113.93,1930,55,Pressure Drop,1.3,40.56
3851,5.1,35.4,90,8.99,116.23,1930,55,Pressure Drop,1.22,15.63
3852,5.0,35.99,100,9.55,115.96,1931,55,Pressure Drop,1.67,26.72
3853,5.09,36.11,90,9.47,112.69,1931,55,Pressure Drop,1.95,38.74
3854,5.0,36.38,100,9.19,120.1,1932,55,Pressure Drop,1.61,6.29
3855,5.0,36.56,90,9.84,117.36,1932,55,Pressure Drop,1.89,6.43
3856,5.3,36.16,100,9.86,113.86,1933,55,Pressure Drop,1.34,39.48
3857,5.22,36.16,90,9.66,111.13,1933,55,Pressure Drop,1.19,45.74
3858,5.22,35.63,100,8.97,115.65,1934,55,Pressure Drop,1.03,38.41
3859,5.23,35.51,90,9.03,112.3,1934,55,Pressure Drop,1.86,38.64
3860,5.32,35.88,100,9.58,110,1935,55,Pressure Drop,1.37,49.74
3861,5.06,35.3,90,9.22,116.42,1935,55,Pressure Drop,1.47,34.65
3862,5.13,35.16,100,9.05,110,1936,55,Pressure Drop,1.49,43.03
3863,5.12,35.82,90,9.16,119.61,1936,55,Pressure Drop,1.83,14.74
3864,5.41,36.07,100,9.89,115.17,1937,55,Pressure Drop,1.94,33.72
3865,5.0,35.86,90,9.36,114.41,1937,55,Pressure Drop,1.49,26.8
3866,5.0,36.29,100,9.12,118.1,1938,55,Pressure Drop,1.55,23.35
3867,5.0,36.15,90,9.42,112.3,1938,55,Pressure Drop,1.67,37.29
3868,5.0,36.24,100,9.75,121.77,1939,55,Pressure Drop,1.21,10.8
3869,5.08,36.06,90,9.57,113.83,1939,55,Pressure Drop,1.45,24.61
3870,5.22,36.17,100,9.19,112.36,1940,55,Pressure Drop,1.13,33.62
3871,5.0,36.55,90,10.05,114.56,1940,55,Pressure Drop,1.17,25.72
3872,5.0,36.27,100,10.05,117.75,1941,55,Pressure Drop,1.1,22.42
3873,5.01,36.05,90,8.93,123.89,1941,55,Pressure Drop,1.66,5.44
3874,5.0,35.78,100,9.77,120.47,1942,55,Pressure Drop,1.05,14.96
3875,5.0,35.96,90,9.2,118.85,1942,55,Pressure Drop,1.96,14.2
3876,5.34,36.24,100,9.05,113.43,1943,55,Pressure Drop,1.85,28.26
3877,5.03,36.51,90,9.85,111.43,1943,55,Pressure Drop,1.43,23.2
3878,5.09,35.64,100,9.75,110.08,1944,55,Pressure Drop,1.93,49.26
3879,5.0,35.56,90,9.96,116.45,1944,55,Pressure Drop,1.79,8.7
3880,5.12,35.72,100,9.09,117.55,1945,55,Pressure Drop,1.73,10.65
3881,5.05,35.72,90,8.79,115.52,1945,55,Pressure Drop,1.63,27.79
3882,5.25,35.47,100,9.7,111.64,1946,55,Pressure Drop,1.65,26.13
3883,5.0,35.07,90,8.94,120.04,1946,55,Pressure Drop,1.77,12.01
3884,5.0,35.26,100,9.2,114.84,1947,55,Pressure Drop,1.86,12.99
3885,5.17,35.26,90,9.08,119.05,1947,55,Pressure Drop,1.39,17.35
3886,5.0,34.86,100,9.56,112.53,1948,55,Pressure Drop,1.07,37.25
3887,5.0,35.41,90,9.78,117.17,1948,55,Pressure Drop,1.73,5.81
3888,5.18,35.71,100,9.47,111.71,1949,55,Pressure Drop,1.46,44.53
3889,5.17,36.15,90,10.11,112.96,1949,55,Pressure Drop,1.36,28.95
3890,5.31,35.96,100,8.94,112.54,1950,55,Pressure Drop,1.1,33.66
3891,5.0,35.81,90,9.64,117.18,1950,55,Pressure Drop,1.09,9.45
3892,5.36,36.1,100,9.64,110,1951,55,Pressure Drop,1.2,45.31
3893,5.18,36.57,90,9.63,110,1951,55,Pressure Drop,1.39,31.42
3894,5.11,36.94,100,9.19,110,1952,55,Pressure Drop,1.77,27.79
3895,5.0,36.23,90,8.94,119.25,1952,55,Pressure Drop,1.13,13.58
3896,5.0,36.33,100,9.39,117.06,1953,55,Pressure Drop,1.72,29.38
3897,5.21,36.67,90,9.81,112.64,1953,55,Pressure Drop,1.91,42.39
3898,5.22,36.41,100,9.78,114.14,1954,55,Pressure Drop,1.5,38.48
3899,5.33,36.9,90,9.44,112.3,1954,55,Pressure Drop,1.4,33.29
3900,5.0,37.13,100,9.21,116.83,1955,55,Pressure Drop,1.33,24.2
3901,5.04,37.06,90,9.71,112.28,1955,55,Pressure Drop,1.36,26.21
3902,5.04,36.74,100,9.87,116.02,1956,55,Pressure Drop,1.59,8.5
3903,5.0,36.89,90,9.02,116.95,1956,55,Pressure Drop,1.66,24.9
3904,5.01,37.37,100,9.65,110,1957,55,Pressure Drop,1.81,35.66
3905,5.27,37.84,90,9.66,111.16,1957,55,Pressure Drop,1.2,40.07
3906,5.0,37.62,100,9.61,116.21,1958,55,Pressure Drop,1.12,7.14
3907,5.18,37.29,90,9.1,115.24,1958,55,Pressure Drop,1.81,28.34
3908,5.0,36.48,100,9.94,118.62,1959,55,Pressure Drop,1.86,13.98
3909,5.0,36.82,90,9.19,118.26,1959,55,Pressure Drop,1.95,19.61
3910,5.0,36.94,100,9.72,116.4,1960,55,Pressure Drop,1.96,10.15
3911,5.29,36.94,90,10.07,113.72,1960,55,Pressure Drop,1.65,36.96
3912,5.0,36.35,100,9.76,117.06,1961,55,Pressure Drop,1.94,21.82
3913,5.43,36.91,90,9.61,110,1961,55,Pressure Drop,1.4,46.83
3914,5.1,37.22,100,9.99,114.89,1962,55,Pressure Drop,1.03,18.59
3915,5.18,37.0,90,9.74,114.29,1962,55,Pressure Drop,1.5,40.35
3916,5.0,36.88,100,9.1,114.59,1963,55,Pressure Drop,1.33,18.77
3917,5.06,36.85,90,9.66,119.4,1963,55,Pressure Drop,1.82,6.47
3918,5.29,36.54,100,9.71,113.49,1964,55,Pressure Drop,1.84,35.73
3919,5.0,36.64,90,9.22,123.17,1964,55,Pressure Drop,1.28,7.75
3920,5.3,36.47,100,9.41,110,1965,55,Pressure Drop,1.1,48.54
3921,5.28,35.95,90,9.04,111.97,1965,55,Pressure Drop,1.79,42.51
3922,5.09,36.25,100,9.35,114.69,1966,55,Pressure Drop,1.23,32.26
3923,5.36,35.93,90,9.83,110.46,1966,55,Pressure Drop,1.39,47.21
3924,5.07,35.68,100,9.81,119.09,1967,55,Pressure Drop,1.24,10.23
3925,5.0,35.9,90,9.68,111.92,1967,55,Pressure Drop,1.8,24.51
3926,5.05,35.84,100,9.26,117.16,1968,55,Pressure Drop,1.1,13.69
3927,5.11,36.33,90,9.37,116.33,1968,55,Pressure Drop,1.42,16.64
3928,5.27,36.77,100,9.69,113.88,1969,55,Pressure Drop,1.2,31.2
3929,5.25,36.12,90,9.41,114.29,1969,55,Pressure Drop,1.39,35.88
3930,5.0,35.45,100,9.92,118.06,1970,55,Pressure Drop,1.97,20.8
3931,5.15,35.4,90,9.41,112.4,1970,55,Pressure Drop,1.71,36.88
3932,5.0,35.65,100,8.81,116.37,1971,55,Pressure Drop,1.21,21.8
3933,5.0,35.82,90,9.58,116.51,1971,55,Pressure Drop,1.77,17.84
3934,5.0,36.3,100,9.64,117.09,1972,55,Pressure Drop,1.98,10.48
3935,5.0,35.94,90,9.73,113.87,1972,55,Pressure Drop,1.94,21.34
3936,5.0,35.36,100,9.6,116.09,1973,55,Pressure Drop,1.33,11.02
3937,5.0,35.04,90,9.3,111.62,1973,55,Pressure Drop,1.41,32.57
3938,5.18,35.0,100,9.47,110.76,1974,55,Pressure Drop,1.76,48.03
3939,5.0,35.5,90,9.64,120.54,1974,55,Pressure Drop,1.81,10.54
3940,5.21,35.44,100,9.6,110,1975,55,Pressure Drop,1.64,45.73
3941,5.0,35.06,90,9.12,116.72,1975,55,Pressure Drop,1.25,20.81
3942,5.0,34.74,100,9.92,117.18,1976,55,Pressure Drop,1.96,13.68
3943,5.37,35.08,90,9.54,112.79,1976,55,Pressure Drop,1.83,49.49
3944,5.0,35.46,100,9.2,121.04,1977,55,Pressure Drop,1.97,17.45
3945,5.19,35.92,90,9.72,113.23,1977,55,Pressure Drop,1.3,42.4
3946,5.17,35.97,100,9.65,114.66,1978,55,Pressure Drop,1.13,30.28
3947,5.0,36.17,90,9.17,114.58,1978,55,Pressure Drop,1.69,29.08
3948,5.31,35.78,100,9.22,112.22,1979,55,Pressure Drop,1.51,37.65
3949,5.0,36.47,90,9.32,118.08,1979,55,Pressure Drop,1.29,13.13
3950,5.0,35.92,100,9.01,118.68,1980,55,Pressure Drop,1.83,10.12
3951,5.0,36.2,90,9.42,118.03,1980,55,Pressure Drop,1.92,15.89
3952,5.0,36.17,100,9.39,112.55,1981,55,Pressure Drop,1.62,19.74
3953,5.0,35.74,90,9.6,117.62,1981,55,Pressure Drop,1.02,14.16
3954,5.18,36.16,100,9.14,116.96,1982,55,Pressure Drop,1.86,20.63
3955,5.03,36.72,90,9.66,114.57,1982,55,Pressure Drop,1.84,19.38
3956,5.15,36.93,100,9.67,110.65,1983,55,Pressure Drop,1.29,30.18
3957,5.47,37.18,90,9.03,110,1983,55,Pressure Drop,1.89,40.2
3958,5.17,37.08,100,9.24,119.95,1984,55,Pressure Drop,1.92,15.87
3959,5.32,36.95,90,9.45,110,1984,55,Pressure Drop,1.02,33.4
3960,5.36,36.62,100,9.91,111.54,1985,55,Pressure Drop,1.72,30.95
3961,5.25,36.91,90,9.37,110.94,1985,55,Pressure Drop,1.3,42.39
3962,5.31,36.71,100,9.46,113.67,1986,55,Pressure Drop,1.14,34.54
3963,5.19,36.34,90,9.51,116.56,1986,55,Pressure Drop,1.44,35.62
3964,5.0,36.59,100,9.35,113.94,1987,55,Pressure Drop,1.82,22.99
3965,5.0,36.94,90,8.94,119.44,1987,55,Pressure Drop,1.3,8.25
3966,5.14,37.3,100,9.65,114.0,1988,55,Pressure Drop,1.15,36.09
3967,5.0,36.73,90,9.16,116.45,1988,55,Pressure Drop,1.07,23.67
3968,5.0,36.2,100,9.53,118.07,1989,55,Pressure Drop,1.29,19.25
3969,5.0,35.66,90,9.16,118.43,1989,55,Pressure Drop,1.44,6.26
3970,5.0,35.28,100,10.01,118.98,1990,55,Pressure Drop,1.96,23.46
3971,5.29,35.03,90,9.61,110.17,1990,55,Pressure Drop,1.0,34.82
3972,5.19,35.05,100,9.08,110,1991,55,Pressure Drop,1.57,47.28
3973,5.16,35.06,90,9.01,116.67,1991,55,Pressure Drop,1.66,33.4
3974,5.0,35.3,100,8.8,116.75,1992,55,Pressure Drop,1.63,27.65
3975,5.0,35.28,90,9.07,116.53,1992,55,Pressure Drop,1.27,20.78
3976,5.21,35.94,100,8.96,110,1993,55,Pressure Drop,1.88,34.47
3977,5.21,35.22,90,8.85,111.76,1993,55,Pressure Drop,1.08,40.72
3978,5.37,35.09,100,9.4,110,1994,55,Pressure Drop,1.24,36.13
3979,5.12,35.22,90,9.14,120.21,1994,55,Pressure Drop,1.7,9.48
3980,5.23,34.68,100,8.92,110.03,1995,55,Pressure Drop,1.73,39.01
3981,5.15,34.48,90,8.84,114.9,1995,55,Pressure Drop,1.38,28.98
3982,5.0,34.52,100,9.35,117.09,1996,55,Pressure Drop,1.73,19.99
3983,5.0,34.45,90,9.39,112.22,1996,55,Pressure Drop,1.79,27.22
3984,5.35,34.43,100,9.06,112.06,1997,55,Pressure Drop,1.89,28.3
3985,5.11,33.82,90,9.64,113.79,1997,55,Pressure Drop,1.52,30.54
3986,5.04,34.54,100,9.21,113.56,1998,55,Pressure Drop,1.88,30.33
3987,5.1,34.07,90,9.16,120.36,1998,55,Pressure Drop,1.54,15.9
3988,5.18,33.57,100,9.1,113.44,1999,55,Pressure Drop,1.09,34.52
3989,5.25,34.1,90,9.56,116.18,1999,55,Pressure Drop,1.89,22.42
3990,5.04,33.91,100,10.03,111.49,2000,55,Pressure Drop,1.34,35.75
3991,5.0,34.17,90,9.97,118.49,2000,55,Pressure Drop,1.73,8.44
3992,5.0,33.91,100,9.09,114.32,2001,55,Pressure Drop,1.85,37.48
3993,5.2,33.41,90,9.52,110.47,2001,55,Pressure Drop,1.07,38.94
3994,5.0,33.82,100,9.89,118.26,2002,55,Pressure Drop,1.77,5.19
3995,5.0,34.57,90,9.96,119.92,2002,55,Pressure Drop,1.4,24.09
3996,5.27,34.7,100,9.53,111.4,2003,55,Pressure Drop,1.22,44.78
3997,5.0,34.64,90,9.09,118.17,2003,55,Pressure Drop,1.69,9.73
3998,5.02,35.37,100,9.22,118.79,2004,55,Pressure Drop,1.44,7.66
3999,5.32,35.4,90,9.87,110,2004,55,Pressure Drop,1.28,48.1
4000,5.12,35.6,100,9.1,113.77,2005,55,Pressure Drop,1.18,33.39
4001,5.06,35.61,90,9.13,116.63,2005,55,Pressure Drop,1.97,18.66
4002,5.1,35.38,100,9.58,110,2006,55,Pressure Drop,1.25,42.36
4003,5.18,35.6,90,9.8,110,2006,55,Pressure Drop,1.82,45.81
4004,5.0,35.63,100,9.92,117.87,2007,55,Pressure Drop,1.1,9.33
4005,5.1,35.16,90,9.4,115.83,2007,55,Pressure Drop,1.06,16.52
4006,5.0,35.92,100,9.87,116.8,2008,55,Pressure Drop,1.72,24.92
4007,5.0,35.32,90,9.0,117.95,2008,55,Pressure Drop,1.94,20.25
4008,5.0,35.11,100,9.27,115.6,2009,55,Pressure Drop,1.31,26.58
4009,5.07,35.42,90,9.13,110,2009,55,Pressure Drop,1.33,34.47
4010,5.0,35.89,100,10.08,117.27,2010,55,Pressure Drop,1.85,12.87
4011,5.0,35.44,90,9.25,121.15,2010,55,Pressure Drop,1.14,9.07
4012,5.01,34.7,100,10.09,113.92,2011,55,Pressure Drop,1.44,20.65
4013,5.39,35.21,90,9.53,110,2011,55,Pressure Drop,1.11,43.32
4014,5.0,35.38,100,9.58,110,2012,55,Pressure Drop,1.16,29.72
4015,5.0,35.28,90,9.69,115.62,2012,55,Pressure Drop,1.74,33.18
4016,5.0,35.01,100,9.54,119.27,2013,55,Pressure Drop,1.1,22.35
4017,5.05,35.45,90,9.53,117.98,2013,55,Pressure Drop,1.79,30.63
4018,5.0,36.18,100,9.61,122.13,2014,55,Pressure Drop,1.11,5.31
4019,5.0,36.11,90,9.39,114.74,2014,55,Pressure Drop,1.06,28.13
4020,5.36,35.67,100,9.48,110,2015,55,Pressure Drop,1.54,40.77
4021,5.21,35.49,90,9.35,110,2015,55,Pressure Drop,1.86,48.27
4022,5.19,35.68,100,8.84,110,2016,55,Pressure Drop,1.22,45.06
4023,5.01,36.08,90,9.43,112.21,2016,55,Pressure Drop,1.67,42.42
4024,5.19,36.47,100,9.8,114.87,2017,55,Pressure Drop,1.39,28.47
4025,5.16,36.2,90,9.18,115.77,2017,55,Pressure Drop,1.0,35.58
4026,5.0,36.41,100,9.2,118.05,2018,55,Pressure Drop,1.95,11.88
4027,5.17,36.62,90,9.46,110.76,2018,55,Pressure Drop,1.22,47.23
4028,5.0,36.14,100,9.69,115.29,2019,55,Pressure Drop,1.07,19.0
4029,5.01,35.91,90,9.2,121.63,2019,55,Pressure Drop,1.45,12.97
4030,5.0,35.36,100,8.88,115.95,2020,55,Pressure Drop,1.63,18.29
4031,5.0,35.14,90,8.92,120.83,2020,55,Pressure Drop,1.46,12.58
4032,5.07,35.01,100,9.55,114.86,2021,55,Pressure Drop,1.71,31.09
4033,5.0,35.25,90,9.27,115.34,2021,55,Pressure Drop,1.45,9.15
4034,5.13,35.41,100,9.41,117.91,2022,55,Pressure Drop,1.17,28.5
4035,5.12,35.73,90,9.62,117.87,2022,55,Pressure Drop,1.95,15.41
4036,5.0,36.25,100,9.6,115.81,2023,55,Pressure Drop,1.08,16.24
4037,5.25,36.33,90,9.1,111.37,2023,55,Pressure Drop,1.87,31.57
4038,5.12,36.17,100,9.22,111.31,2024,55,Pressure Drop,1.33,37.79
4039,5.0,35.42,90,9.5,114.3,2024,55,Pressure Drop,1.85,26.82
4040,5.25,35.83,100,9.36,114.54,2025,55,Pressure Drop,1.16,37.54
4041,5.0,35.68,90,9.08,110,2025,55,Pressure Drop,1.09,34.37
4042,5.17,35.93,100,9.61,110.74,2026,55,Pressure Drop,1.61,47.48
4043,5.28,36.45,90,9.39,110.3,2026,55,Pressure Drop,1.77,46.05
4044,5.19,36.52,100,9.51,110,2027,55,Pressure Drop,1.39,33.09
4045,5.4,36.54,90,9.64,110,2027,55,Pressure Drop,1.52,48.63
4046,5.03,36.82,100,9.42,116.32,2028,55,Pressure Drop,1.98,28.09
4047,5.0,36.95,90,9.97,114.22,2028,55,Pressure Drop,1.48,19.36
4048,5.05,36.59,100,8.81,112.02,2029,55,Pressure Drop,1.23,30.87
4049,5.0,36.68,90,9.57,113.14,2029,55,Pressure Drop,1.82,18.78
4050,5.05,36.63,100,9.13,116.66,2030,55,Pressure Drop,1.55,21.44
4051,5.34,36.52,90,9.79,110.98,2030,55,Pressure Drop,1.03,35.01
4052,5.06,36.35,100,9.18,110,2031,55,Pressure Drop,1.73,37.24
4053,5.0,36.53,90,9.76,121.11,2031,55,Pressure Drop,1.64,5.32
4054,5.28,36.65,100,9.55,116.84,2032,55,Pressure Drop,1.21,27.28
4055,5.42,36.32,90,9.82,110,2032,55,Pressure Drop,1.96,47.23
4056,5.21,36.4,100,9.66,115.42,2033,55,Pressure Drop,1.99,30.76
4057,5.12,36.1,90,9.12,112.55,2033,55,Pressure Drop,1.55,47.84
4058,5.4,35.93,100,9.4,110,2034,55,Pressure Drop,1.07,35.26
4059,5.14,36.14,90,9.24,114.11,2034,55,Pressure Drop,1.57,21.63
4060,5.0,36.19,100,9.75,114.38,2035,55,Pressure Drop,1.86,20.29
4061,5.0,36.89,90,8.98,118.61,2035,55,Pressure Drop,1.09,12.6
4062,5.0,36.75,100,9.35,116.78,2036,55,Pressure Drop,1.06,8.44
4063,5.0,36.91,90,9.1,121.78,2036,55,Pressure Drop,1.44,6.28
4064,5.0,36.99,100,9.78,119.97,2037,55,Pressure Drop,1.8,9.67
4065,5.44,36.66,90,9.37,112.31,2037,55,Pressure Drop,1.21,43.48
4066,5.12,36.53,100,9.76,115.47,2038,55,Pressure Drop,1.01,33.98
4067,5.0,36.21,90,9.19,117.43,2038,55,Pressure Drop,1.28,11.32
4068,5.15,36.27,100,9.93,110.73,2039,55,Pressure Drop,1.7,37.21
4069,5.37,36.38,90,9.86,110.41,2039,55,Pressure Drop,1.72,42.23
4070,5.34,36.36,100,9.34,110.71,2040,55,Pressure Drop,1.41,46.66
4071,5.13,36.31,90,9.04,110.25,2040,55,Pressure Drop,1.05,43.86
4072,5.16,36.55,100,9.9,113.23,2041,55,Pressure Drop,1.84,47.66
4073,5.04,35.93,90,9.11,111.61,2041,55,Pressure Drop,1.4,28.07
4074,5.0,35.64,100,8.8,113.03,2042,55,Pressure Drop,1.1,27.12
4075,5.0,36.04,90,8.98,115.33,2042,55,Pressure Drop,1.9,22.62
4076,5.18,35.43,100,9.15,110.19,2043,55,Pressure Drop,1.69,47.89
4077,5.12,35.45,90,9.29,112.34,2043,55,Pressure Drop,1.44,36.87
4078,5.1,35.41,100,9.47,118.61,2044,55,Pressure Drop,1.09,24.49
4079,5.04,35.53,90,9.72,111.13,2044,55,Pressure Drop,1.69,33.29
4080,5.08,35.98,100,8.9,120.54,2045,55,Pressure Drop,1.6,12.47
4081,5.17,36.63,90,9.39,113.17,2045,55,Pressure Drop,1.53,26.33
4082,5.25,36.33,100,9.44,112.57,2046,55,Pressure Drop,1.83,40.57
4083,5.0,36.54,90,9.2,120.1,2046,55,Pressure Drop,1.1,6.08
4084,5.31,36.69,100,9.32,110,2047,55,Pressure Drop,1.73,46.95
4085,5.0,36.6,90,9.52,119.29,2047,55,Pressure Drop,1.96,12.88
4086,5.0,35.87,100,9.68,115.12,2048,55,Pressure Drop,1.49,15.03
4087,5.09,35.7,90,8.94,117.32,2048,55,Pressure Drop,1.94,28.3
4088,5.17,35.84,100,10.06,116.7,2049,55,Pressure Drop,1.18,28.82
4089,5.12,36.19,90,9.23,112.33,2049,55,Pressure Drop,1.14,46.56
4090,5.08,36.84,100,9.45,119.22,2050,55,Pressure Drop,1.3,20.86
4091,5.0,36.65,90,9.84,116.33,2050,55,Pressure Drop,1.94,14.1
4092,5.01,37.08,100,9.51,111.88,2051,55,Pressure Drop,1.45,45.32
4093,5.0,37.42,90,9.72,116.88,2051,55,Pressure Drop,1.11,20.06
4094,5.0,37.22,100,9.15,115.15,2052,55,Pressure Drop,1.14,25.67
4095,5.26,36.82,90,9.33,110.07,2052,55,Pressure Drop,1.96,45.44
4096,5.0,36.69,100,9.47,112.6,2053,55,Pressure Drop,1.71,23.44
4097,5.31,36.85,90,9.8,112.46,2053,55,Pressure Drop,1.46,43.45
4098,5.31,36.57,100,9.37,112.35,2054,55,Pressure Drop,1.49,40.46
4099,5.13,36.17,90,8.76,112.66,2054,55,Pressure Drop,1.47,33.01
4100,5.16,35.62,100,9.15,116.34,2055,55,Pressure Drop,1.41,25.23
4101,5.0,35.85,90,9.8,111.76,2055,55,Pressure Drop,1.27,35.17
4102,5.0,35.94,100,9.96,113.22,2056,55,Pressure Drop,1.67,31.66
4103,5.12,35.56,90,9.49,110.57,2056,55,Pressure Drop,1.01,32.47
4104,5.0,34.95,100,9.71,123.32,2057,55,Pressure Drop,1.44,8.82
4105,5.06,35.27,90,9.33,114.56,2057,55,Pressure Drop,1.05,26.27
4106,5.3,35.23,100,9.49,111.13,2058,55,Pressure Drop,1.99,36.28
4107,5.3,35.14,90,9.1,110.78,2058,55,Pressure Drop,1.26,42.55
4108,5.0,34.68,100,9.39,116.61,2059,55,Pressure Drop,1.01,19.01
4109,5.11,34.85,90,9.27,115.27,2059,55,Pressure Drop,1.03,20.73
4110,5.17,35.03,100,9.09,112.21,2060,55,Pressure Drop,1.25,42.72
4111,5.0,35.87,90,9.78,116.25,2060,55,Pressure Drop,1.72,19.19
4112,5.0,35.71,100,9.39,119.18,2061,55,Pressure Drop,1.57,27.35
4113,5.08,35.54,90,9.39,110.23,2061,55,Pressure Drop,1.66,33.39
4114,5.2,35.48,100,9.37,110.25,2062,55,Pressure Drop,1.46,46.03
4115,5.15,35.73,90,9.92,115.16,2062,55,Pressure Drop,1.39,14.82
4116,5.0,35.66,100,9.36,121.28,2063,55,Pressure Drop,1.13,8.44
4117,5.12,35.76,90,9.52,110.5,2063,55,Pressure Drop,1.52,47.61
4118,5.0,36.13,100,10.13,119.4,2064,55,Pressure Drop,1.06,9.36
4119,5.41,35.94,90,9.62,110,2064,55,Pressure Drop,1.88,45.71
4120,5.42,36.64,100,9.66,110.09,2065,55,Pressure Drop,1.32,47.71
4121,5.42,36.7,90,9.82,110,2065,55,Pressure Drop,1.66,46.75
4122,5.36,36.76,100,9.42,110,2066,55,Pressure Drop,1.36,48.92
4123,5.0,36.22,90,8.93,113.76,2066,55,Pressure Drop,1.17,23.78
4124,5.0,36.55,100,9.9,117.73,2067,55,Pressure Drop,1.51,10.05
4125,5.18,36.43,90,8.94,110,2067,55,Pressure Drop,1.11,49.72
4126,5.0,36.13,100,9.73,120.42,2068,55,Pressure Drop,1.1,7.88
4127,5.37,36.0,90,9.73,111.33,2068,55,Pressure Drop,1.89,44.32
4128,5.3,36.31,100,9.47,114.08,2069,55,Pressure Drop,1.71,41.46
4129,5.08,36.1,90,9.2,111.9,2069,55,Pressure Drop,1.28,39.66
4130,5.0,36.6,100,9.59,116.79,2070,55,Pressure Drop,1.99,18.06
4131,5.2,36.92,90,9.99,114.19,2070,55,Pressure Drop,1.21,39.09
4132,5.3,36.97,100,9.93,110,2071,55,Pressure Drop,1.58,49.8
4133,5.12,37.05,90,9.83,110,2071,55,Pressure Drop,1.9,46.47
4134,5.03,36.72,100,9.05,117.97,2072,55,Pressure Drop,1.78,10.46
4135,5.0,36.35,90,9.42,117.34,2072,55,Pressure Drop,1.55,11.93
4136,5.23,35.63,100,9.75,111.21,2073,55,Pressure Drop,1.15,35.73
4137,5.34,36.17,90,9.94,110,2073,55,Pressure Drop,1.96,47.75
4138,5.32,36.26,100,9.75,112.64,2074,55,Pressure Drop,1.25,48.02
4139,5.1,36.62,90,9.53,118.33,2074,55,Pressure Drop,1.57,12.96
4140,5.25,36.45,100,9.09,113.41,2075,55,Pressure Drop,1.19,42.22
4141,5.0,36.02,90,9.67,114.28,2075,55,Pressure Drop,1.06,13.58
4142,5.09,36.32,100,8.96,111.15,2076,55,Pressure Drop,1.38,35.23
4143,5.23,36.09,90,9.2,113.41,2076,55,Pressure Drop,1.34,28.45
4144,5.0,36.4,100,9.18,118.46,2077,55,Pressure Drop,1.24,13.43
4145,5.34,35.74,90,9.3,112.57,2077,55,Pressure Drop,1.65,44.52
4146,5.0,35.44,100,8.9,115.62,2078,55,Pressure Drop,1.34,25.48
4147,5.14,35.59,90,9.87,113.79,2078,55,Pressure Drop,1.56,38.22
4148,5.05,35.99,100,9.85,114.04,2079,55,Pressure Drop,1.85,22.37
4149,5.13,35.97,90,9.28,115.11,2079,55,Pressure Drop,1.67,19.17
4150,5.0,36.11,100,9.02,117.78,2080,55,Pressure Drop,1.81,10.52
4151,5.0,36.31,90,9.82,117.0,2080,55,Pressure Drop,1.83,21.51
4152,5.05,36.5,100,9.19,111.75,2081,55,Pressure Drop,1.57,44.91
4153,5.12,36.07,90,9.19,116.57,2081,55,Pressure Drop,1.95,21.83
4154,5.01,36.04,100,9.64,115.66,2082,55,Pressure Drop,1.86,25.66
4155,5.36,35.39,90,9.13,111.57,2082,55,Pressure Drop,1.04,41.47
4156,5.24,34.93,100,9.24,113.36,2083,55,Pressure Drop,1.69,40.07
4157,5.47,34.99,90,9.61,110,2083,55,Pressure Drop,1.96,47.15
4158,5.03,35.13,100,9.51,118.6,2084,55,Pressure Drop,1.87,9.67
4159,5.0,34.54,90,9.61,117.43,2084,55,Pressure Drop,1.96,20.59
4160,5.07,34.68,100,9.48,115.47,2085,55,Pressure Drop,1.95,26.93
4161,5.16,35.46,90,9.84,110,2085,55,Pressure Drop,1.63,44.42
4162,5.12,35.6,100,8.76,115.51,2086,55,Pressure Drop,1.26,15.6
4163,5.2,35.81,90,8.9,111.95,2086,55,Pressure Drop,1.34,41.39
4164,5.0,35.57,100,9.59,110.44,2087,55,Pressure Drop,1.96,28.45
4165,5.04,35.84,90,9.8,110.27,2087,55,Pressure Drop,1.59,31.74
4166,5.13,35.69,100,9.6,113.97,2088,55,Pressure Drop,1.13,18.7
4167,5.0,35.21,90,9.11,118.16,2088,55,Pressure Drop,1.91,23.59
4168,5.0,34.8,100,9.33,121.15,2089,55,Pressure Drop,1.98,6.07
4169,5.22,35.76,90,9.64,114.44,2089,55,Pressure Drop,1.74,37.42
4170,5.14,35.68,100,9.66,113.74,2090,55,Pressure Drop,1.21,20.22
4171,5.2,36.16,90,9.77,120.24,2090,55,Pressure Drop,1.88,20.44
4172,5.28,36.26,100,9.28,112.47,2091,55,Pressure Drop,1.32,45.16
4173,5.21,36.28,90,9.53,110,2091,55,Pressure Drop,1.22,45.4
4174,5.16,36.19,100,9.95,112.16,2092,55,Pressure Drop,1.52,36.99
4175,5.0,36.18,90,9.23,119.24,2092,55,Pressure Drop,1.21,12.19
4176,5.32,36.34,100,9.12,116.99,2093,55,Pressure Drop,1.14,27.51
4177,5.16,36.72,90,9.12,116.25,2093,55,Pressure Drop,1.62,27.23
4178,5.05,36.37,100,9.65,110,2094,55,Pressure Drop,1.45,47.99
4179,5.0,35.95,90,9.25,114.02,2094,55,Pressure Drop,1.56,25.43
4180,5.0,35.8,100,10.02,112.92,2095,55,Pressure Drop,1.18,30.71
4181,5.0,35.51,90,9.6,118.53,2095,55,Pressure Drop,1.24,19.22
4182,5.0,35.63,100,9.74,116.59,2096,55,Pressure Drop,1.45,30.77
4183,5.09,36.24,90,9.63,111.35,2096,55,Pressure Drop,1.35,45.82
4184,5.0,36.39,100,9.12,116.19,2097,55,Pressure Drop,1.6,16.3
4185,5.0,35.92,90,9.45,121.24,2097,55,Pressure Drop,1.22,14.17
4186,5.12,36.23,100,9.36,112.88,2098,55,Pressure Drop,1.7,48.24
4187,5.36,36.24,90,9.44,111.69,2098,55,Pressure Drop,1.87,47.98
4188,5.08,35.85,100,9.17,120.12,2099,55,Pressure Drop,1.07,11.94
4189,5.0,36.41,90,9.34,118.3,2099,55,Pressure Drop,1.75,18.29
4190,5.28,35.96,100,9.36,114.48,2100,55,Pressure Drop,1.51,41.28
4191,5.05,36.04,90,8.81,110,2100,55,Pressure Drop,1.19,39.27
4192,5.41,36.26,100,9.24,111.37,2101,55,Pressure Drop,1.35,42.66
4193,5.0,36.02,90,9.93,121.55,2101,55,Pressure Drop,1.76,17.97
4194,5.0,35.35,100,9.5,114.55,2102,55,Pressure Drop,1.73,9.33
4195,5.0,35.78,90,9.54,117.01,2102,55,Pressure Drop,1.12,26.16
4196,5.0,35.44,100,9.17,121.16,2103,55,Pressure Drop,1.12,19.29
4197,5.23,35.7,90,9.02,112.87,2103,55,Pressure Drop,1.49,47.57
4198,5.13,36.2,100,9.32,110,2104,55,Pressure Drop,1.46,44.04
4199,5.25,36.07,90,9.16,110,2104,55,Pressure Drop,1.86,35.07
4200,5.33,35.71,100,9.5,114.56,2105,55,Pressure Drop,1.93,34.85
4201,5.0,36.17,90,9.79,115.13,2105,55,Pressure Drop,1.7,19.29
4202,5.22,36.04,100,9.3,110,2106,55,Pressure Drop,1.78,38.43
4203,5.0,36.46,90,9.76,119.74,2106,55,Pressure Drop,1.01,18.02
4204,5.18,36.31,100,10.15,115.7,2107,55,Pressure Drop,1.25,31.7
4205,5.3,35.96,90,9.55,110,2107,55,Pressure Drop,1.56,49.47
4206,5.08,35.91,100,9.6,113.02,2108,55,Pressure Drop,1.7,34.47
4207,5.47,35.98,90,9.2,110,2108,55,Pressure Drop,1.2,49.25
4208,5.0,36.16,100,9.69,117.96,2109,55,Pressure Drop,1.05,21.13
4209,5.05,36.71,90,9.12,117.76,2109,55,Pressure Drop,1.47,6.99
4210,5.22,36.17,100,9.46,113.64,2110,55,Pressure Drop,1.4,32.55
4211,5.0,36.83,90,9.8,118.04,2110,55,Pressure Drop,1.74,15.51
4212,5.2,36.4,100,9.32,110.82,2111,55,Pressure Drop,1.07,49.52
4213,5.02,35.89,90,9.35,115.65,2111,55,Pressure Drop,1.74,28.33
4214,5.02,36.19,100,9.59,110.3,2112,55,Pressure Drop,1.58,44.62
4215,5.14,36.34,90,9.74,113.11,2112,55,Pressure Drop,1.93,24.52
4216,5.35,36.97,100,9.47,110.73,2113,55,Pressure Drop,1.06,36.8
4217,5.28,37.07,90,9.41,112.02,2113,55,Pressure Drop,1.89,45.1
4218,5.12,37.16,100,9.31,115.55,2114,55,Pressure Drop,1.96,16.36
4219,5.15,37.26,90,9.18,119.42,2114,55,Pressure Drop,1.23,10.81
4220,5.0,36.73,100,9.28,121.41,2115,55,Pressure Drop,1.22,14.04
4221,5.08,36.17,90,9.96,115.19,2115,55,Pressure Drop,1.64,28.17
4222,5.0,36.0,100,9.07,112.36,2116,55,Pressure Drop,1.27,33.06
4223,5.01,35.65,90,9.57,117.2,2116,55,Pressure Drop,1.75,25.35
4224,5.0,35.64,100,9.9,114.31,2117,55,Pressure Drop,1.23,18.65
4225,5.0,36.3,90,9.19,110,2117,55,Pressure Drop,1.3,38.35
4226,5.3,36.62,100,9.36,117.35,2118,55,Pressure Drop,1.99,29.21
4227,5.0,36.47,90,9.3,116.86,2118,55,Pressure Drop,1.28,19.61
4228,5.12,35.66,100,10.14,110,2119,55,Pressure Drop,1.9,47.21
4229,5.16,36.4,90,9.49,116.06,2119,55,Pressure Drop,1.87,32.61
4230,5.19,36.69,100,8.87,113.03,2120,55,Pressure Drop,1.29,23.02
4231,5.45,36.98,90,9.19,110,2120,55,Pressure Drop,1.71,37.03
4232,5.0,37.07,100,9.59,114.5,2121,55,Pressure Drop,1.86,12.36
4233,5.26,37.19,90,9.82,114.75,2121,55,Pressure Drop,1.37,30.03
4234,5.0,37.06,100,9.06,116.48,2122,55,Pressure Drop,1.96,9.23
4235,5.08,36.92,90,9.01,115.6,2122,55,Pressure Drop,1.92,29.62
4236,5.35,36.55,100,9.74,110.92,2123,55,Pressure Drop,1.57,46.13
4237,5.25,36.48,90,9.08,111.51,2123,55,Pressure Drop,1.68,46.3
4238,5.0,36.58,100,9.58,112.07,2124,55,Pressure Drop,1.16,34.66
4239,5.0,36.49,90,9.2,110.86,2124,55,Pressure Drop,1.29,44.76
4240,5.1,37.27,100,9.4,115.56,2125,55,Pressure Drop,1.68,32.26
4241,5.0,36.88,90,9.78,120.67,2125,55,Pressure Drop,1.49,9.08
4242,5.0,36.86,100,9.2,118.47,2126,55,Pressure Drop,1.99,11.6
4243,5.0,37.05,90,9.12,119.1,2126,55,Pressure Drop,1.52,10.87
4244,5.06,36.72,100,8.76,110,2127,55,Pressure Drop,1.38,44.29
4245,5.0,37.0,90,9.7,118.75,2127,55,Pressure Drop,1.53,14.71
4246,5.18,37.18,100,9.5,116.15,2128,55,Pressure Drop,1.56,39.6
4247,5.0,36.82,90,9.39,122.8,2128,55,Pressure Drop,1.61,7.29
4248,5.0,36.93,100,9.24,118.8,2129,55,Pressure Drop,1.6,19.15
4249,5.41,36.22,90,9.77,110.14,2129,55,Pressure Drop,1.72,39.46
4250,5.06,35.93,100,9.89,119.41,2130,55,Pressure Drop,1.86,20.03
4251,5.2,36.46,90,9.81,113.36,2130,55,Pressure Drop,1.42,45.44
4252,5.09,36.6,100,9.65,110.98,2131,55,Pressure Drop,1.05,42.61
4253,5.15,36.42,90,9.75,113.09,2131,55,Pressure Drop,1.83,31.03
4254,5.0,36.71,100,9.15,118.6,2132,55,Pressure Drop,1.17,8.79
4255,5.2,36.54,90,10.03,115.37,2132,55,Pressure Drop,1.63,21.95
4256,5.0,36.97,100,9.8,118.26,2133,55,Pressure Drop,1.31,5.57
4257,5.1,37.11,90,9.26,117.85,2133,55,Pressure Drop,1.24,24.09
4258,5.0,37.18,100,9.76,114.41,2134,55,Pressure Drop,1.75,14.51
4259,5.1,36.65,90,8.92,117.43,2134,55,Pressure Drop,1.13,17.56
4260,5.0,37.41,100,9.31,116.71,2135,55,Pressure Drop,1.64,12.36
4261,5.36,37.45,90,9.82,111.24,2135,55,Pressure Drop,1.51,41.76
4262,5.16,37.08,100,9.57,111.88,2136,55,Pressure Drop,1.82,47.51
4263,5.0,37.6,90,9.53,112.77,2136,55,Pressure Drop,1.79,28.28
4264,5.0,37.03,100,9.74,116.05,2137,55,Pressure Drop,1.03,16.14
4265,5.0,36.66,90,10.0,120.57,2137,55,Pressure Drop,1.56,17.09
4266,5.11,36.52,100,9.27,116.23,2138,55,Pressure Drop,1.28,20.06
4267,5.29,35.64,90,9.05,110.14,2138,55,Pressure Drop,1.07,30.43
4268,5.3,35.87,100,9.76,110.58,2139,55,Pressure Drop,1.76,30.95
4269,5.0,36.07,90,9.15,119.96,2139,55,Pressure Drop,1.95,10.56
4270,5.0,35.38,100,9.54,112.46,2140,55,Pressure Drop,1.89,37.9
4271,5.0,35.75,90,9.9,114.3,2140,55,Pressure Drop,1.3,30.2
4272,5.15,36.15,100,9.3,110,2141,55,Pressure Drop,1.87,43.16
4273,5.0,36.2,90,9.04,122.37,2141,55,Pressure Drop,1.98,7.25
4274,5.0,36.7,100,8.84,114.95,2142,55,Pressure Drop,1.93,16.45
4275,5.0,37.38,90,9.66,113.38,2142,55,Pressure Drop,1.6,36.27
4276,5.07,37.17,100,9.54,116.92,2143,55,Pressure Drop,1.77,19.65
4277,5.0,37.08,90,9.63,119.09,2143,55,Pressure Drop,1.65,6.58
4278,5.0,37.3,100,9.77,110,2144,55,Pressure Drop,1.2,43.84
4279,5.11,37.09,90,9.23,117.92,2144,55,Pressure Drop,1.79,30.94
4280,5.0,37.1,100,9.23,118.2,2145,55,Pressure Drop,1.11,18.44
4281,5.23,37.26,90,9.35,110,2145,55,Pressure Drop,1.65,47.68
4282,5.0,36.76,100,9.93,117.56,2146,55,Pressure Drop,1.38,11.48
4283,5.0,36.45,90,9.22,116.44,2146,55,Pressure Drop,1.85,28.01
4284,5.09,35.91,100,10.05,111.52,2147,55,Pressure Drop,1.19,38.37
4285,5.21,35.05,90,9.18,114.13,2147,55,Pressure Drop,1.57,33.3
4286,5.0,35.17,100,9.31,119.6,2148,55,Pressure Drop,1.37,8.78
4287,5.0,35.37,90,9.68,118.58,2148,55,Pressure Drop,1.88,8.39
4288,5.13,35.58,100,9.23,111.46,2149,55,Pressure Drop,1.43,29.06
4289,5.0,35.58,90,9.74,113.52,2149,55,Pressure Drop,1.18,19.52
4290,5.35,36.0,100,9.65,110,2150,55,Pressure Drop,1.88,40.31
4291,5.0,35.79,90,9.31,117.18,2150,55,Pressure Drop,1.53,5.02
4292,5.0,36.1,100,9.85,115.18,2151,55,Pressure Drop,1.48,10.78
4293,5.07,35.44,90,8.95,112.47,2151,55,Pressure Drop,1.82,37.32
4294,5.07,35.8,100,9.54,114.27,2152,55,Pressure Drop,1.65,36.34
4295,5.0,35.07,90,9.88,117.38,2152,55,Pressure Drop,1.45,12.6
4296,5.25,35.74,100,9.2,117.61,2153,55,Pressure Drop,1.51,26.75
4297,5.01,35.13,90,9.36,115.39,2153,55,Pressure Drop,1.68,15.54
4298,5.21,35.23,100,9.27,119.68,2154,55,Pressure Drop,1.35,17.03
4299,5.0,35.69,90,9.27,122.12,2154,55,Pressure Drop,1.92,8.46
4300,5.13,35.68,100,9.18,114.86,2155,55,Pressure Drop,1.79,43.08
4301,5.0,35.67,90,9.28,122.1,2155,55,Pressure Drop,1.52,6.82
4302,5.0,35.39,100,9.72,118.1,2156,55,Pressure Drop,1.87,18.52
4303,5.0,35.89,90,9.33,121.17,2156,55,Pressure Drop,1.96,5.25
4304,5.0,35.44,100,9.9,113.81,2157,55,Pressure Drop,1.49,15.07
4305,5.0,35.59,90,10.07,111.36,2157,55,Pressure Drop,1.86,22.11
4306,5.0,35.85,100,9.79,117.78,2158,55,Pressure Drop,1.67,14.01
4307,5.0,35.86,90,9.84,118.01,2158,55,Pressure Drop,1.86,10.13
4308,5.11,36.14,100,10.16,117.95,2159,55,Pressure Drop,1.9,17.66
4309,5.33,36.36,90,9.54,115.59,2159,55,Pressure Drop,1.33,40.07
4310,5.07,36.25,100,9.57,111.75,2160,55,Pressure Drop,1.02,48.11
4311,5.0,36.43,90,9.61,115.32,2160,55,Pressure Drop,1.92,6.56
4312,5.0,36.26,100,9.35,119.15,2161,55,Pressure Drop,1.29,11.75
4313,5.11,36.44,90,9.71,110,2161,55,Pressure Drop,1.3,36.46
4314,5.0,36.93,100,9.53,118.07,2162,55,Pressure Drop,1.6,8.8
4315,5.2,36.62,90,9.43,116.23,2162,55,Pressure Drop,1.6,29.28
4316,5.0,36.97,100,9.18,116.28,2163,55,Pressure Drop,2.0,23.0
4317,5.0,36.83,90,9.85,111.3,2163,55,Pressure Drop,1.41,36.14
4318,5.0,36.02,100,9.41,114.19,2164,55,Pressure Drop,1.69,33.76
4319,5.0,36.48,90,9.22,119.26,2164,55,Pressure Drop,1.44,19.92
4320,5.37,36.27,100,9.85,110,2165,55,Pressure Drop,1.11,43.14
4321,5.2,36.0,90,9.96,114.54,2165,55,Pressure Drop,1.38,31.61
4322,5.49,35.83,100,9.18,110,2166,55,Pressure Drop,1.78,49.29
4323,5.31,35.78,90,9.51,110,2166,55,Pressure Drop,1.67,44.11
4324,5.19,36.67,100,9.85,114.33,2167,55,Pressure Drop,1.65,14.74
4325,5.11,36.23,90,9.53,117.07,2167,55,Pressure Drop,1.6,10.72
4326,5.0,36.48,100,9.34,115.94,2168,55,Pressure Drop,1.69,21.54
4327,5.4,36.84,90,8.89,114.32,2168,55,Pressure Drop,1.2,33.13
4328,5.0,36.94,100,9.1,118.8,2169,55,Pressure Drop,1.28,6.78
4329,5.04,36.24,90,9.26,111.43,2169,55,Pressure Drop,1.58,30.37
4330,5.29,36.42,100,9.46,110,2170,55,Pressure Drop,1.82,47.73
4331,5.0,36.67,90,8.93,121.34,2170,55,Pressure Drop,1.76,14.18
4332,5.0,37.34,100,9.8,117.03,2171,55,Pressure Drop,1.15,10.06
4333,5.27,37.16,90,9.05,110,2171,55,Pressure Drop,1.05,46.29
4334,5.0,37.32,100,9.01,120.58,2172,55,Pressure Drop,1.43,20.83
4335,5.0,37.1,90,9.69,113.7,2172,55,Pressure Drop,1.25,12.71
4336,5.0,37.1,100,9.28,115.19,2173,55,Pressure Drop,1.25,26.09
4337,5.04,36.8,90,9.49,119.3,2173,55,Pressure Drop,1.33,16.15
4338,5.0,36.45,100,9.05,122.31,2174,55,Pressure Drop,1.01,5.13
4339,5.33,36.86,90,9.66,110,2174,55,Pressure Drop,1.94,46.81
4340,5.38,37.05,100,9.45,113.68,2175,55,Pressure Drop,1.15,46.5
4341,5.05,36.96,90,9.53,116.38,2175,55,Pressure Drop,1.71,21.8
4342,5.44,36.62,100,9.58,111.21,2176,55,Pressure Drop,1.45,45.54
4343,5.26,36.36,90,10.07,112.21,2176,55,Pressure Drop,1.0,29.27
4344,5.0,35.71,100,9.37,116.11,2177,55,Pressure Drop,1.03,11.93
4345,5.0,35.76,90,9.55,115.12,2177,55,Pressure Drop,1.66,27.35
4346,5.09,35.61,100,9.07,118.52,2178,55,Pressure Drop,1.19,6.84
4347,5.26,35.97,90,9.12,114.42,2178,55,Pressure Drop,1.94,33.2
4348,5.3,36.19,100,8.93,114.75,2179,55,Pressure Drop,2.0,42.19
4349,5.08,35.61,90,8.94,118.36,2179,55,Pressure Drop,1.78,14.91
4350,5.33,36.17,100,9.39,110,2180,55,Pressure Drop,1.09,41.76
4351,5.09,36.48,90,9.57,117.62,2180,55,Pressure Drop,1.7,11.36
4352,5.01,36.29,100,9.27,121.48,2181,55,Pressure Drop,1.78,9.97
4353,5.0,36.88,90,9.51,120.55,2181,55,Pressure Drop,1.38,20.62
4354,5.07,36.59,100,9.94,120.36,2182,55,Pressure Drop,1.74,14.59
4355,5.25,36.48,90,9.87,110,2182,55,Pressure Drop,1.45,39.9
4356,5.12,37.08,100,9.26,110,2183,55,Pressure Drop,1.04,48.87
4357,5.0,37.66,90,9.51,113.97,2183,55,Pressure Drop,1.09,25.91
4358,5.0,37.49,100,9.35,115.36,2184,55,Pressure Drop,1.13,15.47
4359,5.0,38.02,90,10.09,115.93,2184,55,Pressure Drop,1.13,8.74
4360,5.49,38.14,100,9.48,110,2185,55,Pressure Drop,1.5,48.41
4361,5.0,38.46,90,9.2,111.1,2185,55,Pressure Drop,1.41,36.14
4362,5.09,38.62,100,9.68,114.35,2186,55,Pressure Drop,1.53,28.67
4363,5.1,39.05,90,9.11,112.27,2186,55,Pressure Drop,1.85,31.61
4364,5.21,38.33,100,9.27,110,2187,55,Pressure Drop,1.69,33.15
4365,5.0,37.91,90,9.45,116.17,2187,55,Pressure Drop,1.69,13.11
4366,5.0,38.01,100,9.09,117.35,2188,55,Pressure Drop,1.67,33.45
4367,5.0,37.29,90,9.27,116.01,2188,55,Pressure Drop,1.14,24.77
4368,5.09,37.22,100,9.21,110.55,2189,55,Pressure Drop,1.64,31.03
4369,5.0,36.57,90,9.49,118.69,2189,55,Pressure Drop,1.39,13.37
4370,5.0,36.21,100,9.78,115.12,2190,55,Pressure Drop,1.44,9.23
4371,5.0,36.63,90,9.29,110,2190,55,Pressure Drop,1.69,36.08
4372,5.0,36.6,100,9.72,117.28,2191,55,Pressure Drop,1.29,13.39
4373,5.13,36.24,90,9.26,113.85,2191,55,Pressure Drop,1.17,29.44
4374,5.39,36.92,100,9.4,114.8,2192,55,Pressure Drop,1.23,31.91
4375,5.0,37.2,90,9.13,117.11,2192,55,Pressure Drop,1.85,7.33
4376,5.0,36.46,100,9.48,110,2193,55,Pressure Drop,1.58,40.81
4377,5.16,35.63,90,9.41,118.98,2193,55,Pressure Drop,1.93,16.76
4378,5.08,35.53,100,9.48,117.97,2194,55,Pressure Drop,1.25,28.33
4379,5.0,35.54,90,10.11,119.98,2194,55,Pressure Drop,1.04,5.94
4380,5.24,35.48,100,8.79,116.11,2195,55,Pressure Drop,1.24,25.66
4381,5.15,35.62,90,9.44,110,2195,55,Pressure Drop,1.63,49.36
4382,5.0,35.72,100,9.22,118.95,2196,55,Pressure Drop,1.58,10.95
4383,5.06,35.95,90,9.62,113.44,2196,55,Pressure Drop,1.39,13.63
4384,5.17,36.08,100,10.1,115.21,2197,55,Pressure Drop,1.78,35.32
4385,5.0,35.68,90,9.86,119.31,2197,55,Pressure Drop,1.56,7.47
4386,5.21,35.96,100,9.48,112.95,2198,55,Pressure Drop,1.25,35.67
4387,5.0,36.24,90,9.11,117.94,2198,55,Pressure Drop,1.07,25.68
4388,5.0,35.75,100,9.63,116.54,2199,55,Pressure Drop,1.3,27.57
4389,5.04,35.98,90,9.23,110,2199,55,Pressure Drop,1.53,46.1
4390,5.01,36.41,100,9.7,113.0,2200,55,Pressure Drop,1.62,30.31
4391,5.26,36.19,90,9.32,110,2200,55,Pressure Drop,1.01,45.4
4392,5.36,36.1,100,9.85,113.82,2201,55,Pressure Drop,1.9,44.0
4393,5.37,36.05,90,9.62,111.71,2201,55,Pressure Drop,1.05,28.77
4394,5.14,35.83,100,9.24,110,2202,55,Pressure Drop,1.52,35.92
4395,5.0,35.62,90,9.49,114.44,2202,55,Pressure Drop,1.67,20.79
4396,5.27,35.87,100,9.19,114.93,2203,55,Pressure Drop,1.21,31.03
4397,5.03,35.85,90,9.3,113.14,2203,55,Pressure Drop,1.97,27.01
4398,5.0,36.46,100,9.28,120.31,2204,55,Pressure Drop,1.54,12.59
4399,5.19,36.23,90,9.57,112.1,2204,55,Pressure Drop,1.52,45.23
4400,5.08,36.51,100,9.23,111.04,2205,55,Pressure Drop,1.63,37.94
4401,5.0,35.94,90,9.4,113.61,2205,55,Pressure Drop,1.41,31.38
4402,5.1,35.78,100,9.67,111.15,2206,55,Pressure Drop,1.17,37.63
4403,5.1,35.62,90,9.54,112.57,2206,55,Pressure Drop,1.37,29.15
4404,5.0,35.46,100,9.5,118.67,2207,55,Pressure Drop,1.84,6.05
4405,5.0,35.71,90,9.23,114.21,2207,55,Pressure Drop,1.21,28.32
4406,5.0,35.9,100,9.94,117.98,2208,55,Pressure Drop,1.56,16.52
4407,5.29,36.02,90,9.78,115.73,2208,55,Pressure Drop,1.22,32.41
4408,5.0,36.37,100,9.23,116.29,2209,55,Pressure Drop,1.42,7.92
4409,5.09,36.3,90,9.57,119.36,2209,55,Pressure Drop,1.93,18.44
4410,5.18,36.32,100,9.19,115.2,2210,55,Pressure Drop,1.41,22.71
4411,5.0,36.34,90,8.98,119.82,2210,55,Pressure Drop,1.78,9.71
4412,5.09,36.66,100,9.42,114.08,2211,55,Pressure Drop,1.45,20.94
4413,5.28,36.95,90,9.81,110.54,2211,55,Pressure Drop,1.16,36.84
4414,5.0,36.74,100,9.73,114.1,2212,55,Pressure Drop,1.91,28.19
4415,5.21,36.44,90,9.54,113.19,2212,55,Pressure Drop,1.08,36.42
4416,5.14,36.01,100,9.67,110,2213,55,Pressure Drop,1.62,38.37
4417,5.15,36.03,90,9.59,116.69,2213,55,Pressure Drop,1.39,30.4
4418,5.0,36.41,100,9.74,120.87,2214,55,Pressure Drop,1.11,5.07
4419,5.0,36.18,90,9.47,118.07,2214,55,Pressure Drop,1.46,21.29
4420,5.3,35.91,100,9.86,112.12,2215,55,Pressure Drop,1.71,24.01
4421,5.09,35.56,90,9.8,117.41,2215,55,Pressure Drop,1.22,12.29
4422,5.0,35.82,100,9.83,114.36,2216,55,Pressure Drop,1.26,7.97
4423,5.0,36.46,90,9.71,122.28,2216,55,Pressure Drop,1.62,13.07
4424,5.01,36.27,100,9.53,115.52,2217,55,Pressure Drop,1.6,21.87
4425,5.0,35.86,90,9.85,120.38,2217,55,Pressure Drop,1.81,19.07
4426,5.0,36.1,100,9.53,116.81,2218,55,Pressure Drop,1.87,13.05
4427,5.0,36.11,90,9.56,115.42,2218,55,Pressure Drop,1.11,29.96
4428,5.15,36.33,100,9.65,113.25,2219,55,Pressure Drop,1.51,36.22
4429,5.19,36.92,90,10.06,110,2219,55,Pressure Drop,1.49,39.25
4430,5.15,37.56,100,8.79,110,2220,55,Pressure Drop,1.39,44.83
4431,5.0,37.14,90,9.08,122.05,2220,55,Pressure Drop,1.68,7.61
4432,5.0,37.25,100,9.81,118.17,2221,55,Pressure Drop,1.59,7.6
4433,5.16,36.94,90,9.03,119.69,2221,55,Pressure Drop,1.01,13.26
4434,5.32,37.33,100,9.42,113.03,2222,55,Pressure Drop,1.98,44.82
4435,5.0,36.51,90,9.34,118.63,2222,55,Pressure Drop,1.37,5.81
4436,5.0,35.78,100,10.01,110.94,2223,55,Pressure Drop,1.25,29.49
4437,5.0,35.43,90,9.05,117.13,2223,55,Pressure Drop,1.64,22.36
4438,5.02,35.44,100,9.7,117.58,2224,55,Pressure Drop,1.94,11.95
4439,5.0,36.08,90,9.16,113.6,2224,55,Pressure Drop,1.36,17.96
4440,5.16,35.33,100,9.12,111.98,2225,55,Pressure Drop,1.76,34.58
4441,5.0,35.76,90,9.09,117.82,2225,55,Pressure Drop,1.1,19.05
4442,5.31,35.16,100,10.0,111.51,2226,55,Pressure Drop,1.82,37.2
4443,5.0,35.3,90,9.42,114.63,2226,55,Pressure Drop,1.69,23.94
4444,5.0,34.82,100,9.46,119.66,2227,55,Pressure Drop,1.5,5.27
4445,5.0,35.19,90,9.3,116.24,2227,55,Pressure Drop,1.13,25.96
4446,5.0,34.98,100,9.87,116.6,2228,55,Pressure Drop,1.86,9.03
4447,5.11,35.3,90,9.74,113.49,2228,55,Pressure Drop,1.52,34.5
4448,5.21,35.64,100,9.69,112.8,2229,55,Pressure Drop,1.1,23.28
4449,5.44,36.06,90,9.5,115.48,2229,55,Pressure Drop,1.65,35.67
4450,5.06,35.67,100,9.47,116.05,2230,55,Pressure Drop,1.73,29.13
4451,5.24,36.04,90,9.49,117.33,2230,55,Pressure Drop,1.27,20.09
4452,5.22,35.74,100,9.63,114.16,2231,55,Pressure Drop,1.4,40.86
4453,5.0,35.69,90,9.71,111.61,2231,55,Pressure Drop,1.49,26.2
4454,5.0,35.73,100,9.12,115.11,2232,55,Pressure Drop,1.06,23.06
4455,5.05,35.43,90,9.68,110,2232,55,Pressure Drop,1.44,38.78
4456,5.21,35.61,100,9.69,110.78,2233,55,Pressure Drop,1.29,40.78
4457,5.0,35.37,90,9.95,120.29,2233,55,Pressure Drop,1.38,10.76
4458,5.24,35.67,100,10.09,115.79,2234,55,Pressure Drop,1.37,38.24
4459,5.1,35.55,90,9.45,115.15,2234,55,Pressure Drop,1.64,37.42
4460,5.21,35.94,100,9.19,115.74,2235,55,Pressure Drop,1.42,26.53
4461,5.0,35.78,90,9.61,112.82,2235,55,Pressure Drop,1.18,35.18
4462,5.09,35.7,100,9.09,113.48,2236,55,Pressure Drop,1.88,31.1
4463,5.12,35.77,90,9.53,117.51,2236,55,Pressure Drop,1.84,24.86
4464,5.28,35.56,100,9.26,110,2237,55,Pressure Drop,1.28,45.12
4465,5.0,35.66,90,9.48,115.53,2237,55,Pressure Drop,1.89,22.95
4466,5.09,35.69,100,9.88,110,2238,55,Pressure Drop,1.18,42.15
4467,5.0,35.6,90,8.99,116.87,2238,55,Pressure Drop,1.34,9.58
4468,5.19,35.97,100,9.04,111.31,2239,55,Pressure Drop,1.5,44.69
4469,5.0,36.24,90,9.17,114.71,2239,55,Pressure Drop,1.06,33.56
4470,5.0,35.75,100,9.45,115.43,2240,55,Pressure Drop,1.9,19.32
4471,5.34,35.37,90,9.86,110,2240,55,Pressure Drop,1.12,48.38
4472,5.0,35.16,100,9.65,117.8,2241,55,Pressure Drop,1.45,17.1
4473,5.2,35.67,90,10.06,110,2241,55,Pressure Drop,1.31,49.55
4474,5.0,35.66,100,8.87,117.71,2242,55,Pressure Drop,1.57,7.13
4475,5.0,35.28,90,8.96,114.66,2242,55,Pressure Drop,1.09,8.97
4476,5.26,35.26,100,9.22,115.94,2243,55,Pressure Drop,1.11,31.83
4477,5.0,34.86,90,9.38,120.1,2243,55,Pressure Drop,1.31,6.1
4478,5.0,34.88,100,9.77,119.66,2244,55,Pressure Drop,1.62,6.02
4479,5.08,34.94,90,9.33,110.55,2244,55,Pressure Drop,1.28,41.95
4480,5.22,34.91,100,9.38,110.38,2245,55,Pressure Drop,1.93,43.58
4481,5.06,35.22,90,9.94,117.41,2245,55,Pressure Drop,1.02,20.91
4482,5.11,35.23,100,9.17,114.79,2246,55,Pressure Drop,1.31,38.15
4483,5.01,35.2,90,9.77,115.4,2246,55,Pressure Drop,1.46,28.22
4484,5.0,35.89,100,9.43,113.54,2247,55,Pressure Drop,1.18,13.28
4485,5.3,35.63,90,9.16,110.85,2247,55,Pressure Drop,1.63,29.92
4486,5.0,35.49,100,9.86,121.0,2248,55,Pressure Drop,1.01,7.87
4487,5.15,36.12,90,8.72,110.84,2248,55,Pressure Drop,1.38,48.51
4488,5.19,35.72,100,9.29,117.39,2249,55,Pressure Drop,1.81,28.35
4489,5.33,36.55,90,9.61,115.38,2249,55,Pressure Drop,1.36,38.57
4490,5.01,36.94,100,9.32,112.14,2250,55,Pressure Drop,1.67,32.13
4491,5.0,36.67,90,9.07,113.81,2250,55,Pressure Drop,1.98,16.27
4492,5.07,36.76,100,9.96,110,2251,55,Pressure Drop,1.73,38.52
4493,5.2,36.66,90,9.08,113.55,2251,55,Pressure Drop,1.48,25.96
4494,5.0,36.68,100,9.69,117.63,2252,55,Pressure Drop,1.49,19.26
4495,5.29,36.76,90,9.72,110,2252,55,Pressure Drop,1.09,48.63
4496,5.12,36.6,100,9.51,119.04,2253,55,Pressure Drop,1.67,22.9
4497,5.0,36.07,90,9.55,119.64,2253,55,Pressure Drop,1.82,10.87
4498,5.33,35.94,100,9.67,112.29,2254,55,Pressure Drop,1.69,34.65
4499,5.2,36.36,90,9.29,116.28,2254,55,Pressure Drop,1.37,26.19
4500,5.0,36.55,100,9.5,114.93,2255,55,Pressure Drop,1.83,26.21
4501,5.06,36.04,90,9.49,115.64,2255,55,Pressure Drop,1.29,35.11
4502,5.0,36.5,100,9.49,116.16,2256,55,Pressure Drop,1.06,17.27
4503,5.05,35.92,90,9.72,111.48,2256,55,Pressure Drop,1.24,41.17
4504,5.06,36.23,100,9.52,116.28,2257,55,Pressure Drop,1.3,27.6
4505,5.0,36.55,90,9.53,120.74,2257,55,Pressure Drop,1.63,12.06
4506,5.07,36.85,100,9.76,114.72,2258,55,Pressure Drop,1.28,23.95
4507,5.0,36.78,90,9.26,115.23,2258,55,Pressure Drop,1.7,14.66
4508,5.16,36.98,100,9.84,112.52,2259,55,Pressure Drop,1.91,30.03
4509,5.32,36.15,90,10.13,111.84,2259,55,Pressure Drop,1.54,38.08
4510,5.0,36.18,100,9.84,118.56,2260,55,Pressure Drop,1.24,15.2
4511,5.21,36.47,90,9.4,112.07,2260,55,Pressure Drop,1.38,38.4
4512,5.28,36.77,100,9.23,113.47,2261,55,Pressure Drop,1.09,34.49
4513,5.0,36.7,90,9.59,119.16,2261,55,Pressure Drop,1.79,7.97
4514,5.0,37.04,100,9.75,120.9,2262,55,Pressure Drop,1.05,12.41
4515,5.0,37.08,90,9.98,118.77,2262,55,Pressure Drop,1.34,8.08
4516,5.1,36.8,100,9.52,110,2263,55,Pressure Drop,1.4,36.67
4517,5.0,36.5,90,9.1,117.97,2263,55,Pressure Drop,1.89,8.99
4518,5.0,36.52,100,9.11,110.4,2264,55,Pressure Drop,1.32,27.41
4519,5.08,36.29,90,9.85,113.41,2264,55,Pressure Drop,1.68,16.37
4520,5.0,36.7,100,9.62,119.38,2265,55,Pressure Drop,1.57,17.81
4521,5.0,37.07,90,9.16,118.91,2265,55,Pressure Drop,1.66,15.53
4522,5.27,37.19,100,9.66,110,2266,55,Pressure Drop,1.21,44.81
4523,5.0,37.18,90,9.17,116.52,2266,55,Pressure Drop,1.9,16.61
4524,5.23,36.63,100,8.92,117.62,2267,55,Pressure Drop,1.73,18.06
4525,5.09,36.91,90,9.22,118.27,2267,55,Pressure Drop,1.64,20.19
4526,5.0,36.19,100,9.32,114.27,2268,55,Pressure Drop,1.24,26.67
4527,5.0,35.65,90,9.18,117.73,2268,55,Pressure Drop,1.24,22.06
4528,5.26,35.82,100,9.09,113.46,2269,55,Pressure Drop,1.67,31.01
4529,5.19,35.21,90,9.39,110.29,2269,55,Pressure Drop,1.79,37.6
4530,5.22,35.14,100,9.8,112.37,2270,55,Pressure Drop,1.6,31.35
4531,5.0,34.98,90,9.94,118.41,2270,55,Pressure Drop,1.81,5.29
4532,5.24,34.97,100,9.0,115.98,2271,55,Pressure Drop,1.6,14.78
4533,5.29,35.37,90,9.12,111.54,2271,55,Pressure Drop,1.1,32.6
4534,5.04,35.29,100,9.0,110,2272,55,Pressure Drop,1.38,36.7
4535,5.38,36.14,90,9.38,110,2272,55,Pressure Drop,1.9,44.42
4536,5.25,35.81,100,9.07,110,2273,55,Pressure Drop,1.13,30.71
4537,5.11,36.3,90,9.8,110.11,2273,55,Pressure Drop,1.52,35.34
4538,5.0,35.92,100,9.54,117.79,2274,55,Pressure Drop,1.75,13.81
4539,5.0,35.89,90,9.98,111.23,2274,55,Pressure Drop,1.15,30.03
4540,5.07,35.27,100,8.78,117.19,2275,55,Pressure Drop,1.27,14.54
4541,5.0,35.1,90,9.41,118.72,2275,55,Pressure Drop,1.93,15.02
4542,5.0,35.32,100,9.12,115.2,2276,55,Pressure Drop,1.6,16.3
4543,5.2,35.37,90,9.65,113.0,2276,55,Pressure Drop,2.0,23.41
4544,5.0,35.26,100,9.43,122.53,2277,55,Pressure Drop,1.31,5.17
4545,5.0,34.73,90,9.37,113.69,2277,55,Pressure Drop,1.47,22.31
4546,5.0,34.74,100,8.88,117.96,2278,55,Pressure Drop,1.06,18.82
4547,5.0,35.47,90,9.27,118.2,2278,55,Pressure Drop,1.29,23.47
4548,5.34,36.06,100,10.0,113.37,2279,55,Pressure Drop,1.87,39.93
4549,5.0,36.17,90,9.75,117.06,2279,55,Pressure Drop,1.47,8.66
4550,5.16,36.09,100,9.61,116.19,2280,55,Pressure Drop,1.9,29.67
4551,5.33,36.43,90,9.32,113.83,2280,55,Pressure Drop,1.78,45.86
4552,5.0,36.0,100,8.99,118.41,2281,55,Pressure Drop,1.92,15.55
4553,5.0,35.43,90,9.62,119.61,2281,55,Pressure Drop,1.13,12.04
4554,5.28,35.63,100,9.29,110,2282,55,Pressure Drop,1.44,48.94
4555,5.09,35.65,90,9.44,119.99,2282,55,Pressure Drop,1.64,15.88
4556,5.0,35.82,100,8.95,118.55,2283,55,Pressure Drop,1.17,6.93
4557,5.17,36.12,90,9.48,113.6,2283,55,Pressure Drop,1.45,32.48
4558,5.36,36.17,100,9.18,113.1,2284,55,Pressure Drop,1.93,32.58
4559,5.07,36.05,90,9.56,118.55,2284,55,Pressure Drop,1.28,27.04
4560,5.0,36.09,100,9.3,118.21,2285,55,Pressure Drop,1.05,5.1
4561,5.07,35.85,90,8.82,112.53,2285,55,Pressure Drop,1.32,43.57
4562,5.11,35.49,100,9.41,114.3,2286,55,Pressure Drop,1.63,43.3
4563,5.0,35.63,90,9.14,121.63,2286,55,Pressure Drop,1.45,8.93
4564,5.19,35.33,100,8.96,114.71,2287,55,Pressure Drop,1.77,33.37
4565,5.21,35.95,90,9.06,110,2287,55,Pressure Drop,1.75,34.95
4566,5.0,36.01,100,9.5,114.95,2288,55,Pressure Drop,1.12,19.04
4567,5.24,35.54,90,9.67,111.88,2288,55,Pressure Drop,1.49,35.18
4568,5.2,36.14,100,9.03,115.3,2289,55,Pressure Drop,1.28,33.31
4569,5.28,36.62,90,9.96,111.19,2289,55,Pressure Drop,1.03,35.39
4570,5.01,36.65,100,9.74,112.72,2290,55,Pressure Drop,1.54,29.7
4571,5.02,36.25,90,9.57,114.35,2290,55,Pressure Drop,1.03,27.21
4572,5.24,36.18,100,9.7,115.7,2291,55,Pressure Drop,1.86,20.18
4573,5.14,35.89,90,9.67,114.03,2291,55,Pressure Drop,1.11,44.68
4574,5.12,36.44,100,9.75,110,2292,55,Pressure Drop,1.14,41.49
4575,5.0,36.85,90,9.79,120.85,2292,55,Pressure Drop,1.06,17.3
4576,5.16,36.59,100,9.87,116.97,2293,55,Pressure Drop,1.66,31.16
4577,5.13,36.54,90,9.49,110,2293,55,Pressure Drop,1.64,36.72
4578,5.0,36.36,100,9.64,116.57,2294,55,Pressure Drop,1.75,13.28
4579,5.02,36.57,90,9.38,113.82,2294,55,Pressure Drop,1.32,18.47
4580,5.39,37.07,100,9.5,111.25,2295,55,Pressure Drop,1.18,39.75
4581,5.0,37.26,90,9.78,116.7,2295,55,Pressure Drop,1.82,12.99
4582,5.0,37.02,100,9.06,122.63,2296,55,Pressure Drop,1.63,7.73
4583,5.09,37.15,90,8.97,115.65,2296,55,Pressure Drop,1.17,12.99
4584,5.0,36.97,100,9.02,115.76,2297,55,Pressure Drop,1.65,16.56
4585,5.0,37.26,90,9.11,115.03,2297,55,Pressure Drop,1.46,12.8
4586,5.17,37.87,100,9.32,116.93,2298,55,Pressure Drop,1.27,19.55
4587,5.0,37.28,90,9.04,114.6,2298,55,Pressure Drop,1.9,21.51
4588,5.05,37.43,100,9.03,110,2299,55,Pressure Drop,1.2,45.76
4589,5.18,37.82,90,9.02,111.57,2299,55,Pressure Drop,1.91,36.3
4590,5.25,37.29,100,9.83,110,2300,55,Pressure Drop,1.12,47.66
4591,5.0,36.6,90,9.4,116.89,2300,55,Pressure Drop,1.23,19.01
4592,5.02,36.72,100,9.94,110.99,2301,55,Pressure Drop,1.82,38.75
4593,5.17,36.63,90,9.71,114.74,2301,55,Pressure Drop,1.52,36.77
4594,5.0,37.31,100,9.51,120.49,2302,55,Pressure Drop,1.5,6.7
4595,5.25,36.78,90,9.87,110,2302,55,Pressure Drop,1.31,44.11
4596,5.0,36.86,100,9.55,110,2303,55,Pressure Drop,1.3,45.37
4597,5.0,37.48,90,9.41,116.95,2303,55,Pressure Drop,1.29,30.75
4598,5.07,37.61,100,9.08,114.53,2304,55,Pressure Drop,1.65,23.66
4599,5.06,36.93,90,9.27,110.25,2304,55,Pressure Drop,1.63,38.38
4600,5.0,36.87,100,9.33,115.44,2305,55,Pressure Drop,1.76,23.69
4601,5.13,36.38,90,8.83,116.0,2305,55,Pressure Drop,1.56,18.87
4602,5.02,36.81,100,10.12,116.71,2306,55,Pressure Drop,1.51,22.51
4603,5.3,37.48,90,9.6,114.41,2306,55,Pressure Drop,1.05,41.4
4604,5.0,37.71,100,9.47,113.5,2307,55,Pressure Drop,1.87,34.11
4605,5.06,38.07,90,9.29,111.37,2307,55,Pressure Drop,1.85,33.27
4606,5.0,37.17,100,9.77,113.23,2308,55,Pressure Drop,1.55,22.32
4607,5.12,36.66,90,9.25,116.77,2308,55,Pressure Drop,1.69,19.82
4608,5.21,36.36,100,9.7,110.08,2309,55,Pressure Drop,1.29,49.41
4609,5.14,35.56,90,9.13,114.74,2309,55,Pressure Drop,1.48,34.68
4610,5.0,35.83,100,9.37,122.77,2310,55,Pressure Drop,1.86,5.15
4611,5.19,35.63,90,9.89,110,2310,55,Pressure Drop,1.8,40.73
4612,5.28,35.53,100,9.2,111.58,2311,55,Pressure Drop,1.19,37.67
4613,5.3,36.06,90,9.53,113.89,2311,55,Pressure Drop,1.36,35.08
4614,5.11,35.53,100,9.25,111.49,2312,55,Pressure Drop,1.17,31.6
4615,5.33,36.25,90,9.86,113.47,2312,55,Pressure Drop,1.29,44.81
4616,5.1,36.25,100,9.86,114.25,2313,55,Pressure Drop,1.52,40.45
4617,5.0,35.91,90,9.3,118.38,2313,55,Pressure Drop,1.49,7.29
4618,5.11,35.41,100,9.69,110,2314,55,Pressure Drop,1.07,45.64
4619,5.36,34.93,90,8.82,110,2314,55,Pressure Drop,1.01,46.19
4620,5.0,35.51,100,9.03,118.69,2315,55,Pressure Drop,1.24,7.09
4621,5.0,35.39,90,8.99,113.37,2315,55,Pressure Drop,1.35,31.83
4622,5.02,35.83,100,9.81,116.01,2316,55,Pressure Drop,1.58,13.54
4623,5.0,35.88,90,9.15,110.15,2316,55,Pressure Drop,1.14,42.53
4624,5.21,35.23,100,9.21,110,2317,55,Pressure Drop,1.95,40.89
4625,5.0,34.95,90,10.03,119.77,2317,55,Pressure Drop,1.61,13.91
4626,5.23,34.84,100,9.42,110,2318,55,Pressure Drop,1.92,45.14
4627,5.2,34.86,90,9.13,111.69,2318,55,Pressure Drop,1.16,44.27
4628,5.0,34.78,100,9.69,116.41,2319,55,Pressure Drop,1.36,12.87
4629,5.01,34.62,90,9.29,114.93,2319,55,Pressure Drop,1.68,17.0
4630,5.14,34.88,100,9.47,110.98,2320,55,Pressure Drop,1.61,37.67
4631,5.0,35.07,90,9.44,118.9,2320,55,Pressure Drop,1.95,12.74
4632,5.0,34.57,100,9.72,112.17,2321,55,Pressure Drop,1.92,29.51
4633,5.0,34.85,90,9.97,118.21,2321,55,Pressure Drop,1.38,7.53
4634,5.0,35.03,100,9.19,117.53,2322,55,Pressure Drop,1.84,8.83
4635,5.18,34.97,90,9.8,115.48,2322,55,Pressure Drop,1.71,36.15
4636,5.15,34.99,100,9.25,117.36,2323,55,Pressure Drop,1.44,25.29
4637,5.08,34.84,90,9.24,118.37,2323,55,Pressure Drop,1.36,16.2
4638,5.0,35.13,100,9.1,117.51,2324,55,Pressure Drop,1.44,11.0
4639,5.23,35.67,90,9.23,112.44,2324,55,Pressure Drop,1.88,37.32
4640,5.26,36.09,100,8.86,114.47,2325,55,Pressure Drop,1.26,27.17
4641,5.23,36.39,90,9.84,110,2325,55,Pressure Drop,1.61,36.43
4642,5.0,36.41,100,9.37,116.31,2326,55,Pressure Drop,1.67,27.61
4643,5.16,36.39,90,9.32,114.27,2326,55,Pressure Drop,1.9,23.21
4644,5.0,36.29,100,9.42,111.94,2327,55,Pressure Drop,1.13,26.61
4645,5.0,36.44,90,9.24,113.66,2327,55,Pressure Drop,1.97,13.79
4646,5.2,36.15,100,9.69,111.34,2328,55,Pressure Drop,1.26,49.56
4647,5.1,36.72,90,9.66,116.16,2328,55,Pressure Drop,1.53,36.99
4648,5.03,37.09,100,10.07,115.07,2329,55,Pressure Drop,1.76,34.16
4649,5.2,36.86,90,8.99,112.12,2329,55,Pressure Drop,1.99,38.94
4650,5.0,37.27,100,9.71,119.61,2330,55,Pressure Drop,1.87,7.5
4651,5.35,37.23,90,9.25,110,2330,55,Pressure Drop,1.2,49.91
4652,5.18,37.73,100,9.13,115.83,2331,55,Pressure Drop,1.25,31.37
4653,5.06,37.29,90,9.53,110.45,2331,55,Pressure Drop,1.53,39.14
4654,5.07,37.37,100,9.33,116.77,2332,55,Pressure Drop,1.62,25.21
4655,5.0,37.0,90,9.61,121.18,2332,55,Pressure Drop,1.31,5.14
4656,5.32,36.93,100,9.01,110,2333,55,Pressure Drop,1.09,45.55
4657,5.1,36.54,90,9.11,121.11,2333,55,Pressure Drop,1.11,14.24
4658,5.4,36.61,100,9.68,112.93,2334,55,Pressure Drop,1.73,39.83
4659,5.0,36.73,90,9.64,115.15,2334,55,Pressure Drop,1.98,9.71
4660,5.4,37.1,100,8.93,110,2335,55,Pressure Drop,1.73,46.28
4661,5.0,37.46,90,9.14,121.11,2335,55,Pressure Drop,1.17,8.68
4662,5.16,37.06,100,9.79,110,2336,55,Pressure Drop,1.77,42.99
4663,5.15,36.5,90,9.93,115.5,2336,55,Pressure Drop,1.73,31.51
4664,5.07,36.34,100,9.51,110.45,2337,55,Pressure Drop,1.11,49.1
4665,5.03,36.84,90,9.22,110.81,2337,55,Pressure Drop,1.63,37.97
4666,5.09,36.2,100,9.75,115.09,2338,55,Pressure Drop,1.67,30.21
4667,5.04,35.87,90,9.53,116.84,2338,55,Pressure Drop,1.76,30.26
4668,5.35,36.08,100,9.46,110,2339,55,Pressure Drop,1.67,43.66
4669,5.25,35.92,90,9.31,113.39,2339,55,Pressure Drop,1.2,28.15
4670,5.11,35.71,100,9.18,115.72,2340,55,Pressure Drop,1.22,32.77
4671,5.0,36.04,90,9.48,116.99,2340,55,Pressure Drop,1.8,11.27
4672,5.0,36.48,100,9.59,121.58,2341,55,Pressure Drop,1.47,9.84
4673,5.0,36.48,90,9.31,116.26,2341,55,Pressure Drop,1.47,27.53
4674,5.08,36.99,100,9.11,119.84,2342,55,Pressure Drop,1.8,17.41
4675,5.45,37.44,90,9.66,111.0,2342,55,Pressure Drop,1.3,47.72
4676,5.0,37.25,100,9.48,120.84,2343,55,Pressure Drop,1.65,5.77
4677,5.0,36.8,90,8.82,114.84,2343,55,Pressure Drop,1.54,11.47
4678,5.0,37.24,100,8.97,116.77,2344,55,Pressure Drop,1.6,6.43
4679,5.06,37.74,90,9.43,111.05,2344,55,Pressure Drop,2.0,36.35
4680,5.0,37.08,100,9.45,116.7,2345,55,Pressure Drop,1.51,11.65
4681,5.2,36.85,90,8.88,113.23,2345,55,Pressure Drop,1.75,30.89
4682,5.1,36.94,100,9.66,110.2,2346,55,Pressure Drop,1.38,42.18
4683,5.1,36.55,90,9.42,111.84,2346,55,Pressure Drop,1.13,43.14
4684,5.23,36.32,100,9.82,115.54,2347,55,Pressure Drop,1.02,26.26
4685,5.16,36.59,90,10.08,110,2347,55,Pressure Drop,1.11,41.48
4686,5.16,36.57,100,9.56,110.75,2348,55,Pressure Drop,1.16,38.18
4687,5.02,36.77,90,8.9,116.47,2348,55,Pressure Drop,1.85,16.99
4688,5.07,36.33,100,9.15,112.48,2349,55,Pressure Drop,1.18,32.96
4689,5.0,35.99,90,9.31,123.36,2349,55,Pressure Drop,1.19,6.07
4690,5.23,36.31,100,9.39,110,2350,55,Pressure Drop,1.6,47.66
4691,5.1,36.81,90,9.05,110,2350,55,Pressure Drop,1.8,42.38
4692,5.13,36.81,100,9.62,110.99,2351,55,Pressure Drop,1.81,37.62
4693,5.0,36.47,90,8.97,117.73,2351,55,Pressure Drop,1.19,9.41
4694,5.0,37.27,100,9.24,118.12,2352,55,Pressure Drop,1.42,5.23
4695,5.23,37.59,90,9.43,111.67,2352,55,Pressure Drop,1.9,30.13
4696,5.0,37.95,100,9.05,120.39,2353,55,Pressure Drop,1.23,13.27
4697,5.03,38.47,90,9.15,110,2353,55,Pressure Drop,1.44,41.99
4698,5.03,38.12,100,9.79,113.65,2354,55,Pressure Drop,1.86,32.23
4699,5.08,37.26,90,9.67,115.31,2354,55,Pressure Drop,1.95,19.69
4700,5.23,37.32,100,9.33,111.9,2355,55,Pressure Drop,1.2,39.81
4701,5.25,37.19,90,9.16,110,2355,55,Pressure Drop,1.65,39.25
4702,5.18,37.09,100,9.03,110,2356,55,Pressure Drop,1.59,44.54
4703,5.0,36.43,90,8.91,114.08,2356,55,Pressure Drop,1.65,29.0
4704,5.15,35.75,100,9.11,110,2357,55,Pressure Drop,1.65,44.51
4705,5.25,36.02,90,9.39,110,2357,55,Pressure Drop,1.11,44.44
4706,5.03,36.17,100,9.48,116.82,2358,55,Pressure Drop,1.19,19.06
4707,5.19,36.13,90,9.79,110.28,2358,55,Pressure Drop,1.26,37.83
4708,5.0,36.28,100,9.05,112.59,2359,55,Pressure Drop,1.6,18.53
4709,5.0,36.69,90,9.97,114.42,2359,55,Pressure Drop,1.98,28.62
4710,5.17,36.87,100,9.8,114.86,2360,55,Pressure Drop,1.94,15.51
4711,5.0,36.47,90,9.55,121.63,2360,55,Pressure Drop,1.84,6.32
4712,5.11,36.53,100,9.82,110,2361,55,Pressure Drop,1.13,38.95
4713,5.16,36.23,90,9.43,110,2361,55,Pressure Drop,1.42,49.16
4714,5.0,36.35,100,9.56,113.18,2362,55,Pressure Drop,1.41,19.38
4715,5.04,36.78,90,10.04,114.99,2362,55,Pressure Drop,1.67,29.22
4716,5.01,37.33,100,8.85,113.85,2363,55,Pressure Drop,1.52,25.12
4717,5.42,37.02,90,9.12,116.12,2363,55,Pressure Drop,1.13,37.64
4718,5.22,37.31,100,9.45,110.78,2364,55,Pressure Drop,1.33,28.75
4719,5.12,37.18,90,9.51,112.2,2364,55,Pressure Drop,1.42,30.96
4720,5.0,37.36,100,9.95,117.48,2365,55,Pressure Drop,1.3,11.82
4721,5.0,37.14,90,9.04,117.59,2365,55,Pressure Drop,1.84,18.5
4722,5.3,37.14,100,10.05,115.67,2366,55,Pressure Drop,1.0,29.42
4723,5.43,37.02,90,8.97,111.29,2366,55,Pressure Drop,1.21,36.23
4724,5.28,37.51,100,9.7,112.47,2367,55,Pressure Drop,1.63,42.11
4725,5.04,37.07,90,9.02,119.65,2367,55,Pressure Drop,1.09,17.3
4726,5.11,37.01,100,9.93,114.7,2368,55,Pressure Drop,1.62,16.68
4727,5.06,36.77,90,9.73,110,2368,55,Pressure Drop,1.75,45.45
4728,5.0,36.07,100,9.67,117.72,2369,55,Pressure Drop,1.38,15.97
4729,5.27,36.63,90,9.29,113.96,2369,55,Pressure Drop,1.18,36.77
4730,5.0,36.74,100,9.57,118.56,2370,55,Pressure Drop,1.7,7.85
4731,5.0,36.76,90,9.11,119.12,2370,55,Pressure Drop,1.84,23.59
4732,5.46,36.49,100,9.24,113.49,2371,55,Pressure Drop,1.04,37.89
4733,5.0,36.43,90,9.61,116.48,2371,55,Pressure Drop,1.29,21.16
4734,5.04,35.91,100,9.04,111.85,2372,55,Pressure Drop,1.93,32.32
4735,5.13,36.35,90,9.05,111.05,2372,55,Pressure Drop,1.64,32.42
4736,5.26,36.61,100,9.93,116.12,2373,55,Pressure Drop,1.71,33.7
4737,5.39,36.59,90,9.66,111.77,2373,55,Pressure Drop,1.13,38.04
4738,5.24,37.11,100,9.57,114.87,2374,55,Pressure Drop,1.31,36.56
4739,5.0,37.19,90,9.68,114.05,2374,55,Pressure Drop,1.05,23.25
4740,5.22,37.7,100,9.58,110,2375,55,Pressure Drop,1.03,46.02
4741,5.04,37.52,90,9.46,116.13,2375,55,Pressure Drop,1.08,19.73
4742,5.49,37.64,100,9.26,110,2376,55,Pressure Drop,1.49,47.85
4743,5.26,37.2,90,9.1,110,2376,55,Pressure Drop,1.66,38.3
4744,5.38,37.86,100,9.69,110,2377,55,Pressure Drop,1.18,41.53
4745,5.18,38.3,90,9.36,113.44,2377,55,Pressure Drop,1.53,28.31
4746,5.07,38.07,100,9.8,115.68,2378,55,Pressure Drop,1.09,24.83
4747,5.0,37.75,90,9.77,119.48,2378,55,Pressure Drop,1.59,25.74
4748,5.05,36.87,100,9.08,110.84,2379,55,Pressure Drop,1.92,37.03
4749,5.21,36.95,90,9.82,111.67,2379,55,Pressure Drop,1.72,37.48
4750,5.04,36.63,100,9.53,111.51,2380,55,Pressure Drop,1.78,32.55
4751,5.0,36.91,90,10.08,116.73,2380,55,Pressure Drop,1.12,21.93
4752,5.0,36.87,100,9.24,118.11,2381,55,Pressure Drop,1.09,5.14
4753,5.0,36.76,90,9.44,118.85,2381,55,Pressure Drop,1.98,15.88
4754,5.0,36.75,100,9.5,122.74,2382,55,Pressure Drop,1.76,8.49
4755,5.25,36.82,90,9.21,110.32,2382,55,Pressure Drop,1.44,42.27
4756,5.0,37.17,100,9.56,116.67,2383,55,Pressure Drop,1.89,7.38
4757,5.38,37.47,90,9.11,112.61,2383,55,Pressure Drop,1.09,41.36
4758,5.0,37.46,100,9.39,122.13,2384,55,Pressure Drop,1.66,9.46
4759,5.0,37.46,90,9.56,120.59,2384,55,Pressure Drop,1.34,13.37
4760,5.0,37.57,100,8.96,114.44,2385,55,Pressure Drop,1.86,21.2
4761,5.22,37.41,90,9.39,113.57,2385,55,Pressure Drop,1.4,34.46
4762,5.38,36.99,100,8.82,111.48,2386,55,Pressure Drop,1.03,41.08
4763,5.26,37.06,90,8.91,112.12,2386,55,Pressure Drop,1.24,33.51
4764,5.13,37.51,100,9.17,112.97,2387,55,Pressure Drop,1.37,34.48
4765,5.0,37.67,90,9.91,114.0,2387,55,Pressure Drop,1.03,41.15
4766,5.05,37.04,100,8.99,118.86,2388,55,Pressure Drop,1.34,9.93
4767,5.21,36.91,90,9.88,118.3,2388,55,Pressure Drop,1.57,25.1
4768,5.37,36.65,100,9.82,110.54,2389,55,Pressure Drop,1.03,46.06
4769,5.0,37.03,90,9.38,114.52,2389,55,Pressure Drop,1.18,25.28
4770,5.0,36.93,100,8.78,117.56,2390,55,Pressure Drop,1.47,12.92
4771,5.33,37.01,90,9.48,112.51,2390,55,Pressure Drop,1.72,33.78
4772,5.15,36.64,100,9.26,111.16,2391,55,Pressure Drop,1.96,49.03
4773,5.19,36.53,90,9.89,117.01,2391,55,Pressure Drop,1.24,18.59
4774,5.02,36.38,100,10.01,111.32,2392,55,Pressure Drop,1.36,37.41
4775,5.17,36.33,90,9.14,110,2392,55,Pressure Drop,1.08,40.53
4776,5.0,35.9,100,9.57,117.76,2393,55,Pressure Drop,1.34,23.71
4777,5.06,36.39,90,9.47,115.56,2393,55,Pressure Drop,1.59,30.04
4778,5.26,36.41,100,9.03,115.18,2394,55,Pressure Drop,1.95,22.99
4779,5.36,36.77,90,9.64,110.66,2394,55,Pressure Drop,1.78,48.33
4780,5.0,36.78,100,9.2,117.75,2395,55,Pressure Drop,1.73,6.46
4781,5.35,36.91,90,9.45,110,2395,55,Pressure Drop,1.72,47.48
4782,5.0,36.99,100,8.9,119.49,2396,55,Pressure Drop,1.61,9.3
4783,5.0,37.08,90,9.63,120.29,2396,55,Pressure Drop,1.12,13.6
4784,5.02,36.54,100,9.65,111.66,2397,55,Pressure Drop,1.15,38.14
4785,5.0,36.16,90,9.27,114.45,2397,55,Pressure Drop,1.34,17.61
4786,5.46,36.12,100,8.84,110,2398,55,Pressure Drop,1.25,45.22
4787,5.0,36.39,90,10.05,116.7,2398,55,Pressure Drop,1.68,15.73
4788,5.06,36.61,100,9.73,118.98,2399,55,Pressure Drop,1.17,16.79
4789,5.26,36.87,90,9.51,113.23,2399,55,Pressure Drop,1.34,23.95
4790,5.17,36.72,100,9.43,111.68,2400,55,Pressure Drop,1.19,30.59
4791,5.06,36.56,90,9.61,112.24,2400,55,Pressure Drop,1.04,48.93
4792,5.34,36.7,100,9.32,112.71,2401,55,Pressure Drop,1.03,30.39
4793,5.0,37.0,90,9.06,114.48,2401,55,Pressure Drop,1.22,15.02
4794,5.0,36.84,100,9.52,118.27,2402,55,Pressure Drop,1.4,6.84
4795,5.0,36.76,90,9.52,114.52,2402,55,Pressure Drop,1.63,21.72
4796,5.02,36.71,100,9.7,114.5,2403,55,Pressure Drop,1.2,23.34
4797,5.13,36.58,90,9.46,110,2403,55,Pressure Drop,1.69,46.23
4798,5.15,36.94,100,9.74,113.79,2404,55,Pressure Drop,1.69,31.99
4799,5.11,37.21,90,9.69,116.72,2404,55,Pressure Drop,1.33,19.55
4800,5.02,36.55,100,9.82,112.94,2405,55,Pressure Drop,1.62,22.1
4801,5.09,36.22,90,9.27,118.17,2405,55,Pressure Drop,1.17,18.63
4802,5.2,36.66,100,9.81,110.49,2406,55,Pressure Drop,1.67,32.9
4803,5.07,36.43,90,8.94,116.64,2406,55,Pressure Drop,1.22,34.57
4804,5.13,36.07,100,9.43,114.33,2407,55,Pressure Drop,1.4,35.47
4805,5.47,35.52,90,10.05,111.62,2407,55,Pressure Drop,1.93,40.64
4806,5.12,35.72,100,9.47,112.18,2408,55,Pressure Drop,1.89,33.44
4807,5.07,36.08,90,9.33,111.84,2408,55,Pressure Drop,1.7,39.77
4808,5.24,36.04,100,8.76,115.06,2409,55,Pressure Drop,1.8,18.05
4809,5.02,35.76,90,9.17,112.47,2409,55,Pressure Drop,1.67,26.46
4810,5.01,36.05,100,9.54,113.48,2410,55,Pressure Drop,1.13,21.73
4811,5.0,35.66,90,9.57,113.68,2410,55,Pressure Drop,1.75,20.0
4812,5.21,35.38,100,9.86,110.22,2411,55,Pressure Drop,1.01,33.09
4813,5.29,35.84,90,9.15,111.72,2411,55,Pressure Drop,1.57,41.89
4814,5.0,35.49,100,9.74,110.42,2412,55,Pressure Drop,1.82,35.11
4815,5.13,35.12,90,9.62,118.13,2412,55,Pressure Drop,1.5,25.88
4816,5.06,35.06,100,9.58,115.07,2413,55,Pressure Drop,1.12,17.76
4817,5.04,34.83,90,9.34,114.09,2413,55,Pressure Drop,1.81,16.73
4818,5.0,35.67,100,9.6,117.74,2414,55,Pressure Drop,1.36,10.84
4819,5.0,35.5,90,9.13,117.48,2414,55,Pressure Drop,1.85,9.14
4820,5.14,36.07,100,9.26,115.68,2415,55,Pressure Drop,1.77,22.46
4821,5.0,35.93,90,9.78,116.02,2415,55,Pressure Drop,1.02,5.5
4822,5.5,36.54,100,9.6,112.29,2416,55,Pressure Drop,1.65,49.46
4823,5.26,36.91,90,9.13,113.36,2416,55,Pressure Drop,1.53,41.31
4824,5.36,36.82,100,9.05,110,2417,55,Pressure Drop,1.4,35.01
4825,5.18,36.72,90,9.64,113.8,2417,55,Pressure Drop,1.92,26.5
4826,5.14,36.65,100,9.07,115.18,2418,55,Pressure Drop,1.76,35.95
4827,5.0,36.93,90,9.34,113.66,2418,55,Pressure Drop,1.45,27.98
4828,5.0,37.65,100,9.61,112.82,2419,55,Pressure Drop,1.78,26.82
4829,5.08,37.6,90,9.86,116.2,2419,55,Pressure Drop,1.79,34.84
4830,5.04,37.82,100,9.93,113.12,2420,55,Pressure Drop,1.17,41.17
4831,5.0,37.25,90,9.28,113.12,2420,55,Pressure Drop,1.98,33.33
4832,5.0,36.96,100,9.3,116.46,2421,55,Pressure Drop,1.3,5.88
4833,5.02,37.13,90,9.75,116.49,2421,55,Pressure Drop,1.19,21.07
4834,5.16,36.99,100,9.68,113.05,2422,55,Pressure Drop,2.0,37.94
4835,5.23,37.16,90,9.21,113.62,2422,55,Pressure Drop,1.62,35.11
4836,5.0,36.85,100,9.67,110.8,2423,55,Pressure Drop,1.53,26.42
4837,5.02,36.75,90,9.21,117.15,2423,55,Pressure Drop,1.53,20.73
4838,5.24,36.61,100,10.1,110,2424,55,Pressure Drop,1.28,36.8
4839,5.15,36.41,90,9.61,110.81,2424,55,Pressure Drop,1.17,40.91
4840,5.0,36.61,100,9.67,114.25,2425,55,Pressure Drop,1.37,14.2
4841,5.26,36.4,90,8.86,115.11,2425,55,Pressure Drop,1.82,32.72
4842,5.01,35.56,100,9.7,110.7,2426,55,Pressure Drop,1.4,36.15
4843,5.19,35.9,90,9.16,116.08,2426,55,Pressure Drop,1.54,26.34
4844,5.12,35.59,100,8.84,110,2427,55,Pressure Drop,1.78,40.05
4845,5.0,35.64,90,9.55,122.57,2427,55,Pressure Drop,1.48,11.17
4846,5.2,35.11,100,10.1,113.2,2428,55,Pressure Drop,1.01,39.24
4847,5.41,34.58,90,9.94,113.39,2428,55,Pressure Drop,1.61,48.8
4848,5.0,34.23,100,9.18,119.98,2429,55,Pressure Drop,1.51,7.08
4849,5.0,34.69,90,9.61,118.3,2429,55,Pressure Drop,1.9,7.29
4850,5.2,34.22,100,9.07,113.29,2430,55,Pressure Drop,1.19,29.06
4851,5.0,34.18,90,9.3,117.04,2430,55,Pressure Drop,1.85,29.03
4852,5.12,34.26,100,9.61,114.29,2431,55,Pressure Drop,1.88,41.69
4853,5.02,35.09,90,9.7,115.99,2431,55,Pressure Drop,1.95,21.13
4854,5.25,35.05,100,9.2,112.72,2432,55,Pressure Drop,1.88,32.1
4855,5.0,34.46,90,9.59,115.19,2432,55,Pressure Drop,1.91,18.81
4856,5.0,34.47,100,9.85,117.44,2433,55,Pressure Drop,1.35,17.33
4857,5.0,34.25,90,10.08,119.05,2433,55,Pressure Drop,1.32,22.35
4858,5.0,34.73,100,9.44,112.25,2434,55,Pressure Drop,1.91,21.67
4859,5.18,35.08,90,9.49,112.31,2434,55,Pressure Drop,1.64,46.14
4860,5.06,35.54,100,9.72,115.94,2435,55,Pressure Drop,1.55,16.26
4861,5.05,35.31,90,9.43,114.04,2435,55,Pressure Drop,1.47,29.81
4862,5.0,35.52,100,9.61,119.83,2436,55,Pressure Drop,1.84,9.71
4863,5.02,36.04,90,9.48,117.9,2436,55,Pressure Drop,1.79,28.69
4864,5.0,36.11,100,9.46,120.78,2437,55,Pressure Drop,1.61,6.98
4865,5.12,36.35,90,9.68,116.05,2437,55,Pressure Drop,1.01,15.79
4866,5.16,36.38,100,9.64,118.86,2438,55,Pressure Drop,1.18,11.09
4867,5.1,35.99,90,9.61,120.28,2438,55,Pressure Drop,1.04,12.34
4868,5.04,36.28,100,10.02,114.78,2439,55,Pressure Drop,1.97,31.34
4869,5.04,36.34,90,9.08,115.79,2439,55,Pressure Drop,1.07,26.72
4870,5.05,36.27,100,9.54,113.89,2440,55,Pressure Drop,1.37,21.6
4871,5.2,36.92,90,9.32,116.92,2440,55,Pressure Drop,1.63,14.66
4872,5.39,37.01,100,9.64,110.21,2441,55,Pressure Drop,1.44,48.26
4873,5.06,37.44,90,9.98,110.7,2441,55,Pressure Drop,1.72,36.77
4874,5.19,37.87,100,9.44,110,2442,55,Pressure Drop,1.78,49.09
4875,5.0,37.52,90,10.06,121.77,2442,55,Pressure Drop,1.1,11.9
4876,5.27,37.52,100,9.06,110.4,2443,55,Pressure Drop,1.84,46.14
4877,5.41,36.73,90,9.56,110,2443,55,Pressure Drop,1.96,45.11
4878,5.21,36.41,100,9.4,110,2444,55,Pressure Drop,1.42,43.24
4879,5.05,36.58,90,9.76,112.98,2444,55,Pressure Drop,1.15,27.5
4880,5.04,36.51,100,9.29,115.93,2445,55,Pressure Drop,1.03,33.32
4881,5.04,36.68,90,10.0,110,2445,55,Pressure Drop,1.15,40.71
4882,5.09,36.28,100,9.41,110.48,2446,55,Pressure Drop,1.66,44.06
4883,5.0,36.73,90,9.47,117.15,2446,55,Pressure Drop,1.39,11.5
4884,5.1,37.0,100,9.86,118.11,2447,55,Pressure Drop,1.19,10.38
4885,5.23,36.89,90,10.0,110,2447,55,Pressure Drop,1.9,46.71
4886,5.11,36.54,100,9.72,116.58,2448,55,Pressure Drop,1.91,9.86
4887,5.0,36.62,90,9.82,116.49,2448,55,Pressure Drop,1.45,25.51
4888,5.12,37.28,100,9.87,110.84,2449,55,Pressure Drop,1.21,39.43
4889,5.24,37.59,90,9.63,115.32,2449,55,Pressure Drop,1.11,36.32
4890,5.0,37.77,100,9.78,119.41,2450,55,Pressure Drop,1.44,6.22
4891,5.19,38.06,90,9.43,116.66,2450,55,Pressure Drop,1.69,18.92
4892,5.08,37.82,100,9.7,114.5,2451,55,Pressure Drop,1.5,25.26
4893,5.0,37.36,90,10.02,113.46,2451,55,Pressure Drop,1.46,16.99
4894,5.0,37.28,100,9.67,111.45,2452,55,Pressure Drop,1.77,20.61
4895,5.0,37.48,90,9.12,117.31,2452,55,Pressure Drop,1.83,21.75
4896,5.0,37.08,100,9.58,119.34,2453,55,Pressure Drop,1.86,16.2
4897,5.0,37.24,90,9.41,115.71,2453,55,Pressure Drop,1.67,15.98
4898,5.06,36.62,100,9.75,118.14,2454,55,Pressure Drop,1.17,24.6
4899,5.0,36.53,90,9.08,114.65,2454,55,Pressure Drop,1.05,25.45
4900,5.0,36.04,100,9.91,118.28,2455,55,Pressure Drop,1.14,11.89
4901,5.12,35.47,90,9.91,110.72,2455,55,Pressure Drop,1.02,41.82
4902,5.05,35.76,100,9.87,116.6,2456,55,Pressure Drop,1.85,10.01
4903,5.14,36.22,90,9.34,113.71,2456,55,Pressure Drop,1.83,37.46
4904,5.11,35.83,100,10.08,113.26,2457,55,Pressure Drop,1.32,33.29
4905,5.18,36.27,90,8.84,110,2457,55,Pressure Drop,1.74,45.78
4906,5.0,36.0,100,9.69,119.77,2458,55,Pressure Drop,1.74,6.5
4907,5.31,36.05,90,9.34,111.55,2458,55,Pressure Drop,1.4,46.99
4908,5.0,36.44,100,9.66,118.16,2459,55,Pressure Drop,1.05,6.78
4909,5.15,36.58,90,9.83,115.48,2459,55,Pressure Drop,1.05,34.81
4910,5.0,36.83,100,9.6,118.36,2460,55,Pressure Drop,1.57,11.43
4911,5.15,36.47,90,9.94,119.27,2460,55,Pressure Drop,1.41,18.54
4912,5.0,36.68,100,9.99,112.58,2461,55,Pressure Drop,1.28,33.55
4913,5.28,36.68,90,8.98,114.59,2461,55,Pressure Drop,1.58,37.3
4914,5.0,37.13,100,9.83,116.64,2462,55,Pressure Drop,1.57,19.7
4915,5.18,37.42,90,9.58,115.3,2462,55,Pressure Drop,1.15,38.28
4916,5.0,37.34,100,9.5,116.67,2463,55,Pressure Drop,1.51,20.98
4917,5.0,37.76,90,9.81,112.77,2463,55,Pressure Drop,1.44,17.6
4918,5.0,37.59,100,9.18,114.21,2464,55,Pressure Drop,1.8,29.24
4919,5.06,36.95,90,9.94,111.89,2464,55,Pressure Drop,1.55,37.33
4920,5.29,36.11,100,9.41,114.11,2465,55,Pressure Drop,1.99,25.13
4921,5.0,35.67,90,9.34,116.05,2465,55,Pressure Drop,1.5,21.04
4922,5.0,35.55,100,9.3,122.77,2466,55,Pressure Drop,1.42,5.36
4923,5.01,35.82,90,9.11,116.28,2466,55,Pressure Drop,1.74,22.91
4924,5.39,36.34,100,9.53,113.31,2467,55,Pressure Drop,1.96,40.76
4925,5.02,36.78,90,9.19,111.1,2467,55,Pressure Drop,1.55,45.17
4926,5.0,36.52,100,9.09,111.05,2468,55,Pressure Drop,1.18,30.05
4927,5.1,36.16,90,9.36,118.17,2468,55,Pressure Drop,1.35,30.34
4928,5.42,36.34,100,9.92,110,2469,55,Pressure Drop,1.73,46.79
4929,5.06,36.07,90,9.41,112.08,2469,55,Pressure Drop,1.6,33.7
4930,5.0,36.81,100,8.88,115.62,2470,55,Pressure Drop,1.1,27.03
4931,5.15,37.04,90,9.9,110,2470,55,Pressure Drop,1.93,46.03
4932,5.43,36.65,100,9.85,111.16,2471,55,Pressure Drop,1.04,41.2
4933,5.09,36.31,90,9.15,112.74,2471,55,Pressure Drop,1.55,35.68
4934,5.01,36.3,100,9.89,114.5,2472,55,Pressure Drop,1.91,27.11
4935,5.26,36.72,90,9.45,110,2472,55,Pressure Drop,1.38,48.7
4936,5.13,36.88,100,9.41,110,2473,55,Pressure Drop,1.7,36.91
4937,5.0,37.0,90,9.28,121.16,2473,55,Pressure Drop,1.87,8.32
4938,5.03,37.08,100,9.57,112.38,2474,55,Pressure Drop,1.15,47.02
4939,5.04,36.82,90,9.62,115.99,2474,55,Pressure Drop,1.35,23.34
4940,5.08,36.21,100,9.38,114.97,2475,55,Pressure Drop,1.05,26.79
4941,5.09,36.69,90,9.62,114.8,2475,55,Pressure Drop,1.94,40.14
4942,5.0,36.25,100,9.22,115.04,2476,55,Pressure Drop,1.12,30.95
4943,5.0,36.47,90,9.5,116.21,2476,55,Pressure Drop,1.5,7.61
4944,5.43,36.14,100,9.16,110.46,2477,55,Pressure Drop,1.14,40.95
4945,5.0,36.07,90,9.21,119.82,2477,55,Pressure Drop,1.56,12.81
4946,5.38,35.95,100,9.48,110.51,2478,55,Pressure Drop,1.11,48.78
4947,5.09,36.48,90,9.71,114.49,2478,55,Pressure Drop,1.53,15.61
4948,5.0,36.53,100,9.5,119.07,2479,55,Pressure Drop,1.23,23.18
4949,5.1,36.78,90,9.47,118.26,2479,55,Pressure Drop,1.49,25.22
4950,5.0,37.06,100,9.02,118.46,2480,55,Pressure Drop,1.88,11.51
4951,5.43,36.73,90,9.36,110,2480,55,Pressure Drop,1.68,49.77
4952,5.15,36.4,100,9.62,112.0,2481,55,Pressure Drop,1.02,37.57
4953,5.0,36.37,90,9.5,111.13,2481,55,Pressure Drop,1.16,43.38
4954,5.07,36.42,100,9.14,113.98,2482,55,Pressure Drop,1.96,26.36
4955,5.23,35.77,90,9.79,110,2482,55,Pressure Drop,1.85,46.22
4956,5.23,35.92,100,9.64,113.56,2483,55,Pressure Drop,1.4,40.31
4957,5.0,35.96,90,9.83,112.0,2483,55,Pressure Drop,1.87,22.73
4958,5.05,35.53,100,9.26,116.9,2484,55,Pressure Drop,1.21,22.38
4959,5.0,35.22,90,9.09,114.97,2484,55,Pressure Drop,1.96,10.52
4960,5.38,35.08,100,8.94,110.31,2485,55,Pressure Drop,1.63,40.06
4961,5.0,35.03,90,9.89,113.46,2485,55,Pressure Drop,1.64,31.7
4962,5.0,35.32,100,9.32,115.01,2486,55,Pressure Drop,1.65,24.85
4963,5.0,35.02,90,9.2,117.99,2486,55,Pressure Drop,1.23,14.83
4964,5.0,35.83,100,9.35,117.91,2487,55,Pressure Drop,1.49,11.76
4965,5.0,35.83,90,9.5,110,2487,55,Pressure Drop,1.78,38.95
4966,5.06,35.62,100,9.15,117.4,2488,55,Pressure Drop,1.56,29.69
4967,5.02,35.35,90,9.76,116.66,2488,55,Pressure Drop,1.15,18.05
4968,5.01,34.85,100,8.94,114.75,2489,55,Pressure Drop,1.66,20.85
4969,5.33,34.93,90,8.8,110,2489,55,Pressure Drop,1.24,36.27
4970,5.32,35.4,100,9.71,113.5,2490,55,Pressure Drop,1.89,46.31
4971,5.0,35.86,90,8.86,120.57,2490,55,Pressure Drop,1.95,6.89
4972,5.13,35.67,100,9.22,111.24,2491,55,Pressure Drop,1.06,37.56
4973,5.0,36.21,90,10.1,116.17,2491,55,Pressure Drop,1.17,18.54
4974,5.15,36.57,100,9.28,115.01,2492,55,Pressure Drop,1.78,37.14
4975,5.0,36.85,90,9.49,119.46,2492,55,Pressure Drop,1.61,13.11
4976,5.0,37.51,100,9.38,119.7,2493,55,Pressure Drop,1.79,10.96
4977,5.0,37.07,90,9.46,118.3,2493,55,Pressure Drop,1.22,9.01
4978,5.3,36.52,100,9.95,114.83,2494,55,Pressure Drop,1.68,43.92
4979,5.22,36.42,90,9.92,111.84,2494,55,Pressure Drop,1.55,31.81
4980,5.0,36.6,100,9.02,115.34,2495,55,Pressure Drop,1.75,26.49
4981,5.0,36.07,90,9.15,118.09,2495,55,Pressure Drop,1.75,12.58
4982,5.03,35.63,100,9.4,116.47,2496,55,Pressure Drop,1.35,16.14
4983,5.1,35.43,90,9.75,116.61,2496,55,Pressure Drop,1.31,21.23
4984,5.11,36.15,100,9.79,114.96,2497,55,Pressure Drop,1.44,28.66
4985,5.0,36.6,90,9.56,120.47,2497,55,Pressure Drop,1.28,6.86
4986,5.32,37.08,100,9.87,111.35,2498,55,Pressure Drop,1.98,26.21
4987,5.0,36.93,90,9.57,113.76,2498,55,Pressure Drop,1.63,17.53
4988,5.0,36.07,100,9.34,120.29,2499,55,Pressure Drop,1.57,7.67
4989,5.01,36.25,90,9.57,114.14,2499,55,Pressure Drop,1.73,22.34
4990,5.0,35.35,100,9.22,113.33,2500,55,Pressure Drop,1.8,13.54
4991,5.06,35.31,90,9.51,119.59,2500,55,Pressure Drop,1.91,15.64
4992,5.16,35.9,100,9.59,120.41,2501,55,Pressure Drop,1.05,10.84
4993,5.0,35.99,90,9.27,115.96,2501,55,Pressure Drop,1.02,7.65
4994,5.07,36.24,100,9.35,117.81,2502,55,Pressure Drop,1.76,26.45
4995,5.34,36.71,90,9.04,111.05,2502,55,Pressure Drop,1.43,45.17
4996,5.0,35.95,100,9.88,115.85,2503,55,Pressure Drop,1.22,16.25
4997,5.0,35.3,90,9.81,115.66,2503,55,Pressure Drop,1.87,24.99
4998,5.14,35.21,100,9.56,117.63,2504,55,Pressure Drop,1.43,21.84
4999,5.27,35.22,90,9.37,111.62,2504,55,Pressure Drop,1.03,47.31
5000,5.05,35.16,100,9.73,115.24,2505,55,Pressure Drop,1.68,24.69
5001,5.0,35.7,90,9.3,112.16,2505,55,Pressure Drop,1.21,36.64
5002,5.25,35.51,100,9.79,116.13,2506,55,Pressure Drop,1.69,39.14
5003,5.37,35.84,90,9.39,110.52,2506,55,Pressure Drop,1.62,39.88
5004,5.25,35.76,100,9.92,112.29,2507,55,Pressure Drop,1.41,42.08
5005,5.06,35.8,90,9.51,118.35,2507,55,Pressure Drop,1.73,16.26
5006,5.31,36.34,100,8.96,110.36,2508,55,Pressure Drop,1.8,36.69
5007,5.0,36.14,90,9.24,120.18,2508,55,Pressure Drop,1.72,5.12
5008,5.36,36.87,100,8.93,112.29,2509,55,Pressure Drop,1.58,46.98
5009,5.24,37.58,90,9.28,112.24,2509,55,Pressure Drop,1.1,35.02
5010,5.0,37.4,100,9.55,118.19,2510,55,Pressure Drop,1.08,19.25
5011,5.23,37.74,90,9.45,113.26,2510,55,Pressure Drop,1.42,32.35
5012,5.02,38.11,100,9.71,114.2,2511,55,Pressure Drop,1.09,23.24
5013,5.27,37.6,90,9.79,118.09,2511,55,Pressure Drop,1.62,26.06
5014,5.0,37.65,100,9.68,117.28,2512,55,Pressure Drop,1.12,15.26
5015,5.0,37.23,90,9.61,112.9,2512,55,Pressure Drop,1.19,16.14
5016,5.0,36.71,100,9.67,118.84,2513,55,Pressure Drop,1.75,12.61
5017,5.29,36.98,90,8.93,112.37,2513,55,Pressure Drop,1.83,30.9
5018,5.03,36.59,100,9.69,114.38,2514,55,Pressure Drop,1.84,42.52
5019,5.0,36.23,90,9.9,116.63,2514,55,Pressure Drop,2.0,15.12
5020,5.12,36.79,100,10.08,119.34,2515,55,Pressure Drop,1.7,14.86
5021,5.0,36.32,90,9.01,119.47,2515,55,Pressure Drop,1.7,11.32
5022,5.35,36.37,100,9.35,110,2516,55,Pressure Drop,1.43,42.89
5023,5.16,36.55,90,9.4,116.76,2516,55,Pressure Drop,1.71,21.38
5024,5.04,36.5,100,9.12,110,2517,55,Pressure Drop,1.42,44.34
5025,5.0,36.79,90,9.88,113.54,2517,55,Pressure Drop,1.64,23.41
5026,5.21,37.52,100,9.28,110.93,2518,55,Pressure Drop,1.78,41.82
5027,5.05,37.14,90,9.21,111.38,2518,55,Pressure Drop,1.31,38.09
5028,5.05,36.45,100,9.49,117.09,2519,55,Pressure Drop,1.09,15.75
5029,5.0,36.4,90,9.77,115.53,2519,55,Pressure Drop,1.76,12.65
5030,5.23,36.17,100,9.22,110.46,2520,55,Pressure Drop,1.85,37.05
5031,5.28,36.14,90,9.48,110.36,2520,55,Pressure Drop,1.95,35.86
5032,5.0,35.68,100,9.83,115.9,2521,55,Pressure Drop,1.16,14.52
5033,5.27,35.91,90,9.12,112.91,2521,55,Pressure Drop,1.26,29.17
5034,5.15,36.02,100,9.39,110.97,2522,55,Pressure Drop,1.23,39.16
5035,5.07,35.83,90,9.11,110,2522,55,Pressure Drop,1.7,34.58
5036,5.13,35.55,100,9.39,110,2523,55,Pressure Drop,1.76,42.48
5037,5.0,35.91,90,8.85,112.45,2523,55,Pressure Drop,1.8,28.35
5038,5.0,36.41,100,9.3,120.01,2524,55,Pressure Drop,1.73,11.37
5039,5.0,35.76,90,9.46,116.23,2524,55,Pressure Drop,1.16,10.67
5040,5.0,35.76,100,10.01,116.25,2525,55,Pressure Drop,1.47,23.8
5041,5.12,36.02,90,9.07,110.88,2525,55,Pressure Drop,1.39,35.28
5042,5.0,36.23,100,9.09,112.4,2526,55,Pressure Drop,1.59,24.3
5043,5.11,36.85,90,9.63,118.27,2526,55,Pressure Drop,1.26,23.0
5044,5.16,36.42,100,9.78,116.65,2527,55,Pressure Drop,1.73,31.04
5045,5.0,36.0,90,9.04,116.83,2527,55,Pressure Drop,1.81,13.44
5046,5.25,35.65,100,9.46,116.93,2528,55,Pressure Drop,1.18,35.39
5047,5.3,35.52,90,9.49,111.68,2528,55,Pressure Drop,1.72,32.84
5048,5.02,36.27,100,10.04,117.67,2529,55,Pressure Drop,1.92,7.98
5049,5.03,36.33,90,9.83,116.28,2529,55,Pressure Drop,1.52,34.46
5050,5.33,36.04,100,9.78,113.35,2530,55,Pressure Drop,1.84,38.57
5051,5.34,36.51,90,9.57,111.55,2530,55,Pressure Drop,1.59,40.47
5052,5.0,36.34,100,9.6,120.76,2531,55,Pressure Drop,1.14,5.96
5053,5.0,36.16,90,9.47,119.91,2531,55,Pressure Drop,1.02,15.56
5054,5.0,36.28,100,9.85,117.06,2532,55,Pressure Drop,1.34,13.48
5055,5.0,35.89,90,10.07,115.68,2532,55,Pressure Drop,1.59,6.15
5056,5.18,35.77,100,8.97,111.08,2533,55,Pressure Drop,1.62,40.62
5057,5.03,36.03,90,9.03,112.3,2533,55,Pressure Drop,1.44,32.79
5058,5.0,36.78,100,9.24,116.64,2534,55,Pressure Drop,1.11,11.36
5059,5.29,37.36,90,9.62,110,2534,55,Pressure Drop,1.0,42.37
5060,5.15,37.0,100,9.02,111.1,2535,55,Pressure Drop,1.28,49.28
5061,5.31,37.37,90,9.16,112.24,2535,55,Pressure Drop,1.69,49.1
5062,5.03,36.86,100,9.51,113.18,2536,55,Pressure Drop,1.46,34.75
5063,5.0,36.48,90,9.53,116.76,2536,55,Pressure Drop,1.24,8.17
5064,5.0,36.46,100,9.37,118.47,2537,55,Pressure Drop,1.45,6.95
5065,5.0,36.5,90,9.8,117.95,2537,55,Pressure Drop,1.84,15.85
5066,5.22,36.09,100,9.37,110.45,2538,55,Pressure Drop,1.39,49.31
5067,5.14,35.58,90,9.66,111.03,2538,55,Pressure Drop,1.28,34.44
5068,5.15,35.61,100,9.78,110,2539,55,Pressure Drop,1.21,46.91
5069,5.23,35.38,90,10.03,112.86,2539,55,Pressure Drop,1.51,38.75
5070,5.0,35.32,100,9.8,114.95,2540,55,Pressure Drop,1.69,32.08
5071,5.1,35.85,90,9.18,117.25,2540,55,Pressure Drop,1.49,26.1
5072,5.0,36.2,100,9.92,121.58,2541,55,Pressure Drop,1.32,5.01
5073,5.0,36.61,90,9.01,115.68,2541,55,Pressure Drop,1.31,5.47
5074,5.26,36.77,100,9.16,113.58,2542,55,Pressure Drop,1.9,27.76
5075,5.0,36.53,90,9.02,118.43,2542,55,Pressure Drop,1.7,23.12
5076,5.06,36.82,100,9.4,110,2543,55,Pressure Drop,1.85,41.18
5077,5.0,37.21,90,9.64,113.09,2543,55,Pressure Drop,1.2,33.25
5078,5.3,37.34,100,9.22,110,2544,55,Pressure Drop,1.31,45.29
5079,5.38,37.33,90,9.56,113.91,2544,55,Pressure Drop,1.16,32.46
5080,5.0,36.69,100,9.82,113.13,2545,55,Pressure Drop,1.35,31.48
5081,5.14,36.65,90,8.91,115.21,2545,55,Pressure Drop,1.7,34.66
5082,5.19,36.28,100,9.72,115.37,2546,55,Pressure Drop,1.29,30.55
5083,5.0,36.24,90,9.22,117.14,2546,55,Pressure Drop,1.65,11.17
5084,5.0,35.96,100,9.26,114.79,2547,55,Pressure Drop,1.37,21.49
5085,5.15,36.36,90,9.0,116.27,2547,55,Pressure Drop,1.03,23.58
5086,5.24,36.67,100,9.43,118.77,2548,55,Pressure Drop,1.97,25.27
5087,5.14,36.03,90,9.29,114.6,2548,55,Pressure Drop,1.84,26.92
5088,5.0,35.69,100,9.25,115.92,2549,55,Pressure Drop,1.94,31.85
5089,5.09,35.74,90,9.71,110,2549,55,Pressure Drop,1.99,33.34
5090,5.26,35.29,100,9.1,113.63,2550,55,Pressure Drop,1.34,47.04
5091,5.0,35.43,90,8.85,114.9,2550,55,Pressure Drop,1.2,18.17
5092,5.05,35.47,100,9.34,111.76,2551,55,Pressure Drop,1.54,28.03
5093,5.16,35.72,90,9.39,110,2551,55,Pressure Drop,1.45,43.95
5094,5.09,36.52,100,9.55,110,2552,55,Pressure Drop,1.52,44.78
5095,5.31,36.34,90,9.33,112.07,2552,55,Pressure Drop,1.87,44.58
5096,5.0,36.01,100,9.69,115.51,2553,55,Pressure Drop,1.82,26.68
5097,5.48,36.42,90,8.77,113.31,2553,55,Pressure Drop,1.56,44.26
5098,5.26,36.55,100,9.13,114.15,2554,55,Pressure Drop,1.77,23.56
5099,5.37,36.39,90,9.81,110,2554,55,Pressure Drop,1.38,49.86
5100,5.0,36.58,100,9.76,113.78,2555,55,Pressure Drop,1.36,26.98
5101,5.0,37.07,90,9.43,119.57,2555,55,Pressure Drop,1.13,17.76
5102,5.06,36.39,100,9.58,117.1,2556,55,Pressure Drop,1.5,15.17
5103,5.0,36.03,90,9.7,119.23,2556,55,Pressure Drop,1.46,9.24
5104,5.03,35.65,100,9.01,111.19,2557,55,Pressure Drop,1.25,25.55
5105,5.09,36.36,90,9.33,110,2557,55,Pressure Drop,1.37,41.61
5106,5.06,35.81,100,9.78,110,2558,55,Pressure Drop,1.92,37.05
5107,5.0,35.7,90,9.83,118.94,2558,55,Pressure Drop,1.88,8.9
5108,5.35,35.65,100,9.03,111.19,2559,55,Pressure Drop,1.26,31.81
5109,5.23,35.21,90,9.31,110,2559,55,Pressure Drop,1.08,43.78
5110,5.2,35.34,100,9.33,116.71,2560,55,Pressure Drop,1.52,31.61
5111,5.42,35.75,90,9.57,111.7,2560,55,Pressure Drop,1.12,38.52
5112,5.0,35.94,100,9.0,120.34,2561,55,Pressure Drop,1.63,10.94
5113,5.0,36.23,90,9.32,112.68,2561,55,Pressure Drop,1.05,21.43
5114,5.11,35.65,100,9.59,115.32,2562,55,Pressure Drop,1.88,12.33
5115,5.19,36.38,90,9.78,117.33,2562,55,Pressure Drop,1.25,20.84
5116,5.0,36.31,100,9.47,116.2,2563,55,Pressure Drop,1.53,11.85
5117,5.13,36.13,90,9.02,110,2563,55,Pressure Drop,1.54,38.66
5118,5.15,36.74,100,9.73,116.18,2564,55,Pressure Drop,1.75,32.76
5119,5.3,36.11,90,10.02,110,2564,55,Pressure Drop,1.11,44.49
5120,5.27,36.48,100,9.42,110,2565,55,Pressure Drop,1.99,45.29
5121,5.0,36.71,90,9.51,122.16,2565,55,Pressure Drop,1.47,7.58
5122,5.28,36.96,100,9.4,110.83,2566,55,Pressure Drop,1.43,43.5
5123,5.22,36.87,90,8.88,111.39,2566,55,Pressure Drop,1.32,32.66
5124,5.24,36.98,100,9.27,110,2567,55,Pressure Drop,1.75,41.53
5125,5.11,36.47,90,9.99,110,2567,55,Pressure Drop,1.89,35.31
5126,5.21,36.72,100,9.23,110.19,2568,55,Pressure Drop,1.22,28.48
5127,5.01,36.33,90,9.91,117.4,2568,55,Pressure Drop,1.59,26.91
5128,5.12,36.51,100,9.29,116.71,2569,55,Pressure Drop,1.68,26.31
5129,5.27,36.11,90,9.52,110,2569,55,Pressure Drop,1.61,38.55
5130,5.28,35.8,100,8.81,110,2570,55,Pressure Drop,1.57,41.3
5131,5.32,35.7,90,9.8,110,2570,55,Pressure Drop,1.72,49.02
5132,5.0,36.4,100,9.34,115.7,2571,55,Pressure Drop,1.07,25.24
5133,5.27,36.51,90,9.7,117.19,2571,55,Pressure Drop,1.52,33.28
5134,5.0,35.91,100,9.23,116.36,2572,55,Pressure Drop,1.73,23.19
5135,5.04,36.12,90,9.4,115.6,2572,55,Pressure Drop,1.62,12.06
5136,5.0,36.46,100,9.31,118.66,2573,55,Pressure Drop,1.19,7.12
5137,5.0,36.78,90,9.46,113.28,2573,55,Pressure Drop,1.63,21.34
5138,5.0,36.59,100,9.43,120.8,2574,55,Pressure Drop,1.89,8.58
5139,5.0,36.49,90,9.95,119.75,2574,55,Pressure Drop,1.84,5.39
5140,5.25,36.99,100,9.48,113.01,2575,55,Pressure Drop,1.64,19.16
5141,5.12,37.07,90,9.5,111.5,2575,55,Pressure Drop,1.9,41.26
5142,5.35,37.27,100,9.06,111.5,2576,55,Pressure Drop,1.18,42.25
5143,5.32,37.5,90,9.04,111.81,2576,55,Pressure Drop,1.6,40.92
5144,5.32,38.02,100,9.72,112.44,2577,55,Pressure Drop,1.9,43.8
5145,5.0,37.96,90,9.19,118.57,2577,55,Pressure Drop,1.99,26.08
5146,5.2,37.9,100,8.71,112.76,2578,55,Pressure Drop,1.72,31.19
5147,5.0,38.4,90,9.98,113.64,2578,55,Pressure Drop,1.95,20.63
5148,5.19,38.21,100,9.67,110.71,2579,55,Pressure Drop,1.28,47.36
5149,5.0,37.81,90,9.1,114.72,2579,55,Pressure Drop,1.08,34.12
5150,5.08,37.8,100,9.13,110,2580,55,Pressure Drop,1.9,36.79
5151,5.16,38.16,90,9.87,110,2580,55,Pressure Drop,1.81,49.16
5152,5.29,38.0,100,9.29,110.74,2581,55,Pressure Drop,1.45,32.01
5153,5.19,37.77,90,9.48,116.46,2581,55,Pressure Drop,1.2,27.01
5154,5.0,38.03,100,8.93,119.25,2582,55,Pressure Drop,1.53,7.37
5155,5.0,37.46,90,9.22,117.72,2582,55,Pressure Drop,1.27,17.99
5156,5.16,37.29,100,9.61,110,2583,55,Pressure Drop,1.56,48.22
5157,5.0,37.05,90,9.14,117.67,2583,55,Pressure Drop,1.72,27.99
5158,5.0,36.8,100,9.32,118.84,2584,55,Pressure Drop,1.49,14.04
5159,5.03,36.97,90,9.0,117.3,2584,55,Pressure Drop,1.43,11.64
5160,5.0,37.16,100,9.77,117.93,2585,55,Pressure Drop,1.37,25.79
5161,5.0,37.14,90,9.67,117.47,2585,55,Pressure Drop,1.2,11.71
5162,5.0,37.36,100,9.6,120.38,2586,55,Pressure Drop,1.2,12.71
5163,5.0,37.66,90,9.38,118.47,2586,55,Pressure Drop,1.01,18.14
5164,5.14,37.29,100,9.2,114.67,2587,55,Pressure Drop,1.24,24.24
5165,5.48,36.54,90,9.52,110.34,2587,55,Pressure Drop,1.63,49.09
5166,5.22,36.4,100,9.37,116.95,2588,55,Pressure Drop,1.57,24.09
5167,5.28,35.62,90,9.54,113.65,2588,55,Pressure Drop,1.25,32.79
5168,5.0,35.29,100,9.84,113.13,2589,55,Pressure Drop,1.51,28.63
5169,5.09,35.05,90,9.37,111.41,2589,55,Pressure Drop,1.38,43.17
5170,5.15,34.36,100,9.82,113.02,2590,55,Pressure Drop,1.45,38.81
5171,5.15,34.58,90,9.21,114.97,2590,55,Pressure Drop,1.91,35.83
5172,5.3,34.75,100,9.64,110,2591,55,Pressure Drop,1.67,29.92
5173,5.0,34.87,90,8.97,117.53,2591,55,Pressure Drop,1.65,15.45
5174,5.0,34.77,100,9.69,112.76,2592,55,Pressure Drop,1.83,30.42
5175,5.0,34.52,90,9.48,115.3,2592,55,Pressure Drop,1.12,18.54
5176,5.01,34.32,100,9.37,113.68,2593,55,Pressure Drop,1.2,32.91
5177,5.22,33.88,90,9.33,112.69,2593,55,Pressure Drop,1.02,30.25
5178,5.0,33.8,100,9.22,120.59,2594,55,Pressure Drop,1.07,5.99
5179,5.0,34.26,90,9.16,110.87,2594,55,Pressure Drop,1.94,31.86
5180,5.1,34.79,100,9.83,111.57,2595,55,Pressure Drop,1.08,35.65
5181,5.13,34.2,90,9.39,110.03,2595,55,Pressure Drop,1.46,35.89
5182,5.02,34.17,100,9.08,115.19,2596,55,Pressure Drop,1.88,22.45
5183,5.39,34.27,90,9.16,112.45,2596,55,Pressure Drop,1.66,29.64
5184,5.21,34.11,100,9.57,112.51,2597,55,Pressure Drop,1.24,26.77
5185,5.29,34.47,90,9.17,110,2597,55,Pressure Drop,1.53,35.66
5186,5.0,34.92,100,9.68,117.68,2598,55,Pressure Drop,1.27,7.82
5187,5.0,34.28,90,8.78,113.43,2598,55,Pressure Drop,1.2,11.61
5188,5.1,35.16,100,9.3,117.84,2599,55,Pressure Drop,1.92,19.16
5189,5.0,35.47,90,9.93,118.28,2599,55,Pressure Drop,1.78,5.31
5190,5.37,35.71,100,10.04,110,2600,55,Pressure Drop,1.96,42.61
5191,5.16,35.41,90,8.93,111.72,2600,55,Pressure Drop,1.18,49.42
5192,5.0,35.7,100,9.95,122.1,2601,55,Pressure Drop,1.5,8.95
5193,5.17,35.19,90,9.41,113.68,2601,55,Pressure Drop,1.75,22.99
5194,5.16,35.65,100,8.84,114.03,2602,55,Pressure Drop,1.85,24.68
5195,5.22,35.48,90,9.69,113.9,2602,55,Pressure Drop,1.74,34.0
5196,5.14,36.01,100,10.12,111.04,2603,55,Pressure Drop,1.09,45.58
5197,5.0,36.65,90,9.58,116.67,2603,55,Pressure Drop,1.8,6.61
5198,5.0,36.38,100,9.65,115.95,2604,55,Pressure Drop,1.61,21.43
5199,5.0,35.61,90,9.84,117.47,2604,55,Pressure Drop,1.73,19.72
5200,5.19,35.69,100,9.36,110,2605,55,Pressure Drop,1.09,43.94
5201,5.0,35.64,90,8.99,116.52,2605,55,Pressure Drop,1.9,8.85
5202,5.09,36.14,100,9.16,120.73,2606,55,Pressure Drop,1.94,10.28
5203,5.29,36.18,90,9.09,111.66,2606,55,Pressure Drop,1.89,41.98
5204,5.06,35.53,100,9.18,120.63,2607,55,Pressure Drop,1.2,10.15
5205,5.0,35.94,90,10.03,112.2,2607,55,Pressure Drop,1.1,18.99
5206,5.04,36.48,100,9.54,119.52,2608,55,Pressure Drop,1.34,14.04
5207,5.19,36.1,90,9.46,116.06,2608,55,Pressure Drop,1.83,26.02
5208,5.25,35.79,100,9.89,114.5,2609,55,Pressure Drop,1.21,28.77
5209,5.06,36.1,90,9.12,114.35,2609,55,Pressure Drop,1.97,29.84
5210,5.0,36.35,100,9.25,113.96,2610,55,Pressure Drop,1.55,22.3
5211,5.08,36.82,90,9.6,112.85,2610,55,Pressure Drop,1.23,48.6
5212,5.12,36.15,100,9.18,112.08,2611,55,Pressure Drop,1.37,40.65
5213,5.2,35.87,90,9.84,110.91,2611,55,Pressure Drop,1.32,31.73
5214,5.08,35.21,100,9.03,114.27,2612,55,Pressure Drop,1.73,25.27
5215,5.26,35.11,90,9.67,112.29,2612,55,Pressure Drop,1.44,25.23
5216,5.0,35.08,100,9.98,114.69,2613,55,Pressure Drop,1.17,14.59
5217,5.01,34.9,90,9.67,117.76,2613,55,Pressure Drop,1.63,22.89
5218,5.0,35.7,100,9.69,122.24,2614,55,Pressure Drop,1.54,7.84
5219,5.0,35.52,90,9.38,117.23,2614,55,Pressure Drop,1.73,15.49
5220,5.25,35.61,100,9.76,110,2615,55,Pressure Drop,1.34,41.73
5221,5.0,35.54,90,9.37,114.35,2615,55,Pressure Drop,1.09,17.64
5222,5.29,35.06,100,9.29,111.4,2616,55,Pressure Drop,1.64,45.74
5223,5.28,34.56,90,9.34,110.87,2616,55,Pressure Drop,1.36,46.41
5224,5.0,35.03,100,9.6,117.35,2617,55,Pressure Drop,1.13,12.63
5225,5.0,34.77,90,9.22,118.11,2617,55,Pressure Drop,1.68,11.69
5226,5.0,35.17,100,9.78,113.62,2618,55,Pressure Drop,1.27,19.95
5227,5.21,36.03,90,9.72,112.96,2618,55,Pressure Drop,1.67,46.53
5228,5.22,35.64,100,9.97,110,2619,55,Pressure Drop,1.34,40.3
5229,5.33,35.12,90,8.97,113.45,2619,55,Pressure Drop,1.24,36.6
5230,5.19,35.12,100,9.14,116.04,2620,55,Pressure Drop,1.3,25.34
5231,5.33,35.46,90,9.77,110.4,2620,55,Pressure Drop,1.13,45.33
5232,5.33,35.27,100,9.37,110.31,2621,55,Pressure Drop,1.51,48.69
5233,5.0,35.35,90,9.24,120.36,2621,55,Pressure Drop,1.2,12.36
5234,5.18,34.82,100,9.39,115.8,2622,55,Pressure Drop,1.23,35.06
5235,5.05,35.03,90,10.07,116.89,2622,55,Pressure Drop,1.29,27.86
5236,5.0,34.52,100,9.93,116.9,2623,55,Pressure Drop,1.28,21.57
5237,5.25,34.8,90,9.54,115.46,2623,55,Pressure Drop,1.41,27.17
5238,5.14,34.71,100,9.45,112.51,2624,55,Pressure Drop,1.74,46.86
5239,5.0,34.98,90,9.32,117.66,2624,55,Pressure Drop,1.96,13.03
5240,5.0,34.87,100,9.13,119.24,2625,55,Pressure Drop,1.47,12.96
5241,5.3,34.64,90,9.18,115.35,2625,55,Pressure Drop,1.45,34.89
5242,5.35,34.94,100,9.19,110,2626,55,Pressure Drop,1.54,48.46
5243,5.0,35.41,90,9.43,117.15,2626,55,Pressure Drop,1.89,19.01
5244,5.0,36.08,100,9.46,119.58,2627,55,Pressure Drop,1.88,14.63
5245,5.0,35.76,90,9.62,113.05,2627,55,Pressure Drop,1.34,18.5
5246,5.04,36.19,100,9.47,112.25,2628,55,Pressure Drop,1.41,46.98
5247,5.1,36.62,90,9.49,113.53,2628,55,Pressure Drop,1.16,26.4
5248,5.3,36.46,100,9.1,112.96,2629,55,Pressure Drop,1.48,40.94
5249,5.27,36.08,90,9.93,110.5,2629,55,Pressure Drop,1.35,39.69
5250,5.23,36.26,100,9.47,111.53,2630,55,Pressure Drop,1.65,44.68
5251,5.17,35.74,90,9.58,111.71,2630,55,Pressure Drop,1.8,43.55
5252,5.31,35.32,100,10.13,114.11,2631,55,Pressure Drop,1.65,40.93
5253,5.0,35.49,90,9.52,113.76,2631,55,Pressure Drop,1.26,32.31
5254,5.1,34.94,100,9.16,112.22,2632,55,Pressure Drop,1.63,26.22
5255,5.01,34.89,90,9.25,110,2632,55,Pressure Drop,1.89,46.99
5256,5.23,35.48,100,9.05,112.82,2633,55,Pressure Drop,1.16,49.38
5257,5.2,35.71,90,9.88,113.23,2633,55,Pressure Drop,1.46,45.34
5258,5.04,36.2,100,9.78,122.02,2634,55,Pressure Drop,1.85,7.09
5259,5.0,35.71,90,9.41,118.47,2634,55,Pressure Drop,1.52,18.95
5260,5.33,35.73,100,9.06,110,2635,55,Pressure Drop,1.86,47.75
5261,5.13,36.18,90,9.23,110,2635,55,Pressure Drop,1.01,34.44
5262,5.19,35.97,100,9.19,111.94,2636,55,Pressure Drop,1.89,32.95
5263,5.01,35.72,90,10.1,114.2,2636,55,Pressure Drop,1.93,30.17
5264,5.0,35.51,100,9.09,116.29,2637,55,Pressure Drop,1.37,17.33
5265,5.0,35.21,90,9.12,120.65,2637,55,Pressure Drop,1.96,16.88
5266,5.0,35.64,100,9.79,115.89,2638,55,Pressure Drop,1.12,11.45
5267,5.03,35.41,90,9.43,113.24,2638,55,Pressure Drop,1.64,38.37
5268,5.37,35.76,100,9.34,116.27,2639,55,Pressure Drop,1.18,34.96
5269,5.18,35.41,90,9.59,110,2639,55,Pressure Drop,1.5,45.47
5270,5.39,35.95,100,9.15,110,2640,55,Pressure Drop,1.92,48.39
5271,5.0,35.7,90,9.8,118.36,2640,55,Pressure Drop,1.11,11.82
5272,5.25,36.28,100,9.29,115.86,2641,55,Pressure Drop,1.6,36.78
5273,5.06,36.47,90,9.4,120.94,2641,55,Pressure Drop,1.06,8.63
5274,5.09,36.16,100,9.1,118.9,2642,55,Pressure Drop,1.05,17.41
5275,5.0,36.13,90,9.62,117.19,2642,55,Pressure Drop,1.67,13.08
5276,5.0,36.32,100,9.58,117.89,2643,55,Pressure Drop,1.94,20.19
5277,5.13,36.87,90,9.98,118.86,2643,55,Pressure Drop,1.88,15.93
5278,5.25,36.32,100,9.43,114.63,2644,55,Pressure Drop,1.72,40.44
5279,5.0,36.56,90,9.34,117.83,2644,55,Pressure Drop,1.62,7.13
5280,5.24,36.5,100,9.92,114.04,2645,55,Pressure Drop,1.64,29.3
5281,5.02,36.42,90,9.23,114.48,2645,55,Pressure Drop,1.03,9.73
5282,5.03,36.15,100,9.49,115.3,2646,55,Pressure Drop,1.44,9.87
5283,5.1,36.58,90,8.89,112.79,2646,55,Pressure Drop,1.45,44.56
5284,5.23,36.68,100,9.79,116.0,2647,55,Pressure Drop,1.08,20.39
5285,5.0,36.4,90,9.57,116.01,2647,55,Pressure Drop,1.49,31.37
5286,5.18,35.78,100,9.6,110.9,2648,55,Pressure Drop,1.42,40.47
5287,5.0,35.48,90,9.45,116.2,2648,55,Pressure Drop,1.33,29.06
5288,5.01,35.88,100,9.38,119.23,2649,55,Pressure Drop,1.46,13.09
5289,5.3,35.86,90,9.17,112.45,2649,55,Pressure Drop,1.96,41.49
5290,5.0,36.05,100,9.61,120.54,2650,55,Pressure Drop,1.11,7.76
5291,5.0,35.91,90,9.87,121.09,2650,55,Pressure Drop,1.19,8.9
5292,5.01,35.76,100,9.36,117.2,2651,55,Pressure Drop,1.05,7.54
5293,5.08,36.07,90,9.52,115.52,2651,55,Pressure Drop,1.97,39.57
5294,5.23,36.27,100,9.63,116.6,2652,55,Pressure Drop,1.66,23.26
5295,5.45,36.28,90,10.08,111.26,2652,55,Pressure Drop,1.28,47.15
5296,5.09,36.48,100,9.43,111.33,2653,55,Pressure Drop,1.59,35.59
5297,5.03,36.11,90,9.11,116.36,2653,55,Pressure Drop,1.38,17.46
5298,5.02,36.19,100,10.01,112.51,2654,55,Pressure Drop,1.41,44.57
5299,5.18,35.77,90,9.27,112.55,2654,55,Pressure Drop,1.41,31.98
5300,5.18,35.96,100,9.26,112.55,2655,55,Pressure Drop,1.6,41.61
5301,5.0,35.54,90,8.81,116.97,2655,55,Pressure Drop,1.61,14.41
5302,5.36,35.91,100,9.94,115.43,2656,55,Pressure Drop,1.16,38.7
5303,5.0,35.7,90,9.75,117.48,2656,55,Pressure Drop,1.43,17.37
5304,5.18,35.66,100,9.1,117.46,2657,55,Pressure Drop,1.82,22.83
5305,5.0,35.08,90,9.53,117.33,2657,55,Pressure Drop,1.39,12.19
5306,5.0,34.92,100,9.6,114.77,2658,55,Pressure Drop,1.68,22.94
5307,5.12,35.11,90,9.65,115.31,2658,55,Pressure Drop,1.22,12.05
5308,5.0,35.01,100,10.02,117.71,2659,55,Pressure Drop,1.79,30.83
5309,5.1,35.08,90,9.94,110.36,2659,55,Pressure Drop,1.22,42.5
5310,5.13,35.06,100,10.07,114.6,2660,55,Pressure Drop,1.77,37.17
5311,5.0,34.56,90,9.57,114.96,2660,55,Pressure Drop,1.5,17.88
5312,5.0,34.12,100,9.56,114.38,2661,55,Pressure Drop,1.96,14.82
5313,5.0,34.39,90,9.79,114.2,2661,55,Pressure Drop,1.88,25.51
5314,5.14,34.7,100,9.46,110,2662,55,Pressure Drop,1.24,40.16
5315,5.0,35.12,90,9.2,118.64,2662,55,Pressure Drop,1.37,7.18
5316,5.0,35.23,100,8.87,113.3,2663,55,Pressure Drop,1.4,34.89
5317,5.0,34.86,90,9.26,118.93,2663,55,Pressure Drop,1.03,7.13
5318,5.08,35.07,100,8.95,110,2664,55,Pressure Drop,1.98,43.78
5319,5.2,35.02,90,9.82,110.42,2664,55,Pressure Drop,1.48,46.21
5320,5.0,35.0,100,9.58,115.76,2665,55,Pressure Drop,1.98,21.24
5321,5.04,35.02,90,9.29,114.86,2665,55,Pressure Drop,1.34,30.55
5322,5.0,34.71,100,9.68,120.12,2666,55,Pressure Drop,1.11,8.81
5323,5.06,34.66,90,9.31,116.24,2666,55,Pressure Drop,1.91,11.41
5324,5.25,35.43,100,9.81,112.26,2667,55,Pressure Drop,1.18,34.14
5325,5.0,36.2,90,9.65,114.75,2667,55,Pressure Drop,1.29,26.64
5326,5.24,36.6,100,9.95,110,2668,55,Pressure Drop,1.65,46.43
5327,5.0,36.39,90,9.85,114.85,2668,55,Pressure Drop,1.77,21.44
5328,5.23,36.94,100,9.25,112.51,2669,55,Pressure Drop,1.67,40.09
5329,5.18,36.76,90,9.23,112.74,2669,55,Pressure Drop,1.56,37.63
5330,5.27,36.49,100,9.2,117.87,2670,55,Pressure Drop,1.78,31.17
5331,5.42,36.16,90,9.49,113.98,2670,55,Pressure Drop,1.85,33.25
5332,5.03,35.87,100,8.97,118.66,2671,55,Pressure Drop,1.65,11.06
5333,5.07,36.42,90,9.33,111.92,2671,55,Pressure Drop,1.72,38.63
5334,5.09,36.84,100,9.77,115.2,2672,55,Pressure Drop,1.46,36.72
5335,5.28,36.78,90,9.16,111.1,2672,55,Pressure Drop,1.73,45.0
5336,5.17,36.75,100,9.75,110,2673,55,Pressure Drop,1.78,43.18
5337,5.25,35.87,90,9.58,112.51,2673,55,Pressure Drop,1.7,49.22
5338,5.0,35.61,100,9.16,118.67,2674,55,Pressure Drop,1.84,8.53
5339,5.1,35.27,90,9.02,110.97,2674,55,Pressure Drop,1.4,39.51
5340,5.27,35.15,100,9.35,111.91,2675,55,Pressure Drop,1.52,47.35
5341,5.22,35.32,90,9.26,112.68,2675,55,Pressure Drop,1.42,37.91
5342,5.0,35.9,100,9.85,113.84,2676,55,Pressure Drop,1.16,24.96
5343,5.0,35.29,90,9.42,116.78,2676,55,Pressure Drop,1.57,16.13
5344,5.19,34.86,100,9.11,117.33,2677,55,Pressure Drop,1.63,20.07
5345,5.11,34.24,90,9.44,112.56,2677,55,Pressure Drop,1.41,43.85
5346,5.48,33.94,100,9.94,110,2678,55,Pressure Drop,1.33,47.27
5347,5.0,34.8,90,9.56,116.67,2678,55,Pressure Drop,1.49,17.51
5348,5.16,35.2,100,9.1,113.83,2679,55,Pressure Drop,1.45,28.94
5349,5.0,35.16,90,10.01,113.32,2679,55,Pressure Drop,1.12,26.25
5350,5.0,34.63,100,9.01,116.39,2680,55,Pressure Drop,1.98,6.84
5351,5.0,34.7,90,9.93,116.89,2680,55,Pressure Drop,1.81,16.49
5352,5.16,35.29,100,9.08,112.13,2681,55,Pressure Drop,1.24,39.54
5353,5.17,35.5,90,10.0,115.6,2681,55,Pressure Drop,1.14,37.91
5354,5.1,36.15,100,9.3,110,2682,55,Pressure Drop,1.19,42.8
5355,5.0,36.67,90,8.89,116.85,2682,55,Pressure Drop,1.26,19.55
5356,5.0,36.42,100,9.35,118.27,2683,55,Pressure Drop,1.06,5.45
5357,5.28,36.48,90,9.88,111.82,2683,55,Pressure Drop,1.36,45.59
5358,5.0,36.05,100,9.75,119.58,2684,55,Pressure Drop,1.12,12.7
5359,5.09,36.32,90,9.02,111.48,2684,55,Pressure Drop,1.43,39.73
5360,5.0,36.31,100,9.74,110.89,2685,55,Pressure Drop,1.35,27.54
5361,5.23,35.82,90,9.36,111.61,2685,55,Pressure Drop,1.48,31.35
5362,5.29,35.95,100,9.87,117.7,2686,55,Pressure Drop,1.75,27.33
5363,5.34,35.94,90,9.34,114.56,2686,55,Pressure Drop,1.93,37.94
5364,5.05,36.1,100,9.86,113.47,2687,55,Pressure Drop,1.94,24.95
5365,5.22,36.34,90,9.43,117.61,2687,55,Pressure Drop,1.52,26.35
5366,5.0,36.4,100,9.59,118.33,2688,55,Pressure Drop,1.71,14.16
5367,5.0,36.69,90,9.58,118.76,2688,55,Pressure Drop,1.66,5.61
5368,5.12,36.38,100,9.2,115.14,2689,55,Pressure Drop,1.68,21.34
5369,5.0,37.12,90,9.5,113.21,2689,55,Pressure Drop,1.19,36.9
5370,5.37,36.91,100,9.73,110,2690,55,Pressure Drop,1.31,49.02
5371,5.0,36.87,90,9.28,114.15,2690,55,Pressure Drop,1.6,23.94
5372,5.21,36.45,100,9.5,111.54,2691,55,Pressure Drop,1.05,46.3
5373,5.44,36.21,90,9.13,110,2691,55,Pressure Drop,1.03,49.03
5374,5.14,35.53,100,9.78,110,2692,55,Pressure Drop,1.89,48.17
5375,5.08,35.76,90,9.26,120.61,2692,55,Pressure Drop,1.97,8.28
5376,5.0,35.72,100,8.84,117.86,2693,55,Pressure Drop,1.51,10.58
5377,5.17,36.14,90,9.18,117.12,2693,55,Pressure Drop,1.41,14.42
5378,5.0,35.7,100,9.09,121.27,2694,55,Pressure Drop,1.9,6.92
5379,5.0,35.98,90,9.98,117.32,2694,55,Pressure Drop,1.41,13.55
5380,5.02,36.11,100,9.41,115.56,2695,55,Pressure Drop,1.38,17.36
5381,5.16,35.74,90,9.21,114.91,2695,55,Pressure Drop,1.36,23.63
5382,5.34,35.25,100,9.85,111.43,2696,55,Pressure Drop,1.35,44.1
5383,5.15,34.91,90,8.93,111.45,2696,55,Pressure Drop,1.58,34.04
5384,5.11,35.58,100,9.16,112.86,2697,55,Pressure Drop,1.1,40.06
5385,5.09,36.14,90,9.64,117.7,2697,55,Pressure Drop,1.46,19.79
5386,5.12,35.78,100,9.44,113.86,2698,55,Pressure Drop,1.99,42.85
5387,5.19,36.13,90,9.97,110,2698,55,Pressure Drop,1.68,39.9
5388,5.04,36.73,100,9.21,120.92,2699,55,Pressure Drop,1.98,7.44
5389,5.08,36.83,90,9.42,111.97,2699,55,Pressure Drop,1.39,31.13
5390,5.0,37.19,100,9.24,116.53,2700,55,Pressure Drop,1.7,23.16
5391,5.04,36.64,90,9.88,114.62,2700,55,Pressure Drop,1.33,31.67
5392,5.0,36.57,100,8.9,115.37,2701,55,Pressure Drop,1.38,9.17
5393,5.09,35.69,90,10.07,119.16,2701,55,Pressure Drop,1.79,21.34
5394,5.0,35.73,100,9.63,115.71,2702,55,Pressure Drop,1.98,25.59
5395,5.21,35.92,90,9.56,115.35,2702,55,Pressure Drop,1.37,23.12
5396,5.06,36.13,100,9.22,110,2703,55,Pressure Drop,1.2,35.56
5397,5.0,35.91,90,9.62,110,2703,55,Pressure Drop,1.36,34.9
5398,5.17,35.51,100,9.99,112.63,2704,55,Pressure Drop,1.27,46.46
5399,5.0,35.99,90,9.7,116.53,2704,55,Pressure Drop,1.88,11.1
5400,5.15,35.95,100,9.74,110.02,2705,55,Pressure Drop,1.76,42.22
5401,5.13,35.72,90,9.45,114.21,2705,55,Pressure Drop,1.28,21.11
5402,5.11,35.28,100,9.78,114.36,2706,55,Pressure Drop,1.58,25.29
5403,5.09,35.7,90,9.18,112.5,2706,55,Pressure Drop,1.91,30.11
5404,5.1,35.78,100,9.56,116.51,2707,55,Pressure Drop,1.61,16.17
5405,5.2,36.15,90,8.88,114.31,2707,55,Pressure Drop,1.95,18.87
5406,5.43,36.01,100,10.1,110,2708,55,Pressure Drop,1.41,42.12
5407,5.04,35.61,90,9.32,110,2708,55,Pressure Drop,1.0,35.17
5408,5.0,35.36,100,8.75,121.59,2709,55,Pressure Drop,1.82,5.06
5409,5.21,34.91,90,9.01,111.4,2709,55,Pressure Drop,1.46,33.09
5410,5.22,35.03,100,9.93,110.84,2710,55,Pressure Drop,1.13,40.6
5411,5.15,35.73,90,9.1,110,2710,55,Pressure Drop,1.4,49.41
5412,5.03,36.05,100,9.38,114.0,2711,55,Pressure Drop,1.01,28.45
5413,5.26,35.46,90,8.94,110,2711,55,Pressure Drop,1.63,44.12
5414,5.0,35.24,100,9.57,117.73,2712,55,Pressure Drop,1.02,16.44
5415,5.0,35.28,90,9.62,119.17,2712,55,Pressure Drop,1.03,11.04
5416,5.12,34.98,100,9.83,110.14,2713,55,Pressure Drop,1.21,35.03
5417,5.1,35.32,90,9.98,113.07,2713,55,Pressure Drop,1.65,36.43
5418,5.03,35.36,100,10.14,118.58,2714,55,Pressure Drop,1.17,7.09
5419,5.22,35.83,90,9.33,116.75,2714,55,Pressure Drop,1.73,24.39
5420,5.0,35.35,100,9.15,111.8,2715,55,Pressure Drop,1.17,39.35
5421,5.04,35.34,90,9.12,110,2715,55,Pressure Drop,1.42,41.05
5422,5.15,34.92,100,9.11,113.09,2716,55,Pressure Drop,1.47,25.27
5423,5.3,34.71,90,9.46,112.17,2716,55,Pressure Drop,1.99,34.95
5424,5.09,34.49,100,9.57,116.83,2717,55,Pressure Drop,1.14,23.43
5425,5.0,35.21,90,9.51,113.73,2717,55,Pressure Drop,1.89,39.61
5426,5.39,35.38,100,9.49,110,2718,55,Pressure Drop,1.55,44.71
5427,5.26,35.4,90,9.24,111.36,2718,55,Pressure Drop,1.18,47.54
5428,5.0,35.43,100,9.17,119.39,2719,55,Pressure Drop,1.94,13.27
5429,5.0,35.9,90,9.11,118.44,2719,55,Pressure Drop,1.44,6.23
5430,5.0,36.2,100,9.72,114.84,2720,55,Pressure Drop,1.04,16.21
5431,5.23,36.16,90,8.97,111.6,2720,55,Pressure Drop,1.24,44.69
5432,5.0,36.44,100,9.83,115.41,2721,55,Pressure Drop,1.9,9.25
5433,5.14,37.07,90,9.58,112.35,2721,55,Pressure Drop,1.63,22.89
5434,5.12,37.29,100,9.31,118.91,2722,55,Pressure Drop,1.16,20.76
5435,5.1,37.2,90,9.65,114.65,2722,55,Pressure Drop,1.77,19.53
5436,5.0,36.9,100,9.77,116.92,2723,55,Pressure Drop,1.12,21.49
5437,5.25,36.53,90,9.22,112.12,2723,55,Pressure Drop,1.91,40.09
5438,5.05,36.88,100,9.41,113.47,2724,55,Pressure Drop,1.73,28.55
5439,5.35,36.52,90,9.14,112.53,2724,55,Pressure Drop,1.15,41.21
5440,5.14,36.04,100,9.6,111.97,2725,55,Pressure Drop,1.1,41.61
5441,5.13,35.94,90,9.7,118.04,2725,55,Pressure Drop,1.3,26.14
5442,5.09,36.02,100,9.83,112.53,2726,55,Pressure Drop,1.47,34.94
5443,5.0,35.93,90,10.11,110,2726,55,Pressure Drop,1.06,31.92
5444,5.0,36.33,100,8.93,114.27,2727,55,Pressure Drop,1.31,21.92
5445,5.0,36.19,90,9.6,120.51,2727,55,Pressure Drop,1.76,18.15
5446,5.35,35.34,100,10.02,111.25,2728,55,Pressure Drop,1.62,34.19
5447,5.15,35.06,90,9.06,114.09,2728,55,Pressure Drop,1.59,35.89
5448,5.19,34.69,100,9.42,110,2729,55,Pressure Drop,1.85,37.1
5449,5.18,34.83,90,9.85,114.38,2729,55,Pressure Drop,1.25,38.62
5450,5.0,34.77,100,9.78,120.12,2730,55,Pressure Drop,1.74,8.42
5451,5.4,35.19,90,9.36,116.49,2730,55,Pressure Drop,1.53,36.57
5452,5.04,35.18,100,9.17,110,2731,55,Pressure Drop,1.36,49.5
5453,5.02,35.38,90,9.13,116.39,2731,55,Pressure Drop,1.78,9.6
5454,5.01,35.05,100,9.57,112.93,2732,55,Pressure Drop,1.39,24.07
5455,5.0,35.8,90,9.6,117.76,2732,55,Pressure Drop,1.96,6.22
5456,5.01,35.24,100,9.93,113.85,2733,55,Pressure Drop,1.19,22.13
5457,5.0,35.95,90,9.15,116.63,2733,55,Pressure Drop,1.57,12.69
5458,5.08,35.74,100,9.57,121.81,2734,55,Pressure Drop,1.34,6.19
5459,5.0,35.37,90,9.79,112.46,2734,55,Pressure Drop,1.8,24.62
5460,5.0,35.66,100,9.95,123.34,2735,55,Pressure Drop,1.36,6.15
5461,5.0,35.53,90,9.27,115.59,2735,55,Pressure Drop,1.75,40.73
5462,5.0,35.45,100,9.61,119.08,2736,55,Pressure Drop,1.94,14.11
5463,5.18,34.94,90,9.34,111.39,2736,55,Pressure Drop,1.65,42.32
5464,5.0,35.33,100,9.52,120.89,2737,55,Pressure Drop,1.31,8.22
5465,5.0,35.67,90,9.54,114.62,2737,55,Pressure Drop,1.75,13.2
5466,5.25,36.14,100,9.59,115.31,2738,55,Pressure Drop,1.01,38.24
5467,5.07,36.23,90,9.99,110.34,2738,55,Pressure Drop,1.02,45.06
5468,5.0,36.1,100,9.1,113.75,2739,55,Pressure Drop,1.51,28.81
5469,5.0,36.43,90,9.06,114.27,2739,55,Pressure Drop,1.22,36.25
5470,5.0,36.54,100,10.04,111.08,2740,55,Pressure Drop,1.98,27.62
5471,5.05,37.29,90,8.94,112.34,2740,55,Pressure Drop,1.16,30.79
5472,5.29,37.02,100,9.47,110,2741,55,Pressure Drop,1.53,39.69
5473,5.46,37.03,90,8.98,110,2741,55,Pressure Drop,1.13,48.72
5474,5.0,36.73,100,9.45,120.25,2742,55,Pressure Drop,1.04,5.65
5475,5.19,36.95,90,9.36,110,2742,55,Pressure Drop,1.94,46.46
5476,5.0,37.07,100,9.21,117.99,2743,55,Pressure Drop,1.55,13.84
5477,5.29,37.21,90,8.95,112.0,2743,55,Pressure Drop,1.19,26.51
5478,5.19,36.86,100,9.68,112.49,2744,55,Pressure Drop,1.14,35.97
5479,5.0,37.07,90,9.91,112.02,2744,55,Pressure Drop,1.54,32.67
5480,5.0,36.81,100,9.34,113.94,2745,55,Pressure Drop,1.27,26.27
5481,5.4,36.85,90,9.73,112.52,2745,55,Pressure Drop,1.14,46.42
5482,5.03,37.04,100,9.87,123.08,2746,55,Pressure Drop,1.36,6.13
5483,5.08,37.37,90,9.58,114.39,2746,55,Pressure Drop,1.63,35.4
5484,5.26,37.36,100,9.6,110,2747,55,Pressure Drop,1.02,45.12
5485,5.07,37.58,90,9.8,110.8,2747,55,Pressure Drop,1.7,33.58
5486,5.15,37.46,100,10.01,110,2748,55,Pressure Drop,1.8,36.99
5487,5.0,36.95,90,9.44,120.03,2748,55,Pressure Drop,1.35,22.57
5488,5.01,37.15,100,9.79,111.95,2749,55,Pressure Drop,1.8,31.08
5489,5.0,36.59,90,9.17,117.33,2749,55,Pressure Drop,1.05,8.18
5490,5.0,36.88,100,9.74,116.57,2750,55,Pressure Drop,1.52,16.55
5491,5.11,37.22,90,9.79,110,2750,55,Pressure Drop,1.42,49.15
5492,5.0,37.53,100,9.09,114.39,2751,55,Pressure Drop,1.44,27.36
5493,5.16,37.09,90,9.54,112.37,2751,55,Pressure Drop,1.82,38.85
5494,5.17,36.86,100,9.7,112.75,2752,55,Pressure Drop,1.82,49.7
5495,5.1,37.03,90,9.11,119.03,2752,55,Pressure Drop,1.66,15.83
5496,5.0,36.7,100,9.49,114.35,2753,55,Pressure Drop,1.97,16.37
5497,5.1,36.44,90,9.25,118.69,2753,55,Pressure Drop,1.97,13.04
5498,5.26,36.68,100,9.1,111.01,2754,55,Pressure Drop,1.57,43.69
5499,5.09,36.84,90,9.28,110.76,2754,55,Pressure Drop,1.22,44.71
5500,5.0,36.97,100,9.27,117.13,2755,55,Pressure Drop,1.52,29.75
5501,5.02,37.08,90,9.29,111.89,2755,55,Pressure Drop,1.65,37.79
5502,5.26,37.41,100,9.85,111.2,2756,55,Pressure Drop,1.44,45.08
5503,5.0,36.86,90,9.49,115.83,2756,55,Pressure Drop,1.93,16.76
5504,5.0,36.87,100,9.41,120.16,2757,55,Pressure Drop,1.99,8.14
5505,5.31,37.11,90,9.34,110,2757,55,Pressure Drop,1.12,38.31
5506,5.11,36.56,100,9.33,110,2758,55,Pressure Drop,1.96,46.96
5507,5.22,36.95,90,9.83,113.59,2758,55,Pressure Drop,1.82,42.34
5508,5.0,37.32,100,9.78,112.34,2759,55,Pressure Drop,1.69,30.99
5509,5.27,37.27,90,8.79,110,2759,55,Pressure Drop,1.67,48.92
5510,5.0,37.32,100,9.34,112.94,2760,55,Pressure Drop,1.13,28.38
5511,5.0,37.26,90,9.43,114.94,2760,55,Pressure Drop,1.63,15.26
5512,5.11,37.72,100,9.62,112.0,2761,55,Pressure Drop,1.36,19.72
5513,5.0,37.57,90,8.97,119.37,2761,55,Pressure Drop,1.62,10.41
5514,5.11,37.07,100,10.01,112.72,2762,55,Pressure Drop,1.64,44.24
5515,5.0,37.27,90,9.4,117.43,2762,55,Pressure Drop,1.34,10.3
5516,5.25,36.91,100,9.61,115.87,2763,55,Pressure Drop,1.24,30.05
5517,5.0,35.95,90,9.85,113.71,2763,55,Pressure Drop,1.7,19.72
5518,5.04,35.62,100,8.91,117.49,2764,55,Pressure Drop,1.85,17.61
5519,5.0,35.49,90,9.92,118.63,2764,55,Pressure Drop,1.93,5.57
5520,5.12,35.64,100,9.95,118.66,2765,55,Pressure Drop,1.17,21.4
5521,5.26,35.51,90,8.87,110,2765,55,Pressure Drop,1.9,43.13
5522,5.31,35.69,100,8.95,116.92,2766,55,Pressure Drop,1.57,36.93
5523,5.06,36.35,90,9.28,120.07,2766,55,Pressure Drop,1.83,9.56
5524,5.0,35.5,100,9.39,114.37,2767,55,Pressure Drop,1.24,25.76
5525,5.01,35.13,90,10.13,114.25,2767,55,Pressure Drop,1.44,35.23
5526,5.08,35.12,100,9.22,119.16,2768,55,Pressure Drop,1.74,12.84
5527,5.0,35.65,90,9.27,119.92,2768,55,Pressure Drop,1.42,7.9
5528,5.0,36.42,100,9.42,119.64,2769,55,Pressure Drop,1.77,18.37
5529,5.06,36.68,90,9.72,116.13,2769,55,Pressure Drop,1.9,7.99
5530,5.21,36.27,100,9.14,112.66,2770,55,Pressure Drop,1.82,34.09
5531,5.26,36.55,90,10.08,112.02,2770,55,Pressure Drop,1.94,45.97
5532,5.06,36.02,100,9.37,115.8,2771,55,Pressure Drop,1.38,24.14
5533,5.29,35.54,90,9.6,110,2771,55,Pressure Drop,1.53,41.78
5534,5.0,35.53,100,9.18,111.41,2772,55,Pressure Drop,1.74,39.03
5535,5.0,35.55,90,9.68,117.49,2772,55,Pressure Drop,1.91,8.09
5536,5.4,35.08,100,9.06,110,2773,55,Pressure Drop,1.82,45.86
5537,5.0,35.37,90,9.95,113.47,2773,55,Pressure Drop,1.65,24.91
5538,5.16,35.64,100,9.76,110,2774,55,Pressure Drop,1.91,44.68
5539,5.0,35.47,90,9.82,115.24,2774,55,Pressure Drop,1.51,16.23
5540,5.13,35.3,100,9.04,120.66,2775,55,Pressure Drop,1.61,8.1
5541,5.13,35.64,90,9.13,113.2,2775,55,Pressure Drop,1.84,23.25
5542,5.02,36.15,100,9.21,111.0,2776,55,Pressure Drop,1.76,42.0
5543,5.44,36.16,90,9.73,110,2776,55,Pressure Drop,1.98,40.87
5544,5.36,36.09,100,9.39,115.72,2777,55,Pressure Drop,1.7,35.44
5545,5.14,35.72,90,9.73,113.47,2777,55,Pressure Drop,1.23,17.22
5546,5.0,36.2,100,9.58,118.86,2778,55,Pressure Drop,1.53,11.04
5547,5.25,36.46,90,9.7,114.32,2778,55,Pressure Drop,1.93,24.28
5548,5.2,36.49,100,9.63,115.09,2779,55,Pressure Drop,1.32,24.09
5549,5.15,36.01,90,9.35,114.6,2779,55,Pressure Drop,1.07,31.09
5550,5.3,36.76,100,9.73,110,2780,55,Pressure Drop,1.34,34.42
5551,5.17,37.38,90,9.77,110,2780,55,Pressure Drop,1.18,43.64
5552,5.16,37.42,100,8.89,110,2781,55,Pressure Drop,1.65,37.77
5553,5.09,37.32,90,9.29,121.27,2781,55,Pressure Drop,1.47,9.25
5554,5.0,37.13,100,9.41,115.81,2782,55,Pressure Drop,1.46,25.43
5555,5.2,37.16,90,9.72,113.48,2782,55,Pressure Drop,1.3,15.37
5556,5.01,37.11,100,9.12,113.4,2783,55,Pressure Drop,1.26,32.73
5557,5.0,37.65,90,9.16,112.62,2783,55,Pressure Drop,1.19,33.89
5558,5.03,37.16,100,9.33,115.3,2784,55,Pressure Drop,1.66,26.95
5559,5.05,37.18,90,8.88,117.62,2784,55,Pressure Drop,1.75,9.19
5560,5.07,37.0,100,9.47,114.52,2785,55,Pressure Drop,1.8,15.82
5561,5.0,37.53,90,9.5,111.09,2785,55,Pressure Drop,1.07,32.37
5562,5.36,36.83,100,9.53,113.59,2786,55,Pressure Drop,1.09,44.43
5563,5.16,37.02,90,9.65,110,2786,55,Pressure Drop,1.81,47.57
5564,5.02,36.93,100,9.98,113.65,2787,55,Pressure Drop,1.92,31.59
5565,5.06,37.11,90,9.37,115.12,2787,55,Pressure Drop,1.7,22.43
5566,5.24,36.86,100,9.57,115.92,2788,55,Pressure Drop,1.31,32.49
5567,5.0,36.31,90,9.6,120.43,2788,55,Pressure Drop,1.63,11.69
5568,5.23,36.35,100,9.77,110.05,2789,55,Pressure Drop,1.67,50.0
5569,5.05,36.06,90,9.72,118.43,2789,55,Pressure Drop,1.6,15.47
5570,5.23,35.87,100,9.16,112.09,2790,55,Pressure Drop,1.85,28.21
5571,5.19,35.69,90,9.91,112.68,2790,55,Pressure Drop,1.5,49.62
5572,5.0,35.45,100,9.15,117.57,2791,55,Pressure Drop,1.17,24.0
5573,5.0,35.3,90,9.28,119.03,2791,55,Pressure Drop,1.06,12.85
5574,5.07,35.2,100,9.5,121.35,2792,55,Pressure Drop,1.16,8.01
5575,5.25,35.15,90,9.48,116.51,2792,55,Pressure Drop,1.34,21.39
5576,5.0,35.67,100,9.54,117.86,2793,55,Pressure Drop,1.56,14.39
5577,5.09,35.23,90,9.57,110,2793,55,Pressure Drop,1.39,39.11
5578,5.1,35.49,100,9.53,110.14,2794,55,Pressure Drop,1.5,29.61
5579,5.0,35.35,90,9.56,114.22,2794,55,Pressure Drop,1.74,31.84
5580,5.17,35.61,100,8.97,117.43,2795,55,Pressure Drop,1.85,20.64
5581,5.17,35.94,90,9.69,110,2795,55,Pressure Drop,1.59,39.54
5582,5.36,36.21,100,9.39,113.89,2796,55,Pressure Drop,1.29,40.21
5583,5.0,35.84,90,9.68,113.67,2796,55,Pressure Drop,1.3,28.89
5584,5.0,35.64,100,9.25,113.36,2797,55,Pressure Drop,1.15,28.5
5585,5.0,35.45,90,9.16,121.81,2797,55,Pressure Drop,1.26,9.38
5586,5.06,35.92,100,9.53,119.79,2798,55,Pressure Drop,1.7,16.64
5587,5.0,36.51,90,9.44,115.14,2798,55,Pressure Drop,1.58,6.21
5588,5.24,36.13,100,9.03,114.15,2799,55,Pressure Drop,1.23,31.08
5589,5.0,35.85,90,9.57,119.7,2799,55,Pressure Drop,1.05,20.91
5590,5.09,35.45,100,9.6,116.61,2800,55,Pressure Drop,1.29,22.43
5591,5.0,34.88,90,9.54,120.14,2800,55,Pressure Drop,1.2,5.9
5592,5.3,34.82,100,9.36,111.35,2801,55,Pressure Drop,1.7,35.13
5593,5.16,34.44,90,9.79,115.87,2801,55,Pressure Drop,1.52,12.87
5594,5.04,34.16,100,9.68,119.03,2802,55,Pressure Drop,1.76,6.17
5595,5.13,34.34,90,9.31,114.61,2802,55,Pressure Drop,1.01,10.48
5596,5.0,35.15,100,9.53,118.27,2803,55,Pressure Drop,1.82,9.39
5597,5.0,35.67,90,9.99,118.01,2803,55,Pressure Drop,1.28,14.25
5598,5.01,36.17,100,9.85,118.92,2804,55,Pressure Drop,1.15,9.48
5599,5.18,35.88,90,9.81,114.84,2804,55,Pressure Drop,1.9,25.7
5600,5.31,35.77,100,9.59,110,2805,55,Pressure Drop,1.26,32.44
5601,5.05,35.1,90,9.17,122.92,2805,55,Pressure Drop,1.46,9.24
5602,5.16,35.45,100,9.14,114.75,2806,55,Pressure Drop,1.06,22.97
5603,5.03,35.18,90,9.37,114.54,2806,55,Pressure Drop,1.24,26.57
5604,5.03,35.04,100,9.32,116.94,2807,55,Pressure Drop,1.35,15.84
5605,5.2,35.16,90,9.7,110,2807,55,Pressure Drop,1.85,45.15
5606,5.34,34.91,100,9.2,113.9,2808,55,Pressure Drop,1.03,26.39
5607,5.19,34.61,90,9.06,110.96,2808,55,Pressure Drop,1.34,24.34
5608,5.31,35.26,100,8.88,113.18,2809,55,Pressure Drop,1.44,27.05
5609,5.19,35.24,90,9.08,114.03,2809,55,Pressure Drop,1.47,23.38
5610,5.02,35.17,100,9.22,117.81,2810,55,Pressure Drop,1.28,11.29
5611,5.03,35.66,90,9.14,113.95,2810,55,Pressure Drop,1.37,34.34
5612,5.26,35.29,100,9.55,115.5,2811,55,Pressure Drop,1.99,33.25
5613,5.0,35.65,90,10.06,115.06,2811,55,Pressure Drop,1.82,18.46
5614,5.0,35.94,100,9.5,117.22,2812,55,Pressure Drop,1.35,14.07
5615,5.05,35.65,90,9.3,113.78,2812,55,Pressure Drop,1.87,44.06
5616,5.17,35.56,100,9.33,110.16,2813,55,Pressure Drop,1.45,49.25
5617,5.23,35.62,90,9.19,113.98,2813,55,Pressure Drop,1.93,32.32
5618,5.16,35.27,100,9.35,118.29,2814,55,Pressure Drop,1.32,26.67
5619,5.0,35.22,90,9.26,110,2814,55,Pressure Drop,1.97,29.96
5620,5.15,34.88,100,9.99,111.22,2815,55,Pressure Drop,1.61,42.8
5621,5.0,34.69,90,10.04,116.58,2815,55,Pressure Drop,1.48,15.24
5622,5.0,34.7,100,9.71,114.05,2816,55,Pressure Drop,1.39,17.23
5623,5.19,34.71,90,9.65,115.61,2816,55,Pressure Drop,2.0,24.04
5624,5.0,34.85,100,9.28,119.88,2817,55,Pressure Drop,1.77,21.17
5625,5.0,35.14,90,9.1,112.19,2817,55,Pressure Drop,1.55,27.19
5626,5.0,35.72,100,9.05,114.17,2818,55,Pressure Drop,1.48,34.89
5627,5.0,35.76,90,9.64,110.16,2818,55,Pressure Drop,1.96,27.48
5628,5.0,36.27,100,9.93,117.4,2819,55,Pressure Drop,1.6,7.23
5629,5.0,36.27,90,9.29,119.03,2819,55,Pressure Drop,1.65,15.38
5630,5.0,35.94,100,9.15,117.87,2820,55,Pressure Drop,1.2,16.06
5631,5.08,36.0,90,9.77,121.8,2820,55,Pressure Drop,1.5,10.46
5632,5.32,36.55,100,9.57,111.49,2821,55,Pressure Drop,1.95,43.73
5633,5.25,37.16,90,9.88,114.05,2821,55,Pressure Drop,1.81,33.29
5634,5.03,37.47,100,9.95,115.03,2822,55,Pressure Drop,1.21,26.62
5635,5.0,36.94,90,8.87,120.53,2822,55,Pressure Drop,1.72,11.04
5636,5.0,36.37,100,9.87,119.03,2823,55,Pressure Drop,1.61,16.34
5637,5.28,36.74,90,9.38,110.53,2823,55,Pressure Drop,1.88,47.11
5638,5.0,36.42,100,9.94,116.35,2824,55,Pressure Drop,1.3,14.68
5639,5.19,36.27,90,9.29,111.55,2824,55,Pressure Drop,1.14,42.24
5640,5.13,36.1,100,9.8,112.96,2825,55,Pressure Drop,1.32,33.08
5641,5.22,35.69,90,9.4,114.21,2825,55,Pressure Drop,1.26,28.7
5642,5.18,35.36,100,9.69,111.28,2826,55,Pressure Drop,1.28,45.09
5643,5.13,35.03,90,9.39,115.54,2826,55,Pressure Drop,1.74,26.47
5644,5.0,34.79,100,9.77,118.86,2827,55,Pressure Drop,1.91,12.44
5645,5.0,35.66,90,9.87,116.02,2827,55,Pressure Drop,1.99,26.8
5646,5.07,35.09,100,8.9,111.0,2828,55,Pressure Drop,1.26,31.62
5647,5.18,35.83,90,9.94,116.07,2828,55,Pressure Drop,1.72,14.93
5648,5.0,36.0,100,9.29,116.04,2829,55,Pressure Drop,1.54,26.69
5649,5.11,36.37,90,8.95,110,2829,55,Pressure Drop,1.76,33.41
5650,5.29,36.16,100,9.0,114.5,2830,55,Pressure Drop,1.9,32.0
5651,5.08,36.03,90,9.05,115.75,2830,55,Pressure Drop,1.01,29.41
5652,5.31,35.66,100,9.43,112.35,2831,55,Pressure Drop,1.42,32.31
5653,5.0,35.72,90,9.69,119.76,2831,55,Pressure Drop,1.7,11.96
5654,5.14,35.46,100,9.1,110,2832,55,Pressure Drop,1.86,39.91
5655,5.11,35.19,90,8.89,110,2832,55,Pressure Drop,1.86,45.86
5656,5.29,34.79,100,8.94,112.06,2833,55,Pressure Drop,1.38,34.95
5657,5.0,34.09,90,9.33,119.95,2833,55,Pressure Drop,1.95,16.42
5658,5.09,34.74,100,9.62,114.11,2834,55,Pressure Drop,1.14,17.7
5659,5.0,34.59,90,9.24,117.36,2834,55,Pressure Drop,1.96,11.1
5660,5.32,34.15,100,9.41,112.99,2835,55,Pressure Drop,1.28,35.14
5661,5.25,34.76,90,9.81,112.08,2835,55,Pressure Drop,1.1,45.12
5662,5.0,34.66,100,9.24,110.83,2836,55,Pressure Drop,1.87,25.1
5663,5.09,35.06,90,9.67,112.58,2836,55,Pressure Drop,1.4,40.29
5664,5.04,34.7,100,9.04,115.43,2837,55,Pressure Drop,1.38,12.0
5665,5.44,35.32,90,9.71,110,2837,55,Pressure Drop,1.49,45.18
5666,5.02,35.1,100,8.87,116.06,2838,55,Pressure Drop,1.01,13.0
5667,5.19,35.09,90,9.03,111.96,2838,55,Pressure Drop,1.25,32.96
5668,5.0,35.03,100,9.02,114.49,2839,55,Pressure Drop,1.15,13.7
5669,5.1,34.58,90,9.07,120.87,2839,55,Pressure Drop,1.22,5.76
5670,5.29,33.92,100,9.67,111.58,2840,55,Pressure Drop,1.94,27.12
5671,5.0,34.16,90,9.45,115.92,2840,55,Pressure Drop,1.23,14.99
5672,5.14,33.83,100,9.31,112.06,2841,55,Pressure Drop,1.66,46.69
5673,5.06,33.83,90,9.79,116.7,2841,55,Pressure Drop,1.27,12.6
5674,5.0,34.46,100,9.85,111.14,2842,55,Pressure Drop,1.68,37.05
5675,5.0,35.39,90,9.23,116.02,2842,55,Pressure Drop,1.47,16.54
5676,5.21,35.61,100,8.95,111.8,2843,55,Pressure Drop,1.04,29.75
5677,5.08,35.88,90,9.2,111.8,2843,55,Pressure Drop,1.19,21.99
5678,5.0,36.3,100,9.78,118.47,2844,55,Pressure Drop,1.03,21.72
5679,5.06,36.92,90,9.66,115.98,2844,55,Pressure Drop,1.3,35.6
5680,5.25,36.88,100,9.32,113.79,2845,55,Pressure Drop,1.06,28.79
5681,5.0,36.26,90,9.46,113.37,2845,55,Pressure Drop,1.17,31.5
5682,5.02,35.87,100,8.94,110,2846,55,Pressure Drop,1.63,39.11
5683,5.15,35.64,90,9.36,110,2846,55,Pressure Drop,1.04,49.9
5684,5.0,35.43,100,10.01,118.07,2847,55,Pressure Drop,1.28,17.38
5685,5.09,35.32,90,9.83,110,2847,55,Pressure Drop,1.67,48.23
5686,5.22,34.75,100,9.71,113.15,2848,55,Pressure Drop,1.13,35.21
5687,5.07,35.01,90,9.74,112.75,2848,55,Pressure Drop,1.91,36.11
5688,5.31,35.33,100,9.25,114.42,2849,55,Pressure Drop,1.95,23.74
5689,5.0,35.06,90,9.76,114.71,2849,55,Pressure Drop,1.07,11.55
5690,5.12,35.09,100,9.55,110.84,2850,55,Pressure Drop,1.16,43.8
5691,5.0,34.69,90,9.67,115.24,2850,55,Pressure Drop,1.1,27.03
5692,5.24,35.07,100,9.08,114.9,2851,55,Pressure Drop,1.99,33.83
5693,5.0,34.93,90,9.96,115.06,2851,55,Pressure Drop,1.64,23.84
5694,5.0,35.01,100,9.96,118.75,2852,55,Pressure Drop,1.32,12.01
5695,5.06,34.81,90,9.53,113.25,2852,55,Pressure Drop,1.12,34.45
5696,5.12,35.69,100,9.61,114.23,2853,55,Pressure Drop,1.88,14.55
5697,5.22,36.17,90,9.68,116.6,2853,55,Pressure Drop,1.53,32.69
5698,5.0,35.31,100,9.5,113.32,2854,55,Pressure Drop,1.25,22.98
5699,5.44,35.32,90,9.73,111.68,2854,55,Pressure Drop,1.32,41.31
5700,5.04,34.97,100,9.33,119.06,2855,55,Pressure Drop,1.8,20.33
5701,5.39,34.9,90,9.83,110.99,2855,55,Pressure Drop,1.37,46.0
5702,5.0,35.11,100,9.8,114.79,2856,55,Pressure Drop,1.25,20.02
5703,5.04,35.51,90,8.88,115.84,2856,55,Pressure Drop,1.74,17.35
5704,5.0,36.19,100,9.04,117.96,2857,55,Pressure Drop,1.66,19.18
5705,5.05,36.67,90,9.87,118.5,2857,55,Pressure Drop,1.41,10.3
5706,5.09,36.54,100,9.55,110,2858,55,Pressure Drop,1.94,40.42
5707,5.0,36.58,90,9.23,114.9,2858,55,Pressure Drop,1.73,27.64
5708,5.2,36.46,100,8.97,110.22,2859,55,Pressure Drop,1.69,45.19
5709,5.0,36.44,90,9.65,120.21,2859,55,Pressure Drop,1.49,7.31
5710,5.08,36.74,100,9.7,110,2860,55,Pressure Drop,1.25,48.37
5711,5.05,36.18,90,9.73,110,2860,55,Pressure Drop,1.93,41.0
5712,5.33,36.51,100,10.02,110,2861,55,Pressure Drop,1.63,39.77
5713,5.0,36.66,90,9.05,118.02,2861,55,Pressure Drop,1.79,7.06
5714,5.16,37.12,100,9.76,110,2862,55,Pressure Drop,1.19,48.56
5715,5.0,37.42,90,9.0,120.22,2862,55,Pressure Drop,1.94,6.27
5716,5.11,37.37,100,9.49,112.86,2863,55,Pressure Drop,1.81,39.48
5717,5.08,37.56,90,9.57,115.44,2863,55,Pressure Drop,1.69,28.62
5718,5.0,37.39,100,9.27,119.36,2864,55,Pressure Drop,1.4,17.71
5719,5.26,36.82,90,9.9,117.04,2864,55,Pressure Drop,1.87,24.67
5720,5.0,36.47,100,9.45,118.45,2865,55,Pressure Drop,1.88,15.16
5721,5.0,36.55,90,9.8,119.32,2865,55,Pressure Drop,1.98,14.44
5722,5.07,36.34,100,9.43,112.21,2866,55,Pressure Drop,1.63,33.38
5723,5.0,36.52,90,9.34,116.69,2866,55,Pressure Drop,1.98,10.71
5724,5.12,36.21,100,9.4,117.74,2867,55,Pressure Drop,1.88,23.35
5725,5.0,36.57,90,9.59,118.59,2867,55,Pressure Drop,1.48,22.48
5726,5.37,36.62,100,9.36,114.46,2868,55,Pressure Drop,1.62,40.28
5727,5.0,36.3,90,8.96,118.79,2868,55,Pressure Drop,1.2,11.03
5728,5.0,36.12,100,9.41,115.85,2869,55,Pressure Drop,1.34,19.72
5729,5.0,36.25,90,9.15,114.15,2869,55,Pressure Drop,1.35,32.34
5730,5.1,36.61,100,9.77,112.26,2870,55,Pressure Drop,1.15,20.76
5731,5.19,36.5,90,9.13,112.71,2870,55,Pressure Drop,1.16,27.98
5732,5.0,36.76,100,9.38,117.56,2871,55,Pressure Drop,1.32,23.16
5733,5.0,36.51,90,9.62,115.8,2871,55,Pressure Drop,1.06,6.22
5734,5.0,36.82,100,9.27,121.06,2872,55,Pressure Drop,1.07,8.21
5735,5.03,37.15,90,10.07,111.37,2872,55,Pressure Drop,1.95,30.9
5736,5.0,36.48,100,9.49,116.88,2873,55,Pressure Drop,1.45,20.83
5737,5.0,35.97,90,9.39,121.41,2873,55,Pressure Drop,1.95,8.94
5738,5.0,35.47,100,9.56,118.69,2874,55,Pressure Drop,1.7,13.54
5739,5.11,35.87,90,8.9,111.21,2874,55,Pressure Drop,1.71,33.21
5740,5.0,36.1,100,10.01,114.87,2875,55,Pressure Drop,1.7,15.55
5741,5.0,36.37,90,9.26,114.0,2875,55,Pressure Drop,1.58,28.48
5742,5.0,36.46,100,9.4,119.46,2876,55,Pressure Drop,1.52,18.43
5743,5.05,36.51,90,9.43,115.02,2876,55,Pressure Drop,1.6,12.37
5744,5.07,37.03,100,8.82,115.04,2877,55,Pressure Drop,1.44,22.72
5745,5.03,37.05,90,9.3,112.19,2877,55,Pressure Drop,1.79,41.46
5746,5.41,36.42,100,9.71,111.37,2878,55,Pressure Drop,1.8,38.39
5747,5.0,36.4,90,8.98,117.02,2878,55,Pressure Drop,1.43,15.52
5748,5.06,36.45,100,9.13,119.81,2879,55,Pressure Drop,1.48,20.31
5749,5.28,36.19,90,9.88,113.74,2879,55,Pressure Drop,1.48,32.61
5750,5.0,36.68,100,9.2,120.08,2880,55,Pressure Drop,1.89,11.17
5751,5.32,36.24,90,9.6,114.78,2880,55,Pressure Drop,1.94,36.71
5752,5.0,36.18,100,10.07,111.7,2881,55,Pressure Drop,1.73,22.3
5753,5.31,35.92,90,9.57,110,2881,55,Pressure Drop,1.58,49.06
5754,5.07,35.89,100,8.94,110,2882,55,Pressure Drop,1.68,49.55
5755,5.11,36.05,90,9.61,111.3,2882,55,Pressure Drop,1.0,23.71
5756,5.0,35.97,100,9.34,117.27,2883,55,Pressure Drop,1.89,16.52
5757,5.12,35.3,90,9.31,118.42,2883,55,Pressure Drop,1.11,11.09
5758,5.11,34.87,100,9.91,111.77,2884,55,Pressure Drop,1.99,47.42
5759,5.0,35.19,90,9.82,122.38,2884,55,Pressure Drop,1.27,8.54
5760,5.0,35.59,100,9.4,113.9,2885,55,Pressure Drop,1.95,18.0
5761,5.26,35.55,90,9.15,112.22,2885,55,Pressure Drop,1.26,33.04
5762,5.11,35.94,100,9.27,113.13,2886,55,Pressure Drop,1.33,45.48
5763,5.32,35.45,90,9.15,113.34,2886,55,Pressure Drop,1.91,32.12
5764,5.03,35.77,100,9.31,110,2887,55,Pressure Drop,1.41,42.21
5765,5.0,35.87,90,9.77,114.46,2887,55,Pressure Drop,1.01,26.41
5766,5.19,35.74,100,9.68,112.94,2888,55,Pressure Drop,1.54,28.16
5767,5.16,35.85,90,9.08,110.6,2888,55,Pressure Drop,1.62,48.57
5768,5.0,36.49,100,9.92,121.22,2889,55,Pressure Drop,1.84,7.16
5769,5.22,36.11,90,9.05,114.96,2889,55,Pressure Drop,1.88,31.88
5770,5.0,35.56,100,9.21,118.69,2890,55,Pressure Drop,1.89,18.93
5771,5.22,35.27,90,9.01,116.99,2890,55,Pressure Drop,1.03,21.59
5772,5.09,34.77,100,9.33,119.37,2891,55,Pressure Drop,1.22,15.12
5773,5.17,34.57,90,10.06,118.62,2891,55,Pressure Drop,1.41,9.9
5774,5.32,34.73,100,9.61,110,2892,55,Pressure Drop,1.44,43.93
5775,5.22,34.62,90,9.73,110,2892,55,Pressure Drop,1.08,47.43
5776,5.21,34.22,100,9.35,116.74,2893,55,Pressure Drop,1.25,14.41
5777,5.08,34.95,90,9.06,117.59,2893,55,Pressure Drop,1.49,15.74
5778,5.0,34.92,100,8.98,119.31,2894,55,Pressure Drop,1.85,5.65
5779,5.25,34.42,90,9.39,114.66,2894,55,Pressure Drop,1.78,29.32
5780,5.0,35.01,100,9.98,117.35,2895,55,Pressure Drop,1.49,9.23
5781,5.04,34.92,90,9.82,111.35,2895,55,Pressure Drop,1.84,45.76
5782,5.0,34.73,100,9.73,118.47,2896,55,Pressure Drop,1.14,8.12
5783,5.25,35.0,90,9.2,118.1,2896,55,Pressure Drop,1.85,20.14
5784,5.1,35.15,100,9.29,118.46,2897,55,Pressure Drop,1.79,5.86
5785,5.29,34.88,90,9.58,112.72,2897,55,Pressure Drop,1.08,34.6
5786,5.0,34.76,100,9.09,116.72,2898,55,Pressure Drop,1.33,10.23
5787,5.34,35.26,90,9.0,110,2898,55,Pressure Drop,1.16,47.92
5788,5.28,35.53,100,9.11,114.88,2899,55,Pressure Drop,1.21,38.87
5789,5.25,35.51,90,9.59,113.73,2899,55,Pressure Drop,1.02,37.84
5790,5.0,35.35,100,9.11,112.67,2900,55,Pressure Drop,1.15,20.33
5791,5.0,35.02,90,9.52,112.65,2900,55,Pressure Drop,1.56,23.53
5792,5.01,35.05,100,9.01,111.99,2901,55,Pressure Drop,1.49,21.63
5793,5.05,35.41,90,9.25,112.83,2901,55,Pressure Drop,1.36,16.55
5794,5.2,35.14,100,9.85,113.25,2902,55,Pressure Drop,1.56,32.86
5795,5.07,35.04,90,9.63,110,2902,55,Pressure Drop,1.93,34.82
5796,5.24,35.22,100,8.97,115.69,2903,55,Pressure Drop,1.12,41.02
5797,5.0,35.06,90,8.83,119.27,2903,55,Pressure Drop,1.81,14.71
5798,5.25,35.27,100,9.68,111.05,2904,55,Pressure Drop,1.14,41.74
5799,5.0,35.59,90,9.4,116.48,2904,55,Pressure Drop,1.64,11.2
5800,5.0,35.16,100,9.56,117.27,2905,55,Pressure Drop,1.29,5.78
5801,5.0,35.1,90,9.06,117.07,2905,55,Pressure Drop,1.65,20.67
5802,5.08,34.64,100,9.24,110,2906,55,Pressure Drop,1.72,35.06
5803,5.35,34.83,90,9.41,110,2906,55,Pressure Drop,1.8,45.77
5804,5.2,34.99,100,9.63,114.18,2907,55,Pressure Drop,1.22,30.1
5805,5.0,35.3,90,9.03,119.42,2907,55,Pressure Drop,1.04,17.66
5806,5.02,35.54,100,9.98,112.91,2908,55,Pressure Drop,1.48,30.02
5807,5.22,35.33,90,9.41,110,2908,55,Pressure Drop,1.89,46.59
5808,5.05,34.63,100,9.49,110.97,2909,55,Pressure Drop,1.72,36.42
5809,5.33,35.4,90,9.19,116.2,2909,55,Pressure Drop,1.79,31.3
5810,5.17,35.79,100,9.88,117.1,2910,55,Pressure Drop,1.52,19.38
5811,5.09,36.05,90,9.35,118.09,2910,55,Pressure Drop,1.54,10.33
5812,5.11,36.1,100,9.29,110.08,2911,55,Pressure Drop,1.33,41.85
5813,5.06,35.29,90,9.53,111.98,2911,55,Pressure Drop,1.93,37.6
5814,5.0,35.05,100,9.62,115.57,2912,55,Pressure Drop,1.87,25.64
5815,5.22,35.4,90,9.15,112.73,2912,55,Pressure Drop,1.21,30.47
5816,5.4,35.61,100,9.52,112.12,2913,55,Pressure Drop,1.79,41.19
5817,5.07,36.0,90,9.31,111.86,2913,55,Pressure Drop,1.53,25.46
5818,5.05,36.1,100,9.68,115.11,2914,55,Pressure Drop,1.73,23.05
5819,5.19,36.0,90,9.48,116.08,2914,55,Pressure Drop,1.94,34.58
5820,5.0,35.98,100,9.65,122.75,2915,55,Pressure Drop,1.21,5.59
5821,5.41,36.13,90,9.08,113.27,2915,55,Pressure Drop,1.1,41.48
5822,5.37,35.87,100,9.32,110,2916,55,Pressure Drop,1.62,47.84
5823,5.17,36.02,90,9.05,110,2916,55,Pressure Drop,1.15,35.91
5824,5.17,35.98,100,9.37,111.23,2917,55,Pressure Drop,1.0,35.05
5825,5.11,36.63,90,9.97,116.26,2917,55,Pressure Drop,1.9,28.41
5826,5.0,36.71,100,9.33,115.52,2918,55,Pressure Drop,1.47,26.98
5827,5.25,36.8,90,8.92,112.02,2918,55,Pressure Drop,1.13,32.55
5828,5.02,36.82,100,9.75,114.29,2919,55,Pressure Drop,1.97,31.98
5829,5.14,36.86,90,9.66,121.19,2919,55,Pressure Drop,1.55,8.11
5830,5.17,36.6,100,8.92,112.77,2920,55,Pressure Drop,1.79,45.9
5831,5.0,36.46,90,9.97,119.59,2920,55,Pressure Drop,1.0,9.0
5832,5.25,35.83,100,9.47,110,2921,55,Pressure Drop,1.99,45.22
5833,5.01,35.25,90,9.4,117.64,2921,55,Pressure Drop,1.98,10.85
5834,5.0,35.63,100,9.59,117.18,2922,55,Pressure Drop,1.71,17.83
5835,5.0,34.98,90,9.44,117.71,2922,55,Pressure Drop,1.24,20.85
5836,5.0,35.46,100,9.33,120.28,2923,55,Pressure Drop,1.98,12.28
5837,5.22,35.46,90,9.67,110.99,2923,55,Pressure Drop,1.44,42.07
5838,5.06,35.45,100,9.07,114.99,2924,55,Pressure Drop,1.69,31.24
5839,5.21,35.72,90,9.27,111.37,2924,55,Pressure Drop,1.84,39.93
5840,5.13,35.77,100,9.14,114.95,2925,55,Pressure Drop,1.35,26.03
5841,5.13,35.41,90,9.32,113.91,2925,55,Pressure Drop,1.95,38.23
5842,5.19,35.74,100,9.52,110,2926,55,Pressure Drop,1.12,41.92
5843,5.23,35.33,90,9.57,116.4,2926,55,Pressure Drop,1.36,28.21
5844,5.0,35.77,100,9.01,114.53,2927,55,Pressure Drop,1.49,26.95
5845,5.25,36.49,90,9.88,110.7,2927,55,Pressure Drop,1.21,40.26
5846,5.21,36.32,100,9.07,110.0,2928,55,Pressure Drop,1.58,47.67
5847,5.0,36.06,90,10.17,118.29,2928,55,Pressure Drop,1.44,26.6
5848,5.08,36.59,100,9.54,114.34,2929,55,Pressure Drop,1.22,15.32
5849,5.0,36.64,90,9.51,117.35,2929,55,Pressure Drop,1.49,17.86
5850,5.0,37.12,100,9.15,120.53,2930,55,Pressure Drop,1.95,17.2
5851,5.08,36.49,90,9.51,112.72,2930,55,Pressure Drop,1.18,22.08
5852,5.02,36.84,100,9.28,120.45,2931,55,Pressure Drop,1.57,12.58
5853,5.31,37.12,90,9.74,111.94,2931,55,Pressure Drop,1.7,26.8
5854,5.33,36.82,100,9.4,111.26,2932,55,Pressure Drop,1.78,45.94
5855,5.0,36.08,90,9.63,115.22,2932,55,Pressure Drop,1.93,12.73
5856,5.0,35.95,100,9.15,117.97,2933,55,Pressure Drop,2.0,11.85
5857,5.16,36.48,90,9.33,117.36,2933,55,Pressure Drop,1.55,23.41
5858,5.1,36.7,100,9.87,113.03,2934,55,Pressure Drop,1.59,34.47
5859,5.27,37.11,90,9.09,115.49,2934,55,Pressure Drop,1.3,33.87
5860,5.14,36.87,100,9.36,110,2935,55,Pressure Drop,1.51,39.48
5861,5.0,36.95,90,9.23,117.99,2935,55,Pressure Drop,1.04,16.65
5862,5.4,37.01,100,9.12,112.8,2936,55,Pressure Drop,1.89,40.78
5863,5.16,37.16,90,8.91,120.64,2936,55,Pressure Drop,1.8,16.24
5864,5.0,36.89,100,9.64,114.51,2937,55,Pressure Drop,1.61,24.63
5865,5.28,36.32,90,9.74,111.92,2937,55,Pressure Drop,1.18,44.34
5866,5.08,35.79,100,9.07,113.88,2938,55,Pressure Drop,1.15,30.38
5867,5.39,35.21,90,9.32,117.48,2938,55,Pressure Drop,1.38,33.9
5868,5.27,35.6,100,9.72,111.87,2939,55,Pressure Drop,1.28,40.9
5869,5.0,34.84,90,9.71,123.36,2939,55,Pressure Drop,1.21,6.0
5870,5.19,34.53,100,9.63,110,2940,55,Pressure Drop,1.74,49.51
5871,5.15,34.37,90,9.84,117.02,2940,55,Pressure Drop,1.98,28.78
5872,5.06,34.67,100,9.24,116.83,2941,55,Pressure Drop,1.33,35.62
5873,5.09,34.92,90,9.44,110.54,2941,55,Pressure Drop,1.23,32.52
5874,5.28,35.24,100,9.59,112.91,2942,55,Pressure Drop,1.12,30.51
5875,5.16,34.93,90,9.22,113.11,2942,55,Pressure Drop,1.14,20.88
5876,5.0,34.56,100,9.66,113.28,2943,55,Pressure Drop,1.59,31.33
5877,5.03,35.3,90,10.09,113.34,2943,55,Pressure Drop,1.72,39.21
5878,5.11,35.93,100,9.37,113.89,2944,55,Pressure Drop,1.39,16.06
5879,5.22,36.14,90,9.02,120.39,2944,55,Pressure Drop,1.47,15.66
5880,5.0,36.4,100,9.8,122.45,2945,55,Pressure Drop,1.46,6.5
5881,5.03,36.18,90,9.34,113.66,2945,55,Pressure Drop,1.72,26.89
5882,5.09,36.41,100,9.87,113.21,2946,55,Pressure Drop,1.32,28.87
5883,5.1,36.25,90,9.52,110,2946,55,Pressure Drop,1.29,41.63
5884,5.1,36.22,100,9.33,117.9,2947,55,Pressure Drop,1.55,12.93
5885,5.4,36.41,90,9.9,113.62,2947,55,Pressure Drop,1.91,39.7
5886,5.16,36.11,100,9.13,115.64,2948,55,Pressure Drop,1.96,22.01
5887,5.2,35.47,90,9.35,112.74,2948,55,Pressure Drop,1.15,44.83
5888,5.0,36.11,100,9.44,118.56,2949,55,Pressure Drop,1.29,6.72
5889,5.21,36.46,90,9.54,110.28,2949,55,Pressure Drop,1.99,49.11
5890,5.0,36.33,100,9.4,116.5,2950,55,Pressure Drop,1.93,16.95
5891,5.09,36.03,90,9.4,113.57,2950,55,Pressure Drop,1.65,35.06
5892,5.0,35.75,100,9.44,117.23,2951,55,Pressure Drop,1.75,13.01
5893,5.34,35.23,90,9.21,110,2951,55,Pressure Drop,1.85,45.91
5894,5.03,34.64,100,9.63,120.92,2952,55,Pressure Drop,1.91,12.35
5895,5.0,34.93,90,9.21,110.33,2952,55,Pressure Drop,1.01,29.2
5896,5.1,34.82,100,9.87,110,2953,55,Pressure Drop,1.2,31.48
5897,5.15,35.24,90,9.1,114.51,2953,55,Pressure Drop,1.47,37.37
5898,5.0,35.15,100,9.3,118.42,2954,55,Pressure Drop,1.67,5.55
5899,5.0,34.75,90,9.53,118.23,2954,55,Pressure Drop,1.7,6.21
5900,5.17,35.26,100,9.54,110,2955,55,Pressure Drop,1.77,49.81
5901,5.21,35.39,90,9.3,115.19,2955,55,Pressure Drop,1.54,28.41
5902,5.08,35.99,100,9.91,119.29,2956,55,Pressure Drop,1.79,9.81
5903,5.0,35.85,90,9.54,117.53,2956,55,Pressure Drop,1.02,14.19
5904,5.0,35.89,100,9.7,118.24,2957,55,Pressure Drop,1.81,19.03
5905,5.16,36.46,90,9.29,110.34,2957,55,Pressure Drop,1.18,31.84
5906,5.34,36.22,100,8.93,110,2958,55,Pressure Drop,1.56,45.65
5907,5.0,36.02,90,10.03,118.49,2958,55,Pressure Drop,1.43,5.92
5908,5.06,35.41,100,9.49,111.91,2959,55,Pressure Drop,1.23,36.74
5909,5.01,35.63,90,9.04,114.02,2959,55,Pressure Drop,1.42,12.57
5910,5.0,35.61,100,9.66,111.74,2960,55,Pressure Drop,1.89,25.32
5911,5.2,35.48,90,9.21,114.38,2960,55,Pressure Drop,1.14,29.38
5912,5.1,35.36,100,9.33,112.26,2961,55,Pressure Drop,1.95,38.4
5913,5.0,35.06,90,9.43,120.15,2961,55,Pressure Drop,1.98,16.09
5914,5.23,35.87,100,9.65,114.66,2962,55,Pressure Drop,1.67,34.5
5915,5.0,35.56,90,9.06,120.6,2962,55,Pressure Drop,1.7,9.78
5916,5.38,35.99,100,9.69,110,2963,55,Pressure Drop,1.67,47.12
5917,5.0,35.61,90,9.92,117.96,2963,55,Pressure Drop,1.48,20.06
5918,5.45,35.27,100,9.41,111.7,2964,55,Pressure Drop,1.96,47.19
5919,5.24,35.05,90,9.39,110,2964,55,Pressure Drop,1.6,42.81
5920,5.0,35.05,100,9.6,116.73,2965,55,Pressure Drop,1.18,12.58
5921,5.0,35.64,90,10.15,120.41,2965,55,Pressure Drop,1.55,6.97
5922,5.29,35.61,100,9.29,110,2966,55,Pressure Drop,1.79,47.91
5923,5.0,35.11,90,9.78,110,2966,55,Pressure Drop,1.12,33.94
5924,5.2,34.95,100,9.96,110,2967,55,Pressure Drop,1.47,32.44
5925,5.0,35.67,90,9.47,116.12,2967,55,Pressure Drop,1.46,19.38
5926,5.0,35.9,100,9.57,118.61,2968,55,Pressure Drop,1.52,16.24
5927,5.3,35.34,90,8.98,113.23,2968,55,Pressure Drop,1.02,41.04
5928,5.0,35.92,100,9.62,114.3,2969,55,Pressure Drop,1.53,18.19
5929,5.23,35.78,90,9.29,115.07,2969,55,Pressure Drop,1.87,16.03
5930,5.09,35.52,100,9.02,113.02,2970,55,Pressure Drop,1.36,15.05
5931,5.33,36.0,90,9.92,110.33,2970,55,Pressure Drop,1.56,41.51
5932,5.07,35.48,100,9.35,119.98,2971,55,Pressure Drop,1.6,18.9
5933,5.0,35.42,90,9.48,118.15,2971,55,Pressure Drop,1.39,8.02
5934,5.0,34.89,100,9.59,118.7,2972,55,Pressure Drop,1.57,10.08
5935,5.0,34.6,90,10.06,115.98,2972,55,Pressure Drop,1.18,10.48
5936,5.0,34.65,100,9.5,115.54,2973,55,Pressure Drop,1.74,10.96
5937,5.1,35.21,90,9.12,120.47,2973,55,Pressure Drop,1.21,12.15
5938,5.0,35.78,100,9.69,114.81,2974,55,Pressure Drop,1.2,8.65
5939,5.16,35.7,90,10.15,110,2974,55,Pressure Drop,1.12,34.33
5940,5.01,36.3,100,9.96,118.97,2975,55,Pressure Drop,1.36,11.02
5941,5.0,36.18,90,9.36,114.75,2975,55,Pressure Drop,1.43,24.91
5942,5.36,36.07,100,9.67,110,2976,55,Pressure Drop,1.11,42.96
5943,5.0,35.88,90,9.71,113.51,2976,55,Pressure Drop,1.5,23.79
5944,5.21,36.38,100,9.42,117.93,2977,55,Pressure Drop,1.46,31.3
5945,5.21,35.91,90,9.3,115.56,2977,55,Pressure Drop,1.58,37.61
5946,5.0,35.86,100,8.9,117.02,2978,55,Pressure Drop,1.33,27.07
5947,5.33,35.57,90,9.0,112.9,2978,55,Pressure Drop,1.0,33.48
5948,5.15,35.92,100,9.72,111.18,2979,55,Pressure Drop,1.71,38.57
5949,5.33,35.74,90,9.74,110.19,2979,55,Pressure Drop,1.98,43.93
5950,5.12,35.54,100,9.67,121.76,2980,55,Pressure Drop,1.85,9.28
5951,5.0,35.24,90,9.67,117.74,2980,55,Pressure Drop,1.23,14.62
5952,5.27,35.0,100,9.54,115.4,2981,55,Pressure Drop,1.53,31.84
5953,5.0,34.94,90,10.16,121.0,2981,55,Pressure Drop,1.3,12.59
5954,5.33,35.31,100,9.44,114.3,2982,55,Pressure Drop,1.47,33.51
5955,5.0,35.69,90,9.94,113.96,2982,55,Pressure Drop,1.86,27.96
5956,5.0,35.28,100,8.92,114.45,2983,55,Pressure Drop,1.02,16.6
5957,5.14,35.4,90,9.47,116.46,2983,55,Pressure Drop,1.97,26.34
5958,5.15,35.49,100,9.68,112.46,2984,55,Pressure Drop,1.09,28.43
5959,5.36,35.62,90,9.64,110,2984,55,Pressure Drop,1.53,37.82
5960,5.28,35.76,100,9.46,114.82,2985,55,Pressure Drop,1.15,36.99
5961,5.04,35.7,90,9.1,116.86,2985,55,Pressure Drop,1.65,15.96
5962,5.06,35.14,100,9.35,110,2986,55,Pressure Drop,1.2,39.81
5963,5.12,35.74,90,9.41,117.82,2986,55,Pressure Drop,1.89,17.96
5964,5.1,35.35,100,9.85,111.23,2987,55,Pressure Drop,1.3,41.03
5965,5.02,35.33,90,10.0,116.17,2987,55,Pressure Drop,1.43,27.77
5966,5.0,36.0,100,9.57,112.94,2988,55,Pressure Drop,1.38,32.82
5967,5.08,35.99,90,9.92,113.06,2988,55,Pressure Drop,1.95,35.13
5968,5.15,36.41,100,9.3,116.2,2989,55,Pressure Drop,1.55,23.77
5969,5.26,36.26,90,9.63,112.52,2989,55,Pressure Drop,1.47,29.12
5970,5.14,36.32,100,9.04,110,2990,55,Pressure Drop,1.76,45.98
5971,5.16,35.93,90,9.7,113.82,2990,55,Pressure Drop,1.02,27.51
5972,5.0,35.85,100,8.95,112.37,2991,55,Pressure Drop,1.05,41.8
5973,5.0,35.79,90,9.28,118.23,2991,55,Pressure Drop,1.71,19.54
5974,5.0,35.69,100,9.55,116.2,2992,55,Pressure Drop,1.77,21.51
5975,5.36,35.85,90,9.29,113.98,2992,55,Pressure Drop,1.62,41.6
5976,5.38,35.43,100,9.81,110,2993,55,Pressure Drop,1.35,49.6
5977,5.0,35.8,90,9.31,116.98,2993,55,Pressure Drop,1.87,6.52
5978,5.01,36.21,100,9.86,118.27,2994,55,Pressure Drop,1.89,10.18
5979,5.0,35.69,90,9.14,116.18,2994,55,Pressure Drop,1.83,7.1
5980,5.0,35.4,100,10.08,114.45,2995,55,Pressure Drop,1.68,25.14
5981,5.32,35.77,90,9.98,110,2995,55,Pressure Drop,1.77,45.14
5982,5.0,35.68,100,9.34,115.97,2996,55,Pressure Drop,1.45,9.3
5983,5.04,35.08,90,9.69,117.33,2996,55,Pressure Drop,1.63,8.17
5984,5.27,35.2,100,9.63,114.6,2997,55,Pressure Drop,1.86,31.62
5985,5.14,35.62,90,9.56,110,2997,55,Pressure Drop,1.89,48.26
5986,5.05,35.73,100,9.64,117.17,2998,55,Pressure Drop,1.05,20.52
5987,5.07,35.91,90,9.18,115.5,2998,55,Pressure Drop,1.35,34.99
5988,5.0,35.79,100,9.18,117.04,2999,55,Pressure Drop,1.23,26.53
5989,5.02,36.25,90,9.91,117.23,2999,55,Pressure Drop,1.89,18.05
5990,5.14,35.79,100,9.93,115.03,3000,55,Pressure Drop,1.07,22.6
5991,5.0,36.0,90,9.49,119.88,3000,55,Pressure Drop,1.67,8.0
5992,5.87,37.53,100,9.83,110,3001,54.94,Seal Wear,2.18,42.65
5993,5.68,38.77,90,10.21,110,3001,54.86,Seal Wear,1.99,25.65
5994,5.82,40.36,100,9.72,112.78,3002,54.8,Seal Wear,2.4,38.77
5995,5.87,41.57,90,9.56,110,3002,54.75,Seal Wear,2.2,46.86
5996,5.53,41.87,100,9.5,116.38,3003,54.66,Seal Wear,1.9,6.81
5997,5.79,42.05,90,10.18,110,3003,54.6,Seal Wear,1.89,38.28
5998,5.73,42.64,100,9.55,112.36,3004,54.53,Seal Wear,1.84,16.04
5999,5.69,43.48,90,9.94,116.56,3004,54.43,Seal Wear,2.42,26.01
6000,5.62,43.66,100,10.48,114.93,3005,54.34,Seal Wear,2.17,19.9
6001,5.59,43.66,90,10.44,118.77,3005,54.25,Seal Wear,1.85,5.1
6002,5.63,44.32,100,9.78,116.11,3006,54.19,Seal Wear,1.7,20.23
6003,5.68,44.62,90,10.24,111.16,3006,54.11,Seal Wear,2.0,25.33
6004,5.57,45.49,100,9.84,115.12,3007,54.03,Seal Wear,1.58,12.06
6005,5.54,45.22,90,10.07,119.96,3007,53.94,Seal Wear,2.03,6.09
6006,5.93,45.51,100,9.52,110,3008,53.87,Seal Wear,2.08,47.6
6007,5.89,45.28,90,10.35,110,3008,53.8,Seal Wear,2.14,35.51
6008,6.0,45.05,100,10.13,110.07,3009,53.73,Seal Wear,1.72,40.87
6009,5.9,44.57,90,10.3,110,3009,53.66,Seal Wear,1.8,48.83
6010,5.56,45.32,100,10.02,116.11,3010,53.61,Seal Wear,1.58,5.34
6011,5.69,45.43,90,9.63,111.58,3010,53.54,Seal Wear,1.88,20.12
6012,5.96,45.06,100,10.08,110.66,3011,53.45,Seal Wear,2.0,41.13
6013,5.89,45.03,90,9.99,110,3011,53.35,Seal Wear,1.82,35.51
6014,5.73,45.3,100,10.27,112.24,3012,53.29,Seal Wear,2.5,32.02
6015,5.7,45.44,90,10.36,111.24,3012,53.24,Seal Wear,2.04,30.04
6016,5.97,45.93,100,10.27,110.81,3013,53.18,Seal Wear,1.76,48.41
6017,5.59,46.56,90,10.39,114.58,3013,53.09,Seal Wear,2.44,14.29
6018,5.68,45.64,100,9.78,110,3014,53.02,Seal Wear,2.44,26.04
6019,5.7,44.78,90,10.23,115.01,3014,52.94,Seal Wear,1.85,10.29
6020,5.98,45.48,100,9.79,110,3015,52.85,Seal Wear,1.86,49.25
6021,5.68,45.38,90,10.18,111.67,3015,52.78,Seal Wear,2.15,19.69
6022,5.95,45.21,100,10.39,110,3016,52.72,Seal Wear,2.17,35.77
6023,5.75,44.9,90,9.86,112.94,3016,52.65,Seal Wear,2.12,25.62
6024,5.89,45.35,100,9.82,110,3017,52.59,Seal Wear,2.44,33.64
6025,5.61,45.96,90,10.02,117.2,3017,52.51,Seal Wear,1.52,9.52
6026,5.82,46.12,100,10.31,111.94,3018,52.44,Seal Wear,1.56,30.52
6027,5.7,45.78,90,9.96,112.35,3018,52.38,Seal Wear,1.54,28.78
6028,5.74,45.91,100,9.82,112.62,3019,52.31,Seal Wear,1.77,22.62
6029,5.6,46.44,90,9.66,115.28,3019,52.24,Seal Wear,1.58,5.19
6030,5.55,46.75,100,9.59,116.89,3020,52.17,Seal Wear,2.13,6.32
6031,5.95,46.95,90,9.7,110,3020,52.12,Seal Wear,2.11,38.86
6032,5.9,47.57,100,10.5,112.88,3021,52.06,Seal Wear,1.59,33.57
6033,5.68,46.98,90,9.77,116.48,3021,52.01,Seal Wear,2.43,15.04
6034,5.97,47.11,100,9.81,110.54,3022,51.96,Seal Wear,2.3,41.11
6035,5.59,46.94,90,9.96,115.4,3022,51.88,Seal Wear,1.86,18.31
6036,5.61,46.3,100,10.06,113.32,3023,51.8,Seal Wear,2.15,18.84
6037,5.93,46.58,90,9.72,110,3023,51.74,Seal Wear,1.51,45.09
6038,5.81,46.64,100,10.5,110.37,3024,51.69,Seal Wear,2.01,32.67
6039,5.79,46.69,90,9.65,111.86,3024,51.63,Seal Wear,2.24,23.1
6040,5.86,46.72,100,10.39,110,3025,51.57,Seal Wear,1.56,34.75
6041,5.48,47.36,90,10.1,119.58,3025,51.49,Seal Wear,1.52,7.38
6042,5.93,47.81,100,10.32,110,3026,51.42,Seal Wear,1.99,42.31
6043,5.85,47.65,90,10.23,110.13,3026,51.35,Seal Wear,2.38,36.38
6044,5.89,47.61,100,10.48,113.3,3027,51.27,Seal Wear,1.75,31.12
6045,5.57,47.55,90,10.46,119.73,3027,51.19,Seal Wear,2.24,11.62
6046,5.77,47.51,100,9.57,110,3028,51.1,Seal Wear,2.17,30.89
6047,5.89,47.38,90,10.12,110,3028,51.04,Seal Wear,2.41,44.54
6048,6.0,47.26,100,9.82,110,3029,50.96,Seal Wear,1.85,44.71
6049,6.0,47.06,90,10.0,110,3029,50.87,Seal Wear,2.26,49.21
6050,5.62,47.65,100,9.76,110,3030,50.78,Seal Wear,2.12,21.02
6051,5.77,47.5,90,9.79,110,3030,50.7,Seal Wear,2.17,36.86
6052,5.56,47.34,100,10.22,113.85,3031,50.61,Seal Wear,2.47,14.63
6053,5.62,47.24,90,9.93,115.15,3031,50.54,Seal Wear,1.69,18.86
6054,6.0,47.67,100,10.5,110,3032,50.47,Seal Wear,2.27,46.25
6055,5.78,47.03,90,9.8,110,3032,50.39,Seal Wear,1.55,28.84
6056,5.9,47.53,100,10.49,110.45,3033,50.33,Seal Wear,2.34,38.48
6057,5.79,47.85,90,10.01,110,3033,50.26,Seal Wear,2.26,36.87
6058,6.0,47.17,100,9.63,110,3034,50.17,Seal Wear,1.58,46.09
6059,5.64,46.82,90,9.75,113.56,3034,50.11,Seal Wear,1.82,12.29
6060,5.85,46.55,100,10.33,110,3035,50.02,Seal Wear,1.94,32.23
6061,5.75,46.41,90,10.32,114.54,3035,49.94,Seal Wear,2.15,29.37
6062,5.66,46.46,100,10.32,112.82,3036,49.88,Seal Wear,2.33,8.26
6063,5.72,46.44,90,10.47,112.49,3036,49.81,Seal Wear,2.04,15.63
6064,5.87,46.73,100,10.35,110.17,3037,49.72,Seal Wear,1.89,30.73
6065,5.64,46.94,90,10.31,113.76,3037,49.65,Seal Wear,2.29,8.15
6066,5.54,47.17,100,10.39,117.94,3038,49.59,Seal Wear,1.66,12.64
6067,5.97,47.22,90,10.19,110,3038,49.49,Seal Wear,2.36,44.88
6068,5.98,47.47,100,10.39,110,3039,49.44,Seal Wear,2.17,45.94
6069,5.48,47.69,90,9.99,117.7,3039,49.35,Seal Wear,1.76,7.74
6070,5.75,47.34,100,9.72,111.3,3040,49.27,Seal Wear,2.41,33.75
6071,5.9,47.25,90,9.68,111.54,3040,49.19,Seal Wear,2.08,44.13
6072,5.6,47.05,100,10.13,119.77,3041,49.09,Seal Wear,1.76,12.96
6073,5.64,46.79,90,9.57,119.23,3041,49.0,Seal Wear,2.36,5.9
6074,5.6,47.24,100,9.99,116.16,3042,48.94,Seal Wear,1.75,8.87
6075,5.59,47.17,90,9.83,117.5,3042,48.89,Seal Wear,2.47,10.99
6076,5.53,47.47,100,10.36,118.91,3043,48.82,Seal Wear,1.96,9.44
6077,5.77,47.69,90,10.19,113.95,3043,48.73,Seal Wear,2.39,36.58
6078,6.0,47.73,100,10.12,110,3044,48.64,Seal Wear,2.48,44.31
6079,5.63,47.93,90,10.2,117.7,3044,48.58,Seal Wear,2.34,9.84
6080,5.94,48.14,100,10.36,110,3045,48.51,Seal Wear,2.13,49.53
6081,5.7,47.89,90,9.89,117.52,3045,48.43,Seal Wear,1.55,15.23
6082,5.76,47.92,100,10.38,110.62,3046,48.36,Seal Wear,2.06,32.8
6083,5.85,46.98,90,9.99,112.37,3046,48.28,Seal Wear,2.05,35.09
6084,5.82,47.64,100,10.06,110,3047,48.19,Seal Wear,1.55,39.4
6085,5.94,48.18,90,10.23,110,3047,48.12,Seal Wear,2.16,38.04
6086,5.92,47.46,100,9.96,110,3048,48.07,Seal Wear,1.65,46.28
6087,5.86,47.82,90,9.78,111.57,3048,48.0,Seal Wear,2.11,36.53
6088,5.64,47.9,100,10.31,113.13,3049,47.91,Seal Wear,2.39,7.64
6089,6.0,48.03,90,9.82,110,3049,47.83,Seal Wear,2.13,46.46
6090,5.52,47.73,100,10.49,116.41,3050,47.76,Seal Wear,1.94,8.64
6091,5.9,48.11,90,10.41,111.0,3050,47.7,Seal Wear,2.07,32.06
6092,5.83,47.86,100,9.91,113.07,3051,47.65,Seal Wear,1.81,27.41
6093,5.86,48.26,90,10.24,110,3051,47.56,Seal Wear,2.0,42.99
6094,5.82,47.65,100,10.24,111.69,3052,47.47,Seal Wear,2.37,24.03
6095,5.58,47.42,90,9.53,111.77,3052,47.38,Seal Wear,1.6,12.17
6096,5.58,47.61,100,10.15,114.65,3053,47.32,Seal Wear,2.04,11.59
6097,5.56,47.49,90,10.48,115.89,3053,47.24,Seal Wear,2.05,12.7
6098,5.76,47.62,100,9.62,116.91,3054,47.14,Seal Wear,1.7,25.62
6099,5.93,47.76,90,9.6,110,3054,47.05,Seal Wear,2.19,49.8
6100,5.55,47.23,100,9.81,117.28,3055,46.98,Seal Wear,1.73,7.52
6101,5.54,47.46,90,9.85,117.53,3055,46.93,Seal Wear,2.33,12.02
6102,5.96,47.52,100,10.12,110,3056,46.85,Seal Wear,1.99,38.99
6103,5.62,47.57,90,9.66,115.72,3056,46.77,Seal Wear,2.15,16.36
6104,5.64,48.19,100,10.3,117.94,3057,46.7,Seal Wear,1.62,11.41
6105,5.64,47.89,90,9.56,116.85,3057,46.63,Seal Wear,2.24,15.17
6106,5.66,47.81,100,9.56,114.37,3058,46.55,Seal Wear,1.59,10.77
6107,5.83,47.59,90,9.8,113.21,3058,46.48,Seal Wear,2.49,27.41
6108,5.72,47.73,100,9.99,112.74,3059,46.43,Seal Wear,1.64,17.2
6109,5.93,47.19,90,10.47,110,3059,46.36,Seal Wear,2.13,37.55
6110,5.87,47.69,100,10.34,112.38,3060,46.31,Seal Wear,2.09,27.2
6111,5.63,47.94,90,10.29,114.92,3060,46.22,Seal Wear,1.71,23.46
6112,5.66,47.95,100,9.96,115.73,3061,46.16,Seal Wear,2.45,23.85
6113,5.63,48.05,90,10.01,113.66,3061,46.08,Seal Wear,1.53,12.55
6114,5.67,47.58,100,9.95,115.53,3062,45.98,Seal Wear,2.35,19.87
6115,5.62,47.75,90,10.28,114.79,3062,45.93,Seal Wear,1.56,5.54
6116,5.61,48.09,100,9.54,118.48,3063,45.87,Seal Wear,1.62,5.86
6117,5.92,47.69,90,9.81,111.93,3063,45.81,Seal Wear,2.42,44.37
6118,5.88,48.15,100,10.11,110.11,3064,45.72,Seal Wear,2.39,33.97
6119,5.84,47.86,90,10.37,110,3064,45.65,Seal Wear,2.18,37.36
6120,5.9,47.04,100,9.72,110,3065,45.58,Seal Wear,1.8,45.6
6121,5.79,47.36,90,9.8,110,3065,45.5,Seal Wear,1.68,38.18
6122,5.66,48.19,100,9.93,112.13,3066,45.42,Seal Wear,1.61,18.55
6123,5.77,47.36,90,10.29,115.63,3066,45.36,Seal Wear,1.83,25.22
6124,5.81,46.82,100,9.78,111.05,3067,45.27,Seal Wear,1.96,29.41
6125,5.55,46.57,90,10.3,117.49,3067,45.2,Seal Wear,1.65,9.24
6126,5.76,46.71,100,10.08,110,3068,45.12,Seal Wear,2.15,33.02
6127,5.98,45.92,90,9.63,110,3068,45.05,Seal Wear,1.79,44.66
6128,5.94,45.55,100,9.84,110.0,3069,44.95,Seal Wear,2.42,42.89
6129,5.91,44.99,90,10.41,112.49,3069,44.88,Seal Wear,1.87,31.79
6130,5.63,45.81,100,10.24,114.09,3070,44.82,Seal Wear,2.43,10.78
6131,5.84,45.53,90,9.82,110,3070,44.74,Seal Wear,1.74,27.31
6132,5.96,45.75,100,10.34,110,3071,44.67,Seal Wear,2.18,47.98
6133,5.67,46.39,90,9.97,116.36,3071,44.62,Seal Wear,2.28,16.95
6134,6.0,46.11,100,9.85,110,3072,44.56,Seal Wear,1.77,46.96
6135,5.83,46.55,90,10.35,110,3072,44.51,Seal Wear,2.08,40.43
6136,5.76,46.87,100,10.48,110.61,3073,44.42,Seal Wear,1.54,17.58
6137,5.84,46.81,90,10.17,112.39,3073,44.34,Seal Wear,2.2,33.65
6138,6.0,45.98,100,10.2,110,3074,44.28,Seal Wear,1.76,49.51
6139,5.95,45.62,90,10.27,110,3074,44.19,Seal Wear,2.33,49.75
6140,5.74,45.08,100,10.24,113.82,3075,44.12,Seal Wear,2.15,28.67
6141,5.95,45.01,90,9.65,110,3075,44.07,Seal Wear,2.19,43.46
6142,5.93,44.93,100,10.05,110,3076,44.0,Seal Wear,2.33,42.49
6143,5.76,45.64,90,9.82,110,3076,43.9,Seal Wear,2.46,31.8
6144,5.82,46.16,100,9.79,110,3077,43.85,Seal Wear,1.52,40.81
6145,6.0,46.07,90,9.85,110,3077,43.78,Seal Wear,2.31,49.11
6146,5.79,46.1,100,9.76,112.94,3078,43.72,Seal Wear,2.1,29.3
6147,5.75,46.37,90,9.89,111.26,3078,43.66,Seal Wear,2.5,17.12
6148,5.57,46.47,100,10.33,113.17,3079,43.56,Seal Wear,1.7,6.73
6149,5.89,46.14,90,9.89,110,3079,43.47,Seal Wear,2.47,47.71
6150,5.61,46.58,100,9.76,115.94,3080,43.42,Seal Wear,1.99,6.83
6151,5.7,46.6,90,9.89,113.06,3080,43.36,Seal Wear,2.48,17.19
6152,5.68,47.11,100,10.12,115.16,3081,43.27,Seal Wear,1.54,27.59
6153,6.0,47.69,90,9.95,110,3081,43.2,Seal Wear,1.91,45.81
6154,6.0,47.8,100,10.0,110,3082,43.1,Seal Wear,1.99,45.17
6155,5.67,47.56,90,10.48,120.4,3082,43.04,Seal Wear,1.98,11.12
6156,5.73,47.42,100,9.92,112.18,3083,42.97,Seal Wear,1.88,12.89
6157,5.74,47.04,90,9.71,110,3083,42.92,Seal Wear,1.76,31.42
6158,5.73,46.63,100,10.26,110.46,3084,42.85,Seal Wear,2.05,23.43
6159,5.94,47.12,90,9.76,110.45,3084,42.78,Seal Wear,2.34,41.96
6160,5.83,46.96,100,9.76,110,3085,42.72,Seal Wear,1.98,31.48
6161,5.81,47.27,90,9.7,110,3085,42.64,Seal Wear,2.16,32.18
6162,5.62,46.65,100,9.57,115.44,3086,42.59,Seal Wear,1.92,17.22
6163,5.81,46.99,90,9.74,110,3086,42.51,Seal Wear,1.65,34.17
6164,5.74,46.31,100,10.13,110.67,3087,42.42,Seal Wear,1.51,28.72
6165,5.83,46.32,90,9.63,111.6,3087,42.35,Seal Wear,1.88,38.47
6166,5.88,46.15,100,10.44,110,3088,42.29,Seal Wear,2.15,47.26
6167,5.99,45.74,90,10.29,110,3088,42.21,Seal Wear,1.55,47.99
6168,5.87,46.24,100,9.64,110,3089,42.15,Seal Wear,1.56,41.96
6169,5.9,45.82,90,10.47,110,3089,42.06,Seal Wear,2.25,33.73
6170,5.87,46.03,100,9.8,110.71,3090,42.0,Seal Wear,2.05,27.83
6171,5.62,46.92,90,10.11,114.69,3090,41.93,Seal Wear,2.09,15.13
6172,5.65,46.75,100,10.44,111.77,3091,41.88,Seal Wear,2.48,18.97
6173,5.76,47.11,90,9.96,113.19,3091,41.81,Seal Wear,2.4,24.63
6174,6.0,47.08,100,9.7,110,3092,41.72,Seal Wear,2.05,45.92
6175,5.8,47.63,90,10.15,110,3092,41.63,Seal Wear,2.14,34.34
6176,5.92,47.99,100,9.84,110.54,3093,41.58,Seal Wear,1.75,43.01
6177,5.84,48.28,90,9.52,110.95,3093,41.51,Seal Wear,2.13,37.61
6178,5.9,48.35,100,9.6,110,3094,41.44,Seal Wear,2.12,45.94
6179,5.62,48.16,90,9.58,117.58,3094,41.38,Seal Wear,2.1,18.73
6180,5.77,48.71,100,10.24,115.11,3095,41.3,Seal Wear,2.22,18.05
6181,5.79,49.06,90,9.67,110,3095,41.23,Seal Wear,2.34,33.72
6182,5.79,47.74,100,10.06,110,3096,41.17,Seal Wear,1.86,31.9
6183,5.82,48.13,90,10.26,110,3096,41.11,Seal Wear,1.56,40.75
6184,5.79,48.55,100,9.92,113.57,3097,41.05,Seal Wear,1.62,23.85
6185,5.7,48.56,90,9.82,116.09,3097,41.0,Seal Wear,2.5,19.85
6186,5.83,48.7,100,10.41,110,3098,40.93,Seal Wear,2.12,28.92
6187,5.61,48.29,90,9.51,121.77,3098,40.88,Seal Wear,1.91,5.15
6188,5.82,48.11,100,10.43,110,3099,40.79,Seal Wear,2.33,39.18
6189,5.99,48.69,90,9.64,110,3099,40.72,Seal Wear,2.19,44.6
6190,6.0,48.83,100,10.27,110,3100,40.65,Seal Wear,1.62,48.89
6191,5.71,48.44,90,10.25,115.89,3100,40.58,Seal Wear,2.31,24.51
6192,5.9,48.79,100,9.51,110,3101,40.49,Seal Wear,1.88,39.43
6193,5.63,48.96,90,10.31,118.94,3101,40.4,Seal Wear,2.23,6.81
6194,5.78,48.89,100,9.6,110,3102,40.33,Seal Wear,2.31,36.36
6195,5.99,48.52,90,10.06,111.21,3102,40.24,Seal Wear,2.23,49.93
6196,5.78,48.39,100,9.64,116.4,3103,40.15,Seal Wear,1.77,23.45
6197,5.61,48.18,90,9.75,113.65,3103,40.06,Seal Wear,2.35,20.99
6198,5.72,47.97,100,10.08,119.21,3104,39.97,Seal Wear,1.5,12.36
6199,5.86,47.94,90,9.95,110,3104,39.89,Seal Wear,2.06,32.41
6200,5.67,48.01,100,9.72,113.91,3105,39.83,Seal Wear,1.52,16.5
6201,5.51,48.16,90,10.22,115.09,3105,39.78,Seal Wear,2.43,9.64
6202,5.75,47.0,100,10.37,110.01,3106,39.71,Seal Wear,1.57,25.94
6203,6.0,47.36,90,10.06,110,3106,39.62,Seal Wear,2.21,45.0
6204,5.61,47.36,100,10.14,117.58,3107,39.55,Seal Wear,1.98,15.93
6205,5.61,47.67,90,9.71,116.02,3107,39.46,Seal Wear,2.09,20.06
6206,5.98,47.86,100,10.4,110,3108,39.39,Seal Wear,1.89,44.31
6207,6.0,47.68,90,10.27,110,3108,39.34,Seal Wear,2.43,44.22
6208,5.87,47.29,100,9.79,110.41,3109,39.25,Seal Wear,2.45,30.4
6209,5.53,47.55,90,9.86,120.05,3109,39.16,Seal Wear,1.51,5.81
6210,5.94,47.03,100,9.89,110,3110,39.08,Seal Wear,1.94,35.06
6211,5.77,47.26,90,9.75,110.79,3110,38.99,Seal Wear,2.1,18.15
6212,5.89,47.54,100,9.51,113.43,3111,38.92,Seal Wear,1.82,39.17
6213,5.61,47.33,90,10.47,115.19,3111,38.86,Seal Wear,1.89,15.12
6214,5.67,47.29,100,10.35,112.96,3112,38.8,Seal Wear,2.34,25.74
6215,5.85,47.51,90,9.85,111.32,3112,38.74,Seal Wear,1.56,31.22
6216,5.6,48.24,100,9.51,117.37,3113,38.67,Seal Wear,1.55,8.7
6217,5.64,48.09,90,9.64,116.79,3113,38.58,Seal Wear,1.88,23.86
6218,5.65,48.23,100,9.95,115.26,3114,38.51,Seal Wear,1.58,19.66
6219,5.68,48.39,90,10.46,116.02,3114,38.42,Seal Wear,1.74,14.48
6220,5.78,48.13,100,10.43,111.77,3115,38.35,Seal Wear,1.82,30.64
6221,5.6,47.65,90,9.59,116.42,3115,38.3,Seal Wear,2.38,10.95
6222,5.9,46.9,100,10.1,110,3116,38.22,Seal Wear,1.9,46.81
6223,5.69,47.25,90,10.38,113.77,3116,38.14,Seal Wear,1.74,11.77
6224,5.73,46.88,100,10.13,114.65,3117,38.05,Seal Wear,1.84,17.55
6225,5.92,46.84,90,9.73,113.56,3117,37.99,Seal Wear,1.56,41.9
6226,5.64,47.39,100,10.23,110.09,3118,37.9,Seal Wear,1.81,23.22
6227,5.87,47.83,90,10.0,112.03,3118,37.84,Seal Wear,2.32,35.64
6228,5.93,48.23,100,9.58,110,3119,37.77,Seal Wear,1.53,49.54
6229,5.68,48.71,90,10.08,111.8,3119,37.69,Seal Wear,1.65,20.89
6230,5.94,47.48,100,9.7,110,3120,37.62,Seal Wear,1.75,48.95
6231,5.92,46.67,90,9.95,110,3120,37.55,Seal Wear,2.31,47.66
6232,5.91,47.35,100,10.1,110,3121,37.49,Seal Wear,1.86,33.97
6233,5.61,47.47,90,10.35,114.18,3121,37.41,Seal Wear,2.43,17.05
6234,5.81,47.02,100,9.67,112.83,3122,37.34,Seal Wear,1.91,30.62
6235,6.0,46.81,90,10.36,110,3122,37.28,Seal Wear,1.68,47.55
6236,5.7,47.52,100,9.74,113.15,3123,37.23,Seal Wear,1.85,27.89
6237,5.78,47.0,90,9.99,113.47,3123,37.16,Seal Wear,2.13,29.51
6238,5.94,46.94,100,9.87,110,3124,37.1,Seal Wear,1.51,49.44
6239,6.0,46.8,90,10.17,110,3124,37.02,Seal Wear,2.08,43.42
6240,5.9,47.46,100,9.89,110,3125,36.95,Seal Wear,2.05,35.87
6241,5.85,48.18,90,9.79,112.21,3125,36.87,Seal Wear,1.82,32.45
6242,5.97,48.52,100,9.98,110,3126,36.81,Seal Wear,2.34,42.91
6243,5.54,48.67,90,10.44,116.99,3126,36.74,Seal Wear,2.17,12.64
6244,5.77,48.65,100,10.03,110,3127,36.66,Seal Wear,1.67,34.43
6245,5.66,48.48,90,9.55,112.77,3127,36.56,Seal Wear,2.15,18.21
6246,5.46,48.39,100,10.18,114.93,3128,36.5,Seal Wear,1.59,5.08
6247,5.76,47.53,90,9.63,115.12,3128,36.41,Seal Wear,2.07,23.15
6248,6.0,47.91,100,10.36,110,3129,36.31,Seal Wear,1.74,49.77
6249,5.6,47.72,90,9.53,113.07,3129,36.22,Seal Wear,2.11,19.06
6250,6.0,47.43,100,9.78,111.8,3130,36.14,Seal Wear,2.23,42.46
6251,5.91,47.24,90,9.87,110,3130,36.09,Seal Wear,2.09,41.45
6252,5.97,46.77,100,10.43,110,3131,36.03,Seal Wear,1.98,48.51
6253,5.65,46.64,90,10.06,113.87,3131,35.94,Seal Wear,2.13,24.0
6254,5.68,47.44,100,10.41,110.14,3132,35.87,Seal Wear,1.8,23.1
6255,5.66,47.95,90,9.62,117.83,3132,35.78,Seal Wear,2.39,17.06
6256,5.64,47.93,100,10.18,116.04,3133,35.71,Seal Wear,2.32,5.89
6257,5.73,47.43,90,9.75,111.84,3133,35.63,Seal Wear,2.49,17.81
6258,5.99,47.53,100,10.07,110,3134,35.56,Seal Wear,1.8,42.44
6259,5.91,47.2,90,9.54,110,3134,35.46,Seal Wear,2.46,46.52
6260,5.91,47.27,100,9.59,110,3135,35.41,Seal Wear,1.57,45.12
6261,5.85,46.53,90,9.81,110,3135,35.35,Seal Wear,2.03,31.44
6262,5.63,45.66,100,9.73,112.01,3136,35.27,Seal Wear,1.77,23.32
6263,5.71,45.36,90,10.01,111.62,3136,35.19,Seal Wear,2.2,26.49
6264,5.64,45.56,100,10.23,116.57,3137,35.1,Seal Wear,1.76,21.85
6265,5.96,45.46,90,9.84,110,3137,35.03,Seal Wear,1.53,47.89
6266,5.79,45.73,100,9.55,114.01,3138,34.94,Seal Wear,2.01,27.5
6267,5.93,45.69,90,10.32,110,3138,34.85,Seal Wear,2.22,49.0
6268,5.65,46.3,100,10.46,111.79,3139,34.79,Seal Wear,1.72,25.22
6269,5.95,46.42,90,10.26,110,3139,34.72,Seal Wear,2.13,39.48
6270,5.77,46.67,100,9.73,111.6,3140,34.63,Seal Wear,1.8,24.76
6271,5.52,46.55,90,10.4,113.54,3140,34.57,Seal Wear,1.59,7.78
6272,6.0,47.02,100,9.87,110,3141,34.48,Seal Wear,2.09,47.82
6273,5.66,46.33,90,9.84,114.66,3141,34.38,Seal Wear,1.86,11.62
6274,5.54,46.36,100,9.53,120.42,3142,34.28,Seal Wear,2.02,7.03
6275,5.7,46.82,90,10.34,111.86,3142,34.18,Seal Wear,2.45,26.59
6276,6.0,47.35,100,9.71,110,3143,34.1,Seal Wear,2.22,49.51
6277,5.95,47.73,90,9.77,110,3143,34.03,Seal Wear,1.87,46.91
6278,5.78,47.17,100,10.39,111.79,3144,33.97,Seal Wear,2.37,29.06
6279,5.73,47.87,90,9.59,116.26,3144,33.9,Seal Wear,1.77,14.27
6280,5.64,47.77,100,9.89,119.46,3145,33.84,Seal Wear,2.09,6.95
6281,5.87,48.17,90,10.07,110.08,3145,33.76,Seal Wear,2.39,37.15
6282,5.83,47.72,100,10.22,116.95,3146,33.69,Seal Wear,2.22,24.03
6283,5.81,46.67,90,10.01,112.97,3146,33.62,Seal Wear,1.93,21.9
6284,5.69,47.02,100,10.0,117.33,3147,33.52,Seal Wear,2.14,11.33
6285,5.7,47.14,90,9.75,113.99,3147,33.43,Seal Wear,2.19,24.06
6286,5.73,47.94,100,10.06,118.99,3148,33.37,Seal Wear,2.4,13.6
6287,5.8,48.25,90,10.23,114.22,3148,33.29,Seal Wear,2.3,34.89
6288,5.63,48.36,100,10.25,118.14,3149,33.22,Seal Wear,1.76,8.24
6289,5.8,47.99,90,9.92,113.29,3149,33.17,Seal Wear,1.92,20.94
6290,5.88,48.29,100,9.98,110,3150,33.12,Seal Wear,2.29,38.15
6291,5.93,48.36,90,9.8,110,3150,33.07,Seal Wear,2.03,33.33
6292,5.81,48.55,100,9.84,110,3151,32.97,Seal Wear,1.57,36.3
6293,5.9,48.94,90,10.19,114.19,3151,32.91,Seal Wear,2.46,35.75
6294,5.65,48.57,100,9.64,114.86,3152,32.85,Seal Wear,2.43,19.5
6295,5.63,48.51,90,9.97,112.7,3152,32.79,Seal Wear,1.62,14.52
6296,5.81,48.03,100,9.88,110,3153,32.71,Seal Wear,2.45,31.2
6297,5.9,47.65,90,9.75,114.21,3153,32.64,Seal Wear,1.62,31.37
6298,5.85,47.61,100,9.9,110,3154,32.59,Seal Wear,2.41,34.44
6299,6.0,47.35,90,9.64,110,3154,32.54,Seal Wear,2.24,46.77
6300,5.53,47.15,100,10.12,117.89,3155,32.48,Seal Wear,2.37,6.12
6301,5.59,47.62,90,10.5,116.28,3155,32.39,Seal Wear,1.96,10.86
6302,5.65,47.77,100,10.41,119.7,3156,32.33,Seal Wear,2.08,6.63
6303,5.63,47.66,90,10.37,116.53,3156,32.25,Seal Wear,1.8,20.28
6304,5.95,46.98,100,9.62,111.01,3157,32.16,Seal Wear,1.95,45.3
6305,5.88,47.58,90,10.45,111.34,3157,32.1,Seal Wear,2.13,35.14
6306,5.72,47.98,100,10.46,113.63,3158,32.05,Seal Wear,2.02,20.81
6307,5.89,47.49,90,10.33,110,3158,31.98,Seal Wear,1.85,34.42
6308,6.0,47.28,100,9.74,110,3159,31.93,Seal Wear,2.25,49.81
6309,5.82,46.99,90,9.5,110,3159,31.88,Seal Wear,1.74,28.44
6310,5.7,46.34,100,10.45,111.95,3160,31.78,Seal Wear,2.24,23.05
6311,5.66,46.02,90,10.03,114.37,3160,31.7,Seal Wear,2.05,9.99
6312,5.63,46.62,100,10.37,114.65,3161,31.64,Seal Wear,2.48,11.93
6313,5.76,46.73,90,9.94,110.66,3161,31.55,Seal Wear,1.9,22.35
6314,5.77,46.28,100,9.58,110.1,3162,31.47,Seal Wear,1.99,30.86
6315,5.82,46.84,90,10.15,110,3162,31.41,Seal Wear,1.95,36.53
6316,5.82,47.46,100,9.55,110.01,3163,31.36,Seal Wear,1.9,34.72
6317,5.58,47.53,90,9.94,113.96,3163,31.29,Seal Wear,1.6,15.94
6318,5.81,47.03,100,9.9,110,3164,31.23,Seal Wear,2.12,37.65
6319,5.64,47.44,90,10.32,115.39,3164,31.16,Seal Wear,1.57,19.97
6320,5.87,46.87,100,9.9,112.55,3165,31.08,Seal Wear,1.56,33.55
6321,5.8,46.53,90,10.39,110,3165,30.98,Seal Wear,1.75,27.11
6322,5.84,47.21,100,10.24,110,3166,30.89,Seal Wear,1.57,34.56
6323,5.83,47.59,90,9.99,110,3166,30.81,Seal Wear,2.34,29.84
6324,5.81,48.3,100,10.02,111.78,3167,30.72,Seal Wear,2.09,36.69
6325,5.85,48.31,90,9.68,110.44,3167,30.64,Seal Wear,1.59,44.17
6326,5.69,48.1,100,10.32,112.19,3168,30.57,Seal Wear,1.68,15.53
6327,5.76,48.73,90,9.98,114.4,3168,30.51,Seal Wear,1.77,23.69
6328,5.87,48.04,100,9.81,110,3169,30.43,Seal Wear,2.47,37.51
6329,5.88,48.23,90,9.71,110.78,3169,30.37,Seal Wear,2.33,40.19
6330,5.8,48.68,100,9.53,113.2,3170,30.28,Seal Wear,1.91,24.16
6331,5.56,48.67,90,10.18,114.99,3170,30.21,Seal Wear,1.72,8.15
6332,5.49,48.73,100,9.79,121.31,3171,30.16,Seal Wear,1.73,6.58
6333,5.57,48.77,90,9.78,118.12,3171,30.08,Seal Wear,2.1,8.25
6334,5.91,48.75,100,9.71,110,3172,30.01,Seal Wear,1.78,35.91
6335,5.8,48.7,90,10.46,110,3172,30,Seal Wear,1.9,32.14
6336,5.77,48.45,100,10.05,110,3173,30,Seal Wear,2.05,34.41
6337,5.68,48.29,90,10.01,112.1,3173,30,Seal Wear,1.91,26.97
6338,5.68,48.2,100,9.51,110.63,3174,30,Seal Wear,2.38,21.74
6339,5.84,47.45,90,9.99,110.87,3174,30,Seal Wear,1.63,38.58
6340,5.69,47.37,100,10.33,114.21,3175,30,Seal Wear,1.58,18.44
6341,5.82,47.0,90,9.94,110,3175,30,Seal Wear,1.81,25.38
6342,5.79,47.02,100,10.12,115.65,3176,30,Seal Wear,2.45,22.55
6343,5.88,47.3,90,10.27,110,3176,30,Seal Wear,1.84,33.85
6344,5.94,46.9,100,10.05,110,3177,30,Seal Wear,2.2,43.34
6345,5.92,47.4,90,10.23,110,3177,30,Seal Wear,1.7,44.54
6346,5.72,46.99,100,9.72,115.95,3178,30,Seal Wear,2.42,28.76
6347,6.0,47.1,90,10.18,110,3178,30,Seal Wear,1.76,47.39
6348,5.72,47.61,100,10.11,113.73,3179,30,Seal Wear,1.81,28.9
6349,5.72,47.89,90,10.37,112.73,3179,30,Seal Wear,2.48,25.31
6350,5.66,47.65,100,9.7,112.83,3180,30,Seal Wear,2.34,7.19
6351,5.6,47.63,90,9.95,115.93,3180,30,Seal Wear,2.41,19.77
6352,5.81,47.75,100,9.71,110.03,3181,30,Seal Wear,1.98,25.88
6353,5.63,47.91,90,9.64,110.69,3181,30,Seal Wear,2.16,19.86
6354,5.6,47.36,100,9.99,116.27,3182,30,Seal Wear,1.5,18.18
6355,6.0,46.84,90,9.67,110,3182,30,Seal Wear,1.65,49.13
6356,5.6,47.3,100,9.57,114.7,3183,30,Seal Wear,2.32,10.87
6357,5.8,47.05,90,9.66,111.03,3183,30,Seal Wear,1.6,37.83
6358,5.56,47.07,100,10.37,115.2,3184,30,Seal Wear,2.31,10.97
6359,5.91,47.01,90,10.06,110,3184,30,Seal Wear,1.96,31.83
6360,5.59,46.72,100,10.29,115.33,3185,30,Seal Wear,1.92,6.67
6361,5.79,46.56,90,10.06,111.5,3185,30,Seal Wear,2.08,24.49
6362,5.97,45.97,100,10.42,110,3186,30,Seal Wear,1.51,48.49
6363,5.75,46.68,90,9.53,115.0,3186,30,Seal Wear,2.09,21.78
6364,5.87,47.15,100,9.93,111.02,3187,30,Seal Wear,2.18,38.35
6365,5.49,47.07,90,10.35,114.76,3187,30,Seal Wear,1.8,9.39
6366,5.88,46.83,100,10.21,111.32,3188,30,Seal Wear,2.12,37.43
6367,5.97,47.02,90,10.07,110,3188,30,Seal Wear,1.74,49.81
6368,5.91,46.94,100,10.08,111.54,3189,30,Seal Wear,2.29,39.3
6369,5.83,47.07,90,10.1,112.23,3189,30,Seal Wear,1.99,41.81
6370,5.72,47.42,100,9.95,114.66,3190,30,Seal Wear,1.94,24.79
6371,5.89,47.6,90,9.67,110.24,3190,30,Seal Wear,2.36,32.28
6372,5.67,47.95,100,10.4,111.42,3191,30,Seal Wear,1.74,26.21
6373,5.56,48.47,90,9.65,116.69,3191,30,Seal Wear,2.38,10.75
6374,5.72,48.73,100,10.49,115.28,3192,30,Seal Wear,2.34,12.74
6375,5.48,48.35,90,10.23,118.45,3192,30,Seal Wear,1.56,6.29
6376,5.84,48.72,100,9.52,113.84,3193,30,Seal Wear,1.57,31.57
6377,5.99,48.77,90,9.9,110,3193,30,Seal Wear,2.34,45.17
6378,6.0,49.09,100,10.34,110,3194,30,Seal Wear,2.14,41.43
6379,5.66,48.77,90,9.54,111.27,3194,30,Seal Wear,2.03,24.28
6380,5.75,49.12,100,10.08,111.35,3195,30,Seal Wear,2.31,34.55
6381,5.9,48.61,90,10.09,110,3195,30,Seal Wear,2.34,32.16
6382,5.79,48.77,100,10.49,110,3196,30,Seal Wear,1.73,35.51
6383,5.55,48.77,90,9.89,114.6,3196,30,Seal Wear,2.4,10.63
6384,5.7,48.0,100,10.45,114.12,3197,30,Seal Wear,2.17,11.79
6385,5.7,47.16,90,10.39,113.88,3197,30,Seal Wear,2.29,15.06
6386,5.59,47.56,100,10.23,117.93,3198,30,Seal Wear,1.71,12.84
6387,5.68,47.7,90,10.39,118.04,3198,30,Seal Wear,2.22,17.99
6388,6.0,47.24,100,10.48,110,3199,30,Seal Wear,2.46,48.4
6389,6.0,47.41,90,9.62,111.46,3199,30,Seal Wear,1.69,42.29
6390,5.77,47.76,100,10.05,112.57,3200,30,Seal Wear,2.1,19.12
6391,5.82,47.62,90,9.57,113.26,3200,30,Seal Wear,1.66,21.79
6392,5.79,46.65,100,9.7,110,3201,30,Seal Wear,1.52,34.39
6393,5.87,46.92,90,9.8,110,3201,30,Seal Wear,2.33,40.42
6394,5.71,46.94,100,9.95,116.36,3202,30,Seal Wear,2.35,22.37
6395,5.52,46.74,90,9.87,120.6,3202,30,Seal Wear,1.81,9.92
6396,5.81,46.1,100,9.64,110,3203,30,Seal Wear,2.14,24.7
6397,5.67,45.92,90,10.34,119.65,3203,30,Seal Wear,1.64,8.07
6398,5.69,46.07,100,10.08,115.95,3204,30,Seal Wear,2.2,25.42
6399,6.0,46.06,90,9.99,113.37,3204,30,Seal Wear,2.37,42.46
6400,5.65,46.58,100,10.14,116.02,3205,30,Seal Wear,1.92,16.76
6401,5.64,47.23,90,10.47,116.83,3205,30,Seal Wear,2.49,10.54
6402,5.54,47.73,100,10.29,116.99,3206,30,Seal Wear,2.19,11.3
6403,5.92,47.96,90,9.7,110,3206,30,Seal Wear,1.83,37.72
6404,5.53,47.97,100,10.14,120.42,3207,30,Seal Wear,2.14,6.77
6405,5.66,47.0,90,10.14,113.05,3207,30,Seal Wear,1.86,17.95
6406,5.7,47.38,100,9.57,120.56,3208,30,Seal Wear,2.43,9.88
6407,6.0,47.82,90,9.75,110,3208,30,Seal Wear,2.49,49.08
6408,5.5,48.22,100,9.58,117.52,3209,30,Seal Wear,1.83,8.56
6409,5.68,48.59,90,10.06,112.44,3209,30,Seal Wear,1.65,14.28
6410,5.7,48.8,100,9.92,113.81,3210,30,Seal Wear,1.5,22.53
6411,5.72,49.13,90,10.4,112.62,3210,30,Seal Wear,2.14,30.11
6412,5.86,48.45,100,9.56,110,3211,30,Seal Wear,2.5,42.5
6413,5.86,47.77,90,10.01,111.84,3211,30,Seal Wear,2.47,32.22
6414,5.68,47.6,100,9.69,113.2,3212,30,Seal Wear,2.16,26.95
6415,5.68,48.04,90,9.89,111.55,3212,30,Seal Wear,1.52,27.32
6416,5.9,46.98,100,10.04,110,3213,30,Seal Wear,2.3,47.62
6417,5.73,47.02,90,10.27,117.15,3213,30,Seal Wear,2.16,13.98
6418,5.78,46.55,100,10.3,112.52,3214,30,Seal Wear,2.43,20.32
6419,5.65,46.9,90,10.45,119.08,3214,30,Seal Wear,1.69,8.44
6420,5.57,46.69,100,10.49,117.26,3215,30,Seal Wear,2.39,10.7
6421,5.64,46.75,90,9.84,115.86,3215,30,Seal Wear,2.06,14.88
6422,5.53,46.63,100,9.65,113.77,3216,30,Seal Wear,1.9,12.32
6423,5.77,46.89,90,9.82,115.32,3216,30,Seal Wear,1.93,25.67
6424,5.8,46.64,100,10.24,111.47,3217,30,Seal Wear,1.9,37.62
6425,5.91,46.06,90,10.33,110,3217,30,Seal Wear,1.5,32.54
6426,5.74,46.8,100,10.07,110,3218,30,Seal Wear,1.91,32.39
6427,5.66,46.12,90,10.18,113.45,3218,30,Seal Wear,2.0,10.72
6428,5.82,46.64,100,10.5,110,3219,30,Seal Wear,1.86,29.42
6429,5.85,46.97,90,9.53,110,3219,30,Seal Wear,1.94,41.7
6430,5.72,47.31,100,10.46,113.28,3220,30,Seal Wear,1.79,25.42
6431,5.88,46.87,90,10.33,112.02,3220,30,Seal Wear,1.57,39.45
6432,5.78,46.3,100,10.43,119.23,3221,30,Seal Wear,1.76,18.88
6433,5.7,46.3,90,10.08,115.72,3221,30,Seal Wear,1.56,24.94
6434,5.53,46.59,100,9.83,115.99,3222,30,Seal Wear,1.7,11.16
6435,5.59,46.44,90,10.14,110.23,3222,30,Seal Wear,2.17,16.56
6436,5.84,46.15,100,9.79,111.78,3223,30,Seal Wear,1.87,28.94
6437,5.77,46.65,90,10.1,115.83,3223,30,Seal Wear,1.77,24.17
6438,5.82,46.72,100,9.87,110,3224,30,Seal Wear,2.15,33.47
6439,5.86,45.96,90,9.87,112.5,3224,30,Seal Wear,2.15,28.02
6440,5.49,46.63,100,10.08,119.25,3225,30,Seal Wear,1.56,7.05
6441,5.78,46.51,90,10.32,110,3225,30,Seal Wear,2.02,37.15
6442,5.91,46.83,100,9.54,110.46,3226,30,Seal Wear,2.01,41.35
6443,5.65,47.37,90,9.55,117.03,3226,30,Seal Wear,2.44,11.75
6444,5.91,47.08,100,9.99,110,3227,30,Seal Wear,2.04,46.06
6445,5.62,47.35,90,9.69,116.75,3227,30,Seal Wear,1.82,12.94
6446,5.59,47.27,100,9.64,114.68,3228,30,Seal Wear,1.59,7.46
6447,5.69,46.5,90,9.83,116.13,3228,30,Seal Wear,2.15,19.13
6448,6.0,46.23,100,10.14,110,3229,30,Seal Wear,2.38,45.18
6449,5.53,46.2,90,10.16,118.6,3229,30,Seal Wear,1.69,9.18
6450,5.58,46.62,100,9.92,115.46,3230,30,Seal Wear,1.65,10.55
6451,5.7,46.87,90,9.57,115.47,3230,30,Seal Wear,1.81,22.95
6452,5.85,47.6,100,10.28,110,3231,30,Seal Wear,1.88,29.56
6453,5.58,47.55,90,9.73,114.23,3231,30,Seal Wear,2.0,15.89
6454,6.0,46.79,100,10.03,110.72,3232,30,Seal Wear,2.18,43.94
6455,5.98,46.58,90,10.06,110,3232,30,Seal Wear,2.41,47.51
6456,5.48,46.57,100,10.37,113.32,3233,30,Seal Wear,2.3,7.49
6457,5.69,47.0,90,10.04,113.97,3233,30,Seal Wear,2.02,21.51
6458,5.64,46.69,100,10.35,114.26,3234,30,Seal Wear,1.66,11.87
6459,5.89,47.29,90,10.08,112.08,3234,30,Seal Wear,1.59,33.04
6460,5.76,47.63,100,9.96,112.35,3235,30,Seal Wear,1.79,30.31
6461,5.68,47.84,90,10.13,116.52,3235,30,Seal Wear,2.06,9.41
6462,5.66,47.91,100,9.82,112.28,3236,30,Seal Wear,1.85,23.88
6463,5.72,48.21,90,9.62,118.17,3236,30,Seal Wear,1.77,14.26
6464,5.62,47.81,100,9.93,116.92,3237,30,Seal Wear,1.55,10.51
6465,5.92,47.64,90,9.6,111.92,3237,30,Seal Wear,1.85,35.77
6466,6.0,47.61,100,10.31,110,3238,30,Seal Wear,2.42,41.03
6467,5.73,48.11,90,9.91,112.75,3238,30,Seal Wear,2.09,23.99
6468,5.62,48.6,100,9.67,110,3239,30,Seal Wear,2.38,22.06
6469,5.68,48.47,90,10.36,116.54,3239,30,Seal Wear,1.94,16.82
6470,5.63,48.41,100,10.0,113.64,3240,30,Seal Wear,1.74,12.93
6471,5.57,48.95,90,10.44,114.83,3240,30,Seal Wear,1.89,12.67
6472,5.56,48.95,100,9.9,116.7,3241,30,Seal Wear,2.22,12.0
6473,5.86,49.46,90,9.72,114.36,3241,30,Seal Wear,1.96,27.24
6474,6.0,49.72,100,10.12,110,3242,30,Seal Wear,2.12,47.46
6475,5.92,48.96,90,9.64,110,3242,30,Seal Wear,2.29,42.62
6476,5.74,48.25,100,10.04,115.87,3243,30,Seal Wear,2.05,20.35
6477,5.65,47.53,90,9.6,115.52,3243,30,Seal Wear,2.44,23.72
6478,5.73,47.31,100,9.5,114.66,3244,30,Seal Wear,1.5,29.5
6479,5.73,47.09,90,9.89,115.21,3244,30,Seal Wear,1.59,19.16
6480,5.79,47.79,100,10.2,110.12,3245,30,Seal Wear,2.38,29.48
6481,5.55,48.28,90,9.56,112.1,3245,30,Seal Wear,2.16,13.63
6482,5.82,47.61,100,10.0,115.86,3246,30,Seal Wear,2.2,27.09
6483,5.95,46.93,90,9.71,110,3246,30,Seal Wear,1.83,48.35
6484,5.96,47.44,100,9.6,110,3247,30,Seal Wear,1.66,46.61
6485,5.65,46.83,90,9.81,115.35,3247,30,Seal Wear,2.28,18.44
6486,5.9,46.46,100,10.42,110,3248,30,Seal Wear,1.67,44.47
6487,5.54,47.11,90,9.52,111.54,3248,30,Seal Wear,2.17,13.51
6488,5.69,47.39,100,9.71,116.11,3249,30,Seal Wear,2.15,15.75
6489,5.7,46.39,90,9.84,119.02,3249,30,Seal Wear,2.11,12.02
6490,5.69,46.24,100,10.13,119.49,3250,30,Seal Wear,2.4,9.06
6491,5.72,46.11,90,9.97,112.31,3250,30,Seal Wear,1.85,23.03
6492,5.92,46.33,100,9.9,110.03,3251,30,Seal Wear,2.11,45.37
6493,6.0,46.5,90,10.28,110,3251,30,Seal Wear,2.33,48.9
6494,5.61,47.06,100,10.4,110.81,3252,30,Seal Wear,1.51,18.61
6495,5.53,47.03,90,10.21,119.4,3252,30,Seal Wear,2.14,5.38
6496,5.99,47.57,100,10.21,112.41,3253,30,Seal Wear,1.62,43.38
6497,6.0,47.8,90,10.46,110,3253,30,Seal Wear,1.72,46.01
6498,5.84,47.65,100,9.54,112.26,3254,30,Seal Wear,2.07,24.52
6499,5.67,47.96,90,9.63,117.35,3254,30,Seal Wear,1.95,18.15
6500,5.85,48.01,100,10.15,110,3255,30,Seal Wear,1.92,42.32
6501,5.86,47.95,90,10.13,113.28,3255,30,Seal Wear,1.97,27.74
6502,5.59,48.56,100,10.33,119.4,3256,30,Seal Wear,2.18,13.68
6503,6.0,48.24,90,9.53,110,3256,30,Seal Wear,1.89,46.99
6504,5.98,48.4,100,9.83,110,3257,30,Seal Wear,1.72,44.94
6505,5.82,48.84,90,9.54,114.98,3257,30,Seal Wear,2.34,34.54
6506,5.89,48.22,100,10.17,110,3258,30,Seal Wear,1.79,42.13
6507,5.77,47.56,90,10.16,112.2,3258,30,Seal Wear,1.7,30.54
6508,5.87,47.12,100,9.72,110,3259,30,Seal Wear,2.35,44.49
6509,5.67,46.71,90,10.19,118.42,3259,30,Seal Wear,2.38,11.61
6510,5.82,46.71,100,9.74,110,3260,30,Seal Wear,2.32,27.53
6511,5.89,46.43,90,10.47,110,3260,30,Seal Wear,1.57,46.64
6512,5.95,47.12,100,10.06,110,3261,30,Seal Wear,1.58,41.79
6513,5.91,46.54,90,9.93,110,3261,30,Seal Wear,1.74,49.13
6514,5.5,46.94,100,9.5,115.4,3262,30,Seal Wear,2.46,8.48
6515,5.92,47.49,90,9.92,110,3262,30,Seal Wear,2.37,41.88
6516,5.7,47.73,100,9.63,118.03,3263,30,Seal Wear,1.91,10.6
6517,6.0,48.18,90,10.18,110,3263,30,Seal Wear,2.28,47.37
6518,5.9,47.44,100,10.43,110,3264,30,Seal Wear,1.77,46.68
6519,5.69,47.3,90,10.45,113.15,3264,30,Seal Wear,2.35,14.29
6520,5.73,47.15,100,9.7,116.46,3265,30,Seal Wear,2.21,15.56
6521,5.89,46.48,90,10.3,110,3265,30,Seal Wear,1.98,41.69
6522,5.52,46.8,100,10.3,115.64,3266,30,Seal Wear,2.09,10.06
6523,5.83,47.1,90,10.46,110.74,3266,30,Seal Wear,2.33,37.99
6524,5.92,47.4,100,10.0,111.29,3267,30,Seal Wear,2.01,41.72
6525,5.97,46.84,90,10.25,110,3267,30,Seal Wear,2.26,49.79
6526,5.49,46.64,100,9.51,117.99,3268,30,Seal Wear,2.25,8.01
6527,5.93,46.62,90,10.48,110,3268,30,Seal Wear,2.26,43.13
6528,5.74,46.42,100,10.33,110,3269,30,Seal Wear,1.62,28.7
6529,5.71,46.61,90,9.79,112.45,3269,30,Seal Wear,1.76,18.83
6530,5.66,46.05,100,9.8,120.83,3270,30,Seal Wear,1.76,6.65
6531,5.91,45.65,90,9.8,110,3270,30,Seal Wear,2.35,43.48
6532,5.59,45.73,100,10.15,116.78,3271,30,Seal Wear,1.71,10.96
6533,5.9,45.59,90,10.29,112.01,3271,30,Seal Wear,1.59,39.09
6534,5.93,45.71,100,10.44,110,3272,30,Seal Wear,2.28,34.58
6535,5.83,45.68,90,9.97,113.43,3272,30,Seal Wear,2.12,31.05
6536,5.61,45.96,100,10.32,114.1,3273,30,Seal Wear,2.28,14.75
6537,5.55,46.44,90,9.62,118.04,3273,30,Seal Wear,2.36,7.71
6538,5.81,47.0,100,9.59,112.12,3274,30,Seal Wear,2.43,22.24
6539,5.83,47.6,90,9.99,110.42,3274,30,Seal Wear,2.49,29.01
6540,5.92,46.68,100,10.06,111.82,3275,30,Seal Wear,2.35,45.46
6541,5.65,46.02,90,9.55,116.6,3275,30,Seal Wear,1.89,5.72
6542,5.92,46.12,100,9.5,110,3276,30,Seal Wear,2.38,48.32
6543,5.6,45.88,90,10.49,111.36,3276,30,Seal Wear,1.72,15.4
6544,5.68,46.05,100,9.72,112.8,3277,30,Seal Wear,2.38,27.72
6545,5.75,46.0,90,10.12,115.18,3277,30,Seal Wear,1.67,21.17
6546,5.85,46.12,100,10.06,110,3278,30,Seal Wear,1.57,33.71
6547,5.86,46.87,90,9.78,110,3278,30,Seal Wear,1.81,42.7
6548,5.78,46.49,100,9.68,112.82,3279,30,Seal Wear,2.4,31.81
6549,5.89,46.79,90,10.2,110,3279,30,Seal Wear,2.18,39.06
6550,5.84,46.57,100,10.36,110,3280,30,Seal Wear,2.37,40.1
6551,5.66,46.0,90,9.72,114.93,3280,30,Seal Wear,2.18,19.43
6552,5.78,46.12,100,10.01,113.44,3281,30,Seal Wear,1.74,29.39
6553,5.97,46.36,90,9.64,110,3281,30,Seal Wear,2.25,38.23
6554,5.87,46.61,100,9.87,110,3282,30,Seal Wear,2.13,33.96
6555,6.0,46.5,90,9.52,110,3282,30,Seal Wear,1.89,47.36
6556,5.95,45.73,100,9.64,110,3283,30,Seal Wear,2.33,38.81
6557,5.58,45.52,90,9.64,112.56,3283,30,Seal Wear,2.38,9.8
6558,5.61,45.95,100,9.77,114.55,3284,30,Seal Wear,2.27,8.33
6559,5.63,46.02,90,10.05,116.3,3284,30,Seal Wear,2.44,10.17
6560,6.0,46.77,100,9.75,110,3285,30,Seal Wear,1.62,48.03
6561,5.74,46.94,90,9.67,115.06,3285,30,Seal Wear,2.05,25.44
6562,5.56,46.54,100,10.25,114.08,3286,30,Seal Wear,1.56,13.94
6563,5.86,46.18,90,9.51,110.17,3286,30,Seal Wear,1.8,29.21
6564,5.55,46.3,100,10.13,112.39,3287,30,Seal Wear,1.62,10.89
6565,6.0,46.58,90,10.22,110,3287,30,Seal Wear,2.21,49.56
6566,5.58,47.53,100,9.85,119.11,3288,30,Seal Wear,2.22,5.08
6567,5.9,48.12,90,10.45,110,3288,30,Seal Wear,2.13,45.01
6568,5.88,47.39,100,10.15,112.77,3289,30,Seal Wear,2.48,31.04
6569,5.63,46.73,90,9.7,118.05,3289,30,Seal Wear,2.47,6.87
6570,5.96,47.06,100,9.5,111.79,3290,30,Seal Wear,1.87,46.46
6571,5.81,47.01,90,9.64,110.39,3290,30,Seal Wear,1.98,28.81
6572,5.76,46.46,100,10.26,112.02,3291,30,Seal Wear,2.29,23.13
6573,5.92,46.73,90,10.39,110,3291,30,Seal Wear,2.14,34.15
6574,5.77,46.49,100,9.77,115.47,3292,30,Seal Wear,1.91,20.86
6575,5.73,46.31,90,10.49,113.22,3292,30,Seal Wear,1.7,14.5
6576,5.71,46.88,100,9.59,117.13,3293,30,Seal Wear,2.01,15.98
6577,5.61,46.85,90,10.26,113.24,3293,30,Seal Wear,1.5,11.66
6578,6.0,46.73,100,10.01,110,3294,30,Seal Wear,2.49,45.61
6579,5.55,46.52,90,9.65,112.61,3294,30,Seal Wear,1.95,9.69
6580,5.82,47.14,100,9.7,114.75,3295,30,Seal Wear,2.07,33.41
6581,5.7,47.57,90,10.16,110,3295,30,Seal Wear,1.98,26.02
6582,5.88,47.85,100,9.92,110.61,3296,30,Seal Wear,2.29,32.03
6583,5.9,47.93,90,10.22,112.66,3296,30,Seal Wear,1.62,33.26
6584,5.9,47.85,100,10.29,111.32,3297,30,Seal Wear,1.77,32.6
6585,5.63,48.13,90,9.82,113.15,3297,30,Seal Wear,1.84,6.26
6586,5.86,48.33,100,9.56,110,3298,30,Seal Wear,1.55,36.97
6587,5.65,48.07,90,9.81,113.01,3298,30,Seal Wear,2.18,17.73
6588,5.7,47.46,100,9.98,110.4,3299,30,Seal Wear,1.55,15.82
6589,5.97,47.41,90,9.95,110,3299,30,Seal Wear,1.58,49.06
6590,5.87,47.62,100,10.18,112.12,3300,30,Seal Wear,2.37,41.93
6591,5.5,47.92,90,9.58,118.49,3300,30,Seal Wear,2.43,6.47
6592,5.8,47.54,100,9.57,110.75,3301,30,Seal Wear,1.53,22.31
6593,5.88,47.38,90,10.41,110,3301,30,Seal Wear,1.69,31.97
6594,5.66,46.46,100,9.99,117.24,3302,30,Seal Wear,2.17,9.97
6595,5.7,46.5,90,10.19,113.14,3302,30,Seal Wear,2.42,14.73
6596,5.91,46.9,100,9.75,110,3303,30,Seal Wear,1.61,43.59
6597,5.53,46.97,90,9.52,119.36,3303,30,Seal Wear,2.05,11.51
6598,5.88,46.44,100,9.98,113.22,3304,30,Seal Wear,1.7,32.21
6599,5.67,45.95,90,9.8,111.03,3304,30,Seal Wear,1.97,25.4
6600,5.57,45.73,100,10.49,121.58,3305,30,Seal Wear,2.45,6.32
6601,5.8,45.08,90,10.35,111.49,3305,30,Seal Wear,1.61,33.9
6602,5.77,45.67,100,10.29,110,3306,30,Seal Wear,2.31,37.29
6603,6.0,45.63,90,9.85,110,3306,30,Seal Wear,2.31,48.66
6604,5.67,45.46,100,9.55,110.25,3307,30,Seal Wear,2.27,25.48
6605,5.83,45.66,90,10.1,111.06,3307,30,Seal Wear,2.26,33.71
6606,5.71,45.72,100,9.89,110,3308,30,Seal Wear,2.37,31.03
6607,5.72,45.9,90,10.45,115.97,3308,30,Seal Wear,2.04,15.11
6608,5.75,46.02,100,9.7,110,3309,30,Seal Wear,2.4,29.64
6609,5.91,45.77,90,10.32,110,3309,30,Seal Wear,1.89,43.75
6610,5.82,45.57,100,9.83,111.53,3310,30,Seal Wear,2.09,28.18
6611,5.7,46.22,90,10.1,115.85,3310,30,Seal Wear,1.89,24.75
6612,5.93,46.78,100,9.58,110,3311,30,Seal Wear,2.41,47.44
6613,5.77,46.52,90,9.84,110,3311,30,Seal Wear,2.36,29.95
6614,5.58,46.57,100,10.06,119.7,3312,30,Seal Wear,1.79,6.88
6615,5.9,46.53,90,10.32,110,3312,30,Seal Wear,1.56,44.73
6616,5.58,46.76,100,10.24,116.09,3313,30,Seal Wear,2.32,11.4
6617,5.66,47.08,90,9.54,115.23,3313,30,Seal Wear,1.95,10.86
6618,5.91,46.78,100,9.58,110,3314,30,Seal Wear,1.96,40.79
6619,5.67,46.87,90,10.13,115.97,3314,30,Seal Wear,2.32,13.03
6620,5.72,47.16,100,10.18,113.88,3315,30,Seal Wear,1.5,17.8
6621,5.77,47.14,90,10.36,113.59,3315,30,Seal Wear,2.19,28.76
6622,6.0,47.24,100,10.31,110,3316,30,Seal Wear,1.56,49.7
6623,5.9,47.2,90,10.48,110.4,3316,30,Seal Wear,2.0,46.54
6624,5.66,47.13,100,9.58,112.01,3317,30,Seal Wear,1.79,24.6
6625,5.82,47.0,90,10.39,111.26,3317,30,Seal Wear,2.15,31.59
6626,5.91,46.2,100,10.17,110,3318,30,Seal Wear,2.12,41.74
6627,5.92,45.56,90,9.71,110,3318,30,Seal Wear,1.56,44.83
6628,5.67,45.9,100,9.93,117.53,3319,30,Seal Wear,1.7,23.41
6629,5.76,45.45,90,9.77,110.35,3319,30,Seal Wear,1.78,21.49
6630,5.59,46.07,100,9.76,114.78,3320,30,Seal Wear,1.86,8.21
6631,5.6,46.09,90,10.01,119.78,3320,30,Seal Wear,2.31,6.66
6632,5.66,46.15,100,9.8,115.45,3321,30,Seal Wear,2.48,11.02
6633,5.72,46.02,90,10.21,114.09,3321,30,Seal Wear,1.7,26.57
6634,5.8,46.26,100,10.15,110.52,3322,30,Seal Wear,2.17,20.88
6635,5.69,45.92,90,10.3,110,3322,30,Seal Wear,1.65,23.9
6636,5.72,45.88,100,10.29,119.39,3323,30,Seal Wear,1.54,14.69
6637,5.85,45.89,90,9.95,111.38,3323,30,Seal Wear,1.96,32.13
6638,5.56,45.94,100,10.47,110.98,3324,30,Seal Wear,1.82,13.97
6639,5.89,45.84,90,10.08,110,3324,30,Seal Wear,2.33,44.73
6640,5.85,45.97,100,9.86,114.35,3325,30,Seal Wear,2.21,28.76
6641,5.92,45.94,90,10.3,110,3325,30,Seal Wear,2.49,32.93
6642,5.61,45.71,100,10.17,116.69,3326,30,Seal Wear,2.35,13.21
6643,5.65,46.14,90,9.97,110,3326,30,Seal Wear,2.48,20.38
6644,5.99,46.54,100,10.06,110,3327,30,Seal Wear,2.32,40.67
6645,5.96,45.97,90,10.08,110,3327,30,Seal Wear,1.67,44.25
6646,5.93,46.38,100,9.97,110,3328,30,Seal Wear,1.85,40.62
6647,5.81,45.92,90,9.61,110.31,3328,30,Seal Wear,2.13,33.49
6648,5.76,46.52,100,10.11,111.01,3329,30,Seal Wear,2.16,17.61
6649,5.73,46.83,90,9.77,110.98,3329,30,Seal Wear,1.91,23.09
6650,5.67,47.67,100,10.45,115.87,3330,30,Seal Wear,2.42,8.84
6651,5.78,47.78,90,10.33,114.43,3330,30,Seal Wear,2.0,32.14
6652,5.68,48.34,100,9.97,113.89,3331,30,Seal Wear,1.92,16.58
6653,5.69,48.22,90,9.55,114.38,3331,30,Seal Wear,1.9,15.64
6654,5.83,48.5,100,10.4,113.5,3332,30,Seal Wear,1.65,36.22
6655,5.92,47.93,90,10.02,110.87,3332,30,Seal Wear,1.99,34.77
6656,5.53,47.83,100,9.88,118.24,3333,30,Seal Wear,2.09,13.22
6657,5.84,47.74,90,10.33,112.03,3333,30,Seal Wear,2.38,39.34
6658,5.73,46.9,100,10.31,110,3334,30,Seal Wear,1.54,31.53
6659,5.94,46.5,90,10.33,110,3334,30,Seal Wear,1.76,37.31
6660,5.88,46.4,100,10.45,110,3335,30,Seal Wear,1.92,47.19
6661,6.0,46.67,90,9.61,110,3335,30,Seal Wear,2.14,45.32
6662,5.91,47.21,100,10.17,114.06,3336,30,Seal Wear,2.44,33.34
6663,5.74,46.77,90,10.29,112.98,3336,30,Seal Wear,2.38,31.37
6664,5.65,46.53,100,9.83,113.42,3337,30,Seal Wear,1.89,23.47
6665,5.64,47.1,90,9.92,118.15,3337,30,Seal Wear,2.33,5.22
6666,5.88,46.82,100,10.36,110,3338,30,Seal Wear,1.77,37.02
6667,5.58,46.84,90,9.93,115.69,3338,30,Seal Wear,2.06,5.75
6668,5.6,46.99,100,10.21,114.38,3339,30,Seal Wear,2.24,8.44
6669,5.9,47.27,90,10.35,110,3339,30,Seal Wear,1.86,42.51
6670,5.84,47.35,100,10.45,116.42,3340,30,Seal Wear,1.89,25.36
6671,5.52,47.39,90,10.41,114.08,3340,30,Seal Wear,1.7,6.89
6672,5.61,47.14,100,9.98,114.58,3341,30,Seal Wear,2.07,19.14
6673,5.66,46.93,90,9.82,115.46,3341,30,Seal Wear,1.54,9.19
6674,5.98,47.14,100,9.95,110,3342,30,Seal Wear,1.84,43.44
6675,5.7,47.33,90,10.04,115.65,3342,30,Seal Wear,2.14,17.18
6676,5.54,47.11,100,9.5,115.62,3343,30,Seal Wear,2.43,6.22
6677,5.83,46.61,90,9.87,114.32,3343,30,Seal Wear,1.61,23.36
6678,5.8,46.65,100,9.61,110,3344,30,Seal Wear,1.76,21.57
6679,5.58,46.31,90,9.56,115.86,3344,30,Seal Wear,1.86,15.46
6680,5.76,45.86,100,10.33,114.82,3345,30,Seal Wear,2.41,26.78
6681,5.7,45.96,90,9.7,112.97,3345,30,Seal Wear,2.49,16.41
6682,5.67,46.06,100,10.44,114.45,3346,30,Seal Wear,1.88,26.29
6683,5.61,46.27,90,9.74,118.9,3346,30,Seal Wear,1.59,6.25
6684,5.66,46.55,100,10.01,117.51,3347,30,Seal Wear,1.83,15.65
6685,5.82,46.48,90,10.49,111.53,3347,30,Seal Wear,1.94,29.68
6686,5.68,46.47,100,10.41,115.95,3348,30,Seal Wear,2.24,11.18
6687,5.67,46.96,90,10.42,112.32,3348,30,Seal Wear,2.28,24.61
6688,5.7,47.37,100,9.56,110.74,3349,30,Seal Wear,1.9,23.61
6689,5.97,48.09,90,10.44,111.28,3349,30,Seal Wear,1.54,48.44
6690,5.63,48.33,100,10.25,118.78,3350,30,Seal Wear,1.57,17.76
6691,5.57,48.14,90,10.25,112.65,3350,30,Seal Wear,1.51,10.93
6692,5.78,48.52,100,10.32,113.68,3351,30,Seal Wear,1.75,30.6
6693,5.77,48.0,90,9.51,113.39,3351,30,Seal Wear,1.92,19.53
6694,5.81,48.04,100,10.19,110,3352,30,Seal Wear,1.66,39.3
6695,5.91,47.9,90,10.49,110,3352,30,Seal Wear,1.95,40.56
6696,5.55,48.42,100,9.77,114.61,3353,30,Seal Wear,1.78,11.14
6697,5.98,48.01,90,10.2,110,3353,30,Seal Wear,1.84,41.9
6698,5.54,47.19,100,10.14,113.49,3354,30,Seal Wear,1.81,13.24
6699,5.9,47.06,90,9.76,110,3354,30,Seal Wear,2.4,49.13
6700,5.67,46.59,100,9.62,114.06,3355,30,Seal Wear,2.14,16.93
6701,5.81,46.41,90,10.14,110,3355,30,Seal Wear,1.56,27.14
6702,5.87,46.41,100,9.59,110,3356,30,Seal Wear,1.99,46.37
6703,5.84,46.7,90,9.75,110,3356,30,Seal Wear,2.21,39.9
6704,5.87,46.23,100,9.96,110,3357,30,Seal Wear,1.91,39.74
6705,5.96,45.93,90,10.37,110,3357,30,Seal Wear,1.87,48.91
6706,5.5,46.12,100,9.91,117.01,3358,30,Seal Wear,2.28,9.43
6707,5.79,46.71,90,9.82,110,3358,30,Seal Wear,2.5,33.89
6708,5.7,45.89,100,9.8,113.01,3359,30,Seal Wear,1.58,12.14
6709,6.0,46.36,90,9.52,110,3359,30,Seal Wear,1.93,49.99
6710,5.96,45.89,100,9.51,110,3360,30,Seal Wear,2.27,45.73
6711,5.81,46.45,90,9.55,110.22,3360,30,Seal Wear,2.02,27.45
6712,5.95,46.5,100,10.24,110,3361,30,Seal Wear,1.92,40.11
6713,5.76,46.41,90,9.75,113.83,3361,30,Seal Wear,1.71,28.06
6714,5.82,46.96,100,9.7,110,3362,30,Seal Wear,2.33,35.98
6715,5.67,46.94,90,10.01,116.78,3362,30,Seal Wear,2.03,9.65
6716,5.9,47.44,100,9.92,110,3363,30,Seal Wear,2.46,48.05
6717,5.9,46.63,90,10.08,111.89,3363,30,Seal Wear,2.26,36.6
6718,5.97,47.06,100,10.04,110,3364,30,Seal Wear,1.87,44.84
6719,5.64,47.0,90,9.8,112.8,3364,30,Seal Wear,1.92,21.57
6720,5.79,46.99,100,10.0,110,3365,30,Seal Wear,2.44,30.18
6721,5.87,47.29,90,10.32,110,3365,30,Seal Wear,1.8,34.98
6722,5.75,47.37,100,10.32,112.54,3366,30,Seal Wear,2.15,18.28
6723,5.73,47.3,90,10.34,114.94,3366,30,Seal Wear,2.15,23.15
6724,5.87,47.45,100,9.97,115.67,3367,30,Seal Wear,1.55,26.92
6725,5.57,47.25,90,9.52,115.76,3367,30,Seal Wear,2.18,11.42
6726,5.64,47.34,100,9.8,116.41,3368,30,Seal Wear,2.16,5.48
6727,5.87,47.67,90,10.33,110,3368,30,Seal Wear,1.74,30.96
6728,5.81,47.68,100,9.86,111.79,3369,30,Seal Wear,2.24,27.39
6729,5.89,48.24,90,9.56,110,3369,30,Seal Wear,2.44,35.9
6730,5.7,48.52,100,9.87,111.67,3370,30,Seal Wear,2.15,20.78
6731,5.86,48.68,90,10.34,113.56,3370,30,Seal Wear,1.64,33.51
6732,5.87,49.06,100,10.19,111.29,3371,30,Seal Wear,2.47,28.93
6733,5.59,48.85,90,9.69,113.72,3371,30,Seal Wear,1.73,13.99
6734,5.91,48.9,100,9.96,110,3372,30,Seal Wear,1.63,45.29
6735,5.95,48.97,90,9.68,110,3372,30,Seal Wear,2.0,36.57
6736,5.52,48.18,100,10.24,119.56,3373,30,Seal Wear,1.82,7.34
6737,5.75,48.11,90,9.96,110,3373,30,Seal Wear,2.34,23.39
6738,5.77,48.18,100,9.65,111.3,3374,30,Seal Wear,2.39,23.22
6739,5.92,48.72,90,9.94,110,3374,30,Seal Wear,1.98,40.69
6740,5.7,48.88,100,9.9,115.46,3375,30,Seal Wear,1.84,20.42
6741,5.74,48.15,90,10.36,113.53,3375,30,Seal Wear,2.43,13.81
6742,5.69,47.56,100,9.87,112.71,3376,30,Seal Wear,1.67,28.4
6743,5.74,47.18,90,9.66,116.32,3376,30,Seal Wear,2.22,22.04
6744,5.83,46.93,100,10.08,116.66,3377,30,Seal Wear,1.85,24.0
6745,5.67,46.33,90,9.63,116.19,3377,30,Seal Wear,1.91,13.28
6746,5.6,46.42,100,9.67,118.75,3378,30,Seal Wear,2.17,17.73
6747,5.54,46.35,90,9.77,117.02,3378,30,Seal Wear,1.81,10.56
6748,5.66,47.03,100,10.23,116.83,3379,30,Seal Wear,2.17,22.28
6749,5.63,46.96,90,9.84,113.59,3379,30,Seal Wear,2.28,7.97
6750,5.54,46.86,100,10.47,115.55,3380,30,Seal Wear,2.35,11.19
6751,5.88,46.97,90,9.61,111.56,3380,30,Seal Wear,1.79,29.62
6752,5.95,47.5,100,10.02,110,3381,30,Seal Wear,2.15,39.66
6753,5.91,47.91,90,10.31,112.61,3381,30,Seal Wear,2.25,44.01
6754,5.72,48.41,100,9.72,112.49,3382,30,Seal Wear,1.81,17.7
6755,5.63,48.6,90,9.69,113.95,3382,30,Seal Wear,2.36,20.79
6756,5.78,48.43,100,9.64,116.19,3383,30,Seal Wear,2.23,20.31
6757,5.68,48.79,90,10.0,114.05,3383,30,Seal Wear,2.08,10.93
6758,6.0,48.06,100,9.61,110,3384,30,Seal Wear,2.03,48.55
6759,5.98,48.3,90,10.2,110,3384,30,Seal Wear,1.7,46.39
6760,5.48,48.25,100,9.87,121.63,3385,30,Seal Wear,1.95,7.55
6761,5.86,48.47,90,9.95,112.01,3385,30,Seal Wear,2.14,30.15
6762,5.72,47.8,100,9.98,110.69,3386,30,Seal Wear,1.98,23.56
6763,5.69,47.56,90,9.87,117.22,3386,30,Seal Wear,2.28,16.37
6764,5.91,47.33,100,10.04,110,3387,30,Seal Wear,1.97,42.21
6765,5.65,47.26,90,9.61,113.84,3387,30,Seal Wear,1.8,5.43
6766,5.72,47.47,100,10.27,113.3,3388,30,Seal Wear,1.61,15.64
6767,5.79,47.24,90,9.83,111.11,3388,30,Seal Wear,2.34,25.92
6768,5.94,47.45,100,10.45,110,3389,30,Seal Wear,2.01,46.2
6769,5.62,46.34,90,10.28,114.45,3389,30,Seal Wear,2.42,12.32
6770,5.67,45.94,100,10.33,115.73,3390,30,Seal Wear,2.45,18.4
6771,5.68,46.51,90,10.4,116.85,3390,30,Seal Wear,2.36,18.23
6772,5.87,46.61,100,9.61,110,3391,30,Seal Wear,2.47,28.96
6773,5.72,46.57,90,9.76,117.35,3391,30,Seal Wear,1.52,15.25
6774,5.91,46.99,100,9.65,110,3392,30,Seal Wear,2.14,41.45
6775,5.59,46.84,90,9.54,118.17,3392,30,Seal Wear,1.64,16.57
6776,5.93,47.12,100,9.79,110,3393,30,Seal Wear,1.68,41.25
6777,5.72,47.78,90,10.04,111.84,3393,30,Seal Wear,2.09,23.66
6778,5.82,48.02,100,9.7,116.65,3394,30,Seal Wear,1.67,22.68
6779,5.68,48.46,90,10.43,116.99,3394,30,Seal Wear,1.77,10.24
6780,5.6,48.22,100,9.61,115.55,3395,30,Seal Wear,2.29,11.9
6781,5.59,48.62,90,10.45,112.0,3395,30,Seal Wear,1.98,18.25
6782,5.95,48.27,100,10.49,110,3396,30,Seal Wear,1.69,40.28
6783,5.69,48.54,90,9.96,110.66,3396,30,Seal Wear,2.41,28.33
6784,5.6,48.91,100,9.61,116.66,3397,30,Seal Wear,2.27,8.83
6785,5.88,48.89,90,10.1,110.57,3397,30,Seal Wear,2.29,40.78
6786,5.69,48.59,100,9.9,116.72,3398,30,Seal Wear,1.64,10.76
6787,5.79,48.56,90,9.82,110.44,3398,30,Seal Wear,1.55,26.67
6788,5.63,47.58,100,9.68,120.67,3399,30,Seal Wear,2.27,6.06
6789,5.78,47.89,90,10.49,110,3399,30,Seal Wear,1.52,32.03
6790,5.62,46.91,100,9.92,117.77,3400,30,Seal Wear,2.18,17.68
6791,5.63,47.21,90,10.31,114.99,3400,30,Seal Wear,1.68,8.84
6792,5.7,47.27,100,10.33,110.01,3401,30,Seal Wear,2.2,28.8
6793,5.51,46.3,90,9.59,117.97,3401,30,Seal Wear,1.6,5.22
6794,5.76,46.33,100,9.67,117.37,3402,30,Seal Wear,1.97,18.92
6795,5.68,46.6,90,10.07,113.14,3402,30,Seal Wear,2.37,8.73
6796,5.69,46.86,100,10.35,110.85,3403,30,Seal Wear,1.72,22.6
6797,5.99,47.03,90,10.07,110,3403,30,Seal Wear,2.24,48.3
6798,5.82,47.38,100,10.01,114.18,3404,30,Seal Wear,1.94,24.9
6799,5.69,47.53,90,9.62,115.31,3404,30,Seal Wear,2.28,24.64
6800,5.57,48.08,100,9.67,118.16,3405,30,Seal Wear,2.17,6.8
6801,5.83,47.88,90,10.47,113.55,3405,30,Seal Wear,2.08,23.74
6802,5.97,47.48,100,10.11,110,3406,30,Seal Wear,2.26,37.94
6803,5.8,47.82,90,9.63,110.65,3406,30,Seal Wear,2.33,32.77
6804,5.83,47.99,100,9.98,110.66,3407,30,Seal Wear,2.04,31.79
6805,5.79,48.68,90,9.57,110,3407,30,Seal Wear,2.17,29.37
6806,5.62,49.06,100,10.04,115.68,3408,30,Seal Wear,2.45,19.04
6807,5.97,49.49,90,9.73,110,3408,30,Seal Wear,2.39,36.97
6808,5.89,49.38,100,9.51,110.83,3409,30,Seal Wear,1.93,30.3
6809,5.6,49.42,90,10.36,115.36,3409,30,Seal Wear,2.18,6.25
6810,5.56,49.65,100,9.87,115.62,3410,30,Seal Wear,2.35,15.11
6811,5.95,49.61,90,10.47,110,3410,30,Seal Wear,1.51,38.77
6812,5.56,49.42,100,10.15,120.58,3411,30,Seal Wear,1.77,12.7
6813,5.9,49.25,90,10.5,110,3411,30,Seal Wear,1.78,41.73
6814,5.79,49.42,100,10.48,115.9,3412,30,Seal Wear,2.01,24.58
6815,5.88,49.79,90,9.64,110,3412,30,Seal Wear,2.15,44.03
6816,5.9,49.8,100,9.91,110,3413,30,Seal Wear,1.51,38.32
6817,5.59,49.56,90,10.09,115.92,3413,30,Seal Wear,1.6,14.55
6818,5.72,48.71,100,10.18,115.76,3414,30,Seal Wear,1.53,18.05
6819,5.65,48.53,90,10.26,115.36,3414,30,Seal Wear,2.48,15.11
6820,5.55,47.55,100,10.34,115.93,3415,30,Seal Wear,2.24,6.42
6821,6.0,47.68,90,9.98,110,3415,30,Seal Wear,2.02,49.75
6822,5.84,47.96,100,9.62,110,3416,30,Seal Wear,1.59,33.48
6823,5.75,48.64,90,9.56,115.06,3416,30,Seal Wear,2.2,22.61
6824,5.54,47.98,100,9.98,116.98,3417,30,Seal Wear,2.3,9.06
6825,5.66,47.39,90,9.78,115.52,3417,30,Seal Wear,1.85,23.91
6826,5.59,47.92,100,10.02,116.49,3418,30,Seal Wear,2.18,14.62
6827,5.78,47.4,90,10.24,112.46,3418,30,Seal Wear,2.29,36.26
6828,5.58,48.13,100,9.85,120.23,3419,30,Seal Wear,2.36,13.84
6829,5.78,48.66,90,10.01,110,3419,30,Seal Wear,2.2,33.04
6830,5.76,49.02,100,10.03,110.19,3420,30,Seal Wear,1.88,33.92
6831,5.83,48.26,90,10.37,112.41,3420,30,Seal Wear,1.58,24.26
6832,5.66,47.92,100,10.26,114.57,3421,30,Seal Wear,2.14,17.46
6833,5.96,48.11,90,9.64,110.46,3421,30,Seal Wear,1.68,42.89
6834,5.95,47.66,100,9.78,110,3422,30,Seal Wear,2.39,48.34
6835,6.0,47.95,90,9.78,110,3422,30,Seal Wear,2.47,47.62
6836,6.0,48.38,100,9.75,110,3423,30,Seal Wear,2.47,48.25
6837,5.69,48.51,90,9.89,117.75,3423,30,Seal Wear,2.39,11.29
6838,5.71,47.94,100,10.37,117.36,3424,30,Seal Wear,2.27,15.35
6839,5.67,47.54,90,9.86,117.86,3424,30,Seal Wear,1.57,23.99
6840,5.83,47.74,100,10.08,110,3425,30,Seal Wear,1.58,42.81
6841,5.65,48.44,90,10.33,112.11,3425,30,Seal Wear,2.04,24.41
6842,5.56,48.23,100,9.68,112.51,3426,30,Seal Wear,1.6,14.1
6843,5.62,47.79,90,10.14,115.94,3426,30,Seal Wear,2.0,16.39
6844,5.84,48.07,100,10.4,113.97,3427,30,Seal Wear,1.53,34.65
6845,5.88,47.61,90,10.26,110,3427,30,Seal Wear,2.12,36.28
6846,5.8,48.21,100,9.57,113.52,3428,30,Seal Wear,2.18,24.37
6847,5.88,48.35,90,9.94,110,3428,30,Seal Wear,1.99,37.94
6848,5.9,48.3,100,9.69,112.4,3429,30,Seal Wear,1.9,31.37
6849,5.6,48.16,90,9.73,115.77,3429,30,Seal Wear,2.44,14.26
6850,6.0,47.54,100,9.57,110,3430,30,Seal Wear,1.96,44.18
6851,5.76,47.65,90,10.49,114.04,3430,30,Seal Wear,2.3,27.38
6852,5.93,48.0,100,10.27,110,3431,30,Seal Wear,1.72,36.66
6853,5.89,47.78,90,10.35,110,3431,30,Seal Wear,2.37,39.21
6854,5.66,47.84,100,9.97,116.94,3432,30,Seal Wear,1.58,23.01
6855,5.56,47.46,90,10.34,113.59,3432,30,Seal Wear,2.17,11.08
6856,5.96,47.74,100,10.15,110.96,3433,30,Seal Wear,1.96,40.29
6857,5.57,48.02,90,9.91,113.66,3433,30,Seal Wear,2.38,11.35
6858,5.64,47.81,100,9.84,117.55,3434,30,Seal Wear,2.25,19.31
6859,5.82,47.98,90,10.48,114.84,3434,30,Seal Wear,1.76,30.83
6860,5.75,47.79,100,9.8,110,3435,30,Seal Wear,1.87,19.08
6861,5.55,48.15,90,10.25,112.15,3435,30,Seal Wear,2.35,14.8
6862,5.53,48.35,100,9.85,116.46,3436,30,Seal Wear,2.07,8.87
6863,5.97,48.21,90,9.71,110,3436,30,Seal Wear,2.32,38.97
6864,5.73,48.21,100,9.74,110,3437,30,Seal Wear,1.6,30.26
6865,5.99,48.09,90,9.74,110.04,3437,30,Seal Wear,2.1,48.62
6866,5.73,47.53,100,10.48,113.36,3438,30,Seal Wear,1.78,23.49
6867,5.83,47.7,90,10.18,110,3438,30,Seal Wear,2.12,27.43
6868,5.61,47.17,100,9.74,114.23,3439,30,Seal Wear,2.03,8.42
6869,5.73,47.13,90,10.41,110,3439,30,Seal Wear,1.58,29.41
6870,5.95,46.91,100,10.21,110,3440,30,Seal Wear,1.56,43.22
6871,6.0,47.2,90,10.36,110,3440,30,Seal Wear,1.53,48.33
6872,5.69,46.46,100,10.26,110,3441,30,Seal Wear,2.08,23.74
6873,5.95,45.74,90,10.19,112.4,3441,30,Seal Wear,1.72,46.71
6874,5.74,46.29,100,10.35,113.14,3442,30,Seal Wear,2.09,13.79
6875,5.68,46.13,90,10.49,115.04,3442,30,Seal Wear,2.09,27.55
6876,5.84,46.52,100,9.74,110,3443,30,Seal Wear,1.58,25.56
6877,5.68,46.88,90,10.05,115.62,3443,30,Seal Wear,1.58,12.11
6878,5.95,46.35,100,9.91,110,3444,30,Seal Wear,2.49,44.18
6879,5.86,46.29,90,10.34,110,3444,30,Seal Wear,1.79,35.85
6880,5.78,46.34,100,10.37,110,3445,30,Seal Wear,2.48,26.29
6881,5.82,45.94,90,10.32,117.09,3445,30,Seal Wear,2.11,25.28
6882,5.6,46.28,100,10.02,116.93,3446,30,Seal Wear,2.18,16.15
6883,5.67,46.93,90,9.95,110,3446,30,Seal Wear,2.24,26.58
6884,6.0,46.94,100,10.25,110,3447,30,Seal Wear,2.38,48.81
6885,5.63,46.97,90,10.24,111.22,3447,30,Seal Wear,2.1,16.26
6886,5.58,46.62,100,9.56,115.4,3448,30,Seal Wear,2.04,17.81
6887,5.85,46.39,90,9.81,110,3448,30,Seal Wear,2.33,42.15
6888,5.93,46.21,100,10.32,110,3449,30,Seal Wear,2.25,45.97
6889,5.68,46.12,90,9.67,111.67,3449,30,Seal Wear,2.14,21.14
6890,5.58,46.2,100,10.19,114.02,3450,30,Seal Wear,2.03,10.84
6891,5.87,45.83,90,9.6,110,3450,30,Seal Wear,1.59,27.69
6892,5.54,45.25,100,9.72,117.05,3451,30,Seal Wear,2.39,12.69
6893,5.68,45.63,90,10.29,112.51,3451,30,Seal Wear,2.03,24.0
6894,5.75,46.33,100,10.23,117.62,3452,30,Seal Wear,1.73,22.04
6895,5.73,45.83,90,10.12,110,3452,30,Seal Wear,1.66,27.38
6896,5.83,45.28,100,9.55,111.45,3453,30,Seal Wear,2.21,23.87
6897,5.52,46.04,90,9.63,117.34,3453,30,Seal Wear,1.63,8.08
6898,5.91,46.53,100,10.41,110,3454,30,Seal Wear,2.3,32.66
6899,5.67,45.86,90,9.73,114.47,3454,30,Seal Wear,2.01,19.86
6900,5.53,46.39,100,10.16,112.92,3455,30,Seal Wear,2.44,9.2
6901,6.0,46.52,90,9.67,110,3455,30,Seal Wear,1.73,47.69
6902,5.82,46.35,100,10.17,110,3456,30,Seal Wear,2.06,36.07
6903,5.72,46.61,90,9.72,111.91,3456,30,Seal Wear,1.72,24.87
6904,5.97,46.49,100,9.81,112.08,3457,30,Seal Wear,2.38,43.25
6905,5.59,47.12,90,9.74,116.0,3457,30,Seal Wear,2.37,5.85
6906,5.82,47.66,100,9.92,110,3458,30,Seal Wear,1.9,39.95
6907,5.69,47.56,90,9.86,113.24,3458,30,Seal Wear,1.89,23.69
6908,6.0,47.25,100,10.38,110,3459,30,Seal Wear,1.62,45.94
6909,5.82,47.63,90,10.22,111.32,3459,30,Seal Wear,1.61,35.83
6910,5.72,47.13,100,10.15,111.23,3460,30,Seal Wear,2.37,25.85
6911,5.62,47.46,90,9.96,113.17,3460,30,Seal Wear,2.15,19.77
6912,5.99,47.96,100,10.14,110,3461,30,Seal Wear,1.53,46.8
6913,5.8,47.42,90,9.85,112.06,3461,30,Seal Wear,1.91,20.57
6914,5.93,47.63,100,10.1,110,3462,30,Seal Wear,2.13,40.13
6915,5.55,47.19,90,9.86,116.89,3462,30,Seal Wear,1.93,6.24
6916,5.71,46.6,100,9.67,110,3463,30,Seal Wear,1.51,30.68
6917,5.59,47.01,90,9.68,119.95,3463,30,Seal Wear,1.69,5.53
6918,5.73,47.18,100,10.22,113.57,3464,30,Seal Wear,2.5,28.46
6919,5.69,47.84,90,10.17,115.42,3464,30,Seal Wear,2.39,17.02
6920,5.81,48.12,100,9.91,111.66,3465,30,Seal Wear,2.3,23.25
6921,5.73,47.93,90,10.46,111.72,3465,30,Seal Wear,2.17,32.67
6922,5.65,47.67,100,10.29,120.72,3466,30,Seal Wear,1.54,8.15
6923,5.52,47.79,90,9.77,113.38,3466,30,Seal Wear,1.98,8.73
6924,5.93,47.61,100,10.14,113.09,3467,30,Seal Wear,2.11,34.75
6925,5.89,47.87,90,9.95,110.47,3467,30,Seal Wear,2.35,35.16
6926,5.47,47.82,100,10.32,118.28,3468,30,Seal Wear,1.66,6.3
6927,5.59,48.15,90,9.63,115.41,3468,30,Seal Wear,1.52,15.0
6928,5.59,47.64,100,10.14,119.89,3469,30,Seal Wear,2.14,10.37
6929,5.62,47.78,90,10.16,111.7,3469,30,Seal Wear,2.33,19.23
6930,5.77,47.87,100,9.85,114.88,3470,30,Seal Wear,1.72,26.19
6931,5.85,48.42,90,9.91,110,3470,30,Seal Wear,1.53,28.92
6932,5.99,47.77,100,10.18,112.04,3471,30,Seal Wear,2.15,45.09
6933,5.61,47.78,90,9.9,117.21,3471,30,Seal Wear,2.42,5.77
6934,6.0,47.92,100,10.43,110,3472,30,Seal Wear,1.72,46.68
6935,5.94,48.21,90,9.8,110,3472,30,Seal Wear,2.47,49.81
6936,5.7,47.42,100,9.68,112.27,3473,30,Seal Wear,1.76,10.56
6937,6.0,48.06,90,10.3,110,3473,30,Seal Wear,1.92,48.89
6938,5.89,47.97,100,10.36,110.4,3474,30,Seal Wear,2.37,35.04
6939,5.7,47.55,90,10.46,111.39,3474,30,Seal Wear,1.72,15.3
6940,5.84,48.07,100,9.78,115.24,3475,30,Seal Wear,1.61,29.1
6941,5.98,48.36,90,9.74,110,3475,30,Seal Wear,1.76,47.52
6942,5.71,48.39,100,9.52,116.94,3476,30,Seal Wear,2.04,22.77
6943,5.94,47.3,90,9.84,110.88,3476,30,Seal Wear,2.35,34.31
6944,5.85,47.35,100,9.69,113.4,3477,30,Seal Wear,2.05,29.62
6945,5.64,47.33,90,10.38,112.11,3477,30,Seal Wear,1.64,16.03
6946,5.86,47.4,100,10.21,110,3478,30,Seal Wear,1.52,36.53
6947,5.91,47.88,90,10.44,110,3478,30,Seal Wear,2.2,43.8
6948,5.97,47.54,100,9.94,110,3479,30,Seal Wear,1.62,46.16
6949,5.94,47.66,90,9.74,110,3479,30,Seal Wear,2.47,49.79
6950,5.69,47.22,100,9.68,114.0,3480,30,Seal Wear,2.23,24.67
6951,5.7,46.77,90,10.33,111.85,3480,30,Seal Wear,2.13,22.64
6952,5.86,47.1,100,9.82,111.29,3481,30,Seal Wear,1.66,31.14
6953,5.89,47.38,90,9.52,110,3481,30,Seal Wear,1.66,46.03
6954,5.85,47.38,100,9.95,110,3482,30,Seal Wear,1.96,39.77
6955,5.96,47.84,90,10.0,110.58,3482,30,Seal Wear,2.04,39.13
6956,5.78,47.37,100,10.03,112.57,3483,30,Seal Wear,1.74,24.82
6957,6.0,46.58,90,9.51,110,3483,30,Seal Wear,1.64,47.76
6958,5.96,46.29,100,9.62,110,3484,30,Seal Wear,1.52,40.87
6959,5.74,46.83,90,10.4,114.62,3484,30,Seal Wear,2.25,23.38
6960,5.86,47.08,100,10.46,110,3485,30,Seal Wear,2.28,42.21
6961,5.72,47.56,90,9.5,118.9,3485,30,Seal Wear,1.53,16.3
6962,5.83,47.83,100,10.2,110,3486,30,Seal Wear,1.6,38.5
6963,5.85,48.07,90,9.58,110,3486,30,Seal Wear,2.38,43.75
6964,5.72,47.53,100,10.45,112.22,3487,30,Seal Wear,2.27,23.34
6965,5.64,47.52,90,9.97,115.05,3487,30,Seal Wear,2.14,18.7
6966,5.49,47.32,100,9.86,114.62,3488,30,Seal Wear,1.93,8.41
6967,5.78,47.61,90,10.14,112.07,3488,30,Seal Wear,1.64,22.02
6968,5.97,48.05,100,9.58,110,3489,30,Seal Wear,2.38,42.23
6969,5.6,47.86,90,9.81,114.48,3489,30,Seal Wear,2.33,12.37
6970,5.77,47.49,100,10.13,115.42,3490,30,Seal Wear,2.44,21.66
6971,5.61,46.85,90,9.93,115.14,3490,30,Seal Wear,2.04,11.19
6972,5.63,46.64,100,9.92,114.44,3491,30,Seal Wear,1.97,17.57
6973,5.8,46.84,90,10.06,110.59,3491,30,Seal Wear,2.0,31.41
6974,5.5,47.26,100,10.49,112.01,3492,30,Seal Wear,2.08,6.98
6975,5.75,46.94,90,9.8,110,3492,30,Seal Wear,1.68,31.75
6976,5.93,47.38,100,9.91,110,3493,30,Seal Wear,2.08,48.47
6977,5.63,46.83,90,10.48,115.38,3493,30,Seal Wear,2.22,18.4
6978,5.92,47.31,100,9.53,110,3494,30,Seal Wear,2.37,37.7
6979,5.87,46.58,90,10.38,110,3494,30,Seal Wear,1.67,45.13
6980,5.49,46.85,100,10.22,112.44,3495,30,Seal Wear,2.27,7.96
6981,5.89,46.4,90,9.99,110,3495,30,Seal Wear,1.5,48.34
6982,5.98,46.46,100,10.34,110,3496,30,Seal Wear,1.99,49.8
6983,5.64,46.44,90,10.28,115.65,3496,30,Seal Wear,2.46,13.14
6984,5.99,45.96,100,9.76,110,3497,30,Seal Wear,1.71,41.94
6985,5.67,46.3,90,10.1,112.1,3497,30,Seal Wear,2.21,7.48
6986,5.92,45.99,100,10.21,111.73,3498,30,Seal Wear,2.45,46.1
6987,5.52,46.85,90,10.29,117.82,3498,30,Seal Wear,1.82,10.03
6988,5.67,46.24,100,9.97,110,3499,30,Seal Wear,1.56,23.96
6989,5.84,46.74,90,9.74,110.2,3499,30,Seal Wear,1.69,40.25
6990,5.91,46.74,100,10.24,110,3500,30,Seal Wear,1.79,32.4
6991,5.89,46.2,90,9.73,110,3500,30,Seal Wear,2.26,46.38
6992,5.61,46.6,100,10.29,119.31,3501,30,Seal Wear,2.36,8.09
6993,5.94,46.6,90,10.06,112.5,3501,30,Seal Wear,2.17,40.89
6994,5.92,46.62,100,10.36,110,3502,30,Seal Wear,2.24,36.8
6995,5.92,46.44,90,10.25,110,3502,30,Seal Wear,1.81,46.72
6996,5.63,46.3,100,9.79,110.19,3503,30,Seal Wear,1.52,22.71
6997,6.0,45.64,90,10.07,110.5,3503,30,Seal Wear,2.29,45.73
6998,5.84,45.82,100,10.23,111.23,3504,30,Seal Wear,1.77,27.03
6999,5.7,46.34,90,10.04,110,3504,30,Seal Wear,1.71,27.42
7000,5.63,46.98,100,10.0,118.54,3505,30,Seal Wear,2.47,15.74
7001,5.99,46.61,90,9.83,110,3505,30,Seal Wear,1.67,44.8
7002,5.94,47.01,100,10.26,110.36,3506,30,Seal Wear,2.43,38.71
7003,5.8,47.5,90,10.13,114.08,3506,30,Seal Wear,2.27,21.45
7004,5.88,47.88,100,9.79,110,3507,30,Seal Wear,2.14,39.62
7005,5.95,47.7,90,10.28,110,3507,30,Seal Wear,1.77,49.78
7006,5.8,47.53,100,10.32,113.88,3508,30,Seal Wear,1.8,25.0
7007,5.73,47.39,90,9.67,114.41,3508,30,Seal Wear,1.88,24.67
7008,5.63,47.46,100,9.77,120.22,3509,30,Seal Wear,2.04,5.25
7009,5.82,47.41,90,9.75,111.2,3509,30,Seal Wear,2.28,26.89
7010,6.0,47.1,100,10.0,110,3510,30,Seal Wear,2.13,49.7
7011,5.88,47.39,90,10.3,110,3510,30,Seal Wear,2.19,29.33
7012,5.97,47.86,100,9.85,110,3511,30,Seal Wear,2.29,38.37
7013,5.64,47.22,90,9.58,119.32,3511,30,Seal Wear,1.7,15.34
7014,5.7,47.68,100,10.44,112.3,3512,30,Seal Wear,1.62,16.81
7015,6.0,48.1,90,10.03,110,3512,30,Seal Wear,2.35,44.05
7016,5.9,47.56,100,10.0,112.43,3513,30,Seal Wear,2.14,29.83
7017,5.62,47.82,90,9.98,115.27,3513,30,Seal Wear,2.07,15.83
7018,5.89,48.42,100,9.72,110,3514,30,Seal Wear,1.61,45.46
7019,5.61,48.23,90,10.02,117.14,3514,30,Seal Wear,1.86,16.98
7020,5.85,48.17,100,10.23,110,3515,30,Seal Wear,1.81,39.98
7021,5.6,48.0,90,9.62,116.93,3515,30,Seal Wear,1.95,14.19
7022,6.0,47.79,100,9.99,110,3516,30,Seal Wear,1.91,47.43
7023,5.92,47.84,90,10.13,110,3516,30,Seal Wear,2.01,43.34
7024,5.62,47.9,100,9.66,114.83,3517,30,Seal Wear,2.01,7.24
7025,5.82,48.23,90,10.03,112.39,3517,30,Seal Wear,1.82,25.19
7026,5.88,48.42,100,9.54,110,3518,30,Seal Wear,2.11,35.48
7027,5.87,48.5,90,9.66,110,3518,30,Seal Wear,2.1,33.21
7028,5.62,48.18,100,9.77,115.75,3519,30,Seal Wear,1.76,15.12
7029,5.86,47.51,90,9.63,110.68,3519,30,Seal Wear,2.5,32.09
7030,5.64,47.46,100,10.06,116.19,3520,30,Seal Wear,2.31,18.79
7031,5.65,47.32,90,9.53,117.51,3520,30,Seal Wear,1.7,11.74
7032,6.0,47.8,100,10.37,110,3521,30,Seal Wear,2.23,48.91
7033,5.92,48.38,90,9.78,110,3521,30,Seal Wear,1.89,43.13
7034,5.65,48.2,100,9.54,110.73,3522,30,Seal Wear,1.65,24.18
7035,6.0,48.36,90,10.11,110,3522,30,Seal Wear,1.62,49.89
7036,5.88,48.41,100,10.35,111.74,3523,30,Seal Wear,1.97,29.08
7037,5.75,48.08,90,9.66,110,3523,30,Seal Wear,1.82,27.47
7038,5.82,47.54,100,9.84,110,3524,30,Seal Wear,2.5,30.57
7039,5.84,47.74,90,10.44,110,3524,30,Seal Wear,2.02,26.21
7040,5.85,48.35,100,10.02,110,3525,30,Seal Wear,2.32,33.65
7041,5.73,48.04,90,9.69,112.0,3525,30,Seal Wear,1.79,19.77
7042,5.87,48.58,100,10.07,110.0,3526,30,Seal Wear,1.67,31.72
7043,6.0,48.34,90,10.39,110,3526,30,Seal Wear,1.92,44.68
7044,5.99,48.92,100,9.51,110,3527,30,Seal Wear,2.38,47.76
7045,5.82,49.27,90,9.96,110,3527,30,Seal Wear,2.2,39.39
7046,5.86,48.8,100,9.61,113.76,3528,30,Seal Wear,2.0,36.84
7047,5.53,48.44,90,10.39,117.83,3528,30,Seal Wear,1.74,11.08
7048,6.0,48.31,100,10.39,110,3529,30,Seal Wear,1.88,45.42
7049,5.78,48.6,90,10.14,111.41,3529,30,Seal Wear,2.12,23.42
7050,6.0,48.97,100,10.35,110,3530,30,Seal Wear,1.9,49.09
7051,5.84,48.23,90,9.86,110,3530,30,Seal Wear,2.13,36.88
7052,5.81,48.4,100,10.03,113.52,3531,30,Seal Wear,1.77,30.61
7053,5.65,48.4,90,9.92,115.35,3531,30,Seal Wear,1.79,6.68
7054,6.0,48.39,100,9.82,110,3532,30,Seal Wear,1.78,43.59
7055,5.71,48.6,90,10.44,114.53,3532,30,Seal Wear,2.38,19.78
7056,5.99,48.52,100,10.16,110,3533,30,Seal Wear,2.38,43.11
7057,5.74,48.43,90,10.1,113.74,3533,30,Seal Wear,2.37,22.75
7058,5.68,48.25,100,9.57,113.98,3534,30,Seal Wear,2.38,16.04
7059,5.82,48.59,90,10.1,111.88,3534,30,Seal Wear,2.46,23.76
7060,5.85,48.12,100,10.19,110,3535,30,Seal Wear,2.1,31.61
7061,5.8,47.74,90,9.79,110,3535,30,Seal Wear,1.74,36.52
7062,5.57,47.3,100,10.14,113.81,3536,30,Seal Wear,2.26,9.02
7063,5.83,47.32,90,9.93,112.66,3536,30,Seal Wear,1.92,32.66
7064,5.98,46.74,100,10.37,110,3537,30,Seal Wear,1.83,47.69
7065,5.77,47.03,90,9.77,110.66,3537,30,Seal Wear,1.82,21.18
7066,5.97,47.01,100,10.39,110,3538,30,Seal Wear,1.77,40.07
7067,5.85,47.16,90,10.37,110,3538,30,Seal Wear,2.1,41.55
7068,5.95,47.36,100,10.09,110,3539,30,Seal Wear,1.5,43.65
7069,5.83,47.46,90,10.43,110,3539,30,Seal Wear,2.43,40.27
7070,5.9,47.54,100,10.28,110.71,3540,30,Seal Wear,2.42,35.37
7071,5.62,47.84,90,10.26,115.02,3540,30,Seal Wear,2.11,14.9
7072,5.54,47.6,100,9.96,115.62,3541,30,Seal Wear,1.62,11.15
7073,5.95,48.15,90,10.19,110,3541,30,Seal Wear,2.12,45.5
7074,5.76,48.04,100,9.92,116.97,3542,30,Seal Wear,1.57,19.98
7075,5.96,48.13,90,9.72,110,3542,30,Seal Wear,2.21,48.72
7076,5.92,47.47,100,9.63,110,3543,30,Seal Wear,2.24,44.4
7077,5.51,48.12,90,9.53,117.95,3543,30,Seal Wear,1.95,6.43
7078,5.6,47.79,100,10.3,115.24,3544,30,Seal Wear,2.27,14.91
7079,5.74,47.13,90,9.95,112.0,3544,30,Seal Wear,2.15,20.07
7080,5.84,47.88,100,9.83,110,3545,30,Seal Wear,2.34,31.46
7081,5.74,47.0,90,10.34,115.48,3545,30,Seal Wear,1.65,20.68
7082,5.98,47.43,100,9.8,110,3546,30,Seal Wear,2.37,39.73
7083,5.69,47.8,90,10.15,113.7,3546,30,Seal Wear,1.63,28.37
7084,5.96,47.66,100,9.92,111.11,3547,30,Seal Wear,2.2,39.27
7085,5.97,47.96,90,10.35,110,3547,30,Seal Wear,2.41,49.74
7086,5.71,47.91,100,10.09,112.63,3548,30,Seal Wear,1.88,21.55
7087,5.79,47.75,90,10.34,110,3548,30,Seal Wear,1.69,32.59
7088,6.0,47.5,100,9.91,110.21,3549,30,Seal Wear,2.42,48.86
7089,5.61,47.01,90,9.7,118.49,3549,30,Seal Wear,2.08,12.86
7090,6.0,47.11,100,9.52,110,3550,30,Seal Wear,1.58,42.64
7091,5.68,47.65,90,10.49,115.69,3550,30,Seal Wear,2.47,18.9
7092,5.99,47.49,100,10.31,110,3551,30,Seal Wear,1.95,40.66
7093,5.8,47.52,90,9.91,111.32,3551,30,Seal Wear,2.35,28.38
7094,6.0,47.52,100,10.3,110,3552,30,Seal Wear,2.14,47.19
7095,5.8,47.36,90,10.07,115.81,3552,30,Seal Wear,2.21,27.81
7096,5.71,46.92,100,9.72,115.74,3553,30,Seal Wear,2.19,27.41
7097,5.86,46.8,90,9.57,111.09,3553,30,Seal Wear,1.77,40.23
7098,5.8,46.18,100,10.2,113.2,3554,30,Seal Wear,1.64,25.0
7099,5.86,46.4,90,10.31,111.34,3554,30,Seal Wear,2.45,42.45
7100,5.94,46.35,100,10.48,110.81,3555,30,Seal Wear,1.79,42.23
7101,5.7,46.6,90,10.26,114.48,3555,30,Seal Wear,1.83,10.64
7102,5.8,46.9,100,9.83,113.34,3556,30,Seal Wear,2.13,23.91
7103,5.87,46.03,90,9.64,110,3556,30,Seal Wear,2.05,33.03
7104,5.86,45.39,100,10.13,110,3557,30,Seal Wear,1.69,44.34
7105,5.66,45.74,90,9.6,117.3,3557,30,Seal Wear,1.65,11.92
7106,5.57,46.7,100,9.78,118.04,3558,30,Seal Wear,1.76,14.99
7107,5.94,46.96,90,10.26,110,3558,30,Seal Wear,2.2,44.96
7108,5.59,47.66,100,9.59,114.46,3559,30,Seal Wear,1.96,15.74
7109,5.56,46.73,90,9.95,115.93,3559,30,Seal Wear,1.92,11.3
7110,5.59,47.51,100,9.98,113.41,3560,30,Seal Wear,1.67,12.47
7111,5.58,47.54,90,9.95,113.38,3560,30,Seal Wear,2.33,14.96
7112,5.81,47.38,100,9.98,110,3561,30,Seal Wear,1.95,27.08
7113,5.67,47.09,90,10.48,111.33,3561,30,Seal Wear,2.3,26.96
7114,5.91,47.04,100,10.18,110,3562,30,Seal Wear,2.05,32.02
7115,5.9,47.48,90,9.53,110,3562,30,Seal Wear,2.36,49.68
7116,5.86,47.6,100,10.44,110,3563,30,Seal Wear,2.22,44.07
7117,5.51,47.66,90,10.34,114.02,3563,30,Seal Wear,2.27,9.07
7118,5.68,48.08,100,9.63,113.72,3564,30,Seal Wear,1.9,14.73
7119,5.93,48.35,90,10.3,111.06,3564,30,Seal Wear,1.59,42.03
7120,5.83,47.29,100,9.5,110,3565,30,Seal Wear,2.45,42.61
7121,5.76,47.13,90,10.39,110,3565,30,Seal Wear,1.65,33.43
7122,5.91,47.05,100,10.18,110,3566,30,Seal Wear,2.32,45.58
7123,5.7,46.79,90,9.95,112.63,3566,30,Seal Wear,2.03,16.34
7124,5.63,45.99,100,9.8,113.26,3567,30,Seal Wear,2.34,7.96
7125,5.9,45.73,90,9.87,110,3567,30,Seal Wear,1.73,41.03
7126,5.9,45.84,100,9.79,110,3568,30,Seal Wear,2.14,38.72
7127,5.92,46.39,90,9.53,110.44,3568,30,Seal Wear,1.87,40.35
7128,5.93,47.0,100,10.19,110,3569,30,Seal Wear,2.06,38.95
7129,6.0,46.86,90,9.81,112.47,3569,30,Seal Wear,1.98,45.75
7130,5.81,46.77,100,9.54,110,3570,30,Seal Wear,2.28,34.04
7131,5.54,46.74,90,9.75,118.76,3570,30,Seal Wear,1.95,11.85
7132,5.58,46.97,100,9.75,119.61,3571,30,Seal Wear,1.58,10.27
7133,5.95,47.68,90,9.91,110,3571,30,Seal Wear,1.73,49.06
7134,5.7,46.67,100,10.26,117.06,3572,30,Seal Wear,2.06,11.22
7135,5.83,47.08,90,10.22,110,3572,30,Seal Wear,2.13,39.62
7136,5.55,47.89,100,9.97,114.17,3573,30,Seal Wear,1.82,6.33
7137,5.86,48.25,90,9.69,110,3573,30,Seal Wear,1.66,42.74
7138,5.92,48.21,100,10.42,112.08,3574,30,Seal Wear,1.83,35.38
7139,5.74,48.21,90,9.82,110,3574,30,Seal Wear,1.5,30.09
7140,5.98,48.46,100,10.39,110,3575,30,Seal Wear,1.72,41.24
7141,5.98,48.46,90,9.79,110.22,3575,30,Seal Wear,2.04,46.25
7142,5.64,48.46,100,9.68,118.29,3576,30,Seal Wear,2.29,10.69
7143,5.77,49.01,90,9.66,112.63,3576,30,Seal Wear,2.44,18.98
7144,5.73,48.77,100,9.95,111.05,3577,30,Seal Wear,1.87,20.92
7145,5.83,49.18,90,10.47,111.84,3577,30,Seal Wear,2.1,32.69
7146,5.54,48.49,100,9.89,115.9,3578,30,Seal Wear,1.66,13.72
7147,5.69,48.3,90,10.19,113.87,3578,30,Seal Wear,2.48,16.89
7148,5.98,48.79,100,10.38,110,3579,30,Seal Wear,1.97,43.43
7149,5.9,47.9,90,10.28,110,3579,30,Seal Wear,2.46,33.1
7150,5.56,47.83,100,9.94,116.71,3580,30,Seal Wear,2.46,11.34
7151,5.61,48.02,90,9.68,114.41,3580,30,Seal Wear,2.05,14.89
7152,5.79,48.25,100,10.33,110.24,3581,30,Seal Wear,2.36,25.84
7153,5.74,48.77,90,10.34,114.43,3581,30,Seal Wear,1.73,22.84
7154,5.76,49.15,100,10.47,114.42,3582,30,Seal Wear,1.85,18.13
7155,5.6,49.22,90,10.48,114.69,3582,30,Seal Wear,2.23,16.38
7156,5.8,49.3,100,10.01,110,3583,30,Seal Wear,1.98,34.64
7157,5.91,48.96,90,9.6,114.25,3583,30,Seal Wear,2.07,34.89
7158,5.78,49.05,100,9.74,110,3584,30,Seal Wear,2.16,22.65
7159,5.99,49.41,90,9.67,111.21,3584,30,Seal Wear,1.96,46.93
7160,5.67,49.66,100,10.23,110.43,3585,30,Seal Wear,1.82,20.12
7161,6.0,49.16,90,9.67,110,3585,30,Seal Wear,1.58,49.76
7162,5.85,48.7,100,9.61,110,3586,30,Seal Wear,1.74,35.28
7163,5.87,48.12,90,9.92,110,3586,30,Seal Wear,2.16,35.93
7164,5.75,48.14,100,10.17,117.53,3587,30,Seal Wear,1.75,20.09
7165,5.79,47.64,90,9.79,112.9,3587,30,Seal Wear,1.56,27.24
7166,5.98,47.26,100,9.54,111.6,3588,30,Seal Wear,2.3,44.55
7167,5.56,47.13,90,10.25,115.61,3588,30,Seal Wear,2.25,14.81
7168,5.97,46.97,100,9.51,110,3589,30,Seal Wear,2.33,43.63
7169,5.89,46.64,90,10.05,110,3589,30,Seal Wear,2.11,43.84
7170,5.71,47.35,100,10.16,111.66,3590,30,Seal Wear,1.77,18.09
7171,5.95,47.26,90,10.32,110,3590,30,Seal Wear,1.78,49.14
7172,5.75,47.3,100,9.53,112.31,3591,30,Seal Wear,1.97,23.77
7173,5.77,47.58,90,10.17,110,3591,30,Seal Wear,2.34,34.31
7174,5.6,47.67,100,9.68,116.68,3592,30,Seal Wear,1.78,8.23
7175,5.81,47.82,90,9.85,110,3592,30,Seal Wear,2.4,40.48
7176,5.85,47.8,100,9.91,110,3593,30,Seal Wear,2.24,42.45
7177,5.74,47.63,90,9.8,111.54,3593,30,Seal Wear,2.25,22.44
7178,5.91,47.69,100,9.68,110,3594,30,Seal Wear,2.41,39.16
7179,5.87,47.6,90,9.66,111.21,3594,30,Seal Wear,1.82,30.18
7180,5.84,47.35,100,9.65,110.97,3595,30,Seal Wear,2.08,41.16
7181,5.64,47.51,90,9.57,114.14,3595,30,Seal Wear,2.12,15.19
7182,5.71,47.73,100,9.73,112.89,3596,30,Seal Wear,2.32,17.94
7183,5.52,47.44,90,9.78,118.17,3596,30,Seal Wear,2.46,7.67
7184,5.92,47.97,100,10.25,110,3597,30,Seal Wear,1.97,48.99
7185,5.88,47.96,90,10.26,112.26,3597,30,Seal Wear,2.38,34.38
7186,5.94,47.92,100,9.62,110,3598,30,Seal Wear,1.52,44.11
7187,5.81,47.59,90,9.73,110,3598,30,Seal Wear,1.73,31.3
7188,5.73,46.86,100,10.29,112.7,3599,30,Seal Wear,1.83,30.63
7189,5.7,46.61,90,9.65,114.64,3599,30,Seal Wear,1.85,23.51
7190,5.58,46.88,100,9.97,114.85,3600,30,Seal Wear,2.15,7.37
7191,5.86,47.01,90,10.41,110,3600,30,Seal Wear,2.15,41.56
7192,5.94,46.95,100,10.44,110.04,3601,30,Seal Wear,2.29,36.61
7193,5.86,46.39,90,9.92,113.33,3601,30,Seal Wear,2.47,32.04
7194,5.85,46.74,100,10.15,115.01,3602,30,Seal Wear,2.43,28.08
7195,5.96,46.99,90,10.24,110,3602,30,Seal Wear,1.91,48.83
7196,5.84,47.02,100,9.86,110.3,3603,30,Seal Wear,2.35,30.23
7197,5.87,47.38,90,10.28,111.34,3603,30,Seal Wear,2.35,33.2
7198,5.7,47.49,100,10.18,112.13,3604,30,Seal Wear,1.58,21.43
7199,5.98,47.91,90,9.96,110,3604,30,Seal Wear,2.1,47.54
7200,5.96,47.31,100,9.95,110,3605,30,Seal Wear,1.58,48.07
7201,5.61,46.98,90,10.31,114.22,3605,30,Seal Wear,2.09,9.36
7202,5.63,46.75,100,10.34,111.17,3606,30,Seal Wear,1.92,21.77
7203,5.59,47.13,90,9.99,113.71,3606,30,Seal Wear,1.97,17.57
7204,5.67,46.46,100,10.34,114.5,3607,30,Seal Wear,2.08,21.6
7205,5.69,46.55,90,9.85,119.71,3607,30,Seal Wear,2.01,9.56
7206,5.75,46.24,100,9.91,111.96,3608,30,Seal Wear,2.27,19.64
7207,5.78,46.17,90,10.49,111.46,3608,30,Seal Wear,1.82,36.84
7208,5.95,45.96,100,10.49,110,3609,30,Seal Wear,1.83,41.19
7209,6.0,46.11,90,9.59,111.52,3609,30,Seal Wear,2.09,41.87
7210,5.72,46.53,100,10.14,114.18,3610,30,Seal Wear,1.61,12.85
7211,5.73,47.21,90,10.29,110.37,3610,30,Seal Wear,2.2,21.59
7212,5.92,46.73,100,10.12,110,3611,30,Seal Wear,1.86,46.18
7213,5.66,46.1,90,10.28,117.53,3611,30,Seal Wear,1.91,21.27
7214,5.64,45.82,100,9.59,118.08,3612,30,Seal Wear,1.85,17.87
7215,5.63,45.72,90,10.2,117.18,3612,30,Seal Wear,2.2,8.18
7216,5.83,46.46,100,10.18,112.02,3613,30,Seal Wear,2.3,30.07
7217,5.8,46.69,90,10.06,113.77,3613,30,Seal Wear,2.4,38.8
7218,5.79,47.1,100,10.3,110,3614,30,Seal Wear,2.2,28.14
7219,5.78,47.01,90,10.44,110.83,3614,30,Seal Wear,1.81,29.7
7220,5.83,47.31,100,10.29,110,3615,30,Seal Wear,2.22,30.85
7221,5.86,47.78,90,10.04,111.69,3615,30,Seal Wear,1.7,33.89
7222,5.57,47.66,100,9.92,117.44,3616,30,Seal Wear,1.67,9.37
7223,5.78,48.1,90,9.51,111.39,3616,30,Seal Wear,1.67,33.41
7224,6.0,48.28,100,9.6,110,3617,30,Seal Wear,1.78,47.8
7225,5.95,48.58,90,9.55,110,3617,30,Seal Wear,1.84,49.42
7226,5.69,48.14,100,9.67,110,3618,30,Seal Wear,1.79,26.98
7227,5.94,47.47,90,9.64,110,3618,30,Seal Wear,1.82,39.34
7228,5.9,47.39,100,9.77,110,3619,30,Seal Wear,2.43,34.56
7229,5.85,47.47,90,9.53,110,3619,30,Seal Wear,2.3,45.19
7230,5.78,47.37,100,9.84,110,3620,30,Seal Wear,1.55,31.18
7231,5.55,47.75,90,9.63,116.94,3620,30,Seal Wear,2.46,13.8
7232,5.81,47.5,100,10.3,112.55,3621,30,Seal Wear,1.8,35.03
7233,5.67,47.26,90,10.13,118.4,3621,30,Seal Wear,2.2,12.09
7234,5.83,47.4,100,9.51,110.4,3622,30,Seal Wear,2.16,25.55
7235,5.69,47.34,90,10.41,114.64,3622,30,Seal Wear,2.21,24.53
7236,6.0,46.92,100,10.26,110,3623,30,Seal Wear,2.37,48.84
7237,6.0,47.01,90,10.38,111.17,3623,30,Seal Wear,1.95,46.82
7238,6.0,47.07,100,9.74,110.25,3624,30,Seal Wear,1.67,45.14
7239,5.78,46.58,90,10.3,113.89,3624,30,Seal Wear,1.67,33.94
7240,5.9,47.13,100,9.72,112.51,3625,30,Seal Wear,2.05,30.64
7241,5.7,47.18,90,9.5,110,3625,30,Seal Wear,2.03,28.4
7242,5.8,47.24,100,9.79,111.02,3626,30,Seal Wear,2.43,35.26
7243,5.77,47.33,90,10.45,118.51,3626,30,Seal Wear,1.61,16.79
7244,5.63,47.73,100,9.54,116.7,3627,30,Seal Wear,1.85,19.92
7245,5.54,48.22,90,10.18,110.4,3627,30,Seal Wear,1.89,12.74
7246,5.65,47.83,100,10.48,112.94,3628,30,Seal Wear,1.56,23.8
7247,5.96,47.74,90,9.95,110,3628,30,Seal Wear,2.34,43.9
7248,5.71,48.28,100,10.25,113.98,3629,30,Seal Wear,1.51,12.87
7249,5.78,48.58,90,9.74,114.89,3629,30,Seal Wear,1.74,24.19
7250,5.54,48.34,100,10.1,119.33,3630,30,Seal Wear,1.52,8.19
7251,6.0,48.25,90,10.01,110,3630,30,Seal Wear,1.84,43.34
7252,5.85,47.68,100,10.0,110,3631,30,Seal Wear,2.11,26.09
7253,5.91,47.92,90,10.41,110,3631,30,Seal Wear,1.97,38.18
7254,5.69,48.05,100,10.16,112.05,3632,30,Seal Wear,2.07,16.33
7255,5.8,48.27,90,9.62,113.93,3632,30,Seal Wear,1.52,31.36
7256,5.76,48.1,100,9.71,115.66,3633,30,Seal Wear,2.16,19.36
7257,5.83,48.09,90,9.57,113.15,3633,30,Seal Wear,1.63,38.24
7258,5.73,48.55,100,10.28,113.37,3634,30,Seal Wear,2.12,18.11
7259,5.87,48.6,90,10.45,110,3634,30,Seal Wear,1.82,30.94
7260,6.0,48.41,100,10.07,112.14,3635,30,Seal Wear,1.52,42.6
7261,5.61,48.76,90,9.71,114.98,3635,30,Seal Wear,1.85,13.76
7262,5.99,49.07,100,9.7,110,3636,30,Seal Wear,2.38,49.67
7263,5.64,48.53,90,9.8,115.24,3636,30,Seal Wear,1.68,21.53
7264,5.62,47.45,100,10.29,114.93,3637,30,Seal Wear,2.0,10.42
7265,5.58,47.15,90,9.65,118.97,3637,30,Seal Wear,2.3,9.77
7266,5.96,46.23,100,9.76,110,3638,30,Seal Wear,1.83,42.04
7267,6.0,46.56,90,10.21,110,3638,30,Seal Wear,2.09,46.91
7268,5.56,46.75,100,9.55,116.38,3639,30,Seal Wear,1.81,5.91
7269,5.81,47.13,90,10.15,111.72,3639,30,Seal Wear,1.9,38.13
7270,5.9,46.24,100,9.74,110,3640,30,Seal Wear,1.55,49.87
7271,5.69,46.71,90,10.15,117.0,3640,30,Seal Wear,2.0,27.26
7272,5.78,46.89,100,9.66,115.04,3641,30,Seal Wear,2.07,28.9
7273,5.52,46.57,90,9.81,117.84,3641,30,Seal Wear,2.1,6.43
7274,5.6,47.13,100,9.79,115.9,3642,30,Seal Wear,1.78,12.21
7275,5.72,47.6,90,9.74,115.12,3642,30,Seal Wear,2.14,17.52
7276,5.83,47.19,100,9.81,110,3643,30,Seal Wear,2.27,41.73
7277,5.59,47.14,90,10.18,112.34,3643,30,Seal Wear,1.68,8.52
7278,5.71,46.96,100,9.75,112.18,3644,30,Seal Wear,1.57,14.1
7279,5.74,46.23,90,10.06,115.34,3644,30,Seal Wear,2.07,22.8
7280,5.58,46.73,100,9.84,118.13,3645,30,Seal Wear,1.68,10.96
7281,5.7,46.6,90,9.76,115.52,3645,30,Seal Wear,1.69,22.39
7282,5.64,45.71,100,9.94,113.84,3646,30,Seal Wear,2.19,23.27
7283,5.93,46.11,90,10.47,110,3646,30,Seal Wear,1.97,44.28
7284,5.65,47.14,100,9.8,117.6,3647,30,Seal Wear,2.13,7.37
7285,5.67,47.28,90,10.05,114.32,3647,30,Seal Wear,2.24,22.56
7286,5.78,47.25,100,10.46,115.99,3648,30,Seal Wear,2.14,22.07
7287,5.52,47.75,90,9.81,117.87,3648,30,Seal Wear,1.97,9.21
7288,5.96,48.07,100,10.27,110,3649,30,Seal Wear,1.57,37.75
7289,5.63,48.44,90,10.36,115.16,3649,30,Seal Wear,1.64,14.85
7290,5.64,48.37,100,10.16,110.48,3650,30,Seal Wear,2.17,17.57
7291,5.75,47.7,90,10.49,110,3650,30,Seal Wear,1.94,29.12
7292,5.64,47.07,100,9.76,119.21,3651,30,Seal Wear,1.55,5.32
7293,5.96,46.73,90,9.9,110,3651,30,Seal Wear,1.94,47.7
7294,5.64,47.43,100,10.04,111.78,3652,30,Seal Wear,1.65,22.35
7295,5.88,47.47,90,9.76,110,3652,30,Seal Wear,2.05,37.53
7296,6.0,47.72,100,9.79,111.74,3653,30,Seal Wear,2.32,47.6
7297,5.68,46.83,90,10.27,110,3653,30,Seal Wear,1.82,26.89
7298,5.55,47.03,100,9.83,117.22,3654,30,Seal Wear,1.91,7.66
7299,5.81,47.45,90,9.59,111.03,3654,30,Seal Wear,2.21,27.4
7300,5.74,47.48,100,9.54,110,3655,30,Seal Wear,2.43,33.21
7301,5.71,47.46,90,10.11,110,3655,30,Seal Wear,1.52,27.57
7302,5.93,47.26,100,9.94,110,3656,30,Seal Wear,1.88,44.51
7303,5.86,47.36,90,10.24,110,3656,30,Seal Wear,1.77,45.67
7304,5.72,48.01,100,10.02,110.89,3657,30,Seal Wear,2.34,20.6
7305,5.59,47.67,90,9.69,115.19,3657,30,Seal Wear,2.25,12.73
7306,5.62,47.61,100,10.06,115.02,3658,30,Seal Wear,1.62,9.48
7307,5.88,47.8,90,9.71,110,3658,30,Seal Wear,1.51,37.56
7308,5.73,48.15,100,9.53,114.46,3659,30,Seal Wear,1.53,18.67
7309,5.68,47.57,90,9.93,114.71,3659,30,Seal Wear,1.86,20.11
7310,5.79,47.31,100,10.49,115.91,3660,30,Seal Wear,1.73,30.34
7311,5.87,46.96,90,9.76,114.07,3660,30,Seal Wear,2.46,32.19
7312,5.64,47.41,100,10.49,113.31,3661,30,Seal Wear,1.86,22.86
7313,5.69,47.8,90,10.04,115.07,3661,30,Seal Wear,1.54,28.52
7314,5.72,48.22,100,9.67,112.81,3662,30,Seal Wear,2.04,27.12
7315,5.8,48.62,90,9.76,110,3662,30,Seal Wear,1.85,31.07
7316,5.82,48.47,100,10.05,110.69,3663,30,Seal Wear,2.16,26.94
7317,5.69,48.33,90,10.04,110,3663,30,Seal Wear,1.76,27.15
7318,5.81,48.72,100,9.95,113.34,3664,30,Seal Wear,1.61,36.95
7319,5.62,48.76,90,9.64,115.5,3664,30,Seal Wear,2.15,18.43
7320,5.96,49.22,100,10.43,110,3665,30,Seal Wear,2.19,38.12
7321,5.91,48.47,90,9.79,113.23,3665,30,Seal Wear,1.6,31.7
7322,5.62,47.72,100,9.87,111.29,3666,30,Seal Wear,1.76,20.73
7323,5.89,47.97,90,9.89,111.2,3666,30,Seal Wear,2.17,31.78
7324,5.47,47.85,100,9.7,118.07,3667,30,Seal Wear,2.11,5.69
7325,5.71,47.59,90,9.7,113.49,3667,30,Seal Wear,2.41,18.7
7326,5.77,47.69,100,10.29,110,3668,30,Seal Wear,1.66,23.18
7327,5.69,47.23,90,10.0,115.7,3668,30,Seal Wear,1.9,16.83
7328,5.63,47.86,100,9.69,117.5,3669,30,Seal Wear,1.6,11.43
7329,5.85,48.07,90,10.49,110.9,3669,30,Seal Wear,1.51,34.5
7330,5.92,47.65,100,9.94,113.93,3670,30,Seal Wear,1.64,33.7
7331,5.59,47.59,90,10.37,115.61,3670,30,Seal Wear,2.47,14.37
7332,5.51,47.66,100,10.34,114.84,3671,30,Seal Wear,2.1,7.82
7333,5.61,47.85,90,10.38,117.43,3671,30,Seal Wear,2.45,6.48
7334,5.91,47.58,100,9.84,110,3672,30,Seal Wear,1.72,44.75
7335,5.92,48.22,90,10.25,110.87,3672,30,Seal Wear,1.52,49.79
7336,5.98,48.64,100,10.34,110,3673,30,Seal Wear,1.88,46.02
7337,5.63,48.43,90,9.99,118.99,3673,30,Seal Wear,1.52,13.57
7338,5.81,48.72,100,10.04,110.13,3674,30,Seal Wear,2.31,40.66
7339,5.8,49.13,90,9.9,113.74,3674,30,Seal Wear,2.08,32.87
7340,5.71,48.31,100,10.09,113.59,3675,30,Seal Wear,1.9,30.88
7341,5.62,48.78,90,9.76,121.27,3675,30,Seal Wear,2.16,9.11
7342,5.85,48.13,100,10.36,110,3676,30,Seal Wear,2.18,40.75
7343,5.7,48.01,90,9.98,116.61,3676,30,Seal Wear,2.14,13.19
7344,5.61,47.77,100,9.88,115.98,3677,30,Seal Wear,2.0,11.52
7345,5.53,48.29,90,10.01,117.4,3677,30,Seal Wear,1.93,12.78
7346,5.58,48.5,100,10.19,119.34,3678,30,Seal Wear,1.79,8.27
7347,5.78,48.88,90,9.92,117.45,3678,30,Seal Wear,2.31,20.1
7348,5.54,48.86,100,10.12,118.57,3679,30,Seal Wear,1.66,6.67
7349,5.81,48.83,90,10.11,110,3679,30,Seal Wear,2.43,40.68
7350,5.63,49.05,100,9.56,112.67,3680,30,Seal Wear,2.37,21.8
7351,5.65,48.69,90,10.27,112.54,3680,30,Seal Wear,2.45,22.1
7352,5.72,48.81,100,9.63,110,3681,30,Seal Wear,1.93,29.09
7353,5.98,47.84,90,10.14,110,3681,30,Seal Wear,2.24,40.39
7354,5.54,48.07,100,9.82,116.57,3682,30,Seal Wear,2.28,8.64
7355,5.83,47.12,90,9.61,110,3682,30,Seal Wear,2.14,28.33
7356,5.84,47.03,100,10.28,115.66,3683,30,Seal Wear,2.46,29.23
7357,6.0,47.17,90,10.05,110,3683,30,Seal Wear,1.54,48.6
7358,5.54,47.36,100,9.92,118.62,3684,30,Seal Wear,1.92,6.52
7359,5.69,47.5,90,10.21,112.79,3684,30,Seal Wear,2.48,19.31
7360,5.59,47.53,100,10.13,111.73,3685,30,Seal Wear,2.15,12.99
7361,5.73,47.14,90,9.63,114.32,3685,30,Seal Wear,2.35,19.54
7362,5.91,47.55,100,9.75,110,3686,30,Seal Wear,1.83,42.23
7363,5.64,47.86,90,9.65,115.86,3686,30,Seal Wear,2.21,9.08
7364,5.67,47.94,100,10.08,116.41,3687,30,Seal Wear,1.5,19.54
7365,5.77,47.31,90,9.66,112.23,3687,30,Seal Wear,2.1,30.75
7366,5.77,47.73,100,9.7,114.67,3688,30,Seal Wear,1.7,21.45
7367,5.52,47.83,90,9.96,120.15,3688,30,Seal Wear,1.99,9.4
7368,5.99,48.04,100,10.07,110,3689,30,Seal Wear,1.66,44.95
7369,6.0,48.26,90,10.36,110,3689,30,Seal Wear,1.57,45.1
7370,5.79,48.71,100,9.71,111.17,3690,30,Seal Wear,2.1,34.56
7371,5.87,48.52,90,9.96,110,3690,30,Seal Wear,1.7,46.43
7372,5.92,48.2,100,9.7,110,3691,30,Seal Wear,2.33,45.9
7373,5.7,47.94,90,10.17,110.67,3691,30,Seal Wear,1.73,18.12
7374,5.64,48.2,100,10.21,114.9,3692,30,Seal Wear,1.79,13.68
7375,5.82,47.83,90,9.8,112.6,3692,30,Seal Wear,2.43,32.35
7376,5.74,47.28,100,9.59,117.01,3693,30,Seal Wear,1.9,15.84
7377,6.0,47.31,90,10.18,110,3693,30,Seal Wear,1.62,47.17
7378,5.57,47.52,100,9.55,119.24,3694,30,Seal Wear,2.08,8.08
7379,5.91,47.49,90,10.47,110,3694,30,Seal Wear,2.21,48.86
7380,5.75,46.87,100,10.12,110,3695,30,Seal Wear,2.07,23.16
7381,5.87,46.67,90,10.05,111.65,3695,30,Seal Wear,1.81,27.14
7382,5.87,46.2,100,9.7,110,3696,30,Seal Wear,2.23,28.44
7383,5.51,46.15,90,10.37,117.36,3696,30,Seal Wear,2.39,5.89
7384,5.79,46.4,100,10.05,110,3697,30,Seal Wear,2.43,34.76
7385,5.56,46.35,90,9.95,120.18,3697,30,Seal Wear,2.15,6.52
7386,5.71,46.46,100,10.12,116.02,3698,30,Seal Wear,2.42,12.37
7387,5.59,46.64,90,9.72,115.97,3698,30,Seal Wear,2.2,16.31
7388,5.96,47.06,100,9.88,110,3699,30,Seal Wear,1.56,48.93
7389,5.66,46.99,90,9.94,114.03,3699,30,Seal Wear,2.22,22.6
7390,5.89,47.32,100,9.72,111.76,3700,30,Seal Wear,2.03,43.56
7391,5.9,47.79,90,9.76,110,3700,30,Seal Wear,2.48,49.05
7392,5.88,48.0,100,9.89,116.07,3701,30,Seal Wear,1.72,30.82
7393,6.0,48.38,90,10.26,110,3701,30,Seal Wear,1.54,47.85
7394,5.58,48.56,100,10.0,116.28,3702,30,Seal Wear,2.19,15.21
7395,5.68,48.87,90,9.88,113.39,3702,30,Seal Wear,1.84,18.86
7396,5.63,49.0,100,10.45,116.33,3703,30,Seal Wear,2.16,14.09
7397,5.59,48.43,90,10.37,112.75,3703,30,Seal Wear,2.18,14.06
7398,5.79,48.78,100,9.58,113.25,3704,30,Seal Wear,2.36,20.49
7399,5.64,49.1,90,10.45,112.71,3704,30,Seal Wear,2.41,14.6
7400,5.59,48.84,100,10.23,114.43,3705,30,Seal Wear,2.41,13.6
7401,5.54,48.58,90,9.52,115.63,3705,30,Seal Wear,2.24,12.26
7402,5.58,48.96,100,10.18,113.72,3706,30,Seal Wear,1.89,15.0
7403,5.82,48.43,90,9.59,110.98,3706,30,Seal Wear,1.98,35.79
7404,5.62,47.97,100,9.66,116.59,3707,30,Seal Wear,2.21,5.28
7405,5.57,47.43,90,10.12,117.65,3707,30,Seal Wear,1.59,10.8
7406,5.8,47.82,100,9.86,110.11,3708,30,Seal Wear,2.3,28.45
7407,5.76,47.07,90,9.52,112.47,3708,30,Seal Wear,1.64,22.15
7408,5.71,46.44,100,10.11,115.19,3709,30,Seal Wear,1.73,20.63
7409,5.77,46.85,90,10.05,115.11,3709,30,Seal Wear,2.34,25.66
7410,5.94,46.79,100,10.3,110,3710,30,Seal Wear,1.59,46.31
7411,5.52,46.97,90,10.19,116.59,3710,30,Seal Wear,2.24,11.55
7412,5.79,46.71,100,9.65,113.96,3711,30,Seal Wear,1.96,29.21
7413,5.66,46.93,90,9.88,114.62,3711,30,Seal Wear,2.05,23.76
7414,5.69,47.39,100,10.4,112.28,3712,30,Seal Wear,1.74,26.62
7415,5.99,47.61,90,9.85,110,3712,30,Seal Wear,2.18,42.83
7416,5.75,48.27,100,10.38,110,3713,30,Seal Wear,1.54,22.87
7417,5.7,48.06,90,9.53,114.74,3713,30,Seal Wear,2.23,20.78
7418,5.78,48.14,100,10.01,111.79,3714,30,Seal Wear,2.26,20.96
7419,5.64,48.56,90,9.84,118.35,3714,30,Seal Wear,2.02,6.75
7420,5.7,48.08,100,10.32,110.31,3715,30,Seal Wear,2.13,28.79
7421,5.81,48.48,90,10.47,110.88,3715,30,Seal Wear,2.3,39.76
7422,5.7,47.72,100,10.01,114.91,3716,30,Seal Wear,1.84,10.04
7423,5.99,47.45,90,9.87,110,3716,30,Seal Wear,2.45,48.75
7424,5.66,47.33,100,10.13,115.31,3717,30,Seal Wear,1.74,21.69
7425,5.91,46.7,90,9.64,111.92,3717,30,Seal Wear,1.64,36.79
7426,5.85,47.07,100,9.8,112.7,3718,30,Seal Wear,1.75,27.32
7427,5.97,46.77,90,10.49,110,3718,30,Seal Wear,1.9,44.81
7428,5.96,46.37,100,9.85,111.33,3719,30,Seal Wear,2.37,41.2
7429,5.79,45.86,90,9.64,114.61,3719,30,Seal Wear,1.69,22.45
7430,5.99,46.05,100,10.46,110,3720,30,Seal Wear,2.31,46.0
7431,5.7,46.08,90,10.12,116.07,3720,30,Seal Wear,2.25,9.85
7432,6.0,45.61,100,9.8,110.28,3721,30,Seal Wear,1.86,46.56
7433,5.84,44.96,90,10.47,110,3721,30,Seal Wear,1.66,40.37
7434,5.6,45.06,100,10.22,116.28,3722,30,Seal Wear,2.18,17.64
7435,5.75,44.78,90,9.62,112.49,3722,30,Seal Wear,2.47,19.05
7436,5.87,44.76,100,10.01,110,3723,30,Seal Wear,1.53,33.67
7437,5.67,44.42,90,9.74,110,3723,30,Seal Wear,1.99,24.33
7438,5.59,45.09,100,10.49,114.44,3724,30,Seal Wear,2.04,7.57
7439,5.58,45.27,90,10.3,115.03,3724,30,Seal Wear,1.96,14.88
7440,5.83,45.54,100,10.48,111.03,3725,30,Seal Wear,1.88,33.95
7441,5.5,45.43,90,9.92,117.24,3725,30,Seal Wear,2.26,9.1
7442,5.85,46.19,100,10.39,110,3726,30,Seal Wear,2.07,41.78
7443,5.66,45.9,90,9.83,112.41,3726,30,Seal Wear,2.06,20.29
7444,6.0,45.49,100,10.22,110,3727,30,Seal Wear,2.05,43.92
7445,5.76,45.68,90,10.3,110,3727,30,Seal Wear,1.89,36.11
7446,5.83,46.31,100,9.56,110,3728,30,Seal Wear,2.16,33.88
7447,5.6,46.68,90,10.4,114.69,3728,30,Seal Wear,2.09,13.08
7448,5.55,46.52,100,10.24,115.88,3729,30,Seal Wear,2.03,13.58
7449,5.92,46.75,90,9.99,110,3729,30,Seal Wear,2.47,40.69
7450,5.88,46.83,100,9.82,114.64,3730,30,Seal Wear,2.08,27.64
7451,5.75,47.12,90,10.07,114.14,3730,30,Seal Wear,1.7,31.3
7452,5.92,46.48,100,9.77,110,3731,30,Seal Wear,2.36,42.4
7453,5.6,46.34,90,9.81,113.03,3731,30,Seal Wear,2.23,13.3
7454,6.0,47.08,100,10.04,110,3732,30,Seal Wear,2.49,47.51
7455,6.0,47.66,90,10.44,110,3732,30,Seal Wear,2.36,47.47
7456,5.5,47.55,100,9.82,114.71,3733,30,Seal Wear,2.06,8.99
7457,5.55,47.07,90,10.44,112.39,3733,30,Seal Wear,2.02,13.87
7458,5.8,47.51,100,10.12,110,3734,30,Seal Wear,2.1,30.39
7459,5.67,46.79,90,9.72,113.84,3734,30,Seal Wear,1.91,14.61
7460,5.85,46.56,100,10.43,110,3735,30,Seal Wear,2.31,32.58
7461,5.83,46.71,90,10.13,113.38,3735,30,Seal Wear,1.6,31.48
7462,5.99,46.27,100,9.78,110.79,3736,30,Seal Wear,1.95,47.1
7463,5.66,46.85,90,10.49,119.35,3736,30,Seal Wear,1.96,13.92
7464,5.63,46.43,100,9.83,110.6,3737,30,Seal Wear,2.18,15.99
7465,5.83,47.29,90,10.44,110.33,3737,30,Seal Wear,2.11,38.88
7466,5.62,47.48,100,10.1,112.56,3738,30,Seal Wear,1.87,11.39
7467,5.55,46.39,90,9.55,112.67,3738,30,Seal Wear,1.78,12.27
7468,5.85,46.95,100,9.74,111.71,3739,30,Seal Wear,2.46,43.59
7469,5.73,47.43,90,9.64,114.4,3739,30,Seal Wear,1.9,31.56
7470,5.74,47.43,100,10.33,110.25,3740,30,Seal Wear,2.19,21.2
7471,6.0,47.3,90,9.91,110,3740,30,Seal Wear,2.02,41.59
7472,5.8,47.22,100,9.86,114.09,3741,30,Seal Wear,1.73,22.41
7473,6.0,46.85,90,9.93,110.13,3741,30,Seal Wear,1.85,48.8
7474,5.89,46.54,100,9.73,110,3742,30,Seal Wear,2.17,38.1
7475,5.6,46.54,90,9.81,115.99,3742,30,Seal Wear,1.95,10.29
7476,5.75,46.73,100,10.33,115.37,3743,30,Seal Wear,2.29,27.88
7477,5.65,46.88,90,9.52,116.81,3743,30,Seal Wear,2.05,10.31
7478,5.59,46.78,100,9.84,113.63,3744,30,Seal Wear,1.81,18.45
7479,5.84,46.41,90,10.46,110,3744,30,Seal Wear,2.02,40.66
7480,5.94,46.44,100,9.87,112.43,3745,30,Seal Wear,2.01,36.04
7481,5.8,46.3,90,9.8,111.08,3745,30,Seal Wear,1.98,27.42
7482,5.7,46.05,100,10.49,113.33,3746,30,Seal Wear,1.89,15.1
7483,5.89,45.92,90,10.42,110,3746,30,Seal Wear,1.62,44.18
7484,5.66,46.48,100,10.47,111.16,3747,30,Seal Wear,2.03,14.7
7485,5.61,46.59,90,9.55,116.95,3747,30,Seal Wear,1.98,13.6
7486,5.76,46.53,100,9.66,115.83,3748,30,Seal Wear,2.25,27.08
7487,6.0,46.99,90,10.27,110,3748,30,Seal Wear,1.8,46.78
7488,5.66,46.72,100,10.47,118.66,3749,30,Seal Wear,1.79,11.57
7489,5.88,46.79,90,9.66,110,3749,30,Seal Wear,2.15,46.08
7490,5.55,47.2,100,9.78,114.37,3750,30,Seal Wear,2.19,10.74
7491,5.64,47.14,90,10.4,118.88,3750,30,Seal Wear,2.47,11.77
7492,5.78,46.99,100,10.17,112.68,3751,30,Seal Wear,1.72,23.61
7493,5.89,47.14,90,9.87,110,3751,30,Seal Wear,2.2,47.54
7494,5.88,46.74,100,10.15,111.64,3752,30,Seal Wear,1.77,29.03
7495,5.96,45.76,90,9.54,110,3752,30,Seal Wear,2.19,49.46
7496,5.99,46.27,100,9.52,111.54,3753,30,Seal Wear,2.32,47.88
7497,5.87,46.9,90,10.45,111.49,3753,30,Seal Wear,2.48,45.32
7498,5.68,46.72,100,9.79,110,3754,30,Seal Wear,1.68,21.51
7499,5.7,47.36,90,10.24,111.3,3754,30,Seal Wear,1.82,28.75
7500,5.71,47.55,100,10.05,113.79,3755,30,Seal Wear,2.19,17.68
7501,5.85,47.44,90,10.47,110,3755,30,Seal Wear,1.97,38.08
7502,5.78,47.18,100,9.51,113.44,3756,30,Seal Wear,1.67,21.74
7503,5.82,47.61,90,9.92,110.82,3756,30,Seal Wear,2.47,25.67
7504,5.56,47.47,100,10.38,116.07,3757,30,Seal Wear,1.56,7.77
7505,5.62,47.06,90,10.34,116.34,3757,30,Seal Wear,1.89,18.69
7506,5.79,46.82,100,10.15,112.69,3758,30,Seal Wear,2.37,36.08
7507,5.97,46.62,90,10.49,110,3758,30,Seal Wear,1.55,37.45
7508,5.85,47.08,100,9.92,110.6,3759,30,Seal Wear,1.63,28.15
7509,5.9,47.07,90,9.58,112.67,3759,30,Seal Wear,2.43,30.8
7510,5.56,47.58,100,10.41,117.33,3760,30,Seal Wear,2.06,9.29
7511,5.82,47.89,90,10.12,110,3760,30,Seal Wear,2.23,33.99
7512,5.87,47.86,100,10.18,110.43,3761,30,Seal Wear,1.66,35.18
7513,5.71,48.22,90,10.19,110,3761,30,Seal Wear,2.38,14.86
7514,5.77,48.16,100,10.36,116.45,3762,30,Seal Wear,2.04,17.89
7515,5.55,47.66,90,9.71,118.4,3762,30,Seal Wear,2.43,9.5
7516,5.73,48.13,100,10.0,117.89,3763,30,Seal Wear,2.0,20.17
7517,5.82,48.57,90,9.74,112.09,3763,30,Seal Wear,2.1,25.24
7518,5.66,48.41,100,10.03,116.21,3764,30,Seal Wear,2.5,20.85
7519,5.76,48.94,90,10.03,110,3764,30,Seal Wear,2.42,30.19
7520,6.0,49.36,100,9.54,110,3765,30,Seal Wear,2.36,49.3
7521,5.79,48.42,90,9.61,110,3765,30,Seal Wear,1.81,33.34
7522,5.48,47.72,100,10.36,115.79,3766,30,Seal Wear,1.69,5.8
7523,5.89,47.42,90,10.3,110,3766,30,Seal Wear,1.91,47.79
7524,5.71,47.84,100,10.05,113.29,3767,30,Seal Wear,1.93,16.83
7525,5.9,47.61,90,9.59,110,3767,30,Seal Wear,2.26,47.09
7526,5.88,47.14,100,10.05,112.62,3768,30,Seal Wear,2.24,30.15
7527,5.84,46.93,90,10.11,114.36,3768,30,Seal Wear,2.02,28.11
7528,5.53,47.45,100,10.08,118.46,3769,30,Seal Wear,1.82,5.18
7529,5.57,48.16,90,9.53,116.33,3769,30,Seal Wear,1.92,5.8
7530,5.77,47.8,100,10.1,114.94,3770,30,Seal Wear,2.27,25.53
7531,5.81,47.69,90,9.73,113.24,3770,30,Seal Wear,1.68,38.68
7532,5.95,47.41,100,10.47,110,3771,30,Seal Wear,1.53,34.55
7533,5.8,47.45,90,10.5,110,3771,30,Seal Wear,1.65,31.03
7534,5.73,47.52,100,9.83,114.19,3772,30,Seal Wear,1.95,30.62
7535,5.84,46.42,90,10.13,110.4,3772,30,Seal Wear,1.52,37.83
7536,5.7,46.77,100,9.51,115.16,3773,30,Seal Wear,2.4,11.8
7537,5.82,47.24,90,9.98,110,3773,30,Seal Wear,2.38,28.36
7538,5.89,47.72,100,9.73,110,3774,30,Seal Wear,2.43,39.71
7539,5.93,47.85,90,10.4,110,3774,30,Seal Wear,1.52,47.22
7540,5.76,47.78,100,9.92,116.36,3775,30,Seal Wear,1.83,17.85
7541,6.0,48.2,90,10.07,110,3775,30,Seal Wear,2.24,49.56
7542,5.56,47.52,100,10.15,116.53,3776,30,Seal Wear,1.61,9.03
7543,5.99,47.88,90,10.22,110,3776,30,Seal Wear,1.52,49.29
7544,5.92,47.45,100,10.43,110,3777,30,Seal Wear,2.48,46.11
7545,5.75,47.77,90,10.33,113.09,3777,30,Seal Wear,1.65,25.7
7546,5.61,47.88,100,10.31,115.57,3778,30,Seal Wear,1.94,6.85
7547,5.7,47.6,90,10.33,111.34,3778,30,Seal Wear,1.9,27.32
7548,5.9,47.58,100,9.9,110,3779,30,Seal Wear,1.81,40.36
7549,5.87,48.11,90,10.16,110,3779,30,Seal Wear,1.64,43.2
7550,5.87,47.23,100,10.28,111.91,3780,30,Seal Wear,1.86,46.76
7551,5.88,46.99,90,10.19,110,3780,30,Seal Wear,1.67,37.04
7552,5.66,47.37,100,10.42,114.34,3781,30,Seal Wear,2.22,25.41
7553,5.82,47.51,90,10.43,112.7,3781,30,Seal Wear,1.78,26.14
7554,5.63,46.97,100,10.1,117.9,3782,30,Seal Wear,1.92,10.57
7555,5.95,47.24,90,9.72,110,3782,30,Seal Wear,2.32,39.35
7556,5.7,47.61,100,9.72,112.13,3783,30,Seal Wear,1.64,29.04
7557,5.74,47.81,90,10.39,112.95,3783,30,Seal Wear,1.99,26.73
7558,5.67,48.16,100,10.04,117.21,3784,30,Seal Wear,1.86,10.02
7559,5.95,48.69,90,9.56,110,3784,30,Seal Wear,2.05,36.05
7560,5.9,48.38,100,10.28,110,3785,30,Seal Wear,1.65,31.1
7561,5.82,47.55,90,10.23,110,3785,30,Seal Wear,1.99,33.68
7562,5.65,47.79,100,10.2,112.28,3786,30,Seal Wear,1.74,20.03
7563,5.77,48.11,90,10.31,111.87,3786,30,Seal Wear,2.23,36.36
7564,5.86,47.96,100,10.07,110.66,3787,30,Seal Wear,2.4,28.98
7565,5.97,48.17,90,9.91,110,3787,30,Seal Wear,2.1,42.31
7566,5.58,47.74,100,9.88,110.17,3788,30,Seal Wear,2.39,16.57
7567,5.96,47.85,90,9.7,110,3788,30,Seal Wear,2.08,40.31
7568,5.86,47.74,100,9.54,111.15,3789,30,Seal Wear,1.92,34.68
7569,5.91,47.67,90,9.62,110,3789,30,Seal Wear,2.3,43.61
7570,5.74,47.7,100,9.55,110.65,3790,30,Seal Wear,1.59,19.82
7571,5.78,47.79,90,10.19,115.1,3790,30,Seal Wear,2.27,26.85
7572,5.79,47.89,100,9.99,113.15,3791,30,Seal Wear,1.56,35.79
7573,5.9,47.8,90,10.42,111.42,3791,30,Seal Wear,2.19,30.36
7574,6.0,47.72,100,10.36,110,3792,30,Seal Wear,1.85,45.28
7575,5.79,47.83,90,10.17,112.13,3792,30,Seal Wear,1.66,19.47
7576,5.96,47.65,100,10.13,110,3793,30,Seal Wear,2.3,47.01
7577,5.86,46.97,90,10.08,110,3793,30,Seal Wear,1.82,45.25
7578,5.9,47.56,100,9.59,110,3794,30,Seal Wear,1.62,48.35
7579,5.87,47.35,90,9.72,110,3794,30,Seal Wear,2.46,46.01
7580,5.83,47.3,100,9.97,112.51,3795,30,Seal Wear,2.2,29.46
7581,5.64,46.85,90,9.98,111.67,3795,30,Seal Wear,1.57,17.05
7582,5.99,46.63,100,9.57,112.33,3796,30,Seal Wear,2.33,39.0
7583,6.0,46.76,90,10.09,110,3796,30,Seal Wear,2.45,49.79
7584,5.81,46.56,100,9.78,111.52,3797,30,Seal Wear,1.57,38.68
7585,5.86,46.89,90,10.3,110,3797,30,Seal Wear,2.08,38.58
7586,5.67,47.19,100,10.36,111.08,3798,30,Seal Wear,1.77,24.5
7587,5.68,47.83,90,10.01,115.02,3798,30,Seal Wear,2.44,12.61
7588,5.62,47.7,100,10.29,111.59,3799,30,Seal Wear,2.02,18.56
7589,5.73,47.62,90,9.69,115.8,3799,30,Seal Wear,2.09,14.4
7590,5.7,47.41,100,10.24,110,3800,30,Seal Wear,2.48,29.2
7591,5.63,47.29,90,9.59,113.94,3800,30,Seal Wear,2.15,6.92
7592,5.84,46.73,100,10.09,110,3801,30,Seal Wear,2.08,37.25
7593,5.56,47.17,90,9.94,115.2,3801,30,Seal Wear,1.62,14.6
7594,6.0,47.11,100,9.72,110.11,3802,30,Seal Wear,2.05,49.8
7595,5.76,46.47,90,9.56,112.58,3802,30,Seal Wear,1.58,25.95
7596,5.74,46.42,100,9.75,114.55,3803,30,Seal Wear,2.11,17.89
7597,5.84,46.7,90,9.55,113.9,3803,30,Seal Wear,2.09,32.52
7598,5.7,46.92,100,9.7,116.37,3804,30,Seal Wear,1.7,17.44
7599,5.8,47.33,90,9.75,115.38,3804,30,Seal Wear,2.44,21.7
7600,5.79,46.82,100,9.76,115.83,3805,30,Seal Wear,1.76,20.39
7601,5.67,47.04,90,9.67,113.54,3805,30,Seal Wear,2.05,8.08
7602,5.85,47.06,100,9.55,110,3806,30,Seal Wear,1.66,37.65
7603,5.62,46.71,90,10.45,116.37,3806,30,Seal Wear,2.33,8.97
7604,5.94,47.3,100,10.25,113.66,3807,30,Seal Wear,2.02,35.6
7605,5.83,47.32,90,10.06,110,3807,30,Seal Wear,2.43,26.93
7606,5.73,47.13,100,9.77,110,3808,30,Seal Wear,1.55,29.44
7607,5.79,47.68,90,10.43,110.37,3808,30,Seal Wear,2.44,34.13
7608,5.86,47.27,100,10.27,110,3809,30,Seal Wear,2.18,30.82
7609,5.62,47.73,90,9.74,117.78,3809,30,Seal Wear,1.58,14.5
7610,5.68,47.83,100,10.01,116.71,3810,30,Seal Wear,2.42,10.25
7611,5.98,47.55,90,9.52,110,3810,30,Seal Wear,1.95,39.52
7612,5.88,47.61,100,10.07,110,3811,30,Seal Wear,1.83,46.17
7613,5.87,47.47,90,10.12,110,3811,30,Seal Wear,2.29,40.1
7614,5.58,47.23,100,10.09,114.67,3812,30,Seal Wear,2.48,17.55
7615,5.63,46.71,90,9.73,112.33,3812,30,Seal Wear,1.8,14.71
7616,5.77,47.05,100,9.89,111.93,3813,30,Seal Wear,2.15,27.37
7617,5.91,47.44,90,9.6,110,3813,30,Seal Wear,1.53,41.95
7618,5.78,48.1,100,9.63,111.41,3814,30,Seal Wear,2.29,25.63
7619,5.79,47.77,90,9.95,116.75,3814,30,Seal Wear,1.83,24.61
7620,5.62,48.52,100,10.4,116.99,3815,30,Seal Wear,2.02,15.47
7621,5.78,48.79,90,10.03,116.55,3815,30,Seal Wear,1.7,17.75
7622,5.85,48.71,100,9.73,112.96,3816,30,Seal Wear,1.61,27.73
7623,5.9,49.11,90,9.97,110,3816,30,Seal Wear,1.68,46.03
7624,5.66,48.9,100,9.67,113.7,3817,30,Seal Wear,2.09,22.85
7625,5.93,48.36,90,9.85,113.76,3817,30,Seal Wear,1.73,36.52
7626,5.72,47.62,100,9.6,113.19,3818,30,Seal Wear,1.6,16.63
7627,6.0,47.42,90,10.22,110,3818,30,Seal Wear,2.1,49.85
7628,5.8,47.75,100,9.6,112.63,3819,30,Seal Wear,1.72,22.71
7629,5.82,47.85,90,9.51,115.47,3819,30,Seal Wear,1.62,22.55
7630,5.76,47.89,100,9.59,112.47,3820,30,Seal Wear,2.33,27.78
7631,5.78,48.19,90,10.13,110,3820,30,Seal Wear,1.87,29.17
7632,5.95,48.77,100,10.09,112.45,3821,30,Seal Wear,2.02,40.57
7633,5.83,48.9,90,10.23,110.3,3821,30,Seal Wear,1.81,32.9
7634,6.0,49.09,100,9.8,110,3822,30,Seal Wear,1.64,46.03
7635,5.89,49.26,90,10.41,110,3822,30,Seal Wear,1.6,32.8
7636,5.54,49.55,100,10.46,118.08,3823,30,Seal Wear,1.96,12.62
7637,5.58,48.44,90,10.16,118.42,3823,30,Seal Wear,2.11,10.08
7638,5.88,48.52,100,9.68,111.06,3824,30,Seal Wear,1.55,37.24
7639,5.68,48.35,90,10.01,115.62,3824,30,Seal Wear,1.7,25.37
7640,5.59,47.84,100,9.87,114.85,3825,30,Seal Wear,1.98,6.63
7641,5.65,48.23,90,9.87,113.32,3825,30,Seal Wear,2.01,22.29
7642,5.61,48.1,100,9.98,116.1,3826,30,Seal Wear,2.42,12.26
7643,5.86,48.4,90,9.52,110,3826,30,Seal Wear,1.81,45.54
7644,5.87,48.22,100,10.3,112.28,3827,30,Seal Wear,1.63,30.53
7645,5.72,48.5,90,10.49,117.53,3827,30,Seal Wear,1.61,13.01
7646,5.81,48.42,100,10.17,116.4,3828,30,Seal Wear,2.11,21.37
7647,5.94,49.07,90,10.05,112.53,3828,30,Seal Wear,1.85,35.34
7648,5.55,48.31,100,10.11,115.44,3829,30,Seal Wear,2.36,15.1
7649,5.65,47.31,90,10.41,113.68,3829,30,Seal Wear,1.86,18.56
7650,5.52,47.83,100,9.54,114.09,3830,30,Seal Wear,2.4,8.58
7651,5.95,47.2,90,10.09,110.34,3830,30,Seal Wear,1.72,45.25
7652,5.85,47.65,100,9.92,110.01,3831,30,Seal Wear,2.3,44.1
7653,5.58,48.07,90,9.9,113.34,3831,30,Seal Wear,2.47,8.68
7654,5.81,48.32,100,9.64,110.64,3832,30,Seal Wear,1.94,35.28
7655,5.76,47.86,90,10.1,113.01,3832,30,Seal Wear,1.58,34.13
7656,5.76,48.59,100,10.4,110.23,3833,30,Seal Wear,1.96,22.58
7657,5.81,47.55,90,9.71,110,3833,30,Seal Wear,1.55,34.51
7658,5.85,47.69,100,9.51,110,3834,30,Seal Wear,1.79,36.9
7659,5.88,48.27,90,9.79,110,3834,30,Seal Wear,1.68,41.01
7660,5.94,48.28,100,10.45,110,3835,30,Seal Wear,2.17,40.99
7661,5.88,48.62,90,10.49,110,3835,30,Seal Wear,2.32,39.64
7662,6.0,48.73,100,9.64,110,3836,30,Seal Wear,1.51,44.72
7663,5.67,48.26,90,10.47,112.6,3836,30,Seal Wear,2.47,22.26
7664,5.57,48.57,100,10.17,112.93,3837,30,Seal Wear,1.63,5.01
7665,5.83,48.65,90,10.03,110.8,3837,30,Seal Wear,2.22,32.83
7666,5.95,49.01,100,10.45,110,3838,30,Seal Wear,2.09,35.2
7667,5.95,48.54,90,10.36,112.35,3838,30,Seal Wear,2.27,35.35
7668,5.94,48.1,100,10.25,110,3839,30,Seal Wear,2.04,43.17
7669,5.52,47.41,90,10.4,119.6,3839,30,Seal Wear,2.07,6.88
7670,5.91,47.56,100,10.03,110,3840,30,Seal Wear,2.33,38.62
7671,5.71,46.68,90,9.54,113.81,3840,30,Seal Wear,1.94,23.85
7672,5.71,46.77,100,9.86,111.98,3841,30,Seal Wear,1.77,21.42
7673,5.92,46.53,90,9.59,110.94,3841,30,Seal Wear,1.72,32.15
7674,5.83,45.88,100,9.94,110,3842,30,Seal Wear,1.9,26.17
7675,5.72,46.38,90,10.29,117.57,3842,30,Seal Wear,1.86,19.07
7676,5.67,46.56,100,10.0,111.62,3843,30,Seal Wear,1.98,24.75
7677,5.69,46.34,90,9.97,112.49,3843,30,Seal Wear,2.38,16.94
7678,5.96,45.8,100,10.41,110,3844,30,Seal Wear,2.06,38.91
7679,5.8,46.11,90,10.16,112.96,3844,30,Seal Wear,1.74,27.02
7680,5.47,46.07,100,10.23,119.16,3845,30,Seal Wear,1.67,5.73
7681,5.5,46.59,90,9.84,115.95,3845,30,Seal Wear,1.59,5.07
7682,5.63,46.42,100,10.24,114.67,3846,30,Seal Wear,2.31,20.99
7683,5.93,45.95,90,9.64,110,3846,30,Seal Wear,1.74,41.9
7684,5.75,46.17,100,9.91,111.08,3847,30,Seal Wear,2.09,26.1
7685,5.8,46.11,90,9.5,112.88,3847,30,Seal Wear,1.82,23.91
7686,5.49,45.4,100,10.43,117.01,3848,30,Seal Wear,1.86,6.67
7687,5.63,45.08,90,10.09,113.03,3848,30,Seal Wear,2.25,17.68
7688,6.0,45.77,100,10.17,110,3849,30,Seal Wear,1.62,46.81
7689,5.48,46.14,90,9.76,115.14,3849,30,Seal Wear,2.12,6.3
7690,5.98,46.25,100,10.23,110,3850,30,Seal Wear,1.53,39.37
7691,5.76,46.24,90,10.25,117.67,3850,30,Seal Wear,2.04,19.24
7692,5.93,45.84,100,9.65,110,3851,30,Seal Wear,1.78,44.36
7693,5.62,45.74,90,9.59,113.98,3851,30,Seal Wear,2.37,21.32
7694,5.54,45.75,100,10.3,115.8,3852,30,Seal Wear,1.72,5.09
7695,6.0,45.49,90,9.76,110,3852,30,Seal Wear,2.01,47.4
7696,5.92,45.97,100,10.43,110,3853,30,Seal Wear,1.73,44.04
7697,5.73,45.81,90,10.31,114.6,3853,30,Seal Wear,1.99,17.64
7698,5.94,46.11,100,10.47,110,3854,30,Seal Wear,2.48,39.91
7699,5.56,45.56,90,9.66,117.17,3854,30,Seal Wear,2.23,11.1
7700,5.9,45.81,100,10.26,114.85,3855,30,Seal Wear,2.22,37.29
7701,5.85,45.47,90,10.2,110.41,3855,30,Seal Wear,2.29,38.21
7702,5.74,46.01,100,9.66,110,3856,30,Seal Wear,1.94,29.68
7703,5.69,45.91,90,10.03,118.34,3856,30,Seal Wear,1.77,11.04
7704,5.92,45.94,100,9.65,112.09,3857,30,Seal Wear,2.12,36.37
7705,5.65,45.5,90,9.6,117.9,3857,30,Seal Wear,1.61,10.35
7706,5.7,45.85,100,9.85,115.09,3858,30,Seal Wear,2.04,12.88
7707,5.92,46.33,90,10.46,110,3858,30,Seal Wear,2.03,43.1
7708,5.51,46.32,100,9.94,115.71,3859,30,Seal Wear,2.39,10.79
7709,5.99,46.77,90,9.68,110,3859,30,Seal Wear,1.7,40.99
7710,5.87,47.31,100,9.85,110,3860,30,Seal Wear,2.49,31.53
7711,5.79,47.14,90,10.34,110,3860,30,Seal Wear,1.51,27.63
7712,5.76,47.71,100,9.66,114.58,3861,30,Seal Wear,2.36,27.02
7713,5.86,48.06,90,10.27,110,3861,30,Seal Wear,2.04,42.01
7714,5.73,48.46,100,10.45,114.85,3862,30,Seal Wear,2.35,14.76
7715,5.68,48.1,90,10.19,117.57,3862,30,Seal Wear,1.97,9.37
7716,5.99,47.84,100,10.18,110,3863,30,Seal Wear,1.57,39.76
7717,5.83,47.49,90,10.08,110,3863,30,Seal Wear,2.25,37.83
7718,5.57,47.58,100,9.81,110.7,3864,30,Seal Wear,2.44,15.94
7719,5.92,47.47,90,10.28,110,3864,30,Seal Wear,1.86,32.78
7720,5.61,47.61,100,10.01,113.3,3865,30,Seal Wear,2.42,17.19
7721,5.85,48.02,90,9.88,110,3865,30,Seal Wear,2.27,30.45
7722,5.86,47.75,100,10.24,110,3866,30,Seal Wear,2.31,38.0
7723,5.82,47.58,90,10.2,110,3866,30,Seal Wear,2.37,39.33
7724,5.8,48.11,100,9.87,110,3867,30,Seal Wear,2.38,36.8
7725,5.57,48.11,90,9.79,115.87,3867,30,Seal Wear,1.59,6.97
7726,5.91,48.33,100,10.1,110,3868,30,Seal Wear,1.52,36.16
7727,5.76,47.94,90,9.94,111.62,3868,30,Seal Wear,2.09,24.93
7728,5.65,47.69,100,10.07,116.27,3869,30,Seal Wear,2.1,15.6
7729,5.96,47.45,90,9.7,111.85,3869,30,Seal Wear,2.36,42.28
7730,5.84,47.75,100,10.06,113.32,3870,30,Seal Wear,2.38,36.8
7731,5.83,48.11,90,9.57,110,3870,30,Seal Wear,1.71,28.94
7732,5.73,48.14,100,10.12,113.65,3871,30,Seal Wear,1.75,13.74
7733,5.71,48.6,90,9.81,112.25,3871,30,Seal Wear,1.85,22.9
7734,5.91,48.56,100,9.55,112.51,3872,30,Seal Wear,1.67,35.69
7735,5.98,47.92,90,10.42,110,3872,30,Seal Wear,2.21,46.05
7736,5.78,48.17,100,9.72,113.64,3873,30,Seal Wear,2.14,18.72
7737,5.66,48.55,90,10.18,113.32,3873,30,Seal Wear,2.43,22.41
7738,5.59,48.64,100,9.76,118.43,3874,30,Seal Wear,2.07,13.43
7739,5.63,48.47,90,9.86,114.81,3874,30,Seal Wear,1.55,5.13
7740,5.81,48.26,100,9.64,110.42,3875,30,Seal Wear,1.5,39.26
7741,5.95,48.53,90,9.73,110,3875,30,Seal Wear,1.86,46.47
7742,5.77,48.57,100,10.48,115.39,3876,30,Seal Wear,1.77,19.17
7743,5.67,49.15,90,10.15,119.84,3876,30,Seal Wear,2.19,9.39
7744,5.7,49.32,100,9.9,113.91,3877,30,Seal Wear,2.03,12.62
7745,5.73,48.93,90,9.82,111.13,3877,30,Seal Wear,1.9,25.85
7746,5.66,49.02,100,9.75,110.97,3878,30,Seal Wear,2.09,16.15
7747,5.49,48.38,90,10.25,119.23,3878,30,Seal Wear,2.38,8.98
7748,5.67,48.45,100,10.17,114.7,3879,30,Seal Wear,2.23,14.59
7749,5.9,48.2,90,9.75,110,3879,30,Seal Wear,2.23,49.02
7750,5.73,47.34,100,10.15,116.2,3880,30,Seal Wear,2.19,21.06
7751,5.59,46.78,90,10.32,111.22,3880,30,Seal Wear,2.21,15.65
7752,5.83,47.06,100,9.72,113.11,3881,30,Seal Wear,1.85,23.64
7753,5.65,46.76,90,9.59,118.22,3881,30,Seal Wear,1.64,13.22
7754,6.0,47.51,100,10.05,111.03,3882,30,Seal Wear,1.89,44.84
7755,5.93,47.31,90,9.63,111.99,3882,30,Seal Wear,2.13,37.66
7756,5.97,47.28,100,10.1,110,3883,30,Seal Wear,1.76,37.86
7757,5.76,47.13,90,10.08,110,3883,30,Seal Wear,2.01,21.81
7758,5.85,47.03,100,10.42,110,3884,30,Seal Wear,2.34,43.11
7759,6.0,47.4,90,10.02,110,3884,30,Seal Wear,2.25,49.74
7760,6.0,46.58,100,10.27,110,3885,30,Seal Wear,2.28,46.24
7761,5.85,47.46,90,10.17,110.13,3885,30,Seal Wear,1.81,42.15
7762,5.91,47.22,100,10.14,110,3886,30,Seal Wear,2.15,34.19
7763,5.6,47.85,90,10.33,113.5,3886,30,Seal Wear,2.46,13.15
7764,5.77,47.65,100,10.0,110,3887,30,Seal Wear,2.36,33.39
7765,5.82,48.3,90,10.36,110,3887,30,Seal Wear,2.49,38.7
7766,5.93,47.69,100,9.86,110.66,3888,30,Seal Wear,1.54,38.39
7767,5.85,47.48,90,10.03,113.33,3888,30,Seal Wear,2.02,30.76
7768,5.78,47.15,100,10.29,110,3889,30,Seal Wear,1.66,30.99
7769,5.62,47.92,90,10.31,111.52,3889,30,Seal Wear,2.27,19.47
7770,5.99,47.91,100,9.75,110.89,3890,30,Seal Wear,2.04,42.3
7771,5.75,47.67,90,9.83,110,3890,30,Seal Wear,1.69,31.44
7772,5.72,48.2,100,10.14,110.42,3891,30,Seal Wear,2.17,22.5
7773,5.73,48.41,90,9.58,113.3,3891,30,Seal Wear,1.51,24.67
7774,5.9,48.55,100,10.27,110.26,3892,30,Seal Wear,1.83,33.82
7775,5.89,47.67,90,10.32,110,3892,30,Seal Wear,1.65,39.54
7776,5.73,48.18,100,9.87,117.39,3893,30,Seal Wear,2.33,22.71
7777,6.0,47.74,90,10.3,110,3893,30,Seal Wear,2.04,43.05
7778,5.76,47.96,100,9.53,114.33,3894,30,Seal Wear,2.24,17.81
7779,6.0,48.12,90,10.31,110,3894,30,Seal Wear,1.65,43.92
7780,5.48,47.55,100,10.03,115.23,3895,30,Seal Wear,2.14,5.29
7781,5.65,48.01,90,10.15,115.22,3895,30,Seal Wear,1.8,7.25
7782,5.71,47.91,100,9.54,113.53,3896,30,Seal Wear,2.17,18.58
7783,5.8,47.75,90,10.08,110.25,3896,30,Seal Wear,2.1,25.48
7784,5.73,48.02,100,10.32,113.59,3897,30,Seal Wear,1.95,15.42
7785,5.82,47.81,90,9.62,116.85,3897,30,Seal Wear,1.58,24.69
7786,5.85,47.63,100,9.67,110,3898,30,Seal Wear,1.62,40.07
7787,5.67,46.63,90,10.46,116.27,3898,30,Seal Wear,1.61,8.35
7788,5.58,47.21,100,10.2,115.91,3899,30,Seal Wear,2.13,14.53
7789,5.81,47.04,90,9.83,110.11,3899,30,Seal Wear,1.84,32.75
7790,5.73,47.33,100,9.97,110.58,3900,30,Seal Wear,1.84,27.1
7791,5.99,47.63,90,9.86,110,3900,30,Seal Wear,1.59,44.09
7792,5.85,47.56,100,9.89,110,3901,30,Seal Wear,2.34,26.47
7793,5.88,47.45,90,10.08,110,3901,30,Seal Wear,2.08,44.92
7794,5.65,47.69,100,9.81,119.1,3902,30,Seal Wear,2.23,14.62
7795,5.8,46.86,90,10.19,114.71,3902,30,Seal Wear,2.2,25.67
7796,5.69,47.18,100,9.65,111.12,3903,30,Seal Wear,1.93,10.35
7797,6.0,46.92,90,10.07,110,3903,30,Seal Wear,1.68,44.71
7798,5.66,46.48,100,9.62,110,3904,30,Seal Wear,1.64,25.8
7799,6.0,46.42,90,10.36,110,3904,30,Seal Wear,2.04,43.27
7800,5.52,46.47,100,9.67,118.31,3905,30,Seal Wear,2.42,10.96
7801,5.9,46.46,90,9.94,114.56,3905,30,Seal Wear,2.14,33.55
7802,5.55,46.93,100,9.69,118.06,3906,30,Seal Wear,1.52,7.96
7803,6.0,47.05,90,10.33,110,3906,30,Seal Wear,2.06,42.67
7804,5.95,47.49,100,10.28,110.01,3907,30,Seal Wear,1.69,41.4
7805,5.69,47.69,90,10.49,114.97,3907,30,Seal Wear,2.25,23.82
7806,5.66,47.61,100,10.45,116.1,3908,30,Seal Wear,1.76,19.26
7807,5.8,47.42,90,10.49,112.67,3908,30,Seal Wear,1.85,35.39
7808,6.0,47.57,100,10.27,110,3909,30,Seal Wear,2.3,44.48
7809,6.0,47.73,90,9.91,110,3909,30,Seal Wear,2.3,48.4
7810,5.92,47.61,100,9.55,114.6,3910,30,Seal Wear,1.99,33.45
7811,5.84,47.82,90,9.54,110,3910,30,Seal Wear,1.95,42.76
7812,5.9,47.78,100,9.88,110,3911,30,Seal Wear,1.79,46.1
7813,5.92,47.49,90,10.29,110,3911,30,Seal Wear,2.35,49.79
7814,5.96,47.37,100,9.81,110,3912,30,Seal Wear,2.4,49.36
7815,5.87,47.49,90,9.73,110,3912,30,Seal Wear,2.08,39.26
7816,5.79,47.03,100,9.63,115.51,3913,30,Seal Wear,2.0,23.1
7817,5.77,47.07,90,9.97,113.18,3913,30,Seal Wear,2.31,27.66
7818,5.63,47.35,100,10.21,114.57,3914,30,Seal Wear,2.13,6.03
7819,5.73,47.33,90,9.99,110,3914,30,Seal Wear,1.53,28.25
7820,5.88,46.97,100,9.68,111.3,3915,30,Seal Wear,2.01,43.65
7821,5.7,46.81,90,9.88,116.81,3915,30,Seal Wear,1.54,14.49
7822,5.71,46.97,100,9.98,112.98,3916,30,Seal Wear,1.86,26.06
7823,5.47,47.06,90,10.47,116.3,3916,30,Seal Wear,2.19,5.55
7824,5.74,46.81,100,10.02,112.6,3917,30,Seal Wear,2.42,26.52
7825,5.81,47.12,90,9.72,110.85,3917,30,Seal Wear,2.46,21.69
7826,5.6,47.82,100,9.52,115.83,3918,30,Seal Wear,2.07,7.55
7827,5.72,47.51,90,10.21,117.64,3918,30,Seal Wear,1.5,24.55
7828,5.84,47.47,100,10.22,111.6,3919,30,Seal Wear,1.97,31.98
7829,5.86,47.29,90,10.07,111.22,3919,30,Seal Wear,1.76,34.65
7830,5.8,47.14,100,9.65,110,3920,30,Seal Wear,1.56,36.42
7831,5.85,46.69,90,9.55,112.71,3920,30,Seal Wear,1.86,33.77
7832,5.62,46.71,100,10.31,114.29,3921,30,Seal Wear,2.3,5.29
7833,5.8,46.87,90,9.7,113.83,3921,30,Seal Wear,2.29,34.82
7834,5.82,46.44,100,10.15,110,3922,30,Seal Wear,1.86,27.79
7835,5.71,46.59,90,10.24,112.73,3922,30,Seal Wear,2.46,29.31
7836,5.55,47.16,100,9.92,118.92,3923,30,Seal Wear,1.64,9.21
7837,5.81,47.11,90,10.03,113.29,3923,30,Seal Wear,1.94,29.75
7838,6.0,47.22,100,10.19,110,3924,30,Seal Wear,2.43,48.53
7839,5.77,47.58,90,9.79,110,3924,30,Seal Wear,2.16,32.18
7840,5.5,47.6,100,9.75,117.51,3925,30,Seal Wear,1.83,5.61
7841,5.62,48.28,90,9.99,110,3925,30,Seal Wear,1.84,19.58
7842,5.78,48.49,100,9.6,113.4,3926,30,Seal Wear,2.25,33.77
7843,5.54,47.94,90,10.08,114.99,3926,30,Seal Wear,2.33,13.47
7844,5.61,48.19,100,9.53,110.9,3927,30,Seal Wear,1.69,19.27
7845,5.85,48.13,90,9.87,110,3927,30,Seal Wear,2.0,38.44
7846,5.87,48.15,100,10.47,113.0,3928,30,Seal Wear,1.66,35.34
7847,6.0,48.65,90,9.96,110,3928,30,Seal Wear,2.17,47.46
7848,5.96,48.11,100,9.82,110,3929,30,Seal Wear,1.77,40.13
7849,5.62,48.43,90,9.64,112.08,3929,30,Seal Wear,1.65,20.62
7850,5.63,48.53,100,9.78,120.57,3930,30,Seal Wear,1.87,9.74
7851,5.64,48.69,90,9.89,114.53,3930,30,Seal Wear,1.61,18.83
7852,5.6,48.84,100,9.58,118.51,3931,30,Seal Wear,1.94,14.99
7853,5.53,48.89,90,10.04,120.01,3931,30,Seal Wear,1.79,7.6
7854,5.57,48.61,100,9.75,114.49,3932,30,Seal Wear,2.48,13.81
7855,5.75,48.14,90,9.87,110.24,3932,30,Seal Wear,2.08,23.28
7856,5.61,47.57,100,10.47,113.46,3933,30,Seal Wear,2.48,16.04
7857,5.69,47.9,90,9.53,114.98,3933,30,Seal Wear,1.74,10.51
7858,5.93,47.83,100,9.95,110,3934,30,Seal Wear,2.37,48.62
7859,5.93,48.27,90,9.99,111.72,3934,30,Seal Wear,2.28,33.59
7860,6.0,48.1,100,10.17,110,3935,30,Seal Wear,2.0,43.04
7861,5.82,48.5,90,9.59,110.7,3935,30,Seal Wear,1.7,22.85
7862,5.76,48.36,100,9.63,112.3,3936,30,Seal Wear,1.75,26.59
7863,5.63,48.8,90,9.64,115.66,3936,30,Seal Wear,1.78,21.44
7864,5.51,48.37,100,10.43,115.18,3937,30,Seal Wear,2.27,9.2
7865,5.54,48.25,90,10.03,119.85,3937,30,Seal Wear,1.64,9.73
7866,5.72,47.71,100,10.39,117.22,3938,30,Seal Wear,2.01,15.87
7867,5.62,47.85,90,10.26,114.86,3938,30,Seal Wear,2.49,16.15
7868,5.79,47.66,100,10.34,110,3939,30,Seal Wear,1.98,36.16
7869,5.64,47.96,90,9.65,116.77,3939,30,Seal Wear,1.98,9.35
7870,5.59,48.52,100,10.49,116.32,3940,30,Seal Wear,2.33,11.38
7871,5.88,49.03,90,10.3,110,3940,30,Seal Wear,1.57,38.51
7872,5.89,49.05,100,9.67,110,3941,30,Seal Wear,2.34,42.75
7873,5.82,49.5,90,9.99,110,3941,30,Seal Wear,1.97,41.12
7874,5.5,49.81,100,10.08,117.76,3942,30,Seal Wear,1.77,7.8
7875,6.0,49.88,90,10.25,110.46,3942,30,Seal Wear,1.98,46.02
7876,5.65,50.2,100,10.49,114.45,3943,30,Seal Wear,2.12,20.67
7877,5.58,49.77,90,10.1,115.85,3943,30,Seal Wear,2.04,14.62
7878,5.66,48.8,100,10.11,118.01,3944,30,Seal Wear,1.66,7.84
7879,5.83,49.16,90,10.08,110,3944,30,Seal Wear,2.34,27.68
7880,5.84,49.36,100,9.54,110,3945,30,Seal Wear,2.25,33.22
7881,5.78,48.83,90,10.47,112.36,3945,30,Seal Wear,1.82,23.14
7882,5.78,49.0,100,9.62,113.57,3946,30,Seal Wear,2.0,19.77
7883,5.95,49.13,90,9.54,110,3946,30,Seal Wear,1.66,49.67
7884,5.85,49.09,100,9.83,110,3947,30,Seal Wear,1.96,35.31
7885,5.8,49.29,90,10.02,110,3947,30,Seal Wear,1.58,39.24
7886,5.89,49.17,100,9.79,112.5,3948,30,Seal Wear,2.12,38.2
7887,5.57,49.07,90,10.38,118.58,3948,30,Seal Wear,2.03,6.81
7888,5.59,48.79,100,10.25,116.88,3949,30,Seal Wear,1.73,8.11
7889,5.54,49.38,90,10.19,111.75,3949,30,Seal Wear,2.06,14.13
7890,5.82,49.39,100,9.67,112.64,3950,30,Seal Wear,1.81,31.73
7891,5.82,49.65,90,9.56,116.12,3950,30,Seal Wear,2.13,22.82
7892,5.92,49.86,100,10.23,110,3951,30,Seal Wear,2.49,34.45
7893,5.72,49.83,90,9.77,111.32,3951,30,Seal Wear,1.64,13.42
7894,5.97,48.78,100,10.18,110,3952,30,Seal Wear,1.7,39.79
7895,5.9,48.84,90,10.25,112.21,3952,30,Seal Wear,1.54,34.02
7896,5.86,48.41,100,9.86,110,3953,30,Seal Wear,1.7,40.83
7897,5.47,48.49,90,10.23,120.21,3953,30,Seal Wear,2.26,5.03
7898,5.65,48.77,100,10.47,112.18,3954,30,Seal Wear,2.17,17.28
7899,5.65,49.34,90,10.48,115.22,3954,30,Seal Wear,1.62,13.8
7900,5.54,49.74,100,9.56,117.29,3955,30,Seal Wear,2.38,12.07
7901,5.73,50.11,90,10.35,110,3955,30,Seal Wear,1.61,18.64
7902,5.89,50.02,100,9.58,110,3956,30,Seal Wear,1.99,35.88
7903,5.79,49.66,90,10.2,111.84,3956,30,Seal Wear,1.6,20.55
7904,5.57,49.67,100,9.82,117.64,3957,30,Seal Wear,1.93,16.07
7905,5.83,49.9,90,10.34,110,3957,30,Seal Wear,1.7,40.44
7906,5.74,49.58,100,10.38,110.96,3958,30,Seal Wear,1.61,31.62
7907,5.85,49.34,90,9.76,110.83,3958,30,Seal Wear,2.19,30.63
7908,5.7,49.43,100,9.52,114.8,3959,30,Seal Wear,2.41,17.06
7909,5.64,48.61,90,10.44,119.67,3959,30,Seal Wear,1.83,7.63
7910,5.83,49.1,100,10.19,113.62,3960,30,Seal Wear,2.22,32.72
7911,5.72,48.78,90,9.86,113.46,3960,30,Seal Wear,2.36,29.13
7912,5.86,49.01,100,9.85,110,3961,30,Seal Wear,1.73,38.89
7913,6.0,49.49,90,9.65,110,3961,30,Seal Wear,1.74,49.24
7914,5.79,49.18,100,10.39,117.78,3962,30,Seal Wear,1.85,20.76
7915,5.95,49.7,90,9.64,110,3962,30,Seal Wear,1.56,38.24
7916,5.78,49.89,100,9.96,110.06,3963,30,Seal Wear,1.98,33.97
7917,5.65,49.27,90,10.11,116.31,3963,30,Seal Wear,2.28,15.76
7918,5.77,49.26,100,9.94,110,3964,30,Seal Wear,1.79,34.75
7919,5.72,48.34,90,9.83,116.69,3964,30,Seal Wear,1.82,25.9
7920,5.96,48.55,100,10.25,110.08,3965,30,Seal Wear,2.04,41.57
7921,5.94,48.65,90,9.67,110.1,3965,30,Seal Wear,1.63,41.43
7922,5.73,48.67,100,10.31,113.02,3966,30,Seal Wear,2.35,18.56
7923,6.0,48.8,90,10.32,110,3966,30,Seal Wear,1.99,46.32
7924,5.68,49.07,100,10.14,118.54,3967,30,Seal Wear,1.66,15.41
7925,5.79,48.71,90,9.96,111.88,3967,30,Seal Wear,2.21,19.56
7926,5.59,48.71,100,10.11,117.01,3968,30,Seal Wear,2.25,6.71
7927,5.88,48.97,90,9.64,110.71,3968,30,Seal Wear,2.38,37.19
7928,5.61,48.05,100,10.11,114.75,3969,30,Seal Wear,1.92,15.24
7929,5.72,48.59,90,9.58,115.14,3969,30,Seal Wear,1.72,12.77
7930,5.85,48.88,100,10.1,110,3970,30,Seal Wear,2.25,37.98
7931,5.83,48.87,90,9.76,110,3970,30,Seal Wear,1.65,31.55
7932,6.0,49.0,100,9.68,110,3971,30,Seal Wear,2.05,43.26
7933,5.54,49.22,90,9.55,112.59,3971,30,Seal Wear,1.63,9.19
7934,5.63,49.58,100,9.99,112.46,3972,30,Seal Wear,2.15,16.82
7935,5.97,48.98,90,9.5,110,3972,30,Seal Wear,2.26,45.07
7936,5.71,49.04,100,9.67,112.12,3973,30,Seal Wear,1.71,28.26
7937,5.94,48.19,90,10.39,110,3973,30,Seal Wear,1.52,35.8
7938,5.59,48.49,100,9.55,117.37,3974,30,Seal Wear,1.74,14.96
7939,6.0,48.67,90,9.97,110,3974,30,Seal Wear,2.05,45.98
7940,5.88,48.3,100,10.09,110,3975,30,Seal Wear,1.71,40.05
7941,5.7,47.33,90,9.83,112.23,3975,30,Seal Wear,1.92,26.35
7942,5.78,46.88,100,10.1,113.65,3976,30,Seal Wear,1.62,19.37
7943,5.54,47.58,90,9.86,115.59,3976,30,Seal Wear,2.23,8.69
7944,5.66,48.16,100,10.24,115.49,3977,30,Seal Wear,1.72,6.28
7945,5.75,48.27,90,9.95,115.9,3977,30,Seal Wear,2.29,26.25
7946,5.87,48.51,100,9.82,110,3978,30,Seal Wear,1.7,46.32
7947,5.63,47.92,90,9.64,116.08,3978,30,Seal Wear,1.74,5.76
7948,5.93,47.77,100,10.06,110,3979,30,Seal Wear,2.15,43.29
7949,5.58,46.89,90,10.42,114.07,3979,30,Seal Wear,1.96,11.71
7950,5.83,46.46,100,9.91,110.04,3980,30,Seal Wear,2.1,26.09
7951,5.81,46.72,90,9.83,110.03,3980,30,Seal Wear,2.1,29.08
7952,5.88,47.12,100,9.58,110,3981,30,Seal Wear,2.43,46.35
7953,5.68,47.06,90,10.27,113.88,3981,30,Seal Wear,1.97,24.92
7954,5.59,46.92,100,10.01,117.06,3982,30,Seal Wear,1.9,7.38
7955,5.76,47.36,90,10.27,117.78,3982,30,Seal Wear,2.36,16.84
7956,5.64,47.0,100,10.1,117.66,3983,30,Seal Wear,1.83,11.39
7957,5.69,46.65,90,10.43,110,3983,30,Seal Wear,2.25,24.42
7958,5.79,47.29,100,9.6,110,3984,30,Seal Wear,2.34,27.47
7959,5.75,47.45,90,10.11,112.62,3984,30,Seal Wear,1.62,28.59
7960,5.68,47.29,100,9.83,113.79,3985,30,Seal Wear,2.05,16.88
7961,5.67,47.99,90,9.97,111.57,3985,30,Seal Wear,2.5,17.74
7962,5.92,48.57,100,10.13,110,3986,30,Seal Wear,1.66,38.27
7963,5.63,48.35,90,9.71,114.44,3986,30,Seal Wear,2.11,16.52
7964,5.78,48.82,100,9.91,110,3987,30,Seal Wear,1.82,30.28
7965,5.67,48.01,90,10.01,117.45,3987,30,Seal Wear,1.75,18.74
7966,5.83,46.99,100,9.51,116.11,3988,30,Seal Wear,2.39,26.05
7967,5.8,46.89,90,10.16,113.87,3988,30,Seal Wear,2.1,31.62
7968,5.88,47.32,100,10.08,110,3989,30,Seal Wear,2.39,44.23
7969,5.62,47.15,90,9.96,115.5,3989,30,Seal Wear,1.6,20.23
7970,5.71,46.71,100,10.47,110.98,3990,30,Seal Wear,1.61,24.41
7971,5.54,45.98,90,10.45,117.39,3990,30,Seal Wear,1.66,11.26
7972,5.94,45.97,100,9.64,110,3991,30,Seal Wear,1.56,43.2
7973,5.57,45.88,90,10.43,115.31,3991,30,Seal Wear,1.79,9.34
7974,5.7,46.03,100,9.72,114.16,3992,30,Seal Wear,2.34,20.81
7975,5.85,45.92,90,10.4,110,3992,30,Seal Wear,2.45,36.97
7976,5.92,45.56,100,10.18,110,3993,30,Seal Wear,1.89,33.93
7977,5.85,46.55,90,9.85,112.88,3993,30,Seal Wear,1.6,32.78
7978,5.55,46.91,100,9.57,117.51,3994,30,Seal Wear,1.91,7.14
7979,6.0,47.32,90,10.33,110,3994,30,Seal Wear,2.48,48.18
7980,5.95,48.06,100,10.21,111.26,3995,30,Seal Wear,1.57,39.97
7981,5.88,48.28,90,10.4,110,3995,30,Seal Wear,1.63,47.46
7982,5.91,47.75,100,10.42,112.41,3996,30,Seal Wear,1.8,38.56
7983,5.88,48.07,90,10.29,110,3996,30,Seal Wear,2.27,38.62
7984,6.0,47.79,100,9.92,110,3997,30,Seal Wear,2.44,45.29
7985,5.93,47.74,90,10.32,111.92,3997,30,Seal Wear,1.82,40.31
7986,5.9,47.58,100,9.52,110,3998,30,Seal Wear,1.63,39.09
7987,5.73,47.42,90,10.23,112.36,3998,30,Seal Wear,1.67,31.94
7988,5.68,47.39,100,9.54,114.8,3999,30,Seal Wear,2.28,19.37
7989,5.97,47.19,90,10.19,111.43,3999,30,Seal Wear,1.82,43.31
7990,5.64,46.59,100,10.3,111.49,4000,30,Seal Wear,1.89,10.36
7991,5.69,47.14,90,9.95,118.01,4000,30,Seal Wear,2.25,14.84
7992,6.0,47.17,100,10.32,110,4001,30,Seal Wear,2.12,40.43
7993,5.71,46.43,90,10.49,114.3,4001,30,Seal Wear,2.28,28.62
7994,5.76,46.12,100,10.15,110.52,4002,30,Seal Wear,1.89,33.09
7995,5.57,46.6,90,9.78,111.86,4002,30,Seal Wear,1.86,11.56
7996,5.71,45.94,100,9.56,115.26,4003,30,Seal Wear,1.69,20.99
7997,6.0,46.71,90,10.35,110,4003,30,Seal Wear,2.19,50.0
7998,5.97,46.92,100,9.69,110,4004,30,Seal Wear,2.49,43.51
7999,5.55,47.57,90,10.39,116.14,4004,30,Seal Wear,2.14,12.62
8000,5.77,47.61,100,9.67,115.28,4005,30,Seal Wear,2.11,27.57
8001,5.85,47.64,90,9.89,110,4005,30,Seal Wear,1.69,28.95
8002,5.75,47.33,100,9.95,112.36,4006,30,Seal Wear,2.24,23.8
8003,5.78,47.16,90,10.29,111.38,4006,30,Seal Wear,2.0,25.39
8004,5.68,46.46,100,10.47,110,4007,30,Seal Wear,2.07,24.67
8005,5.62,46.23,90,10.03,113.2,4007,30,Seal Wear,2.0,7.64
8006,5.58,46.05,100,10.45,115.92,4008,30,Seal Wear,1.88,6.78
8007,6.0,46.19,90,9.86,110,4008,30,Seal Wear,1.82,49.35
8008,5.67,46.44,100,10.21,118.35,4009,30,Seal Wear,2.17,13.6
8009,5.64,45.66,90,9.91,112.88,4009,30,Seal Wear,2.18,17.74
8010,5.55,45.37,100,10.48,117.85,4010,30,Seal Wear,2.15,14.62
8011,5.74,45.6,90,10.29,115.1,4010,30,Seal Wear,2.42,16.61
8012,5.58,46.4,100,9.76,116.48,4011,30,Seal Wear,1.99,17.0
8013,5.62,47.14,90,10.01,117.13,4011,30,Seal Wear,1.61,7.1
8014,5.98,47.35,100,9.72,110,4012,30,Seal Wear,1.64,41.58
8015,5.63,46.78,90,9.95,115.8,4012,30,Seal Wear,2.28,21.31
8016,5.8,46.57,100,9.8,110,4013,30,Seal Wear,2.22,38.13
8017,5.72,46.88,90,9.52,113.2,4013,30,Seal Wear,2.27,23.81
8018,5.98,47.01,100,9.85,110,4014,30,Seal Wear,1.81,41.3
8019,5.81,47.02,90,10.06,111.48,4014,30,Seal Wear,1.56,29.6
8020,5.75,47.3,100,10.22,110.73,4015,30,Seal Wear,2.47,25.49
8021,5.58,46.94,90,10.29,115.87,4015,30,Seal Wear,2.45,12.24
8022,5.63,47.31,100,9.9,115.85,4016,30,Seal Wear,2.29,14.79
8023,5.92,47.74,90,10.07,110,4016,30,Seal Wear,1.87,40.9
8024,5.89,47.97,100,10.18,110.75,4017,30,Seal Wear,1.98,34.82
8025,5.54,48.0,90,10.47,116.6,4017,30,Seal Wear,2.17,8.15
8026,5.54,48.17,100,10.43,115.19,4018,30,Seal Wear,1.98,9.53
8027,5.75,48.01,90,10.26,118.56,4018,30,Seal Wear,1.58,15.15
8028,5.81,47.52,100,9.55,113.86,4019,30,Seal Wear,1.64,28.08
8029,5.99,47.58,90,9.9,110,4019,30,Seal Wear,2.31,44.59
8030,5.92,48.18,100,9.5,110,4020,30,Seal Wear,1.81,46.74
8031,5.81,48.41,90,10.33,112.66,4020,30,Seal Wear,1.68,33.2
8032,5.64,48.9,100,9.9,117.72,4021,30,Seal Wear,2.18,19.55
8033,5.8,49.14,90,9.7,111.77,4021,30,Seal Wear,2.11,22.81
8034,5.77,49.57,100,9.95,113.89,4022,30,Seal Wear,1.66,22.09
8035,5.88,49.94,90,10.14,115.5,4022,30,Seal Wear,2.16,31.07
8036,5.78,50.22,100,9.64,110,4023,30,Seal Wear,2.26,36.04
8037,5.7,50.23,90,10.12,111.81,4023,30,Seal Wear,1.66,29.24
8038,5.48,50.55,100,10.27,116.83,4024,30,Seal Wear,2.27,7.23
8039,5.67,49.78,90,9.84,111.03,4024,30,Seal Wear,2.19,17.82
8040,5.91,49.4,100,10.29,110,4025,30,Seal Wear,1.98,49.48
8041,5.75,49.3,90,9.57,111.55,4025,30,Seal Wear,2.02,25.59
8042,5.73,48.64,100,10.05,113.82,4026,30,Seal Wear,1.9,13.2
8043,5.55,48.14,90,9.99,119.0,4026,30,Seal Wear,1.97,11.65
8044,5.79,47.88,100,9.96,114.46,4027,30,Seal Wear,2.26,25.47
8045,5.51,47.3,90,9.85,112.85,4027,30,Seal Wear,1.89,10.15
8046,5.84,46.71,100,9.68,113.77,4028,30,Seal Wear,2.3,24.68
8047,5.75,47.0,90,10.23,112.84,4028,30,Seal Wear,1.72,19.7
8048,5.77,47.39,100,10.15,110.72,4029,30,Seal Wear,1.65,33.75
8049,5.72,46.93,90,9.68,117.73,4029,30,Seal Wear,1.56,14.1
8050,6.0,47.11,100,10.49,110,4030,30,Seal Wear,2.12,48.48
8051,5.79,47.27,90,10.3,114.32,4030,30,Seal Wear,2.2,36.84
8052,5.66,47.84,100,10.42,113.19,4031,30,Seal Wear,1.51,6.81
8053,5.7,47.89,90,10.03,111.41,4031,30,Seal Wear,1.65,28.17
8054,5.75,48.46,100,9.84,116.06,4032,30,Seal Wear,2.38,22.09
8055,5.98,48.43,90,9.97,110,4032,30,Seal Wear,1.53,50.0
8056,5.76,48.75,100,10.37,114.06,4033,30,Seal Wear,1.69,25.7
8057,5.9,48.75,90,10.36,110,4033,30,Seal Wear,1.92,37.83
8058,5.76,49.12,100,10.45,115.26,4034,30,Seal Wear,2.03,16.39
8059,5.81,49.13,90,10.12,112.2,4034,30,Seal Wear,1.98,23.22
8060,5.77,49.17,100,9.65,111.54,4035,30,Seal Wear,1.71,32.2
8061,5.84,48.29,90,10.06,111.67,4035,30,Seal Wear,1.94,30.32
8062,5.62,48.02,100,9.73,114.32,4036,30,Seal Wear,1.85,12.08
8063,5.62,47.41,90,9.92,118.99,4036,30,Seal Wear,1.9,8.34
8064,5.81,47.75,100,9.62,114.15,4037,30,Seal Wear,1.99,26.83
8065,5.89,47.33,90,9.84,110,4037,30,Seal Wear,1.87,33.61
8066,5.88,47.52,100,10.41,110,4038,30,Seal Wear,1.68,42.52
8067,5.66,47.1,90,10.43,115.24,4038,30,Seal Wear,1.61,13.51
8068,5.94,46.97,100,9.71,110,4039,30,Seal Wear,1.67,36.71
8069,5.6,46.81,90,10.0,110,4039,30,Seal Wear,2.18,19.73
8070,5.9,46.25,100,9.79,110,4040,30,Seal Wear,2.25,42.06
8071,5.92,46.13,90,10.26,110,4040,30,Seal Wear,2.45,36.7
8072,5.99,46.44,100,9.51,110,4041,30,Seal Wear,1.85,45.4
8073,5.86,45.54,90,9.9,110,4041,30,Seal Wear,1.77,45.72
8074,5.79,45.54,100,9.67,110.81,4042,30,Seal Wear,1.89,27.98
8075,5.56,46.4,90,9.59,119.62,4042,30,Seal Wear,1.63,6.94
8076,5.77,45.95,100,10.32,111.35,4043,30,Seal Wear,2.0,31.12
8077,5.95,46.37,90,9.51,110,4043,30,Seal Wear,2.11,43.54
8078,5.66,46.63,100,10.2,111.98,4044,30,Seal Wear,1.71,22.64
8079,5.64,47.22,90,9.59,115.69,4044,30,Seal Wear,2.04,14.35
8080,5.8,47.58,100,9.58,112.4,4045,30,Seal Wear,2.45,32.81
8081,5.68,47.99,90,9.93,113.43,4045,30,Seal Wear,1.93,20.53
8082,5.62,48.15,100,10.22,116.35,4046,30,Seal Wear,1.93,11.03
8083,5.91,47.19,90,10.45,110.21,4046,30,Seal Wear,1.94,31.5
8084,5.75,47.71,100,9.64,115.27,4047,30,Seal Wear,2.44,16.09
8085,5.61,47.58,90,9.92,111.21,4047,30,Seal Wear,2.22,18.55
8086,5.74,47.18,100,9.52,110.47,4048,30,Seal Wear,1.68,32.6
8087,5.65,47.8,90,9.99,117.15,4048,30,Seal Wear,1.57,12.72
8088,5.87,48.39,100,10.44,111.99,4049,30,Seal Wear,1.84,31.61
8089,5.77,48.28,90,9.56,110.23,4049,30,Seal Wear,1.83,25.97
8090,5.87,47.24,100,9.65,110.15,4050,30,Seal Wear,1.85,27.82
8091,5.58,46.81,90,9.62,113.82,4050,30,Seal Wear,2.28,7.84
8092,5.82,46.95,100,10.01,110.88,4051,30,Seal Wear,1.97,32.69
8093,5.89,47.29,90,9.57,115.02,4051,30,Seal Wear,1.7,29.62
8094,6.0,47.17,100,10.02,110,4052,30,Seal Wear,2.42,43.29
8095,5.93,47.25,90,9.99,110,4052,30,Seal Wear,1.96,39.15
8096,5.73,47.82,100,10.01,110,4053,30,Seal Wear,1.93,27.15
8097,6.0,46.89,90,9.76,110,4053,30,Seal Wear,1.75,45.27
8098,5.88,47.41,100,9.52,110.12,4054,30,Seal Wear,2.11,34.6
8099,5.74,46.85,90,9.52,110.08,4054,30,Seal Wear,2.34,30.14
8100,5.75,46.96,100,9.71,112.64,4055,30,Seal Wear,1.55,16.12
8101,5.85,47.66,90,9.87,112.28,4055,30,Seal Wear,1.67,35.48
8102,5.62,48.2,100,10.25,115.27,4056,30,Seal Wear,2.1,9.14
8103,5.75,48.26,90,9.85,113.41,4056,30,Seal Wear,1.63,25.43
8104,5.9,48.59,100,10.08,110,4057,30,Seal Wear,2.33,49.63
8105,5.83,48.15,90,10.14,115.88,4057,30,Seal Wear,1.6,25.37
8106,5.96,47.91,100,10.36,110,4058,30,Seal Wear,2.49,36.46
8107,5.84,48.04,90,10.38,110,4058,30,Seal Wear,1.64,44.02
8108,5.77,47.37,100,10.49,115.36,4059,30,Seal Wear,1.99,33.92
8109,5.79,47.37,90,9.59,117.38,4059,30,Seal Wear,1.84,21.7
8110,6.0,47.52,100,9.52,110,4060,30,Seal Wear,1.83,41.48
8111,5.79,47.32,90,10.3,110,4060,30,Seal Wear,1.82,33.27
8112,5.52,46.84,100,10.42,120.31,4061,30,Seal Wear,2.45,8.99
8113,6.0,46.64,90,9.63,110,4061,30,Seal Wear,1.94,49.63
8114,6.0,47.31,100,10.35,110,4062,30,Seal Wear,1.98,44.18
8115,5.92,47.03,90,9.66,110,4062,30,Seal Wear,2.19,44.41
8116,5.84,47.01,100,9.75,110,4063,30,Seal Wear,2.29,42.29
8117,5.84,47.68,90,10.41,110.88,4063,30,Seal Wear,1.98,42.74
8118,6.0,47.84,100,9.56,110.14,4064,30,Seal Wear,2.34,44.03
8119,5.75,47.95,90,10.26,110.46,4064,30,Seal Wear,1.92,21.22
8120,5.69,48.35,100,9.93,111.55,4065,30,Seal Wear,2.46,23.5
8121,5.96,48.82,90,10.04,110.9,4065,30,Seal Wear,2.16,46.35
8122,5.56,48.98,100,10.39,117.5,4066,30,Seal Wear,2.24,7.8
8123,5.63,48.18,90,10.29,113.31,4066,30,Seal Wear,1.74,18.25
8124,5.67,48.69,100,9.66,118.09,4067,30,Seal Wear,2.03,10.62
8125,5.81,48.75,90,9.52,113.84,4067,30,Seal Wear,1.61,21.46
8126,5.79,48.81,100,10.08,115.51,4068,30,Seal Wear,1.69,31.75
8127,5.83,48.98,90,10.35,110.75,4068,30,Seal Wear,1.78,41.67
8128,5.61,49.03,100,10.17,110.12,4069,30,Seal Wear,2.27,17.9
8129,5.79,48.91,90,10.18,111.46,4069,30,Seal Wear,1.82,26.21
8130,5.62,49.07,100,9.87,111.85,4070,30,Seal Wear,1.6,15.06
8131,5.73,49.17,90,10.18,110,4070,30,Seal Wear,1.53,33.29
8132,5.84,49.33,100,10.48,110,4071,30,Seal Wear,1.51,36.3
8133,5.51,48.76,90,10.11,115.48,4071,30,Seal Wear,2.1,5.75
8134,5.83,48.67,100,10.21,110,4072,30,Seal Wear,1.81,38.21
8135,6.0,49.08,90,9.86,110,4072,30,Seal Wear,2.21,41.07
8136,5.92,48.1,100,10.33,110,4073,30,Seal Wear,2.18,46.22
8137,5.85,48.19,90,10.13,114.41,4073,30,Seal Wear,1.51,32.97
8138,5.83,48.35,100,9.86,110,4074,30,Seal Wear,1.96,30.31
8139,5.95,47.98,90,10.36,111.65,4074,30,Seal Wear,2.21,38.84
8140,5.64,48.0,100,10.2,114.83,4075,30,Seal Wear,2.17,13.64
8141,5.99,48.43,90,10.27,110,4075,30,Seal Wear,1.58,42.67
8142,5.58,47.7,100,9.62,118.32,4076,30,Seal Wear,1.87,13.16
8143,5.81,47.43,90,10.05,116.05,4076,30,Seal Wear,1.52,31.77
8144,5.68,47.75,100,9.78,114.57,4077,30,Seal Wear,1.72,23.62
8145,5.72,48.31,90,9.95,111.28,4077,30,Seal Wear,1.84,23.33
8146,5.61,47.99,100,10.37,114.99,4078,30,Seal Wear,2.31,17.76
8147,5.93,47.89,90,9.94,110,4078,30,Seal Wear,2.18,45.61
8148,5.66,47.8,100,10.25,114.69,4079,30,Seal Wear,1.96,21.86
8149,5.74,48.35,90,10.04,113.73,4079,30,Seal Wear,1.95,27.25
8150,5.84,48.36,100,9.72,114.63,4080,30,Seal Wear,2.28,25.15
8151,5.82,48.45,90,10.24,111.47,4080,30,Seal Wear,1.96,34.95
8152,5.69,48.22,100,9.69,117.19,4081,30,Seal Wear,1.58,11.62
8153,5.81,48.18,90,9.52,114.55,4081,30,Seal Wear,2.15,22.57
8154,5.85,48.38,100,10.48,110,4082,30,Seal Wear,2.45,38.0
8155,5.95,47.43,90,9.61,110.25,4082,30,Seal Wear,2.37,42.71
8156,5.9,47.03,100,10.15,112.94,4083,30,Seal Wear,1.78,38.46
8157,5.87,47.19,90,9.92,111.86,4083,30,Seal Wear,2.43,33.2
8158,6.0,47.4,100,10.28,110,4084,30,Seal Wear,1.97,47.65
8159,5.68,47.92,90,10.47,111.96,4084,30,Seal Wear,1.9,21.81
8160,5.67,47.69,100,10.21,113.29,4085,30,Seal Wear,1.86,26.51
8161,5.65,47.7,90,9.67,118.03,4085,30,Seal Wear,2.32,8.48
8162,5.97,48.1,100,10.35,110,4086,30,Seal Wear,2.4,38.94
8163,5.84,48.06,90,9.53,110,4086,30,Seal Wear,2.29,41.18
8164,5.74,47.61,100,10.23,113.87,4087,30,Seal Wear,2.14,28.49
8165,5.73,47.21,90,10.41,111.65,4087,30,Seal Wear,2.45,22.17
8166,5.65,46.85,100,9.64,117.54,4088,30,Seal Wear,2.26,20.79
8167,5.92,47.13,90,10.2,110,4088,30,Seal Wear,1.67,48.93
8168,5.69,47.42,100,9.74,110.58,4089,30,Seal Wear,2.43,21.16
8169,5.81,47.37,90,10.33,113.09,4089,30,Seal Wear,1.63,29.92
8170,5.71,46.64,100,9.93,110.99,4090,30,Seal Wear,1.77,19.5
8171,5.66,46.83,90,10.08,111.38,4090,30,Seal Wear,2.08,13.49
8172,5.83,46.77,100,9.56,111.71,4091,30,Seal Wear,1.83,26.95
8173,5.79,47.14,90,10.5,112.98,4091,30,Seal Wear,2.33,31.86
8174,5.72,47.53,100,10.04,110.78,4092,30,Seal Wear,2.46,29.17
8175,6.0,47.67,90,10.08,110,4092,30,Seal Wear,2.16,48.95
8176,5.67,48.04,100,10.34,115.43,4093,30,Seal Wear,1.78,14.94
8177,5.87,48.01,90,9.59,111.85,4093,30,Seal Wear,1.76,29.58
8178,5.9,48.32,100,9.92,110,4094,30,Seal Wear,2.43,34.93
8179,5.9,48.48,90,9.94,110,4094,30,Seal Wear,2.2,36.49
8180,5.6,48.63,100,9.67,116.91,4095,30,Seal Wear,2.34,8.44
8181,5.61,48.19,90,9.78,111.44,4095,30,Seal Wear,1.56,19.83
8182,5.71,47.59,100,9.83,114.46,4096,30,Seal Wear,1.97,28.42
8183,5.98,47.75,90,9.76,110,4096,30,Seal Wear,1.92,46.59
8184,5.62,48.11,100,10.02,115.42,4097,30,Seal Wear,2.31,19.65
8185,5.57,47.83,90,9.62,118.67,4097,30,Seal Wear,1.7,7.33
8186,5.55,47.24,100,10.4,117.82,4098,30,Seal Wear,1.95,5.25
8187,5.71,47.44,90,10.04,110.69,4098,30,Seal Wear,2.33,27.54
8188,5.72,46.95,100,10.31,113.99,4099,30,Seal Wear,2.22,18.58
8189,5.64,46.77,90,10.17,118.04,4099,30,Seal Wear,1.92,9.53
8190,5.9,46.68,100,10.48,110,4100,30,Seal Wear,2.29,35.4
8191,5.65,46.27,90,9.7,119.18,4100,30,Seal Wear,1.62,6.69
8192,5.75,46.82,100,9.95,111.45,4101,30,Seal Wear,1.89,32.78
8193,5.91,47.31,90,10.19,110,4101,30,Seal Wear,1.73,45.25
8194,5.98,47.46,100,10.14,110,4102,30,Seal Wear,1.54,48.68
8195,5.83,47.26,90,10.23,111.42,4102,30,Seal Wear,1.52,36.32
8196,5.68,47.31,100,9.87,113.88,4103,30,Seal Wear,2.01,14.81
8197,5.81,47.19,90,9.84,111.62,4103,30,Seal Wear,2.12,40.99
8198,5.46,47.04,100,10.41,113.22,4104,30,Seal Wear,2.25,5.4
8199,5.99,47.66,90,9.55,110,4104,30,Seal Wear,2.15,46.46
8200,5.89,47.73,100,10.2,110,4105,30,Seal Wear,1.84,34.66
8201,5.85,47.32,90,9.66,110,4105,30,Seal Wear,1.88,30.47
8202,5.99,47.42,100,10.01,110.53,4106,30,Seal Wear,2.37,39.88
8203,5.83,47.35,90,10.22,110,4106,30,Seal Wear,1.8,38.67
8204,5.89,46.76,100,9.75,110,4107,30,Seal Wear,2.36,39.56
8205,5.81,46.58,90,10.49,116.64,4107,30,Seal Wear,2.47,24.89
8206,5.83,46.84,100,9.73,110,4108,30,Seal Wear,2.22,28.27
8207,5.72,46.2,90,10.2,115.17,4108,30,Seal Wear,1.97,13.43
8208,5.95,47.02,100,10.11,110,4109,30,Seal Wear,2.1,37.81
8209,5.77,46.64,90,9.55,110,4109,30,Seal Wear,2.35,32.4
8210,5.79,46.98,100,9.77,113.2,4110,30,Seal Wear,2.13,23.11
8211,5.71,47.06,90,10.11,112.71,4110,30,Seal Wear,1.57,28.57
8212,5.94,47.1,100,9.97,110,4111,30,Seal Wear,1.97,43.84
8213,5.96,46.52,90,10.01,110,4111,30,Seal Wear,2.32,45.9
8214,5.9,46.67,100,9.59,110,4112,30,Seal Wear,1.66,39.43
8215,5.93,46.69,90,10.02,111.51,4112,30,Seal Wear,2.02,35.63
8216,5.93,47.28,100,9.82,112.91,4113,30,Seal Wear,1.75,33.67
8217,5.53,47.16,90,9.51,115.96,4113,30,Seal Wear,2.15,10.27
8218,5.61,47.58,100,10.12,117.71,4114,30,Seal Wear,1.81,7.58
8219,5.86,47.9,90,9.79,112.45,4114,30,Seal Wear,1.54,33.74
8220,5.62,48.12,100,9.8,115.83,4115,30,Seal Wear,1.77,13.17
8221,5.79,48.7,90,9.96,115.29,4115,30,Seal Wear,1.99,21.79
8222,5.68,48.19,100,9.76,113.27,4116,30,Seal Wear,1.65,16.88
8223,5.93,48.32,90,10.22,110,4116,30,Seal Wear,1.95,42.28
8224,5.8,48.2,100,9.68,110.06,4117,30,Seal Wear,2.36,33.81
8225,5.71,47.57,90,9.69,116.29,4117,30,Seal Wear,2.35,29.45
8226,5.72,46.94,100,9.91,112.19,4118,30,Seal Wear,2.36,13.63
8227,5.9,46.79,90,9.66,110,4118,30,Seal Wear,1.81,46.1
8228,5.74,47.28,100,9.76,111.54,4119,30,Seal Wear,1.84,24.79
8229,6.0,47.25,90,9.55,110,4119,30,Seal Wear,1.6,49.37
8230,5.8,47.3,100,10.18,113.81,4120,30,Seal Wear,1.53,25.09
8231,5.73,47.47,90,9.84,112.21,4120,30,Seal Wear,2.02,29.23
8232,5.7,47.05,100,10.25,116.87,4121,30,Seal Wear,2.34,12.51
8233,5.56,46.83,90,10.04,112.81,4121,30,Seal Wear,2.01,15.89
8234,5.84,46.52,100,9.73,110,4122,30,Seal Wear,1.69,42.37
8235,5.91,46.38,90,9.88,112.79,4122,30,Seal Wear,1.89,43.34
8236,5.67,45.86,100,9.96,116.0,4123,30,Seal Wear,1.99,14.72
8237,5.83,46.34,90,10.21,110,4123,30,Seal Wear,2.36,42.18
8238,5.72,46.04,100,10.47,112.55,4124,30,Seal Wear,1.86,27.22
8239,5.64,45.56,90,10.29,117.44,4124,30,Seal Wear,1.94,7.15
8240,5.5,44.89,100,10.02,118.54,4125,30,Seal Wear,1.93,7.14
8241,5.78,45.25,90,10.3,115.34,4125,30,Seal Wear,1.84,18.0
8242,5.56,45.72,100,9.8,117.25,4126,30,Seal Wear,2.36,15.71
8243,5.88,45.77,90,9.99,110,4126,30,Seal Wear,2.32,41.25
8244,5.63,45.91,100,9.95,112.88,4127,30,Seal Wear,2.04,10.15
8245,6.0,46.3,90,9.63,110,4127,30,Seal Wear,1.61,48.69
8246,5.85,45.83,100,10.06,110.77,4128,30,Seal Wear,2.43,32.31
8247,5.81,45.84,90,9.98,115.65,4128,30,Seal Wear,2.19,25.61
8248,5.95,45.17,100,9.68,110,4129,30,Seal Wear,2.05,44.11
8249,6.0,45.17,90,10.26,110,4129,30,Seal Wear,2.41,48.52
8250,5.63,45.16,100,10.11,116.28,4130,30,Seal Wear,1.9,6.65
8251,5.57,45.39,90,10.24,121.01,4130,30,Seal Wear,1.81,8.38
8252,5.61,45.16,100,10.13,113.58,4131,30,Seal Wear,1.62,15.63
8253,5.87,45.75,90,10.41,110,4131,30,Seal Wear,1.99,36.24
8254,5.58,45.78,100,10.15,114.05,4132,30,Seal Wear,2.5,12.19
8255,5.87,46.41,90,10.04,111.4,4132,30,Seal Wear,1.78,37.25
8256,5.97,45.95,100,9.56,110,4133,30,Seal Wear,2.44,46.31
8257,5.72,45.68,90,9.8,114.19,4133,30,Seal Wear,2.0,19.5
8258,5.75,45.78,100,10.12,110,4134,30,Seal Wear,1.8,28.34
8259,5.73,45.85,90,10.43,110,4134,30,Seal Wear,1.74,27.87
8260,5.5,46.29,100,9.98,114.76,4135,30,Seal Wear,1.67,8.29
8261,5.72,45.74,90,10.04,119.98,4135,30,Seal Wear,2.22,14.98
8262,5.65,45.61,100,9.59,115.46,4136,30,Seal Wear,1.59,19.0
8263,5.8,46.08,90,9.79,110,4136,30,Seal Wear,2.37,31.1
8264,5.87,46.29,100,10.34,110,4137,30,Seal Wear,2.19,38.3
8265,5.7,45.6,90,10.43,112.06,4137,30,Seal Wear,2.09,23.77
8266,5.63,46.49,100,10.46,117.32,4138,30,Seal Wear,1.91,9.34
8267,5.88,45.97,90,9.56,110.95,4138,30,Seal Wear,2.1,28.61
8268,5.6,45.9,100,10.27,116.01,4139,30,Seal Wear,1.77,10.21
8269,5.92,45.07,90,9.83,110,4139,30,Seal Wear,1.88,46.35
8270,5.68,45.61,100,9.64,111.51,4140,30,Seal Wear,2.29,27.52
8271,6.0,45.89,90,9.76,110,4140,30,Seal Wear,1.89,49.62
8272,5.83,45.89,100,10.1,111.4,4141,30,Seal Wear,2.21,39.57
8273,5.76,46.22,90,9.92,111.98,4141,30,Seal Wear,1.82,35.64
8274,5.64,46.76,100,10.21,115.0,4142,30,Seal Wear,1.87,11.61
8275,5.53,46.47,90,9.93,115.38,4142,30,Seal Wear,1.55,8.78
8276,5.91,46.65,100,10.45,110,4143,30,Seal Wear,2.13,39.18
8277,5.82,46.35,90,10.5,110,4143,30,Seal Wear,2.02,34.32
8278,5.87,46.09,100,9.86,110,4144,30,Seal Wear,1.71,41.53
8279,5.7,46.43,90,10.47,113.4,4144,30,Seal Wear,2.1,15.53
8280,5.79,46.79,100,10.37,112.29,4145,30,Seal Wear,1.86,23.88
8281,5.55,47.4,90,9.67,114.58,4145,30,Seal Wear,1.76,13.11
8282,5.73,47.14,100,10.23,110,4146,30,Seal Wear,1.61,27.13
8283,5.9,46.74,90,10.28,110,4146,30,Seal Wear,2.25,46.19
8284,5.91,46.52,100,9.87,110,4147,30,Seal Wear,2.46,47.06
8285,5.84,47.23,90,9.96,113.61,4147,30,Seal Wear,2.04,29.73
8286,5.5,47.37,100,10.48,112.4,4148,30,Seal Wear,1.53,5.94
8287,5.95,47.52,90,9.75,110,4148,30,Seal Wear,1.83,45.95
8288,5.84,47.09,100,10.33,110.64,4149,30,Seal Wear,1.81,31.68
8289,5.68,46.54,90,10.28,110.27,4149,30,Seal Wear,2.47,26.37
8290,5.61,46.78,100,9.54,117.52,4150,30,Seal Wear,2.15,7.87
8291,5.88,46.62,90,10.32,110.67,4150,30,Seal Wear,2.1,47.68
8292,5.62,46.59,100,9.9,111.56,4151,30,Seal Wear,2.41,20.25
8293,5.91,46.22,90,9.82,112.65,4151,30,Seal Wear,1.9,31.51
8294,5.94,46.98,100,10.47,110,4152,30,Seal Wear,2.12,38.48
8295,5.57,46.29,90,9.61,113.01,4152,30,Seal Wear,1.59,12.53
8296,5.56,46.33,100,9.94,113.22,4153,30,Seal Wear,2.21,12.06
8297,6.0,46.86,90,9.6,110,4153,30,Seal Wear,2.25,48.5
8298,6.0,46.6,100,10.11,110,4154,30,Seal Wear,1.86,43.59
8299,5.64,46.4,90,10.42,114.91,4154,30,Seal Wear,1.66,19.17
8300,5.84,46.78,100,10.05,110.19,4155,30,Seal Wear,1.57,29.8
8301,5.62,47.06,90,10.5,114.53,4155,30,Seal Wear,2.44,17.67
8302,5.7,47.02,100,10.4,116.11,4156,30,Seal Wear,1.81,14.94
8303,5.93,47.3,90,9.81,110,4156,30,Seal Wear,2.09,39.2
8304,5.64,47.25,100,9.83,113.92,4157,30,Seal Wear,1.64,19.68
8305,5.93,46.88,90,10.41,110,4157,30,Seal Wear,1.67,47.28
8306,5.81,46.4,100,10.13,110,4158,30,Seal Wear,1.73,37.44
8307,5.79,45.57,90,10.25,110.34,4158,30,Seal Wear,1.73,19.99
8308,5.59,45.76,100,9.57,118.12,4159,30,Seal Wear,2.4,8.88
8309,5.67,46.09,90,10.36,117.53,4159,30,Seal Wear,1.71,13.23
8310,5.97,46.88,100,10.36,110,4160,30,Seal Wear,2.33,47.22
8311,5.59,47.5,90,9.66,115.62,4160,30,Seal Wear,1.56,6.3
8312,5.88,46.91,100,10.01,110,4161,30,Seal Wear,1.51,46.5
8313,6.0,46.59,90,10.44,110.21,4161,30,Seal Wear,1.64,49.28
8314,5.81,47.32,100,9.85,113.42,4162,30,Seal Wear,2.09,22.03
8315,5.61,47.29,90,9.6,116.95,4162,30,Seal Wear,1.69,18.71
8316,5.7,47.26,100,10.27,114.81,4163,30,Seal Wear,2.39,17.21
8317,5.81,47.15,90,9.94,110,4163,30,Seal Wear,2.08,24.69
8318,6.0,46.56,100,10.35,110,4164,30,Seal Wear,1.67,43.82
8319,5.77,46.28,90,10.21,110,4164,30,Seal Wear,1.81,32.88
8320,5.75,46.36,100,9.58,110,4165,30,Seal Wear,1.68,17.73
8321,5.83,46.11,90,10.19,110,4165,30,Seal Wear,1.7,36.93
8322,5.63,46.37,100,10.12,116.51,4166,30,Seal Wear,2.24,12.69
8323,5.52,46.73,90,9.92,116.45,4166,30,Seal Wear,2.4,7.33
8324,5.72,47.09,100,10.17,110,4167,30,Seal Wear,2.39,31.9
8325,5.87,47.17,90,10.22,113.86,4167,30,Seal Wear,1.82,34.59
8326,5.55,47.76,100,10.29,117.0,4168,30,Seal Wear,2.31,14.0
8327,5.76,47.87,90,10.24,112.31,4168,30,Seal Wear,1.8,30.13
8328,5.95,46.93,100,9.57,110,4169,30,Seal Wear,2.28,46.36
8329,5.59,46.93,90,10.02,113.69,4169,30,Seal Wear,2.41,7.71
8330,5.58,46.21,100,9.75,118.41,4170,30,Seal Wear,2.15,10.46
8331,5.62,46.45,90,10.42,111.34,4170,30,Seal Wear,1.76,11.51
8332,5.64,46.37,100,9.96,111.71,4171,30,Seal Wear,2.26,21.43
8333,5.55,46.16,90,9.89,117.38,4171,30,Seal Wear,2.36,13.01
8334,5.88,45.73,100,9.71,110,4172,30,Seal Wear,2.24,34.62
8335,5.99,46.26,90,10.39,110,4172,30,Seal Wear,1.83,41.01
8336,6.0,46.95,100,10.4,110,4173,30,Seal Wear,2.22,48.55
8337,5.92,47.04,90,9.6,110.65,4173,30,Seal Wear,2.36,34.06
8338,5.87,47.41,100,10.04,110,4174,30,Seal Wear,2.39,39.34
8339,5.78,47.62,90,10.03,114.99,4174,30,Seal Wear,1.73,20.78
8340,5.68,46.7,100,9.82,110,4175,30,Seal Wear,2.14,27.04
8341,5.99,46.92,90,10.01,110,4175,30,Seal Wear,2.02,42.54
8342,5.75,47.35,100,10.16,110,4176,30,Seal Wear,2.24,33.31
8343,5.79,48.03,90,9.64,110,4176,30,Seal Wear,2.32,38.3
8344,5.6,47.46,100,10.31,118.83,4177,30,Seal Wear,2.23,6.11
8345,6.0,47.84,90,9.66,110,4177,30,Seal Wear,1.96,48.27
8346,5.74,47.23,100,9.54,110,4178,30,Seal Wear,2.12,29.0
8347,5.86,47.37,90,10.32,110.47,4178,30,Seal Wear,1.89,37.68
8348,5.91,46.69,100,9.85,110,4179,30,Seal Wear,1.69,48.55
8349,5.85,46.71,90,10.11,110,4179,30,Seal Wear,2.06,42.63
8350,5.88,46.9,100,10.28,110,4180,30,Seal Wear,2.41,31.12
8351,5.5,47.05,90,10.49,114.74,4180,30,Seal Wear,2.27,7.79
8352,5.56,46.97,100,9.53,111.94,4181,30,Seal Wear,1.71,7.51
8353,5.61,47.68,90,10.27,115.87,4181,30,Seal Wear,2.28,18.28
8354,6.0,47.23,100,9.73,110,4182,30,Seal Wear,1.95,45.75
8355,5.81,47.57,90,9.86,115.2,4182,30,Seal Wear,2.42,21.99
8356,5.99,47.97,100,10.28,110,4183,30,Seal Wear,2.14,42.67
8357,5.97,47.56,90,9.55,110,4183,30,Seal Wear,2.15,44.03
8358,5.7,48.06,100,10.14,116.76,4184,30,Seal Wear,1.76,23.89
8359,5.68,48.25,90,9.54,118.33,4184,30,Seal Wear,1.62,11.99
8360,5.68,48.67,100,9.64,115.67,4185,30,Seal Wear,1.89,10.73
8361,5.96,48.84,90,9.71,110,4185,30,Seal Wear,2.12,44.22
8362,5.92,48.8,100,9.51,111.95,4186,30,Seal Wear,2.39,43.36
8363,5.58,49.08,90,9.63,114.49,4186,30,Seal Wear,1.56,9.34
8364,5.63,48.09,100,10.33,120.28,4187,30,Seal Wear,1.9,10.36
8365,5.74,48.37,90,10.18,116.6,4187,30,Seal Wear,1.59,15.34
8366,5.97,48.66,100,9.77,111.39,4188,30,Seal Wear,2.34,42.8
8367,5.75,49.0,90,10.49,110.29,4188,30,Seal Wear,1.79,28.15
8368,6.0,48.44,100,9.77,110,4189,30,Seal Wear,2.19,46.68
8369,5.74,48.21,90,9.77,114.38,4189,30,Seal Wear,1.63,17.95
8370,5.94,47.84,100,9.81,110,4190,30,Seal Wear,1.82,44.26
8371,5.52,47.79,90,9.73,118.01,4190,30,Seal Wear,2.23,7.56
8372,5.78,47.62,100,10.47,110,4191,30,Seal Wear,1.54,33.71
8373,5.61,48.13,90,9.9,117.52,4191,30,Seal Wear,1.91,8.94
8374,5.88,48.25,100,10.38,110,4192,30,Seal Wear,2.32,48.17
8375,5.78,48.13,90,10.0,110.22,4192,30,Seal Wear,2.28,25.71
8376,5.95,48.47,100,10.47,111.36,4193,30,Seal Wear,1.73,37.02
8377,5.87,48.18,90,10.36,110,4193,30,Seal Wear,2.0,39.92
8378,5.72,48.25,100,10.05,116.17,4194,30,Seal Wear,2.04,31.83
8379,5.66,48.59,90,10.35,115.63,4194,30,Seal Wear,2.01,12.37
8380,6.0,48.74,100,10.22,110,4195,30,Seal Wear,1.79,49.01
8381,5.65,48.94,90,10.2,120.08,4195,30,Seal Wear,2.09,11.47
8382,5.61,49.32,100,10.34,115.97,4196,30,Seal Wear,2.49,8.84
8383,5.66,49.61,90,10.28,110,4196,30,Seal Wear,2.44,24.29
8384,5.89,48.83,100,9.73,111.05,4197,30,Seal Wear,2.41,39.22
8385,5.87,48.59,90,9.7,110,4197,30,Seal Wear,2.11,40.2
8386,5.9,47.63,100,10.18,110,4198,30,Seal Wear,2.41,35.41
8387,5.87,46.95,90,10.15,110,4198,30,Seal Wear,1.69,27.49
8388,5.62,47.19,100,9.69,113.12,4199,30,Seal Wear,1.79,16.61
8389,5.57,47.57,90,9.65,113.65,4199,30,Seal Wear,2.35,15.81
8390,5.95,47.46,100,10.01,110,4200,30,Seal Wear,1.53,46.49
8391,5.73,48.05,90,9.91,114.99,4200,30,Seal Wear,1.95,30.66
8392,5.1,48.08,100,9.52,110,4201,29.86,Valve Sticking,3.34,23.75
8393,5.08,48.19,90,9.32,110,4201,29.76,Valve Sticking,3.65,32.69
8394,5.16,49.21,100,9.33,111.31,4202,29.65,Valve Sticking,3.28,7.87
8395,5.41,48.88,90,9.26,110,4202,29.52,Valve Sticking,2.59,34.82
8396,5.31,49.52,100,9.26,110,4203,29.42,Valve Sticking,3.86,20.02
8397,5.17,49.86,90,9.05,110.19,4203,29.33,Valve Sticking,3.08,25.51
8398,5.29,49.69,100,10.11,110,4204,29.19,Valve Sticking,3.79,19.08
8399,5.19,49.73,90,9.69,110,4204,29.05,Valve Sticking,3.15,24.63
8400,5.45,50.63,100,9.07,110,4205,28.95,Valve Sticking,3.19,48.05
8401,5.39,51.04,90,10.13,111.97,4205,28.84,Valve Sticking,2.71,31.17
8402,5.42,50.79,100,9.79,110,4206,28.7,Valve Sticking,3.76,34.33
8403,5.08,51.13,90,9.2,115.36,4206,28.57,Valve Sticking,3.26,17.19
8404,5.53,51.05,100,9.18,110,4207,28.48,Valve Sticking,3.42,26.54
8405,5.25,50.53,90,9.7,110,4207,28.38,Valve Sticking,3.91,21.61
8406,5.46,50.23,100,9.12,110,4208,28.25,Valve Sticking,2.68,40.04
8407,5.28,50.09,90,9.07,113.09,4208,28.11,Valve Sticking,3.0,14.24
8408,5.32,49.83,100,9.38,110,4209,28.01,Valve Sticking,2.84,16.44
8409,5.19,50.05,90,9.29,111.51,4209,27.89,Valve Sticking,2.69,16.71
8410,5.41,49.88,100,9.81,110,4210,27.79,Valve Sticking,2.86,47.78
8411,5.57,49.62,90,9.89,110,4210,27.69,Valve Sticking,2.98,40.91
8412,5.32,49.38,100,10.01,110,4211,27.56,Valve Sticking,2.79,36.57
8413,5.56,49.82,90,9.8,110,4211,27.44,Valve Sticking,3.83,37.19
8414,5.5,50.33,100,9.38,110,4212,27.29,Valve Sticking,3.49,42.11
8415,5.03,50.76,90,9.28,115.07,4212,27.18,Valve Sticking,3.09,8.98
8416,5.55,51.46,100,9.33,110,4213,27.1,Valve Sticking,3.05,42.24
8417,5.16,51.35,90,9.77,113.81,4213,26.96,Valve Sticking,3.42,9.43
8418,5.33,51.31,100,9.92,110,4214,26.85,Valve Sticking,2.5,43.77
8419,5.26,51.41,90,10.25,110,4214,26.76,Valve Sticking,3.15,18.69
8420,5.56,51.6,100,10.0,110,4215,26.66,Valve Sticking,2.55,32.55
8421,5.0,52.49,90,9.87,115.06,4215,26.53,Valve Sticking,3.54,10.2
8422,5.38,52.74,100,9.16,110,4216,26.45,Valve Sticking,3.17,47.53
8423,5.01,52.25,90,10.07,114.52,4216,26.34,Valve Sticking,3.47,6.45
8424,5.66,51.89,100,9.6,110,4217,26.22,Valve Sticking,3.12,46.76
8425,5.29,51.85,90,9.31,110,4217,26.1,Valve Sticking,2.93,23.16
8426,5.26,52.12,100,9.89,110,4218,26.01,Valve Sticking,2.54,27.48
8427,5.08,52.1,90,9.4,110.53,4218,25.89,Valve Sticking,3.73,23.09
8428,5.51,51.24,100,9.85,110,4219,25.75,Valve Sticking,3.82,43.33
8429,5.53,51.44,90,9.71,110,4219,25.66,Valve Sticking,2.95,38.2
8430,5.57,52.17,100,9.84,110,4220,25.54,Valve Sticking,2.68,43.42
8431,5.15,51.93,90,9.55,110,4220,25.44,Valve Sticking,2.95,34.63
8432,5.34,52.73,100,9.5,110,4221,25.31,Valve Sticking,2.8,30.16
8433,5.15,52.58,90,9.33,110,4221,25.19,Valve Sticking,3.36,40.72
8434,5.33,52.31,100,9.99,110,4222,25.05,Valve Sticking,3.44,24.91
8435,5.44,52.05,90,9.31,110,4222,24.92,Valve Sticking,3.35,25.69
8436,5.26,52.65,100,9.9,113.78,4223,24.77,Valve Sticking,2.99,6.41
8437,5.24,52.14,90,9.46,110,4223,24.63,Valve Sticking,2.99,46.69
8438,5.07,51.91,100,9.67,110,4224,24.52,Valve Sticking,3.5,31.74
8439,5.31,52.45,90,9.93,110,4224,24.39,Valve Sticking,2.93,29.29
8440,5.0,52.96,100,9.5,110,4225,24.3,Valve Sticking,2.95,16.57
8441,5.0,52.37,90,9.22,111.71,4225,24.18,Valve Sticking,2.77,8.94
8442,5.31,52.58,100,9.02,110,4226,24.04,Valve Sticking,3.53,43.52
8443,5.2,52.18,90,9.89,110,4226,23.95,Valve Sticking,3.02,29.69
8444,5.17,53.02,100,10.21,110,4227,23.86,Valve Sticking,2.68,19.52
8445,5.31,52.42,90,9.76,110,4227,23.77,Valve Sticking,3.28,32.03
8446,5.0,52.86,100,9.92,114.24,4228,23.68,Valve Sticking,3.38,9.27
8447,5.21,52.78,90,9.61,111.11,4228,23.58,Valve Sticking,3.12,15.54
8448,5.22,52.33,100,10.09,110,4229,23.49,Valve Sticking,3.8,20.04
8449,5.0,52.43,90,9.95,110.94,4229,23.38,Valve Sticking,3.9,8.95
8450,5.12,52.25,100,9.94,110,4230,23.24,Valve Sticking,3.8,9.93
8451,5.13,52.21,90,9.24,110,4230,23.13,Valve Sticking,3.83,25.65
8452,5.12,51.51,100,10.17,110,4231,22.99,Valve Sticking,3.24,34.25
8453,5.3,50.72,90,10.04,110,4231,22.9,Valve Sticking,2.68,25.98
8454,5.58,50.94,100,9.2,110,4232,22.76,Valve Sticking,2.82,46.26
8455,5.15,50.63,90,9.56,110,4232,22.66,Valve Sticking,2.57,11.98
8456,5.56,51.29,100,9.48,110,4233,22.55,Valve Sticking,3.08,36.07
8457,5.06,51.66,90,9.38,110.17,4233,22.42,Valve Sticking,3.02,6.69
8458,5.0,50.71,100,9.37,111.47,4234,22.31,Valve Sticking,3.74,6.02
8459,5.18,50.26,90,10.04,110.3,4234,22.21,Valve Sticking,2.99,25.5
8460,5.37,50.26,100,9.29,110,4235,22.08,Valve Sticking,2.7,42.5
8461,5.15,50.19,90,9.37,115.47,4235,21.94,Valve Sticking,3.05,6.72
8462,5.13,50.26,100,9.63,113.27,4236,21.82,Valve Sticking,2.77,11.55
8463,5.53,50.49,90,9.55,110,4236,21.69,Valve Sticking,3.12,47.04
8464,5.23,50.44,100,9.68,110,4237,21.61,Valve Sticking,2.69,33.26
8465,5.31,50.86,90,9.5,110,4237,21.52,Valve Sticking,3.5,48.16
8466,5.31,51.19,100,9.96,110,4238,21.38,Valve Sticking,2.99,37.96
8467,5.25,51.09,90,9.2,110,4238,21.29,Valve Sticking,2.57,28.7
8468,5.38,51.78,100,9.3,110,4239,21.15,Valve Sticking,3.88,17.54
8469,5.21,51.48,90,9.2,110,4239,21.06,Valve Sticking,4.0,31.37
8470,5.04,52.17,100,10.25,110,4240,20.95,Valve Sticking,3.77,20.15
8471,5.16,51.66,90,9.34,110,4240,20.86,Valve Sticking,3.04,13.03
8472,5.29,52.49,100,9.84,110,4241,20.77,Valve Sticking,3.8,29.2
8473,5.4,52.34,90,9.41,110,4241,20.63,Valve Sticking,3.94,31.34
8474,5.08,52.53,100,9.54,110,4242,20.55,Valve Sticking,3.79,16.49
8475,5.32,52.82,90,9.51,110,4242,20.43,Valve Sticking,2.89,49.2
8476,5.34,53.66,100,9.85,110,4243,20.31,Valve Sticking,3.46,22.2
8477,5.54,54.11,90,9.01,110,4243,20.19,Valve Sticking,3.21,44.3
8478,5.42,54.18,100,10.02,110,4244,20.04,Valve Sticking,3.68,19.04
8479,5.63,54.32,90,9.39,110,4244,19.89,Valve Sticking,3.6,41.14
8480,5.32,54.21,100,9.88,110,4245,19.79,Valve Sticking,3.56,19.42
8481,5.06,53.84,90,9.69,110.63,4245,19.68,Valve Sticking,2.58,12.32
8482,5.1,53.49,100,9.47,110.08,4246,19.58,Valve Sticking,3.07,17.6
8483,5.32,53.31,90,9.59,113.85,4246,19.48,Valve Sticking,3.59,14.4
8484,5.51,53.06,100,9.12,110,4247,19.35,Valve Sticking,3.16,37.93
8485,5.5,53.32,90,10.01,110,4247,19.2,Valve Sticking,3.63,38.49
8486,5.62,53.56,100,9.94,110,4248,19.08,Valve Sticking,2.9,41.21
8487,5.29,53.56,90,9.27,110,4248,18.99,Valve Sticking,2.63,18.81
8488,5.0,52.92,100,9.18,110,4249,18.9,Valve Sticking,2.66,9.61
8489,5.16,53.87,90,9.99,112.04,4249,18.79,Valve Sticking,3.11,14.5
8490,5.43,54.15,100,9.15,110,4250,18.7,Valve Sticking,3.28,49.97
8491,5.4,54.06,90,9.4,110,4250,18.57,Valve Sticking,2.81,23.0
8492,5.12,54.34,100,9.12,110,4251,18.43,Valve Sticking,3.77,26.25
8493,5.25,54.35,90,9.25,113.99,4251,18.31,Valve Sticking,3.32,12.95
8494,5.48,54.5,100,9.0,110,4252,18.17,Valve Sticking,2.85,33.89
8495,5.0,54.28,90,9.73,110,4252,18.05,Valve Sticking,2.91,8.93
8496,5.44,53.95,100,9.29,110,4253,17.93,Valve Sticking,3.41,20.03
8497,5.36,53.23,90,10.09,110.79,4253,17.84,Valve Sticking,2.52,16.44
8498,5.0,53.34,100,10.01,113.35,4254,17.69,Valve Sticking,3.41,9.08
8499,5.62,52.76,90,9.82,110,4254,17.55,Valve Sticking,3.64,42.84
8500,5.49,52.49,100,9.54,110,4255,17.41,Valve Sticking,2.87,44.78
8501,5.33,52.27,90,9.61,110,4255,17.3,Valve Sticking,2.76,24.94
8502,5.3,51.7,100,9.04,110,4256,17.16,Valve Sticking,3.07,22.21
8503,5.26,51.2,90,9.96,111.9,4256,17.08,Valve Sticking,3.34,19.84
8504,5.13,51.2,100,9.51,110,4257,16.99,Valve Sticking,3.23,15.45
8505,5.0,51.17,90,9.85,110,4257,16.88,Valve Sticking,3.43,27.3
8506,5.47,51.23,100,9.6,110,4258,16.75,Valve Sticking,3.46,37.06
8507,5.31,51.75,90,9.66,110,4258,16.62,Valve Sticking,2.73,34.87
8508,5.11,52.22,100,9.01,115.0,4259,16.48,Valve Sticking,3.15,16.01
8509,5.55,52.14,90,9.82,110,4259,16.35,Valve Sticking,2.69,42.37
8510,5.33,52.49,100,9.38,115.91,4260,16.24,Valve Sticking,3.85,12.61
8511,5.19,52.87,90,9.97,110,4260,16.15,Valve Sticking,3.69,13.96
8512,5.41,52.07,100,9.09,110,4261,16.06,Valve Sticking,2.89,28.57
8513,5.28,52.48,90,9.95,113.73,4261,15.93,Valve Sticking,3.52,5.55
8514,5.14,51.78,100,9.51,110,4262,15.82,Valve Sticking,2.76,29.04
8515,5.44,51.89,90,9.6,110,4262,15.72,Valve Sticking,2.95,29.0
8516,5.13,52.17,100,9.34,110,4263,15.62,Valve Sticking,3.62,26.04
8517,5.21,52.32,90,9.67,112.26,4263,15.53,Valve Sticking,2.96,13.4
8518,5.0,53.19,100,9.81,114.29,4264,15.42,Valve Sticking,2.54,9.47
8519,5.31,53.45,90,9.22,111.32,4264,15.27,Valve Sticking,3.89,28.05
8520,5.44,52.53,100,10.06,110,4265,15.17,Valve Sticking,3.46,31.36
8521,5.34,53.05,90,9.68,110,4265,15.03,Valve Sticking,3.49,24.94
8522,5.24,53.34,100,9.01,113.93,4266,14.92,Valve Sticking,3.69,19.31
8523,5.29,52.82,90,9.58,110,4266,14.77,Valve Sticking,3.83,20.19
8524,5.28,53.04,100,10.1,110,4267,14.67,Valve Sticking,3.51,39.55
8525,5.15,53.05,90,9.46,110,4267,14.54,Valve Sticking,3.58,28.04
8526,5.51,53.4,100,9.76,110,4268,14.44,Valve Sticking,3.21,45.93
8527,5.62,53.75,90,9.69,110,4268,14.29,Valve Sticking,2.65,38.92
8528,5.5,53.48,100,9.98,110,4269,14.15,Valve Sticking,3.57,39.19
8529,5.15,53.12,90,9.99,110,4269,14.01,Valve Sticking,3.16,36.8
8530,5.0,53.4,100,9.21,110.74,4270,13.93,Valve Sticking,2.89,15.96
8531,5.4,52.79,90,9.13,110,4270,13.82,Valve Sticking,2.78,30.52
8532,5.6,51.72,100,9.72,110,4271,13.71,Valve Sticking,3.15,42.47
8533,5.2,51.78,90,8.99,110,4271,13.56,Valve Sticking,2.6,45.23
8534,5.04,51.4,100,9.85,115.11,4272,13.42,Valve Sticking,2.97,12.29
8535,5.54,51.44,90,9.78,110,4272,13.34,Valve Sticking,2.9,39.28
8536,5.36,52.04,100,9.82,110,4273,13.24,Valve Sticking,2.81,39.71
8537,5.51,52.74,90,9.16,110,4273,13.12,Valve Sticking,3.75,36.94
8538,5.42,52.94,100,10.04,110,4274,12.99,Valve Sticking,2.74,36.99
8539,5.47,53.18,90,9.47,110,4274,12.87,Valve Sticking,2.81,49.16
8540,5.31,52.78,100,9.59,110,4275,12.73,Valve Sticking,3.04,25.19
8541,5.0,51.82,90,9.35,111.11,4275,12.59,Valve Sticking,3.13,9.53
8542,5.0,51.67,100,10.16,110.89,4276,12.47,Valve Sticking,2.6,10.47
8543,5.52,50.95,90,9.06,110,4276,12.39,Valve Sticking,3.01,46.05
8544,5.6,51.3,100,9.73,110,4277,12.3,Valve Sticking,2.87,41.79
8545,5.55,51.43,90,9.47,110,4277,12.19,Valve Sticking,3.77,34.46
8546,5.1,51.67,100,9.44,110,4278,12.05,Valve Sticking,2.72,14.38
8547,5.19,52.81,90,9.63,110,4278,11.96,Valve Sticking,3.91,25.25
8548,5.3,52.26,100,9.97,110,4279,11.81,Valve Sticking,2.55,33.28
8549,5.48,52.5,90,9.42,110,4279,11.72,Valve Sticking,3.53,47.63
8550,5.38,52.53,100,9.78,110,4280,11.61,Valve Sticking,3.81,30.91
8551,5.21,52.25,90,9.77,110,4280,11.48,Valve Sticking,3.86,15.87
8552,5.0,51.46,100,9.84,115.93,4281,11.35,Valve Sticking,2.54,8.68
8553,5.0,51.32,90,9.98,110.1,4281,11.23,Valve Sticking,3.19,7.43
8554,5.06,51.34,100,9.87,112.44,4282,11.12,Valve Sticking,3.91,5.15
8555,5.15,51.79,90,10.11,110,4282,10.99,Valve Sticking,3.94,20.02
8556,5.0,52.08,100,9.46,113.01,4283,10.88,Valve Sticking,3.92,7.67
8557,5.38,52.06,90,9.76,110,4283,10.77,Valve Sticking,2.92,47.75
8558,5.43,52.17,100,9.83,110,4284,10.64,Valve Sticking,3.25,18.02
8559,5.33,52.77,90,9.9,110,4284,10.52,Valve Sticking,3.62,45.78
8560,5.22,52.9,100,9.99,110,4285,10.39,Valve Sticking,3.01,6.35
8561,5.24,53.79,90,9.19,110,4285,10.29,Valve Sticking,3.47,39.55
8562,5.43,54.12,100,9.37,110,4286,10.18,Valve Sticking,3.68,32.05
8563,5.03,53.3,90,10.2,110,4286,10.04,Valve Sticking,3.64,13.48
8564,5.24,53.06,100,9.31,115.11,4287,9.95,Valve Sticking,2.71,12.01
8565,5.28,52.69,90,9.21,110,4287,9.81,Valve Sticking,2.83,38.93
8566,5.08,53.26,100,9.38,114.66,4288,9.7,Valve Sticking,3.29,15.54
8567,5.21,52.47,90,9.71,110,4288,9.59,Valve Sticking,2.64,26.38
8568,5.08,52.56,100,9.48,114.54,4289,9.46,Valve Sticking,2.51,9.78
8569,5.3,52.42,90,9.22,110,4289,9.35,Valve Sticking,3.54,37.42
8570,5.45,53.27,100,9.53,110,4290,9.21,Valve Sticking,2.99,30.69
8571,5.0,52.61,90,9.09,115.3,4290,9.06,Valve Sticking,3.17,5.29
8572,5.36,53.25,100,9.43,110,4291,8.94,Valve Sticking,3.49,44.28
8573,5.01,52.93,90,9.49,114.15,4291,8.79,Valve Sticking,2.92,17.08
8574,5.37,53.43,100,9.57,110,4292,8.7,Valve Sticking,2.66,31.79
8575,5.34,54.09,90,9.55,110,4292,8.58,Valve Sticking,3.45,22.37
8576,5.0,53.48,100,9.77,113.28,4293,8.48,Valve Sticking,2.94,5.76
8577,5.11,53.24,90,9.63,114.17,4293,8.4,Valve Sticking,3.79,12.14
8578,5.1,54.14,100,9.69,110,4294,8.27,Valve Sticking,2.62,25.76
8579,5.1,53.66,90,9.75,110,4294,8.14,Valve Sticking,3.93,11.85
8580,5.23,53.32,100,9.55,110,4295,8.03,Valve Sticking,2.68,25.78
8581,5.04,52.96,90,9.49,114.39,4295,7.93,Valve Sticking,3.26,5.36
8582,5.6,52.17,100,9.85,110,4296,7.8,Valve Sticking,3.49,42.09
8583,5.49,51.75,90,9.32,110,4296,7.71,Valve Sticking,2.9,46.24
8584,5.19,51.33,100,9.96,110,4297,7.57,Valve Sticking,3.27,20.87
8585,5.23,51.76,90,9.94,110,4297,7.43,Valve Sticking,3.87,37.42
8586,5.28,52.35,100,9.58,110,4298,7.34,Valve Sticking,3.43,32.68
8587,5.04,52.79,90,9.58,110,4298,7.25,Valve Sticking,3.17,14.14
8588,5.23,52.67,100,9.69,110,4299,7.11,Valve Sticking,3.18,20.55
8589,5.35,52.44,90,9.77,110,4299,7.0,Valve Sticking,3.39,25.7
8590,5.48,51.99,100,9.3,110,4300,6.87,Valve Sticking,3.34,27.01
8591,5.29,52.07,90,9.38,110,4300,6.76,Valve Sticking,3.77,42.51
8592,5.0,51.93,100,9.42,110.92,4301,6.63,Valve Sticking,3.02,16.61
8593,5.3,51.88,90,10.21,110.19,4301,6.55,Valve Sticking,3.16,24.02
8594,5.44,52.13,100,9.85,110,4302,6.45,Valve Sticking,3.49,46.52
8595,5.0,52.17,90,9.07,116.12,4302,6.34,Valve Sticking,3.59,8.52
8596,5.23,51.56,100,9.6,110,4303,6.25,Valve Sticking,2.56,10.71
8597,5.05,51.55,90,9.29,110,4303,6.15,Valve Sticking,3.61,31.39
8598,5.32,51.51,100,9.2,111.41,4304,6.05,Valve Sticking,2.51,17.09
8599,5.4,51.96,90,9.14,110,4304,5.94,Valve Sticking,3.2,28.14
8600,5.1,52.54,100,9.42,110,4305,5.83,Valve Sticking,3.1,25.06
8601,5.35,53.2,90,10.16,110,4305,5.68,Valve Sticking,3.84,36.92
8602,5.41,53.69,100,9.68,110.51,4306,5.56,Valve Sticking,3.48,17.09
8603,5.04,53.36,90,9.8,115.95,4306,5.43,Valve Sticking,2.79,6.3
8604,5.59,53.13,100,10.13,110,4307,5.32,Valve Sticking,3.86,42.72
8605,5.25,52.68,90,9.47,110,4307,5.22,Valve Sticking,3.09,28.59
8606,5.0,53.5,100,9.0,110.02,4308,5.1,Valve Sticking,3.29,5.68
8607,5.31,53.35,90,9.91,110,4308,4.99,Valve Sticking,3.71,35.09
8608,5.11,52.98,100,9.78,112.17,4309,4.9,Valve Sticking,3.33,7.12
8609,5.42,53.4,90,9.73,111.49,4309,4.82,Valve Sticking,2.67,20.26
8610,5.02,52.89,100,9.27,110,4310,4.69,Valve Sticking,2.69,9.59
8611,5.44,53.15,90,9.54,110,4310,4.57,Valve Sticking,2.92,43.01
8612,5.18,53.44,100,10.06,113.37,4311,4.44,Valve Sticking,2.82,10.91
8613,5.3,53.91,90,9.31,110,4311,4.31,Valve Sticking,2.64,32.02
8614,5.0,54.16,100,9.66,113.36,4312,4.22,Valve Sticking,3.78,21.64
8615,5.0,53.86,90,9.43,117.81,4312,4.07,Valve Sticking,3.93,5.31
8616,5.0,54.19,100,9.16,111.23,4313,3.98,Valve Sticking,3.7,8.9
8617,5.23,54.43,90,9.76,110,4313,3.88,Valve Sticking,3.81,31.43
8618,5.39,53.73,100,9.34,110,4314,3.76,Valve Sticking,3.51,18.4
8619,5.06,53.04,90,9.81,113.1,4314,3.63,Valve Sticking,3.81,12.33
8620,5.05,53.31,100,9.53,113.94,4315,3.48,Valve Sticking,2.98,5.56
8621,5.08,52.91,90,9.29,115.03,4315,3.38,Valve Sticking,3.98,8.28
8622,5.35,52.6,100,9.49,111.76,4316,3.27,Valve Sticking,3.87,15.23
8623,5.3,52.26,90,9.22,111.57,4316,3.14,Valve Sticking,2.86,17.63
8624,5.41,52.59,100,9.25,110,4317,3.06,Valve Sticking,2.68,45.37
8625,5.41,52.65,90,9.38,110,4317,2.95,Valve Sticking,3.37,44.97
8626,5.55,53.29,100,9.39,110,4318,2.83,Valve Sticking,3.84,38.14
8627,5.01,52.99,90,9.11,112.19,4318,2.7,Valve Sticking,3.53,15.19
8628,5.21,52.36,100,9.53,110.33,4319,2.57,Valve Sticking,3.35,16.52
8629,5.3,52.59,90,9.52,110,4319,2.46,Valve Sticking,3.38,42.49
8630,5.33,52.64,100,9.59,110.57,4320,2.33,Valve Sticking,2.68,23.89
8631,5.0,52.44,90,9.56,116.51,4320,2.25,Valve Sticking,2.73,14.1
8632,5.34,52.89,100,9.13,110,4321,2.1,Valve Sticking,2.65,22.56
8633,5.05,52.61,90,9.58,110,4321,2.0,Valve Sticking,3.36,25.89
8634,5.14,52.74,100,9.25,110,4322,1.87,Valve Sticking,2.78,28.24
8635,5.0,52.09,90,9.22,110.18,4322,1.76,Valve Sticking,3.77,13.07
8636,5.35,51.9,100,9.26,110,4323,1.61,Valve Sticking,3.64,44.14
8637,5.38,51.92,90,9.13,110,4323,1.51,Valve Sticking,3.37,28.01
8638,5.29,51.49,100,9.4,110,4324,1.37,Valve Sticking,3.42,35.92
8639,5.33,50.79,90,9.12,113.35,4324,1.29,Valve Sticking,3.24,6.22
8640,5.27,50.6,100,9.8,110,4325,1.18,Valve Sticking,2.7,45.52
8641,5.5,49.95,90,9.78,110,4325,1.08,Valve Sticking,2.56,43.14
8642,5.33,50.75,100,9.28,110,4326,0.95,Valve Sticking,3.94,49.7
8643,5.0,51.0,90,10.16,111.64,4326,0.81,Valve Sticking,3.93,18.28
8644,5.69,50.65,100,9.99,110,4327,0.72,Valve Sticking,3.81,49.79
8645,5.53,51.41,90,9.87,110,4327,0.62,Valve Sticking,3.33,43.97
8646,5.14,51.93,100,9.71,115.38,4328,0.54,Valve Sticking,2.68,12.16
8647,5.26,51.16,90,10.16,110,4328,0.41,Valve Sticking,3.09,22.42
8648,5.27,51.31,100,9.69,110,4329,0.32,Valve Sticking,3.6,34.49
8649,5.3,51.54,90,10.1,110,4329,0.22,Valve Sticking,3.21,45.7
8650,5.19,51.79,100,9.79,111.73,4330,0.12,Valve Sticking,3.54,21.56
8651,5.01,52.0,90,9.44,113.19,4330,0.0,Valve Sticking,3.59,9.46
8652,5.44,52.52,100,9.61,110,4331,0,Valve Sticking,3.7,28.35
8653,5.44,52.96,90,9.71,110,4331,0,Valve Sticking,2.89,30.94
8654,5.29,52.63,100,9.68,110,4332,0,Valve Sticking,2.63,34.09
8655,5.09,52.89,90,9.86,110,4332,0,Valve Sticking,3.5,15.18
8656,5.17,52.56,100,9.89,110,4333,0,Valve Sticking,3.69,22.69
8657,5.33,52.04,90,9.51,110,4333,0,Valve Sticking,3.13,29.49
8658,5.37,51.96,100,9.58,110,4334,0,Valve Sticking,2.87,32.27
8659,5.47,51.75,90,9.38,110,4334,0,Valve Sticking,3.66,47.68
8660,5.11,52.38,100,9.66,112.93,4335,0,Valve Sticking,3.41,8.91
8661,5.6,52.44,90,10.05,110,4335,0,Valve Sticking,3.01,46.01
8662,5.52,52.47,100,9.62,110,4336,0,Valve Sticking,3.7,35.85
8663,5.46,51.94,90,10.05,110,4336,0,Valve Sticking,3.33,46.15
8664,5.26,51.59,100,9.38,110,4337,0,Valve Sticking,3.0,9.02
8665,5.47,51.39,90,9.53,110,4337,0,Valve Sticking,2.64,37.26
8666,5.4,51.57,100,10.0,110,4338,0,Valve Sticking,3.58,44.87
8667,5.06,51.34,90,9.18,110,4338,0,Valve Sticking,3.02,23.04
8668,5.53,51.8,100,9.15,110,4339,0,Valve Sticking,2.88,39.84
8669,5.45,51.29,90,9.71,110,4339,0,Valve Sticking,3.09,34.41
8670,5.24,51.84,100,9.43,110,4340,0,Valve Sticking,3.33,16.46
8671,5.28,52.65,90,9.5,113.32,4340,0,Valve Sticking,2.65,20.46
8672,5.36,52.37,100,10.1,110,4341,0,Valve Sticking,2.79,38.12
8673,5.35,51.69,90,9.8,110,4341,0,Valve Sticking,3.61,29.4
8674,5.1,51.13,100,9.4,111.99,4342,0,Valve Sticking,3.39,10.5
8675,5.13,51.35,90,9.55,110,4342,0,Valve Sticking,3.66,22.93
8676,5.15,51.55,100,9.41,112.04,4343,0,Valve Sticking,3.02,28.07
8677,5.5,50.93,90,9.61,110.97,4343,0,Valve Sticking,3.69,28.42
8678,5.0,51.14,100,9.58,110.4,4344,0,Valve Sticking,2.61,15.63
8679,5.0,51.47,90,9.74,115.94,4344,0,Valve Sticking,2.71,6.02
8680,5.33,51.49,100,9.68,110,4345,0,Valve Sticking,3.64,39.19
8681,5.0,51.38,90,9.35,115.65,4345,0,Valve Sticking,2.55,5.5
8682,5.09,51.18,100,9.52,110,4346,0,Valve Sticking,2.51,25.22
8683,5.28,51.45,90,9.93,110,4346,0,Valve Sticking,3.52,37.22
8684,5.51,51.3,100,9.41,110,4347,0,Valve Sticking,3.67,41.96
8685,5.06,52.36,90,9.19,112.93,4347,0,Valve Sticking,3.45,5.92
8686,5.41,52.0,100,9.46,110.9,4348,0,Valve Sticking,3.92,24.51
8687,5.27,52.72,90,9.48,110,4348,0,Valve Sticking,4.0,44.42
8688,5.15,53.28,100,10.0,113.32,4349,0,Valve Sticking,3.78,13.66
8689,5.06,52.72,90,9.23,110,4349,0,Valve Sticking,3.03,12.11
8690,5.24,52.69,100,9.95,110,4350,0,Valve Sticking,3.85,21.29
8691,5.0,52.76,90,9.28,115.52,4350,0,Valve Sticking,3.61,9.71
8692,5.4,51.96,100,9.96,110,4351,0,Valve Sticking,2.94,47.6
8693,5.27,52.76,90,9.94,110,4351,0,Valve Sticking,3.5,38.98
8694,5.19,52.61,100,9.27,110,4352,0,Valve Sticking,3.04,34.06
8695,5.61,53.35,90,9.55,110,4352,0,Valve Sticking,3.72,43.22
8696,5.0,54.2,100,9.65,112.55,4353,0,Valve Sticking,2.66,14.18
8697,5.37,54.35,90,9.64,110,4353,0,Valve Sticking,3.36,21.46
8698,5.4,54.03,100,9.45,113.99,4354,0,Valve Sticking,2.94,11.19
8699,5.08,54.52,90,10.04,110,4354,0,Valve Sticking,3.31,19.95
8700,5.47,53.68,100,9.36,110,4355,0,Valve Sticking,3.01,37.33
8701,5.0,52.77,90,9.88,110,4355,0,Valve Sticking,3.78,5.93
8702,5.33,52.57,100,10.17,110,4356,0,Valve Sticking,3.77,22.69
8703,5.07,52.09,90,9.62,111.0,4356,0,Valve Sticking,3.63,16.83
8704,5.23,52.49,100,9.8,110,4357,0,Valve Sticking,3.6,36.81
8705,5.09,52.58,90,9.98,110.97,4357,0,Valve Sticking,3.93,27.89
8706,5.63,52.39,100,9.64,110,4358,0,Valve Sticking,2.58,35.42
8707,5.03,51.97,90,9.52,110,4358,0,Valve Sticking,2.56,9.12
8708,5.62,51.7,100,9.96,110,4359,0,Valve Sticking,3.5,43.53
8709,5.0,51.83,90,9.61,110,4359,0,Valve Sticking,2.53,7.05
8710,5.15,51.62,100,9.26,110.44,4360,0,Valve Sticking,2.75,15.98
8711,5.42,51.91,90,9.27,110,4360,0,Valve Sticking,3.36,41.08
8712,5.36,51.58,100,9.68,110,4361,0,Valve Sticking,3.42,23.3
8713,5.4,51.27,90,9.38,110,4361,0,Valve Sticking,3.06,40.19
8714,5.46,50.73,100,9.78,110,4362,0,Valve Sticking,3.79,24.82
8715,5.16,51.42,90,9.65,112.49,4362,0,Valve Sticking,3.28,14.69
8716,5.21,52.02,100,9.42,110,4363,0,Valve Sticking,3.87,32.04
8717,5.44,52.32,90,9.68,110,4363,0,Valve Sticking,3.03,47.57
8718,5.37,53.03,100,9.37,111.2,4364,0,Valve Sticking,3.87,16.07
8719,5.22,53.56,90,9.59,113.81,4364,0,Valve Sticking,2.63,15.21
8720,5.13,53.26,100,9.94,110,4365,0,Valve Sticking,3.32,24.3
8721,5.29,52.1,90,9.37,110,4365,0,Valve Sticking,3.06,40.27
8722,5.62,52.19,100,9.84,110,4366,0,Valve Sticking,3.63,46.47
8723,5.31,52.59,90,9.65,110,4366,0,Valve Sticking,2.74,36.76
8724,5.35,51.85,100,9.51,110,4367,0,Valve Sticking,3.4,32.95
8725,5.41,51.54,90,9.68,110,4367,0,Valve Sticking,3.37,31.85
8726,5.0,52.56,100,9.64,113.38,4368,0,Valve Sticking,2.53,10.57
8727,5.4,52.36,90,9.92,110,4368,0,Valve Sticking,3.74,26.37
8728,5.39,52.83,100,9.11,110,4369,0,Valve Sticking,3.69,43.23
8729,5.36,52.62,90,9.35,110,4369,0,Valve Sticking,2.79,32.0
8730,5.54,53.05,100,9.16,110,4370,0,Valve Sticking,3.9,49.05
8731,5.39,52.12,90,9.75,110,4370,0,Valve Sticking,3.74,42.44
8732,5.0,52.5,100,9.76,111.78,4371,0,Valve Sticking,3.02,11.04
8733,5.26,52.75,90,9.85,110,4371,0,Valve Sticking,3.54,38.79
8734,5.07,52.75,100,9.61,113.5,4372,0,Valve Sticking,2.52,6.56
8735,5.29,52.34,90,10.09,110,4372,0,Valve Sticking,3.14,29.49
8736,5.52,51.98,100,9.22,110,4373,0,Valve Sticking,2.61,48.51
8737,5.12,52.56,90,9.05,114.93,4373,0,Valve Sticking,3.66,14.15
8738,5.39,53.23,100,9.75,110,4374,0,Valve Sticking,3.63,28.67
8739,5.4,52.07,90,9.58,110,4374,0,Valve Sticking,3.29,41.29
8740,5.41,51.74,100,9.18,110,4375,0,Valve Sticking,2.69,38.02
8741,5.25,52.44,90,9.55,110,4375,0,Valve Sticking,3.54,48.63
8742,5.41,52.09,100,9.68,110.09,4376,0,Valve Sticking,3.54,13.15
8743,5.42,51.64,90,9.75,110,4376,0,Valve Sticking,3.73,49.28
8744,5.42,51.6,100,9.49,110,4377,0,Valve Sticking,3.2,34.42
8745,5.6,52.18,90,9.83,110,4377,0,Valve Sticking,3.17,49.46
8746,5.18,52.6,100,9.98,110,4378,0,Valve Sticking,3.23,24.4
8747,5.23,52.56,90,9.83,110,4378,0,Valve Sticking,3.16,25.68
8748,5.46,52.44,100,10.04,110,4379,0,Valve Sticking,3.14,32.55
8749,5.29,52.35,90,9.95,110,4379,0,Valve Sticking,2.9,16.97
8750,5.41,52.09,100,9.22,110,4380,0,Valve Sticking,2.71,37.78
8751,5.14,52.85,90,9.42,110,4380,0,Valve Sticking,2.83,29.83
8752,5.38,52.68,100,10.04,110,4381,0,Valve Sticking,3.81,22.43
8753,5.02,53.0,90,9.79,110,4381,0,Valve Sticking,3.92,21.5
8754,5.19,53.06,100,10.24,112.13,4382,0,Valve Sticking,3.0,14.96
8755,5.17,52.91,90,9.72,110,4382,0,Valve Sticking,2.82,28.71
8756,5.26,52.55,100,9.5,110,4383,0,Valve Sticking,2.72,39.46
8757,5.19,52.78,90,9.46,110,4383,0,Valve Sticking,2.64,22.75
8758,5.0,53.14,100,9.91,110,4384,0,Valve Sticking,3.92,20.96
8759,5.23,52.35,90,9.57,110,4384,0,Valve Sticking,2.88,24.02
8760,5.18,53.11,100,9.75,110,4385,0,Valve Sticking,2.78,35.99
8761,5.32,52.5,90,9.57,110,4385,0,Valve Sticking,3.67,32.66
8762,5.24,52.16,100,9.13,110.51,4386,0,Valve Sticking,2.55,29.8
8763,5.0,51.77,90,9.88,110,4386,0,Valve Sticking,3.65,15.03
8764,5.53,52.03,100,9.36,110,4387,0,Valve Sticking,3.67,49.48
8765,5.18,52.88,90,9.61,110,4387,0,Valve Sticking,3.23,12.07
8766,5.0,53.0,100,9.89,110,4388,0,Valve Sticking,3.87,17.4
8767,5.11,53.21,90,9.13,110,4388,0,Valve Sticking,3.01,19.03
8768,5.4,54.06,100,9.84,110,4389,0,Valve Sticking,3.36,32.13
8769,5.34,53.01,90,9.98,110,4389,0,Valve Sticking,3.7,46.09
8770,5.22,52.47,100,9.23,110,4390,0,Valve Sticking,3.8,20.93
8771,5.49,52.05,90,9.01,110,4390,0,Valve Sticking,2.76,43.71
8772,5.22,51.36,100,9.56,110,4391,0,Valve Sticking,3.97,16.36
8773,5.52,51.21,90,9.54,110,4391,0,Valve Sticking,2.68,48.26
8774,5.16,52.17,100,9.77,110.53,4392,0,Valve Sticking,2.57,18.15
8775,5.05,52.24,90,9.31,113.17,4392,0,Valve Sticking,3.87,14.98
8776,5.19,51.79,100,10.11,110,4393,0,Valve Sticking,3.17,32.42
8777,5.09,51.24,90,9.53,110,4393,0,Valve Sticking,3.22,10.31
8778,5.32,51.29,100,9.87,110.3,4394,0,Valve Sticking,3.37,29.08
8779,5.3,52.19,90,9.52,110,4394,0,Valve Sticking,3.31,17.73
8780,5.5,51.48,100,9.86,110,4395,0,Valve Sticking,2.95,36.56
8781,5.0,51.83,90,9.35,114.9,4395,0,Valve Sticking,2.68,12.36
8782,5.57,51.69,100,9.61,110,4396,0,Valve Sticking,3.63,45.18
8783,5.34,52.35,90,10.09,110,4396,0,Valve Sticking,2.95,18.42
8784,5.0,52.91,100,9.61,113.71,4397,0,Valve Sticking,3.33,8.42
8785,5.29,53.42,90,9.76,110,4397,0,Valve Sticking,3.93,46.81
8786,5.32,53.86,100,9.24,110,4398,0,Valve Sticking,3.21,24.61
8787,5.0,53.1,90,9.49,112.6,4398,0,Valve Sticking,3.53,10.01
8788,5.32,53.6,100,9.51,116.32,4399,0,Valve Sticking,3.46,10.23
8789,5.4,53.45,90,9.68,110,4399,0,Valve Sticking,3.13,35.56
8790,5.14,54.07,100,9.5,110.34,4400,0,Valve Sticking,3.08,25.42
8791,5.29,53.96,90,9.88,110,4400,0,Valve Sticking,2.75,48.55
8792,5.08,54.24,100,9.75,110,4401,0,Valve Sticking,3.23,19.46
8793,5.38,54.33,90,9.3,110,4401,0,Valve Sticking,3.65,35.47
8794,5.41,54.38,100,9.59,110,4402,0,Valve Sticking,2.69,35.44
8795,5.29,53.94,90,9.43,110,4402,0,Valve Sticking,3.53,27.59
8796,5.54,54.05,100,10.11,110,4403,0,Valve Sticking,3.38,47.43
8797,5.46,53.83,90,9.96,114.53,4403,0,Valve Sticking,2.99,17.6
8798,5.0,53.92,100,9.96,110,4404,0,Valve Sticking,2.59,14.53
8799,5.28,53.79,90,9.42,110,4404,0,Valve Sticking,3.29,49.05
8800,5.21,54.35,100,10.05,110.1,4405,0,Valve Sticking,2.67,33.1
8801,5.07,54.87,90,10.24,110.19,4405,0,Valve Sticking,3.95,11.78
8802,5.2,55.26,100,9.49,111.02,4406,0,Valve Sticking,3.33,26.56
8803,5.01,55.56,90,9.24,110.56,4406,0,Valve Sticking,2.61,9.02
8804,5.19,54.85,100,9.38,110,4407,0,Valve Sticking,3.86,13.78
8805,5.2,54.4,90,9.64,113.14,4407,0,Valve Sticking,3.83,16.88
8806,5.61,53.93,100,10.11,110,4408,0,Valve Sticking,3.97,37.32
8807,5.0,53.99,90,9.16,111.54,4408,0,Valve Sticking,3.05,10.42
8808,5.0,53.16,100,9.13,110,4409,0,Valve Sticking,2.53,16.69
8809,5.23,52.85,90,9.33,110,4409,0,Valve Sticking,2.9,29.96
8810,5.12,52.96,100,9.75,114.87,4410,0,Valve Sticking,3.23,5.71
8811,5.3,53.02,90,9.68,111.13,4410,0,Valve Sticking,2.63,20.25
8812,5.41,53.31,100,10.01,110,4411,0,Valve Sticking,3.04,45.12
8813,5.35,53.91,90,9.74,110,4411,0,Valve Sticking,3.65,32.82
8814,5.25,53.48,100,9.72,110,4412,0,Valve Sticking,3.13,13.06
8815,5.46,53.81,90,9.94,110,4412,0,Valve Sticking,3.62,29.79
8816,5.31,53.81,100,9.21,110,4413,0,Valve Sticking,3.31,48.67
8817,5.27,54.45,90,9.92,110.15,4413,0,Valve Sticking,2.84,7.06
8818,5.33,54.75,100,9.79,110,4414,0,Valve Sticking,2.62,37.8
8819,5.18,54.35,90,9.32,110,4414,0,Valve Sticking,2.97,26.97
8820,5.2,54.25,100,9.31,110,4415,0,Valve Sticking,3.58,21.43
8821,5.14,54.69,90,10.05,110,4415,0,Valve Sticking,3.87,41.67
8822,5.39,54.88,100,9.58,112.39,4416,0,Valve Sticking,2.97,25.15
8823,5.07,55.29,90,9.73,111.94,4416,0,Valve Sticking,3.96,11.9
8824,5.05,55.89,100,9.27,110,4417,0,Valve Sticking,3.28,12.06
8825,5.34,56.04,90,9.01,110,4417,0,Valve Sticking,3.45,26.78
8826,5.05,55.43,100,9.17,111.78,4418,0,Valve Sticking,2.74,11.39
8827,5.01,54.66,90,9.52,110.63,4418,0,Valve Sticking,3.04,5.0
8828,5.07,53.49,100,9.5,110.38,4419,0,Valve Sticking,3.67,13.77
8829,5.26,53.99,90,9.64,110.62,4419,0,Valve Sticking,3.67,19.13
8830,5.42,54.07,100,10.06,110,4420,0,Valve Sticking,3.76,41.13
8831,5.46,54.71,90,9.03,110,4420,0,Valve Sticking,2.55,35.18
8832,5.0,54.74,100,9.94,110.93,4421,0,Valve Sticking,3.44,5.83
8833,5.23,54.41,90,9.53,110,4421,0,Valve Sticking,3.91,39.07
8834,5.12,53.82,100,9.24,110,4422,0,Valve Sticking,3.64,18.47
8835,5.44,53.67,90,9.97,110,4422,0,Valve Sticking,3.55,41.91
8836,5.4,53.39,100,9.51,110,4423,0,Valve Sticking,3.86,30.07
8837,5.33,53.48,90,10.23,115.65,4423,0,Valve Sticking,2.67,9.39
8838,5.52,53.72,100,8.96,110.7,4424,0,Valve Sticking,2.77,33.06
8839,5.34,54.2,90,9.91,110,4424,0,Valve Sticking,3.26,40.54
8840,5.49,54.15,100,9.42,110,4425,0,Valve Sticking,3.33,30.85
8841,5.03,53.7,90,9.76,116.58,4425,0,Valve Sticking,3.38,5.52
8842,5.58,54.57,100,9.65,110,4426,0,Valve Sticking,3.51,35.96
8843,5.08,54.89,90,9.1,110,4426,0,Valve Sticking,3.22,32.51
8844,5.31,53.51,100,9.12,110,4427,0,Valve Sticking,3.08,22.73
8845,5.27,53.72,90,10.09,110,4427,0,Valve Sticking,2.77,33.82
8846,5.62,54.0,100,10.07,110,4428,0,Valve Sticking,2.9,40.47
8847,5.43,53.84,90,9.32,110,4428,0,Valve Sticking,3.28,30.88
8848,5.14,53.53,100,9.92,114.07,4429,0,Valve Sticking,3.97,9.26
8849,5.25,52.59,90,9.64,112.36,4429,0,Valve Sticking,3.16,14.52
8850,5.44,52.06,100,9.84,110,4430,0,Valve Sticking,3.57,26.7
8851,5.32,51.99,90,9.27,110,4430,0,Valve Sticking,2.83,49.57
8852,5.64,52.8,100,9.99,110,4431,0,Valve Sticking,2.65,43.25
8853,5.29,53.7,90,9.93,110,4431,0,Valve Sticking,3.27,39.7
8854,5.35,53.92,100,9.82,110,4432,0,Valve Sticking,3.24,43.06
8855,5.19,53.67,90,9.95,113.42,4432,0,Valve Sticking,3.84,12.86
8856,5.58,53.02,100,9.61,110,4433,0,Valve Sticking,3.01,46.7
8857,5.5,52.19,90,9.19,110,4433,0,Valve Sticking,3.0,42.87
8858,5.08,52.85,100,9.21,110,4434,0,Valve Sticking,3.56,12.19
8859,5.44,52.71,90,9.65,110,4434,0,Valve Sticking,2.55,31.44
8860,5.21,51.6,100,9.1,117.64,4435,0,Valve Sticking,3.4,5.73
8861,5.11,51.26,90,9.62,110,4435,0,Valve Sticking,3.99,33.2
8862,5.52,51.91,100,9.25,110,4436,0,Valve Sticking,2.9,30.96
8863,5.45,51.36,90,9.31,110,4436,0,Valve Sticking,2.65,28.22
8864,5.52,51.73,100,9.79,110,4437,0,Valve Sticking,3.84,33.23
8865,5.38,51.13,90,9.15,110,4437,0,Valve Sticking,3.4,44.92
8866,5.22,50.88,100,10.27,110,4438,0,Valve Sticking,3.66,33.35
8867,5.49,51.6,90,9.87,110,4438,0,Valve Sticking,3.56,31.57
8868,5.33,51.88,100,9.49,110.2,4439,0,Valve Sticking,2.92,9.17
8869,5.19,51.93,90,9.45,110,4439,0,Valve Sticking,3.45,22.25
8870,5.56,51.48,100,9.83,110,4440,0,Valve Sticking,3.51,46.0
8871,5.4,51.2,90,9.47,110,4440,0,Valve Sticking,3.48,41.26
8872,5.41,52.04,100,9.14,110.92,4441,0,Valve Sticking,3.8,26.96
8873,5.53,52.58,90,9.38,110,4441,0,Valve Sticking,2.66,35.11
8874,5.34,52.64,100,9.15,110,4442,0,Valve Sticking,3.99,40.44
8875,5.46,52.61,90,9.82,111.48,4442,0,Valve Sticking,2.76,27.64
8876,5.41,53.39,100,8.99,110,4443,0,Valve Sticking,3.56,19.95
8877,5.0,53.19,90,9.74,115.81,4443,0,Valve Sticking,2.91,6.11
8878,5.38,52.57,100,10.06,110,4444,0,Valve Sticking,3.21,40.22
8879,5.49,53.16,90,9.46,110,4444,0,Valve Sticking,3.48,35.3
8880,5.27,53.33,100,9.75,110.11,4445,0,Valve Sticking,3.22,21.38
8881,5.17,53.13,90,9.92,113.6,4445,0,Valve Sticking,3.32,17.24
8882,5.36,52.8,100,9.92,110,4446,0,Valve Sticking,2.96,40.05
8883,5.13,52.28,90,9.27,110,4446,0,Valve Sticking,2.8,32.74
8884,5.46,51.35,100,9.36,110,4447,0,Valve Sticking,2.6,39.05
8885,5.63,51.13,90,9.92,110,4447,0,Valve Sticking,2.77,43.22
8886,5.4,51.85,100,9.28,110,4448,0,Valve Sticking,3.86,36.12
8887,5.06,52.02,90,9.56,112.36,4448,0,Valve Sticking,2.69,14.64
8888,5.01,52.08,100,9.44,111.12,4449,0,Valve Sticking,3.97,11.92
8889,5.36,52.13,90,10.0,110,4449,0,Valve Sticking,3.71,31.65
8890,5.26,52.53,100,9.4,110,4450,0,Valve Sticking,2.74,5.01
8891,5.08,52.97,90,9.7,113.2,4450,0,Valve Sticking,3.23,5.34
8892,5.13,52.84,100,9.12,110,4451,0,Valve Sticking,3.39,10.92
8893,5.25,53.35,90,9.38,110,4451,0,Valve Sticking,3.42,38.42
8894,5.11,53.36,100,9.13,110,4452,0,Valve Sticking,3.87,32.58
8895,5.0,52.57,90,9.76,112.22,4452,0,Valve Sticking,2.77,7.49
8896,5.14,52.91,100,9.74,110,4453,0,Valve Sticking,2.65,24.02
8897,5.17,53.35,90,9.93,114.76,4453,0,Valve Sticking,3.73,8.7
8898,5.08,53.54,100,9.29,110,4454,0,Valve Sticking,3.87,15.05
8899,5.11,53.67,90,9.92,110,4454,0,Valve Sticking,2.9,7.44
8900,5.29,53.18,100,9.02,110,4455,0,Valve Sticking,2.59,18.47
8901,5.11,52.28,90,9.02,113.7,4455,0,Valve Sticking,3.14,8.3
8902,5.05,52.07,100,9.9,110,4456,0,Valve Sticking,3.39,21.89
8903,5.08,52.77,90,9.39,110,4456,0,Valve Sticking,4.0,27.19
8904,5.36,52.76,100,9.62,110,4457,0,Valve Sticking,2.52,41.1
8905,5.25,53.48,90,9.47,112.3,4457,0,Valve Sticking,3.09,11.6
8906,5.06,53.68,100,9.12,110,4458,0,Valve Sticking,3.44,25.42
8907,5.0,54.0,90,9.32,110.45,4458,0,Valve Sticking,2.58,18.89
8908,5.45,53.61,100,9.15,110,4459,0,Valve Sticking,3.49,26.97
8909,5.17,53.98,90,9.73,110,4459,0,Valve Sticking,2.62,15.18
8910,5.31,54.34,100,9.5,110,4460,0,Valve Sticking,3.13,35.16
8911,5.4,54.56,90,9.42,110,4460,0,Valve Sticking,2.84,40.26
8912,5.61,54.44,100,9.96,110,4461,0,Valve Sticking,2.93,42.41
8913,5.31,54.57,90,9.25,110,4461,0,Valve Sticking,2.59,46.42
8914,5.0,54.81,100,9.14,114.58,4462,0,Valve Sticking,2.94,7.86
8915,5.37,54.01,90,9.22,110,4462,0,Valve Sticking,3.95,31.5
8916,5.57,54.1,100,9.97,111.17,4463,0,Valve Sticking,3.29,31.82
8917,5.43,53.74,90,9.6,110,4463,0,Valve Sticking,2.89,24.12
8918,5.18,53.36,100,9.2,111.5,4464,0,Valve Sticking,3.53,22.26
8919,5.36,53.33,90,9.56,110,4464,0,Valve Sticking,2.69,43.61
8920,5.0,53.33,100,9.39,110.65,4465,0,Valve Sticking,3.82,10.65
8921,5.0,52.62,90,9.92,110,4465,0,Valve Sticking,2.98,11.75
8922,5.54,52.67,100,9.98,110,4466,0,Valve Sticking,3.16,34.32
8923,5.38,53.41,90,9.34,113.35,4466,0,Valve Sticking,2.71,12.74
8924,5.0,53.19,100,9.96,114.97,4467,0,Valve Sticking,3.62,11.97
8925,5.4,53.44,90,10.03,110.56,4467,0,Valve Sticking,3.83,30.82
8926,5.03,52.95,100,9.62,110,4468,0,Valve Sticking,3.56,31.37
8927,5.21,53.08,90,9.25,110,4468,0,Valve Sticking,3.62,11.6
8928,5.39,52.5,100,9.45,110,4469,0,Valve Sticking,3.84,35.46
8929,5.07,51.91,90,9.41,110,4469,0,Valve Sticking,2.95,9.75
8930,5.43,51.56,100,9.92,110.9,4470,0,Valve Sticking,2.72,22.84
8931,5.33,52.1,90,9.34,110,4470,0,Valve Sticking,2.99,45.79
8932,5.2,52.16,100,9.75,111.83,4471,0,Valve Sticking,3.27,7.29
8933,5.13,51.81,90,9.12,110.34,4471,0,Valve Sticking,2.77,20.64
8934,5.18,52.39,100,9.21,110,4472,0,Valve Sticking,3.09,34.86
8935,5.52,52.87,90,9.8,110,4472,0,Valve Sticking,3.7,35.88
8936,5.0,53.01,100,9.55,115.26,4473,0,Valve Sticking,3.34,7.65
8937,5.27,52.72,90,9.92,110,4473,0,Valve Sticking,3.65,11.91
8938,5.69,53.43,100,9.46,110,4474,0,Valve Sticking,2.65,44.97
8939,5.47,53.67,90,10.05,110,4474,0,Valve Sticking,3.18,40.73
8940,5.39,53.75,100,9.23,111.72,4475,0,Valve Sticking,3.59,26.41
8941,5.58,53.17,90,9.21,110,4475,0,Valve Sticking,3.32,42.81
8942,5.17,53.33,100,9.73,110,4476,0,Valve Sticking,3.16,43.74
8943,5.21,53.63,90,9.4,110,4476,0,Valve Sticking,2.9,30.99
8944,5.46,53.43,100,9.84,110,4477,0,Valve Sticking,3.13,45.81
8945,5.26,52.32,90,10.12,110,4477,0,Valve Sticking,3.25,15.61
8946,5.37,52.65,100,8.99,110,4478,0,Valve Sticking,3.23,47.55
8947,5.3,52.33,90,9.57,110,4478,0,Valve Sticking,2.69,35.62
8948,5.67,52.87,100,9.25,110,4479,0,Valve Sticking,3.6,41.23
8949,5.26,52.33,90,9.28,110,4479,0,Valve Sticking,3.78,7.93
8950,5.28,52.68,100,10.06,110,4480,0,Valve Sticking,3.44,30.23
8951,5.27,53.15,90,9.71,110.45,4480,0,Valve Sticking,3.16,24.57
8952,5.49,53.89,100,9.38,110,4481,0,Valve Sticking,2.75,37.77
8953,5.19,53.91,90,9.23,115.14,4481,0,Valve Sticking,3.69,16.28
8954,5.3,54.31,100,9.27,110,4482,0,Valve Sticking,3.61,43.64
8955,5.35,54.27,90,9.78,110,4482,0,Valve Sticking,4.0,27.4
8956,5.38,54.02,100,9.86,112.59,4483,0,Valve Sticking,3.65,27.5
8957,5.0,54.17,90,9.87,113.49,4483,0,Valve Sticking,3.6,8.37
8958,5.46,53.1,100,9.65,110,4484,0,Valve Sticking,2.74,34.83
8959,5.25,52.28,90,9.22,110,4484,0,Valve Sticking,3.25,46.3
8960,5.28,51.91,100,9.86,110,4485,0,Valve Sticking,3.23,34.78
8961,5.0,52.82,90,9.14,115.93,4485,0,Valve Sticking,3.65,9.05
8962,5.48,52.44,100,9.33,110,4486,0,Valve Sticking,3.77,46.54
8963,5.5,52.73,90,9.63,110,4486,0,Valve Sticking,2.7,31.9
8964,5.17,51.9,100,10.26,110,4487,0,Valve Sticking,3.8,12.58
8965,5.12,51.47,90,9.67,112.35,4487,0,Valve Sticking,3.4,13.77
8966,5.38,51.48,100,9.62,110,4488,0,Valve Sticking,3.36,38.02
8967,5.36,51.21,90,9.76,110,4488,0,Valve Sticking,3.64,37.36
8968,5.3,51.52,100,9.69,110,4489,0,Valve Sticking,3.94,46.58
8969,5.33,50.84,90,10.02,110,4489,0,Valve Sticking,3.88,42.2
8970,5.05,51.44,100,9.28,110,4490,0,Valve Sticking,2.77,21.74
8971,5.49,51.07,90,9.83,110,4490,0,Valve Sticking,3.26,47.87
8972,5.24,51.15,100,9.62,113.79,4491,0,Valve Sticking,3.52,16.35
8973,5.23,51.76,90,9.23,110,4491,0,Valve Sticking,3.37,44.14
8974,5.35,51.75,100,9.52,110,4492,0,Valve Sticking,3.51,45.27
8975,5.25,52.08,90,9.76,110,4492,0,Valve Sticking,3.76,45.21
8976,5.33,51.66,100,10.05,111.75,4493,0,Valve Sticking,3.18,26.42
8977,5.13,51.94,90,9.28,110,4493,0,Valve Sticking,3.13,34.55
8978,5.11,51.29,100,9.3,110,4494,0,Valve Sticking,3.02,22.38
8979,5.12,51.48,90,9.15,113.73,4494,0,Valve Sticking,3.77,17.74
8980,5.19,51.62,100,10.26,110,4495,0,Valve Sticking,3.39,26.86
8981,5.27,51.82,90,9.63,110,4495,0,Valve Sticking,2.65,36.42
8982,5.51,52.6,100,9.74,110,4496,0,Valve Sticking,3.92,39.86
8983,5.68,52.59,90,9.26,110,4496,0,Valve Sticking,2.68,47.72
8984,5.35,51.92,100,9.59,110,4497,0,Valve Sticking,3.02,38.62
8985,5.19,51.15,90,9.31,110,4497,0,Valve Sticking,3.49,24.43
8986,5.55,51.64,100,10.12,110,4498,0,Valve Sticking,3.74,40.42
8987,5.19,51.18,90,9.51,111.19,4498,0,Valve Sticking,3.97,7.27
8988,5.06,52.31,100,9.74,110.49,4499,0,Valve Sticking,3.71,10.49
8989,5.5,53.18,90,10.09,110,4499,0,Valve Sticking,3.21,48.33
8990,5.0,52.23,100,10.18,110.77,4500,0,Valve Sticking,2.51,14.98
8991,5.21,52.07,90,9.95,111.85,4500,0,Valve Sticking,3.94,16.32
8992,5.2,52.24,100,9.82,110,4501,0,Valve Sticking,3.19,9.64
8993,5.0,52.86,90,9.48,114.47,4501,0,Valve Sticking,3.37,5.52
8994,5.2,53.02,100,9.89,110,4502,0,Valve Sticking,2.66,35.33
8995,5.48,53.42,90,9.3,110,4502,0,Valve Sticking,2.95,32.15
8996,5.4,52.93,100,9.9,110,4503,0,Valve Sticking,3.58,31.57
8997,5.23,53.54,90,9.58,112.31,4503,0,Valve Sticking,3.11,15.68
8998,5.13,53.3,100,9.11,110,4504,0,Valve Sticking,3.59,27.74
8999,5.16,53.4,90,9.83,115.02,4504,0,Valve Sticking,2.5,8.89
9000,5.0,52.96,100,9.49,110,4505,0,Valve Sticking,3.96,17.42
9001,5.54,52.84,90,10.19,110,4505,0,Valve Sticking,3.52,41.86
9002,5.52,53.31,100,10.05,110,4506,0,Valve Sticking,2.56,45.78
9003,5.41,53.22,90,9.14,110,4506,0,Valve Sticking,3.33,38.71
9004,5.25,52.67,100,10.1,110,4507,0,Valve Sticking,3.45,36.05
9005,5.48,52.97,90,9.37,110,4507,0,Valve Sticking,3.02,38.68
9006,5.36,53.06,100,10.06,110,4508,0,Valve Sticking,3.0,35.97
9007,5.42,53.7,90,9.23,110,4508,0,Valve Sticking,3.1,43.8
9008,5.37,53.67,100,9.95,110,4509,0,Valve Sticking,2.52,26.26
9009,5.13,53.13,90,10.04,110,4509,0,Valve Sticking,3.02,21.43
9010,5.48,52.64,100,9.68,110,4510,0,Valve Sticking,3.18,39.89
9011,5.11,52.85,90,9.24,110,4510,0,Valve Sticking,2.99,36.77
9012,5.44,52.31,100,9.38,110,4511,0,Valve Sticking,3.75,45.23
9013,5.31,52.63,90,9.15,110.65,4511,0,Valve Sticking,3.42,27.67
9014,5.48,53.04,100,9.22,110,4512,0,Valve Sticking,3.55,48.94
9015,5.38,52.5,90,9.6,110,4512,0,Valve Sticking,2.79,25.91
9016,5.24,53.01,100,9.47,110,4513,0,Valve Sticking,2.59,33.16
9017,5.4,52.28,90,9.33,110,4513,0,Valve Sticking,3.41,48.25
9018,5.38,52.16,100,9.27,110,4514,0,Valve Sticking,2.82,25.88
9019,5.14,52.48,90,9.57,110,4514,0,Valve Sticking,2.62,41.07
9020,5.0,52.42,100,10.02,115.28,4515,0,Valve Sticking,2.61,5.72
9021,5.34,51.84,90,9.64,110,4515,0,Valve Sticking,3.5,34.22
9022,5.32,51.47,100,9.26,111.44,4516,0,Valve Sticking,2.96,25.12
9023,5.44,52.29,90,9.96,110,4516,0,Valve Sticking,2.63,40.82
9024,5.48,51.74,100,9.78,110,4517,0,Valve Sticking,3.02,47.28
9025,5.13,51.66,90,9.79,110.96,4517,0,Valve Sticking,3.15,15.69
9026,5.64,51.88,100,9.78,110,4518,0,Valve Sticking,3.52,42.73
9027,5.57,51.21,90,10.09,110,4518,0,Valve Sticking,3.56,44.99
9028,5.27,52.11,100,9.46,110,4519,0,Valve Sticking,3.17,21.53
9029,5.22,52.42,90,9.86,113.68,4519,0,Valve Sticking,2.9,13.22
9030,5.61,51.71,100,9.98,110,4520,0,Valve Sticking,3.75,42.17
9031,5.17,51.42,90,9.54,110,4520,0,Valve Sticking,3.7,33.5
9032,5.09,50.78,100,9.49,110,4521,0,Valve Sticking,3.82,25.54
9033,5.34,51.1,90,9.74,110.55,4521,0,Valve Sticking,2.82,24.83
9034,5.35,51.64,100,10.04,110,4522,0,Valve Sticking,3.34,14.16
9035,5.38,51.31,90,9.62,110,4522,0,Valve Sticking,3.63,35.84
9036,5.13,51.53,100,9.82,112.18,4523,0,Valve Sticking,2.87,12.63
9037,5.37,51.85,90,9.53,110,4523,0,Valve Sticking,2.98,23.23
9038,5.3,52.87,100,9.58,110,4524,0,Valve Sticking,3.95,19.4
9039,5.37,53.42,90,9.35,110,4524,0,Valve Sticking,3.3,48.42
9040,5.35,54.28,100,9.23,110.36,4525,0,Valve Sticking,3.87,14.7
9041,5.61,54.69,90,9.05,110,4525,0,Valve Sticking,3.67,38.72
9042,5.24,54.81,100,9.35,110,4526,0,Valve Sticking,3.44,7.94
9043,5.32,54.57,90,9.23,110,4526,0,Valve Sticking,3.16,36.08
9044,5.33,54.06,100,10.11,110,4527,0,Valve Sticking,2.8,11.61
9045,5.0,54.06,90,9.21,110,4527,0,Valve Sticking,3.06,16.83
9046,5.0,54.11,100,9.77,110.26,4528,0,Valve Sticking,2.58,12.84
9047,5.21,53.88,90,9.4,110.23,4528,0,Valve Sticking,3.31,36.65
9048,5.51,54.32,100,9.69,110,4529,0,Valve Sticking,2.7,45.32
9049,5.37,54.27,90,9.96,110,4529,0,Valve Sticking,3.7,14.06
9050,5.41,53.27,100,9.45,110,4530,0,Valve Sticking,2.61,44.36
9051,5.58,53.77,90,9.27,110,4530,0,Valve Sticking,2.97,40.78
9052,5.3,54.15,100,9.44,110,4531,0,Valve Sticking,2.68,42.11
9053,5.3,53.93,90,9.22,110,4531,0,Valve Sticking,2.52,42.28
9054,5.54,53.24,100,9.46,110,4532,0,Valve Sticking,3.21,41.54
9055,5.19,53.68,90,9.61,110,4532,0,Valve Sticking,3.27,22.97
9056,5.07,53.76,100,9.07,110,4533,0,Valve Sticking,3.79,23.6
9057,5.33,52.91,90,9.43,110,4533,0,Valve Sticking,3.92,46.79
9058,5.07,53.28,100,9.28,112.95,4534,0,Valve Sticking,3.72,7.47
9059,5.26,52.9,90,10.05,110,4534,0,Valve Sticking,3.26,36.06
9060,5.17,52.38,100,9.18,110,4535,0,Valve Sticking,3.34,14.5
9061,5.18,52.13,90,9.92,110,4535,0,Valve Sticking,3.25,13.98
9062,5.34,51.26,100,9.41,110,4536,0,Valve Sticking,3.91,48.32
9063,5.51,51.44,90,9.5,110,4536,0,Valve Sticking,3.35,49.11
9064,5.37,52.52,100,9.29,110.79,4537,0,Valve Sticking,3.17,12.15
9065,5.23,52.63,90,9.04,113.16,4537,0,Valve Sticking,3.92,12.57
9066,5.06,52.82,100,9.84,112.41,4538,0,Valve Sticking,3.32,21.94
9067,5.22,53.02,90,9.71,110,4538,0,Valve Sticking,3.73,32.88
9068,5.5,52.88,100,9.73,110,4539,0,Valve Sticking,3.62,27.49
9069,5.31,52.31,90,10.13,111.72,4539,0,Valve Sticking,3.69,28.64
9070,5.0,52.19,100,9.12,111.07,4540,0,Valve Sticking,3.43,17.59
9071,5.31,52.52,90,9.78,110.42,4540,0,Valve Sticking,3.94,20.27
9072,5.18,52.91,100,9.41,112.21,4541,0,Valve Sticking,3.96,18.79
9073,5.23,52.47,90,9.86,110,4541,0,Valve Sticking,2.58,48.88
9074,5.47,52.81,100,9.55,110,4542,0,Valve Sticking,2.84,45.52
9075,5.12,52.63,90,10.01,110,4542,0,Valve Sticking,2.91,19.6
9076,5.2,53.12,100,9.07,110,4543,0,Valve Sticking,2.64,23.13
9077,5.23,53.05,90,9.41,112.04,4543,0,Valve Sticking,3.37,16.54
9078,5.25,53.61,100,9.8,110,4544,0,Valve Sticking,3.31,34.97
9079,5.0,53.86,90,9.53,110.68,4544,0,Valve Sticking,3.34,9.46
9080,5.06,53.72,100,9.92,110,4545,0,Valve Sticking,3.85,14.99
9081,5.26,53.92,90,9.89,110,4545,0,Valve Sticking,3.11,32.35
9082,5.27,53.36,100,9.49,110,4546,0,Valve Sticking,3.45,36.98
9083,5.28,52.8,90,9.61,113.04,4546,0,Valve Sticking,3.22,11.58
9084,5.39,52.4,100,10.09,110,4547,0,Valve Sticking,2.97,39.33
9085,5.6,51.86,90,9.17,110,4547,0,Valve Sticking,3.15,45.45
9086,5.27,52.48,100,9.47,110,4548,0,Valve Sticking,3.45,38.57
9087,5.13,53.33,90,9.68,110.27,4548,0,Valve Sticking,2.51,30.15
9088,5.12,53.63,100,9.69,113.42,4549,0,Valve Sticking,3.63,11.09
9089,5.33,53.97,90,9.61,110,4549,0,Valve Sticking,2.75,22.2
9090,5.22,53.99,100,9.97,110,4550,0,Valve Sticking,3.78,21.15
9091,5.0,54.29,90,9.59,111.78,4550,0,Valve Sticking,3.4,5.88
9092,5.11,53.92,100,9.45,111.72,4551,0,Valve Sticking,3.39,19.16
9093,5.61,54.11,90,9.95,110,4551,0,Valve Sticking,3.41,38.07
9094,5.39,54.85,100,9.95,110.8,4552,0,Valve Sticking,3.12,31.79
9095,5.29,54.53,90,9.05,111.88,4552,0,Valve Sticking,3.61,10.77
9096,5.52,54.89,100,9.88,110,4553,0,Valve Sticking,2.84,40.17
9097,5.4,55.33,90,9.34,110,4553,0,Valve Sticking,2.57,38.73
9098,5.45,54.36,100,9.71,110,4554,0,Valve Sticking,3.74,42.13
9099,5.14,54.09,90,9.28,111.36,4554,0,Valve Sticking,2.84,6.84
9100,5.07,54.0,100,9.02,111.17,4555,0,Valve Sticking,3.09,10.77
9101,5.33,53.38,90,9.46,110,4555,0,Valve Sticking,3.32,30.18
9102,5.04,52.57,100,10.16,110.62,4556,0,Valve Sticking,3.66,6.77
9103,5.46,53.24,90,9.99,110,4556,0,Valve Sticking,2.9,17.73
9104,5.21,52.49,100,9.61,110,4557,0,Valve Sticking,2.53,18.87
9105,5.43,52.43,90,9.13,111.23,4557,0,Valve Sticking,2.99,20.88
9106,5.5,52.96,100,9.23,110,4558,0,Valve Sticking,2.69,38.46
9107,5.21,52.85,90,9.24,110,4558,0,Valve Sticking,3.41,33.56
9108,5.0,53.07,100,9.17,110,4559,0,Valve Sticking,3.07,9.12
9109,5.4,52.83,90,9.18,110,4559,0,Valve Sticking,2.88,36.34
9110,5.41,53.2,100,9.66,110,4560,0,Valve Sticking,2.66,32.66
9111,5.2,53.1,90,9.68,110,4560,0,Valve Sticking,2.91,36.51
9112,5.22,52.57,100,9.29,110,4561,0,Valve Sticking,3.28,41.19
9113,5.06,52.61,90,9.31,110,4561,0,Valve Sticking,3.31,8.77
9114,5.53,52.94,100,9.32,110,4562,0,Valve Sticking,3.55,35.76
9115,5.34,52.96,90,9.78,110,4562,0,Valve Sticking,2.51,18.95
9116,5.66,52.48,100,9.86,110,4563,0,Valve Sticking,2.52,38.71
9117,5.27,52.3,90,9.42,111.69,4563,0,Valve Sticking,2.83,21.63
9118,5.26,52.94,100,9.87,110.78,4564,0,Valve Sticking,2.96,23.16
9119,5.23,52.03,90,9.76,110,4564,0,Valve Sticking,2.62,34.97
9120,5.41,51.86,100,9.3,110,4565,0,Valve Sticking,2.89,46.17
9121,5.08,51.64,90,9.89,111.31,4565,0,Valve Sticking,3.04,30.03
9122,5.36,51.38,100,9.51,110,4566,0,Valve Sticking,2.87,32.64
9123,5.05,52.25,90,9.19,110,4566,0,Valve Sticking,3.65,25.33
9124,5.17,51.7,100,9.62,117.51,4567,0,Valve Sticking,2.92,7.24
9125,5.33,51.19,90,9.89,115.54,4567,0,Valve Sticking,3.4,16.39
9126,5.25,51.72,100,9.19,110,4568,0,Valve Sticking,3.78,17.87
9127,5.0,51.93,90,9.69,110.94,4568,0,Valve Sticking,3.87,6.55
9128,5.51,51.49,100,9.33,110,4569,0,Valve Sticking,3.0,26.64
9129,5.38,51.75,90,10.25,111.1,4569,0,Valve Sticking,3.65,13.21
9130,5.57,51.94,100,9.62,110,4570,0,Valve Sticking,3.85,42.21
9131,5.32,51.78,90,9.68,110,4570,0,Valve Sticking,3.02,46.45
9132,5.22,52.17,100,9.76,110,4571,0,Valve Sticking,3.38,34.96
9133,5.53,51.95,90,9.44,110,4571,0,Valve Sticking,2.93,39.05
9134,5.39,52.54,100,10.17,110,4572,0,Valve Sticking,2.64,42.23
9135,5.51,53.06,90,10.02,110,4572,0,Valve Sticking,3.72,40.27
9136,5.43,53.07,100,9.83,110,4573,0,Valve Sticking,3.46,46.91
9137,5.53,53.16,90,9.48,110,4573,0,Valve Sticking,3.17,43.24
9138,5.35,53.56,100,9.02,110,4574,0,Valve Sticking,3.12,30.45
9139,5.19,54.25,90,9.56,110,4574,0,Valve Sticking,3.67,38.32
9140,5.13,54.55,100,9.74,114.15,4575,0,Valve Sticking,3.73,8.64
9141,5.34,55.14,90,9.76,110,4575,0,Valve Sticking,3.56,29.42
9142,5.27,54.14,100,10.19,110,4576,0,Valve Sticking,2.62,44.94
9143,5.0,53.69,90,10.0,113.38,4576,0,Valve Sticking,3.48,9.36
9144,5.25,53.23,100,9.13,110,4577,0,Valve Sticking,2.8,11.51
9145,5.38,53.64,90,9.8,110,4577,0,Valve Sticking,3.64,41.93
9146,5.4,53.38,100,9.41,110,4578,0,Valve Sticking,3.47,49.76
9147,5.06,53.82,90,9.36,112.54,4578,0,Valve Sticking,3.07,6.16
9148,5.16,54.02,100,9.45,110,4579,0,Valve Sticking,3.54,18.86
9149,5.35,53.64,90,9.61,110,4579,0,Valve Sticking,3.33,35.9
9150,5.32,53.85,100,9.44,110,4580,0,Valve Sticking,3.68,26.62
9151,5.05,53.4,90,9.34,112.36,4580,0,Valve Sticking,3.29,20.78
9152,5.35,52.48,100,9.78,110,4581,0,Valve Sticking,3.0,26.92
9153,5.63,52.04,90,9.11,110,4581,0,Valve Sticking,3.51,47.73
9154,5.08,52.93,100,9.41,110,4582,0,Valve Sticking,3.92,19.6
9155,5.41,52.47,90,10.18,110,4582,0,Valve Sticking,3.1,38.48
9156,5.38,52.75,100,9.21,110,4583,0,Valve Sticking,3.25,29.84
9157,5.3,53.26,90,9.11,110,4583,0,Valve Sticking,2.63,14.66
9158,5.43,53.3,100,9.7,110,4584,0,Valve Sticking,2.85,43.4
9159,5.0,53.05,90,9.92,112.28,4584,0,Valve Sticking,2.9,16.39
9160,5.14,52.91,100,9.2,110.17,4585,0,Valve Sticking,3.57,20.54
9161,5.3,53.18,90,9.31,110,4585,0,Valve Sticking,2.57,41.82
9162,5.37,53.14,100,9.83,110,4586,0,Valve Sticking,3.02,37.15
9163,5.56,52.6,90,9.52,110,4586,0,Valve Sticking,3.68,47.46
9164,5.0,53.11,100,10.15,110,4587,0,Valve Sticking,3.17,24.61
9165,5.22,52.54,90,9.5,110.01,4587,0,Valve Sticking,3.22,7.89
9166,5.62,52.95,100,9.39,110,4588,0,Valve Sticking,3.85,48.2
9167,5.05,53.61,90,9.83,110,4588,0,Valve Sticking,3.94,24.44
9168,5.36,53.78,100,9.04,110,4589,0,Valve Sticking,3.99,29.61
9169,5.3,53.27,90,9.98,110,4589,0,Valve Sticking,3.33,22.16
9170,5.24,53.53,100,9.16,110.52,4590,0,Valve Sticking,2.53,7.46
9171,5.42,53.67,90,9.21,110,4590,0,Valve Sticking,3.29,14.43
9172,5.13,53.6,100,9.07,110.98,4591,0,Valve Sticking,2.61,6.1
9173,5.45,53.85,90,9.42,110,4591,0,Valve Sticking,2.98,38.46
9174,5.57,54.62,100,9.34,110,4592,0,Valve Sticking,3.9,44.48
9175,5.03,53.82,90,9.34,110.08,4592,0,Valve Sticking,3.68,25.75
9176,5.41,53.52,100,10.01,110,4593,0,Valve Sticking,2.8,39.36
9177,5.47,53.71,90,9.02,110,4593,0,Valve Sticking,3.1,44.0
9178,5.01,54.26,100,9.99,110,4594,0,Valve Sticking,3.97,15.93
9179,5.18,53.34,90,9.41,110,4594,0,Valve Sticking,2.92,37.06
9180,5.49,52.76,100,9.32,110,4595,0,Valve Sticking,2.65,48.43
9181,5.48,52.04,90,9.53,110.65,4595,0,Valve Sticking,2.92,35.56
9182,5.31,51.74,100,10.01,110,4596,0,Valve Sticking,3.6,18.78
9183,5.5,52.01,90,9.49,110,4596,0,Valve Sticking,3.97,40.07
9184,5.0,52.78,100,9.71,113.25,4597,0,Valve Sticking,3.02,14.39
9185,5.17,52.64,90,9.66,110,4597,0,Valve Sticking,2.68,27.92
9186,5.3,52.91,100,9.09,111.4,4598,0,Valve Sticking,3.18,24.73
9187,5.24,52.57,90,9.72,110,4598,0,Valve Sticking,3.23,17.7
9188,5.19,52.86,100,9.28,114.68,4599,0,Valve Sticking,3.72,7.34
9189,5.4,53.34,90,9.75,110,4599,0,Valve Sticking,3.94,33.76
9190,5.12,52.73,100,9.27,110,4600,0,Valve Sticking,3.41,36.84
9191,5.0,53.33,90,9.44,115.15,4600,0,Valve Sticking,2.97,5.06
9192,5.0,53.53,100,9.6,111.98,4601,0,Valve Sticking,2.73,18.7
9193,5.05,53.79,90,9.39,110,4601,0,Valve Sticking,3.58,22.99
9194,5.0,54.13,100,9.33,110.97,4602,0,Valve Sticking,3.41,8.16
9195,5.0,54.78,90,9.39,112.07,4602,0,Valve Sticking,3.05,6.66
9196,5.15,55.41,100,9.83,111.1,4603,0,Valve Sticking,3.49,18.13
9197,5.47,55.68,90,9.92,110,4603,0,Valve Sticking,3.44,47.6
9198,5.08,55.18,100,9.14,110,4604,0,Valve Sticking,2.54,22.13
9199,5.39,54.88,90,9.89,110,4604,0,Valve Sticking,3.09,22.65
9200,5.28,55.33,100,10.0,110.51,4605,0,Valve Sticking,3.31,29.4
9201,5.0,55.4,90,9.17,113.02,4605,0,Valve Sticking,3.96,11.48
9202,5.24,55.5,100,9.25,110,4606,0,Valve Sticking,3.24,16.6
9203,5.08,54.91,90,9.67,110,4606,0,Valve Sticking,2.94,20.99
9204,5.33,54.01,100,9.46,110,4607,0,Valve Sticking,3.09,49.43
9205,5.02,54.04,90,9.39,110,4607,0,Valve Sticking,3.84,13.99
9206,5.35,53.58,100,9.13,110,4608,0,Valve Sticking,3.87,34.97
9207,5.55,53.86,90,9.11,110,4608,0,Valve Sticking,3.48,45.97
9208,5.6,53.93,100,9.52,110,4609,0,Valve Sticking,3.0,46.68
9209,5.2,52.96,90,9.91,110,4609,0,Valve Sticking,3.35,34.14
9210,5.1,52.35,100,9.98,111.32,4610,0,Valve Sticking,3.83,17.32
9211,5.0,52.15,90,9.7,115.38,4610,0,Valve Sticking,3.24,14.78
9212,5.15,52.07,100,9.42,110,4611,0,Valve Sticking,2.88,25.58
9213,5.25,51.93,90,10.09,111.35,4611,0,Valve Sticking,2.64,21.09
9214,5.31,51.82,100,9.15,110,4612,0,Valve Sticking,3.24,32.09
9215,5.44,51.56,90,9.87,110,4612,0,Valve Sticking,2.61,33.0
9216,5.35,51.06,100,9.42,110,4613,0,Valve Sticking,2.86,27.46
9217,5.2,50.27,90,9.58,114.1,4613,0,Valve Sticking,2.91,9.01
9218,5.23,50.05,100,10.19,113.65,4614,0,Valve Sticking,3.87,9.61
9219,5.32,49.72,90,9.3,110,4614,0,Valve Sticking,3.28,36.44
9220,5.18,50.16,100,9.82,110,4615,0,Valve Sticking,3.36,27.8
9221,5.52,50.92,90,9.81,110,4615,0,Valve Sticking,2.5,49.06
9222,5.33,50.3,100,9.68,110,4616,0,Valve Sticking,3.85,35.78
9223,5.16,50.38,90,10.09,110.69,4616,0,Valve Sticking,3.89,18.48
9224,5.0,50.8,100,9.96,112.76,4617,0,Valve Sticking,3.02,10.98
9225,5.17,51.42,90,9.49,110,4617,0,Valve Sticking,3.69,29.7
9226,5.0,51.78,100,8.96,111.44,4618,0,Valve Sticking,3.6,6.41
9227,5.2,52.51,90,9.8,110,4618,0,Valve Sticking,3.09,11.39
9228,5.49,52.87,100,10.21,110,4619,0,Valve Sticking,2.52,27.13
9229,5.17,51.83,90,9.24,110,4619,0,Valve Sticking,2.95,28.7
9230,5.04,52.41,100,9.26,111.44,4620,0,Valve Sticking,2.98,24.85
9231,5.55,52.52,90,9.95,110,4620,0,Valve Sticking,2.83,41.36
9232,5.46,52.15,100,10.06,110,4621,0,Valve Sticking,3.45,39.44
9233,5.0,52.54,90,9.78,110.38,4621,0,Valve Sticking,3.75,14.11
9234,5.64,52.36,100,9.52,110,4622,0,Valve Sticking,3.05,48.15
9235,5.63,52.87,90,9.67,110,4622,0,Valve Sticking,3.69,43.72
9236,5.23,53.21,100,9.69,110,4623,0,Valve Sticking,3.45,24.52
9237,5.29,53.43,90,9.54,110,4623,0,Valve Sticking,3.51,32.58
9238,5.36,53.31,100,9.19,110,4624,0,Valve Sticking,3.12,38.2
9239,5.27,52.46,90,9.91,110,4624,0,Valve Sticking,2.55,18.51
9240,5.44,51.87,100,9.61,110,4625,0,Valve Sticking,3.64,43.86
9241,5.55,51.73,90,9.68,110,4625,0,Valve Sticking,2.91,40.48
9242,5.39,52.72,100,9.34,110,4626,0,Valve Sticking,2.65,45.28
9243,5.16,52.44,90,9.8,110.38,4626,0,Valve Sticking,3.83,10.64
9244,5.24,52.81,100,10.15,110,4627,0,Valve Sticking,3.11,27.85
9245,5.27,53.06,90,10.08,110,4627,0,Valve Sticking,2.56,9.13
9246,5.09,52.64,100,9.84,111.41,4628,0,Valve Sticking,3.46,17.86
9247,5.19,52.97,90,9.33,110,4628,0,Valve Sticking,3.4,27.68
9248,5.44,52.55,100,9.83,110,4629,0,Valve Sticking,3.35,27.76
9249,5.26,52.14,90,10.18,110,4629,0,Valve Sticking,3.15,20.69
9250,5.38,52.03,100,9.27,110,4630,0,Valve Sticking,2.59,32.73
9251,5.25,52.28,90,9.48,110,4630,0,Valve Sticking,2.95,22.06
9252,5.28,52.23,100,9.48,113.43,4631,0,Valve Sticking,3.03,16.24
9253,5.0,52.19,90,9.41,113.87,4631,0,Valve Sticking,3.02,5.9
9254,5.0,51.87,100,9.26,110,4632,0,Valve Sticking,2.7,17.2
9255,5.46,52.33,90,9.59,110,4632,0,Valve Sticking,3.29,43.31
9256,5.34,51.8,100,9.27,110,4633,0,Valve Sticking,3.13,38.08
9257,5.24,52.22,90,9.9,110,4633,0,Valve Sticking,2.78,40.0
9258,5.51,52.06,100,10.09,110,4634,0,Valve Sticking,3.45,46.27
9259,5.41,52.18,90,9.76,110,4634,0,Valve Sticking,2.89,43.58
9260,5.4,51.89,100,8.99,110,4635,0,Valve Sticking,3.31,35.7
9261,5.54,51.36,90,9.65,110,4635,0,Valve Sticking,3.18,35.65
9262,5.28,51.55,100,9.86,113.58,4636,0,Valve Sticking,2.82,7.58
9263,5.48,51.45,90,9.27,110,4636,0,Valve Sticking,3.52,42.58
9264,5.07,51.93,100,10.06,110,4637,0,Valve Sticking,2.93,25.81
9265,5.25,52.18,90,9.75,110,4637,0,Valve Sticking,3.47,14.13
9266,5.51,52.19,100,9.42,110,4638,0,Valve Sticking,2.92,42.99
9267,5.0,52.68,90,9.82,110.18,4638,0,Valve Sticking,3.15,14.68
9268,5.25,53.28,100,9.91,110,4639,0,Valve Sticking,3.41,39.6
9269,5.33,53.65,90,9.87,110,4639,0,Valve Sticking,2.68,31.03
9270,5.18,53.35,100,9.81,110,4640,0,Valve Sticking,3.19,27.73
9271,5.36,53.7,90,10.04,110,4640,0,Valve Sticking,4.0,26.73
9272,5.19,53.66,100,9.26,110,4641,0,Valve Sticking,3.05,17.21
9273,5.44,53.04,90,10.06,110,4641,0,Valve Sticking,2.97,31.12
9274,5.14,52.93,100,9.13,110,4642,0,Valve Sticking,3.36,6.0
9275,5.69,53.67,90,9.3,110,4642,0,Valve Sticking,3.89,49.87
9276,5.31,53.52,100,9.32,111.52,4643,0,Valve Sticking,3.18,11.27
9277,5.44,53.29,90,9.08,110,4643,0,Valve Sticking,3.73,39.68
9278,5.15,52.36,100,10.05,115.62,4644,0,Valve Sticking,3.99,8.57
9279,5.58,53.06,90,9.02,110,4644,0,Valve Sticking,3.33,39.04
9280,5.29,52.94,100,9.99,110,4645,0,Valve Sticking,2.7,19.14
9281,5.18,52.26,90,10.13,112.41,4645,0,Valve Sticking,2.81,5.8
9282,5.23,52.08,100,9.08,110,4646,0,Valve Sticking,3.82,33.44
9283,5.23,51.73,90,10.01,110,4646,0,Valve Sticking,3.11,22.54
9284,5.14,52.32,100,9.46,110,4647,0,Valve Sticking,3.63,32.29
9285,5.21,52.95,90,9.24,112.36,4647,0,Valve Sticking,3.02,10.48
9286,5.0,52.76,100,10.02,110,4648,0,Valve Sticking,3.6,16.88
9287,5.29,52.71,90,9.37,110,4648,0,Valve Sticking,3.66,33.79
9288,5.3,52.23,100,10.09,110,4649,0,Valve Sticking,3.39,42.8
9289,5.42,52.52,90,9.23,110.52,4649,0,Valve Sticking,2.89,18.67
9290,5.0,52.87,100,9.97,110,4650,0,Valve Sticking,3.08,6.56
9291,5.61,52.67,90,9.54,110,4650,0,Valve Sticking,3.7,43.08
9292,5.42,52.51,100,9.76,110,4651,0,Valve Sticking,2.98,25.95
9293,5.48,52.12,90,9.58,110,4651,0,Valve Sticking,3.91,26.58
9294,5.12,52.73,100,9.15,110,4652,0,Valve Sticking,3.97,26.76
9295,5.41,52.86,90,10.03,110,4652,0,Valve Sticking,2.55,26.99
9296,5.22,53.37,100,9.93,110,4653,0,Valve Sticking,3.32,16.25
9297,5.68,53.35,90,9.71,110,4653,0,Valve Sticking,3.82,44.98
9298,5.19,52.35,100,9.74,110,4654,0,Valve Sticking,3.38,13.46
9299,5.22,52.33,90,9.74,113.8,4654,0,Valve Sticking,2.56,14.3
9300,5.28,52.24,100,9.08,110,4655,0,Valve Sticking,3.1,28.51
9301,5.11,52.9,90,9.83,110,4655,0,Valve Sticking,3.63,29.31
9302,5.08,52.51,100,9.91,111.36,4656,0,Valve Sticking,2.76,25.04
9303,5.17,52.71,90,9.73,110.91,4656,0,Valve Sticking,3.65,23.63
9304,5.38,53.22,100,8.99,110,4657,0,Valve Sticking,3.6,36.88
9305,5.22,52.45,90,9.58,110,4657,0,Valve Sticking,3.18,30.77
9306,5.24,53.04,100,9.64,110,4658,0,Valve Sticking,3.7,29.52
9307,5.4,53.05,90,9.0,110,4658,0,Valve Sticking,2.73,42.14
9308,5.36,52.76,100,9.24,110,4659,0,Valve Sticking,3.46,29.82
9309,5.12,52.99,90,9.18,113.85,4659,0,Valve Sticking,3.82,24.25
9310,5.2,53.37,100,9.32,110,4660,0,Valve Sticking,3.46,31.22
9311,5.61,54.01,90,9.12,110,4660,0,Valve Sticking,3.61,46.61
9312,5.03,53.71,100,9.83,110,4661,0,Valve Sticking,2.78,18.04
9313,5.57,53.83,90,9.61,110,4661,0,Valve Sticking,3.64,47.76
9314,5.19,54.23,100,9.42,110,4662,0,Valve Sticking,3.13,28.79
9315,5.34,54.36,90,9.33,110,4662,0,Valve Sticking,3.08,12.51
9316,5.53,54.31,100,9.03,110,4663,0,Valve Sticking,2.9,40.41
9317,5.24,54.62,90,9.42,110,4663,0,Valve Sticking,2.83,35.64
9318,5.35,53.75,100,9.42,110,4664,0,Valve Sticking,2.93,24.77
9319,5.39,53.53,90,8.96,110,4664,0,Valve Sticking,3.09,36.65
9320,5.2,52.76,100,9.81,110,4665,0,Valve Sticking,3.87,12.37
9321,5.18,52.7,90,9.72,110,4665,0,Valve Sticking,2.88,10.13
9322,5.43,51.8,100,9.84,110,4666,0,Valve Sticking,3.17,40.03
9323,5.23,52.58,90,10.25,110,4666,0,Valve Sticking,3.62,23.83
9324,5.27,52.49,100,10.03,110.55,4667,0,Valve Sticking,3.57,24.43
9325,5.32,52.31,90,9.69,110,4667,0,Valve Sticking,2.68,29.36
9326,5.09,52.53,100,9.55,110,4668,0,Valve Sticking,3.14,35.71
9327,5.28,52.21,90,9.43,110,4668,0,Valve Sticking,3.72,28.91
9328,5.12,51.82,100,9.06,111.45,4669,0,Valve Sticking,3.53,13.6
9329,5.17,52.66,90,9.13,110,4669,0,Valve Sticking,3.82,10.88
9330,5.32,53.0,100,9.69,110,4670,0,Valve Sticking,2.53,49.5
9331,5.3,52.93,90,9.39,110,4670,0,Valve Sticking,3.9,34.65
9332,5.43,53.4,100,9.19,110,4671,0,Valve Sticking,2.92,41.58
9333,5.25,52.75,90,9.93,110,4671,0,Valve Sticking,3.26,36.62
9334,5.49,52.02,100,9.7,110,4672,0,Valve Sticking,3.3,33.8
9335,5.45,52.25,90,9.19,110,4672,0,Valve Sticking,2.61,32.8
9336,5.26,51.49,100,9.79,110,4673,0,Valve Sticking,3.62,24.48
9337,5.41,52.04,90,9.42,110,4673,0,Valve Sticking,2.64,31.33
9338,5.11,52.89,100,10.01,110,4674,0,Valve Sticking,3.87,18.08
9339,5.0,53.17,90,9.42,114.07,4674,0,Valve Sticking,3.0,9.57
9340,5.59,52.29,100,9.39,110,4675,0,Valve Sticking,3.59,49.81
9341,5.56,51.57,90,9.18,110,4675,0,Valve Sticking,3.4,41.8
9342,5.26,51.95,100,9.11,112.43,4676,0,Valve Sticking,3.27,10.45
9343,5.0,51.77,90,9.4,110,4676,0,Valve Sticking,3.52,5.25
9344,5.25,51.95,100,9.4,110,4677,0,Valve Sticking,3.57,31.71
9345,5.0,52.45,90,9.12,111.47,4677,0,Valve Sticking,2.55,12.11
9346,5.35,52.82,100,10.17,110,4678,0,Valve Sticking,2.75,47.65
9347,5.65,53.08,90,9.26,110,4678,0,Valve Sticking,3.79,46.77
9348,5.31,53.98,100,9.75,111.84,4679,0,Valve Sticking,3.95,28.95
9349,5.54,54.09,90,9.5,110,4679,0,Valve Sticking,3.2,44.99
9350,5.0,54.03,100,9.93,111.97,4680,0,Valve Sticking,3.93,9.73
9351,5.25,53.06,90,9.45,110,4680,0,Valve Sticking,3.18,18.76
9352,5.55,52.31,100,9.12,110,4681,0,Valve Sticking,3.55,35.02
9353,5.17,52.56,90,9.42,110.32,4681,0,Valve Sticking,3.18,27.5
9354,5.3,51.53,100,9.78,116.09,4682,0,Valve Sticking,3.76,7.6
9355,5.21,51.84,90,9.3,111.42,4682,0,Valve Sticking,2.57,16.26
9356,5.42,52.83,100,9.04,110,4683,0,Valve Sticking,3.65,41.99
9357,5.32,52.85,90,9.34,110,4683,0,Valve Sticking,3.5,23.84
9358,5.03,53.25,100,9.21,110,4684,0,Valve Sticking,3.15,12.61
9359,5.01,53.49,90,10.09,110,4684,0,Valve Sticking,3.1,18.21
9360,5.21,54.26,100,9.51,110.2,4685,0,Valve Sticking,2.6,17.21
9361,5.06,53.89,90,9.97,114.01,4685,0,Valve Sticking,3.75,5.1
9362,5.26,53.25,100,9.38,112.18,4686,0,Valve Sticking,2.9,8.94
9363,5.04,52.86,90,9.34,110,4686,0,Valve Sticking,3.93,19.06
9364,5.25,52.27,100,10.05,110,4687,0,Valve Sticking,3.18,35.22
9365,5.5,52.01,90,9.16,110,4687,0,Valve Sticking,3.06,48.11
9366,5.13,52.58,100,9.28,110,4688,0,Valve Sticking,3.58,15.14
9367,5.01,52.66,90,9.48,110,4688,0,Valve Sticking,2.98,24.46
9368,5.19,52.31,100,9.52,114.45,4689,0,Valve Sticking,3.98,10.24
9369,5.47,52.24,90,9.39,110,4689,0,Valve Sticking,2.7,46.34
9370,5.07,52.26,100,9.78,110,4690,0,Valve Sticking,3.1,18.65
9371,5.2,52.89,90,9.48,110,4690,0,Valve Sticking,3.86,26.84
9372,5.38,53.38,100,9.49,110,4691,0,Valve Sticking,2.62,47.18
9373,5.07,52.71,90,9.52,113.18,4691,0,Valve Sticking,3.2,7.03
9374,5.51,52.71,100,9.0,110,4692,0,Valve Sticking,2.6,45.54
9375,5.06,52.4,90,10.03,112.18,4692,0,Valve Sticking,3.03,13.2
9376,5.19,52.51,100,10.19,110,4693,0,Valve Sticking,2.99,46.21
9377,5.5,52.69,90,9.27,110,4693,0,Valve Sticking,3.18,46.85
9378,5.39,53.32,100,9.57,110,4694,0,Valve Sticking,3.21,48.71
9379,5.53,52.96,90,9.19,110,4694,0,Valve Sticking,2.98,41.64
9380,5.0,53.36,100,10.07,110,4695,0,Valve Sticking,2.81,17.84
9381,5.08,53.58,90,9.68,110,4695,0,Valve Sticking,3.21,24.4
9382,5.31,53.02,100,10.28,110,4696,0,Valve Sticking,3.03,15.72
9383,5.21,53.72,90,9.51,110,4696,0,Valve Sticking,3.39,33.47
9384,5.18,54.04,100,9.75,110.75,4697,0,Valve Sticking,3.56,31.66
9385,5.53,53.93,90,10.04,110,4697,0,Valve Sticking,3.37,43.66
9386,5.17,53.86,100,9.3,110,4698,0,Valve Sticking,2.67,32.29
9387,5.08,53.12,90,9.35,111.96,4698,0,Valve Sticking,3.88,16.31
9388,5.08,52.67,100,9.42,111.84,4699,0,Valve Sticking,3.19,31.09
9389,5.53,52.68,90,9.3,110,4699,0,Valve Sticking,3.67,45.67
9390,5.23,52.26,100,9.23,110,4700,0,Valve Sticking,2.85,34.7
9391,5.46,51.94,90,9.29,110,4700,0,Valve Sticking,3.65,44.22
9392,5.19,52.44,100,9.9,110,4701,0,Valve Sticking,3.6,37.01
9393,5.16,52.06,90,9.5,110,4701,0,Valve Sticking,3.58,19.4
9394,5.23,51.93,100,9.52,110,4702,0,Valve Sticking,3.65,28.73
9395,5.01,51.98,90,10.07,112.47,4702,0,Valve Sticking,3.41,8.53
9396,5.22,51.18,100,9.65,110,4703,0,Valve Sticking,2.7,16.85
9397,5.51,51.49,90,9.81,110,4703,0,Valve Sticking,2.98,44.62
9398,5.51,52.24,100,9.81,110,4704,0,Valve Sticking,2.53,37.65
9399,5.47,52.7,90,9.48,110,4704,0,Valve Sticking,3.05,40.56
9400,5.06,53.41,100,9.13,112.9,4705,0,Valve Sticking,3.58,16.74
9401,5.63,53.15,90,9.17,110,4705,0,Valve Sticking,3.94,48.77
9402,5.0,53.43,100,9.83,111.65,4706,0,Valve Sticking,3.37,5.09
9403,5.36,53.19,90,9.06,110,4706,0,Valve Sticking,2.5,36.31
9404,5.44,52.36,100,9.54,110,4707,0,Valve Sticking,2.56,46.9
9405,5.08,51.58,90,9.56,112.51,4707,0,Valve Sticking,3.48,11.9
9406,5.11,52.21,100,9.87,110,4708,0,Valve Sticking,2.85,12.97
9407,5.17,51.67,90,9.47,110,4708,0,Valve Sticking,2.92,40.82
9408,5.53,50.94,100,9.67,110,4709,0,Valve Sticking,3.74,26.82
9409,5.32,51.51,90,9.13,110,4709,0,Valve Sticking,3.78,42.52
9410,5.38,51.75,100,9.75,110,4710,0,Valve Sticking,2.57,40.13
9411,5.2,51.59,90,10.17,111.29,4710,0,Valve Sticking,3.85,15.33
9412,5.22,50.91,100,9.22,110,4711,0,Valve Sticking,3.38,27.6
9413,5.53,50.9,90,9.63,110,4711,0,Valve Sticking,3.25,45.58
9414,5.48,51.04,100,9.21,110,4712,0,Valve Sticking,3.81,41.75
9415,5.55,51.59,90,10.15,110,4712,0,Valve Sticking,2.82,44.94
9416,5.11,51.95,100,9.06,110,4713,0,Valve Sticking,2.91,26.64
9417,5.0,51.68,90,9.87,110.82,4713,0,Valve Sticking,2.67,13.94
9418,5.35,51.4,100,9.43,114.52,4714,0,Valve Sticking,3.74,11.56
9419,5.37,51.49,90,9.64,113.19,4714,0,Valve Sticking,3.55,13.87
9420,5.27,51.82,100,9.81,110.22,4715,0,Valve Sticking,2.62,27.99
9421,5.3,51.59,90,9.82,110,4715,0,Valve Sticking,3.49,18.17
9422,5.25,52.25,100,9.44,113.99,4716,0,Valve Sticking,3.05,6.73
9423,5.06,52.97,90,9.88,112.98,4716,0,Valve Sticking,3.44,8.38
9424,5.19,54.01,100,9.88,114.83,4717,0,Valve Sticking,3.07,11.35
9425,5.14,54.59,90,8.95,110,4717,0,Valve Sticking,3.71,25.35
9426,5.08,54.11,100,9.52,110.0,4718,0,Valve Sticking,3.51,9.35
9427,5.23,54.06,90,9.64,110,4718,0,Valve Sticking,3.59,30.16
9428,5.11,54.03,100,9.93,112.19,4719,0,Valve Sticking,2.78,20.57
9429,5.36,53.6,90,10.0,110,4719,0,Valve Sticking,2.7,26.1
9430,5.29,53.61,100,9.58,110,4720,0,Valve Sticking,2.56,15.17
9431,5.14,53.3,90,9.47,110,4720,0,Valve Sticking,2.96,21.59
9432,5.01,53.41,100,9.72,113.51,4721,0,Valve Sticking,3.29,12.17
9433,5.0,52.51,90,9.14,116.0,4721,0,Valve Sticking,3.31,9.68
9434,5.52,52.68,100,9.85,110,4722,0,Valve Sticking,3.62,40.51
9435,5.14,52.86,90,9.72,110,4722,0,Valve Sticking,3.08,11.16
9436,5.1,52.79,100,9.57,110,4723,0,Valve Sticking,3.94,12.3
9437,5.15,51.99,90,9.98,110.98,4723,0,Valve Sticking,3.11,10.53
9438,5.57,52.56,100,10.01,110,4724,0,Valve Sticking,3.3,43.52
9439,5.27,52.94,90,9.53,110,4724,0,Valve Sticking,3.15,22.93
9440,5.5,53.53,100,10.11,110,4725,0,Valve Sticking,3.41,24.53
9441,5.13,53.16,90,9.19,113.34,4725,0,Valve Sticking,3.11,13.61
9442,5.59,53.33,100,9.71,110,4726,0,Valve Sticking,3.85,46.99
9443,5.51,52.97,90,9.73,110,4726,0,Valve Sticking,3.15,40.2
9444,5.56,52.75,100,9.67,110,4727,0,Valve Sticking,3.38,48.9
9445,5.36,52.63,90,9.59,110,4727,0,Valve Sticking,3.33,19.52
9446,5.23,52.55,100,9.38,110,4728,0,Valve Sticking,3.41,46.38
9447,5.25,52.97,90,9.98,110,4728,0,Valve Sticking,3.62,30.61
9448,5.12,52.73,100,9.47,111.06,4729,0,Valve Sticking,3.82,11.14
9449,5.2,52.98,90,9.61,111.41,4729,0,Valve Sticking,3.76,25.86
9450,5.31,52.86,100,9.55,110,4730,0,Valve Sticking,3.74,11.97
9451,5.6,52.96,90,9.35,110,4730,0,Valve Sticking,3.27,46.17
9452,5.34,53.16,100,9.68,110,4731,0,Valve Sticking,3.2,20.61
9453,5.21,52.62,90,9.34,110,4731,0,Valve Sticking,2.62,34.02
9454,5.19,52.54,100,9.52,110,4732,0,Valve Sticking,3.03,33.35
9455,5.0,53.35,90,8.94,114.9,4732,0,Valve Sticking,3.89,10.65
9456,5.51,54.12,100,9.29,110,4733,0,Valve Sticking,3.55,27.08
9457,5.08,53.25,90,9.38,113.88,4733,0,Valve Sticking,3.65,7.08
9458,5.44,52.85,100,9.6,110,4734,0,Valve Sticking,2.52,43.2
9459,5.28,52.83,90,9.61,110.47,4734,0,Valve Sticking,2.53,19.11
9460,5.19,52.34,100,9.22,110,4735,0,Valve Sticking,3.56,32.9
9461,5.35,51.62,90,9.74,110,4735,0,Valve Sticking,2.64,19.43
9462,5.49,50.93,100,9.84,110,4736,0,Valve Sticking,3.49,42.16
9463,5.13,51.56,90,9.0,112.97,4736,0,Valve Sticking,3.57,13.14
9464,5.23,51.15,100,9.1,110,4737,0,Valve Sticking,3.2,37.08
9465,5.1,51.2,90,9.03,115.29,4737,0,Valve Sticking,3.99,9.84
9466,5.18,51.27,100,9.24,110,4738,0,Valve Sticking,3.02,27.29
9467,5.0,50.73,90,9.78,110,4738,0,Valve Sticking,3.34,22.81
9468,5.56,50.55,100,10.01,110,4739,0,Valve Sticking,2.96,44.62
9469,5.32,50.6,90,9.95,110,4739,0,Valve Sticking,3.56,46.86
9470,5.58,50.07,100,9.67,110,4740,0,Valve Sticking,3.21,44.31
9471,5.29,49.71,90,9.81,110,4740,0,Valve Sticking,2.76,23.99
9472,5.19,50.6,100,9.45,110,4741,0,Valve Sticking,3.64,18.33
9473,5.25,51.84,90,9.95,110,4741,0,Valve Sticking,3.86,45.18
9474,5.07,52.14,100,9.39,112.09,4742,0,Valve Sticking,3.52,26.85
9475,5.01,51.68,90,9.82,110,4742,0,Valve Sticking,3.89,24.85
9476,5.19,51.24,100,9.39,110,4743,0,Valve Sticking,3.46,34.36
9477,5.1,50.8,90,10.06,111.61,4743,0,Valve Sticking,2.69,15.53
9478,5.11,51.0,100,9.19,110,4744,0,Valve Sticking,2.64,16.55
9479,5.25,51.21,90,9.72,112.67,4744,0,Valve Sticking,3.12,16.65
9480,5.0,51.72,100,9.2,110.37,4745,0,Valve Sticking,2.85,5.37
9481,5.19,51.81,90,9.93,110,4745,0,Valve Sticking,3.65,35.34
9482,5.54,51.85,100,9.88,110,4746,0,Valve Sticking,2.77,47.03
9483,5.37,51.94,90,9.09,110,4746,0,Valve Sticking,2.74,45.85
9484,5.02,51.94,100,9.74,110,4747,0,Valve Sticking,2.72,21.37
9485,5.09,52.37,90,9.76,110,4747,0,Valve Sticking,2.92,27.98
9486,5.17,52.04,100,9.49,110,4748,0,Valve Sticking,3.99,36.59
9487,5.2,51.56,90,9.1,110,4748,0,Valve Sticking,3.07,31.29
9488,5.62,52.39,100,8.99,110,4749,0,Valve Sticking,3.45,42.11
9489,5.26,52.95,90,9.93,110,4749,0,Valve Sticking,2.58,25.25
9490,5.18,53.97,100,9.24,112.91,4750,0,Valve Sticking,3.65,16.38
9491,5.26,54.01,90,9.96,113.29,4750,0,Valve Sticking,3.69,15.54
9492,5.15,53.6,100,9.87,110,4751,0,Valve Sticking,2.96,37.35
9493,5.26,54.04,90,9.54,110,4751,0,Valve Sticking,2.87,16.39
9494,5.15,53.92,100,9.99,110,4752,0,Valve Sticking,2.78,27.26
9495,5.43,53.43,90,9.44,110,4752,0,Valve Sticking,2.78,25.87
9496,5.23,52.73,100,9.62,116.23,4753,0,Valve Sticking,3.54,8.17
9497,5.42,52.48,90,9.26,110,4753,0,Valve Sticking,3.92,25.26
9498,5.0,51.97,100,9.27,116.14,4754,0,Valve Sticking,2.71,10.87
9499,5.25,51.47,90,9.61,110.88,4754,0,Valve Sticking,2.72,23.04
9500,5.05,52.46,100,9.85,110,4755,0,Valve Sticking,2.95,19.71
9501,5.55,52.82,90,9.77,110,4755,0,Valve Sticking,3.85,42.29
9502,5.41,52.73,100,9.41,110,4756,0,Valve Sticking,3.48,44.01
9503,5.38,52.14,90,9.84,110,4756,0,Valve Sticking,3.08,35.92
9504,5.25,52.87,100,9.98,110,4757,0,Valve Sticking,3.39,38.4
9505,5.15,53.54,90,10.21,110,4757,0,Valve Sticking,2.7,29.07
9506,5.12,53.97,100,9.51,110,4758,0,Valve Sticking,2.57,17.09
9507,5.29,54.29,90,9.78,112.72,4758,0,Valve Sticking,3.29,9.48
9508,5.3,54.24,100,9.82,110,4759,0,Valve Sticking,2.73,8.54
9509,5.08,53.4,90,9.29,110,4759,0,Valve Sticking,3.86,18.57
9510,5.35,53.13,100,9.33,110,4760,0,Valve Sticking,3.81,34.05
9511,5.32,53.36,90,9.57,110.06,4760,0,Valve Sticking,3.83,26.27
9512,5.09,53.43,100,9.87,110,4761,0,Valve Sticking,2.53,18.61
9513,5.5,52.45,90,9.25,110,4761,0,Valve Sticking,2.65,47.64
9514,5.46,52.77,100,9.75,110,4762,0,Valve Sticking,2.93,26.82
9515,5.15,52.78,90,9.7,112.01,4762,0,Valve Sticking,2.81,11.03
9516,5.67,53.05,100,9.72,110,4763,0,Valve Sticking,3.55,47.26
9517,5.54,52.65,90,10.04,110,4763,0,Valve Sticking,3.83,45.3
9518,5.56,52.43,100,10.01,110,4764,0,Valve Sticking,3.04,47.62
9519,5.04,51.96,90,9.1,110,4764,0,Valve Sticking,3.49,24.4
9520,5.48,51.85,100,9.97,110,4765,0,Valve Sticking,2.59,49.09
9521,5.26,52.17,90,9.45,110,4765,0,Valve Sticking,3.94,6.54
9522,5.27,51.63,100,9.35,110,4766,0,Valve Sticking,3.07,39.02
9523,5.54,51.01,90,9.33,110,4766,0,Valve Sticking,3.15,31.43
9524,5.0,51.26,100,9.37,110,4767,0,Valve Sticking,3.25,23.87
9525,5.55,52.12,90,9.82,110,4767,0,Valve Sticking,2.89,44.94
9526,5.23,51.77,100,9.17,110.91,4768,0,Valve Sticking,3.79,18.6
9527,5.34,51.52,90,9.33,110,4768,0,Valve Sticking,3.5,28.24
9528,5.31,52.06,100,10.0,110,4769,0,Valve Sticking,2.58,39.62
9529,5.24,51.89,90,9.31,110,4769,0,Valve Sticking,2.64,35.91
9530,5.36,51.93,100,9.67,110,4770,0,Valve Sticking,3.18,34.85
9531,5.38,52.02,90,9.55,110,4770,0,Valve Sticking,3.85,31.49
9532,5.6,52.63,100,9.22,110,4771,0,Valve Sticking,2.67,45.62
9533,5.13,52.83,90,9.67,110,4771,0,Valve Sticking,3.14,21.46
9534,5.32,52.55,100,9.85,110,4772,0,Valve Sticking,2.55,47.39
9535,5.05,52.54,90,9.46,110,4772,0,Valve Sticking,2.97,19.0
9536,5.2,52.66,100,9.82,110,4773,0,Valve Sticking,2.89,37.23
9537,5.39,53.07,90,9.3,110.84,4773,0,Valve Sticking,2.51,23.54
9538,5.26,52.95,100,9.49,110,4774,0,Valve Sticking,3.51,33.55
9539,5.06,53.19,90,9.83,110.18,4774,0,Valve Sticking,3.88,15.96
9540,5.33,53.05,100,9.86,110,4775,0,Valve Sticking,3.88,44.05
9541,5.43,53.33,90,9.48,110,4775,0,Valve Sticking,3.97,29.0
9542,5.43,53.52,100,9.89,112.7,4776,0,Valve Sticking,3.48,21.06
9543,5.32,53.28,90,9.2,110,4776,0,Valve Sticking,3.68,46.74
9544,5.14,53.62,100,9.18,110,4777,0,Valve Sticking,2.7,25.29
9545,5.07,54.16,90,9.34,110,4777,0,Valve Sticking,3.27,26.09
9546,5.02,54.2,100,9.2,110,4778,0,Valve Sticking,3.97,18.72
9547,5.6,54.55,90,9.18,110,4778,0,Valve Sticking,3.89,45.04
9548,5.06,54.94,100,9.85,111.28,4779,0,Valve Sticking,3.91,8.17
9549,5.11,54.76,90,9.35,110,4779,0,Valve Sticking,3.65,37.79
9550,5.37,54.76,100,9.21,110,4780,0,Valve Sticking,3.96,24.83
9551,5.2,54.65,90,9.71,110.45,4780,0,Valve Sticking,3.22,24.34
9552,5.25,54.46,100,9.12,110,4781,0,Valve Sticking,3.04,29.75
9553,5.29,54.18,90,9.18,112.03,4781,0,Valve Sticking,2.93,15.76
9554,5.34,53.94,100,9.25,110,4782,0,Valve Sticking,3.84,25.91
9555,5.25,54.65,90,10.06,110,4782,0,Valve Sticking,3.03,35.25
9556,5.03,55.04,100,9.59,110,4783,0,Valve Sticking,3.66,21.85
9557,5.33,54.89,90,10.03,110,4783,0,Valve Sticking,3.97,20.0
9558,5.57,53.9,100,9.13,110,4784,0,Valve Sticking,2.98,34.99
9559,5.07,54.21,90,9.11,113.22,4784,0,Valve Sticking,2.64,6.16
9560,5.34,53.97,100,9.73,110,4785,0,Valve Sticking,3.79,29.07
9561,5.2,54.76,90,9.72,110,4785,0,Valve Sticking,3.8,27.69
9562,5.55,54.17,100,9.68,110,4786,0,Valve Sticking,2.73,32.27
9563,5.56,53.74,90,9.61,110,4786,0,Valve Sticking,3.98,48.02
9564,5.14,53.8,100,9.38,110.46,4787,0,Valve Sticking,3.81,13.75
9565,5.05,53.7,90,9.86,110,4787,0,Valve Sticking,3.7,20.5
9566,5.26,53.47,100,8.93,110,4788,0,Valve Sticking,3.71,31.09
9567,5.42,53.68,90,9.7,110,4788,0,Valve Sticking,3.32,46.92
9568,5.16,53.76,100,10.14,110,4789,0,Valve Sticking,3.47,32.4
9569,5.2,54.08,90,9.54,110,4789,0,Valve Sticking,2.8,14.36
9570,5.46,53.31,100,9.75,110,4790,0,Valve Sticking,2.77,36.69
9571,5.03,53.35,90,9.48,112.65,4790,0,Valve Sticking,3.12,27.22
9572,5.0,54.14,100,9.96,110,4791,0,Valve Sticking,2.89,14.04
9573,5.17,53.68,90,9.14,111.64,4791,0,Valve Sticking,3.38,8.47
9574,5.1,53.18,100,9.75,111.38,4792,0,Valve Sticking,3.79,9.96
9575,5.11,52.08,90,9.55,110,4792,0,Valve Sticking,3.82,26.04
9576,5.0,52.47,100,9.99,110,4793,0,Valve Sticking,3.73,18.49
9577,5.54,51.74,90,9.26,110,4793,0,Valve Sticking,3.02,40.24
9578,5.34,52.15,100,9.53,110,4794,0,Valve Sticking,2.57,36.52
9579,5.32,52.2,90,9.16,110,4794,0,Valve Sticking,3.93,15.45
9580,5.08,52.1,100,9.24,110,4795,0,Valve Sticking,3.43,19.3
9581,5.36,52.25,90,10.0,110,4795,0,Valve Sticking,3.8,30.77
9582,5.24,52.65,100,10.01,110,4796,0,Valve Sticking,2.53,40.1
9583,5.27,52.8,90,10.06,111.95,4796,0,Valve Sticking,3.83,16.34
9584,5.39,52.07,100,9.71,110,4797,0,Valve Sticking,2.5,21.95
9585,5.2,51.56,90,9.87,110,4797,0,Valve Sticking,3.41,25.59
9586,5.14,52.16,100,9.73,110,4798,0,Valve Sticking,3.19,16.77
9587,5.48,51.97,90,9.76,110,4798,0,Valve Sticking,3.64,43.05
9588,5.22,51.82,100,9.97,110,4799,0,Valve Sticking,2.99,42.29
9589,5.21,52.53,90,9.55,110,4799,0,Valve Sticking,2.78,20.52
9590,5.24,51.77,100,9.54,112.22,4800,0,Valve Sticking,3.82,9.99
9591,5.0,51.47,90,9.21,113.91,4800,0,Valve Sticking,3.47,8.47
9592,5.07,51.86,100,9.16,110,4801,0,Valve Sticking,3.73,25.91
9593,5.49,52.0,90,9.53,110.08,4801,0,Valve Sticking,3.99,30.06
9594,5.34,51.96,100,9.99,110,4802,0,Valve Sticking,2.51,42.36
9595,5.32,51.22,90,9.26,110,4802,0,Valve Sticking,3.54,34.47
9596,5.41,50.81,100,9.37,110,4803,0,Valve Sticking,2.67,33.08
9597,5.32,51.8,90,9.61,110,4803,0,Valve Sticking,3.93,36.8
9598,5.1,51.41,100,9.45,110,4804,0,Valve Sticking,2.97,16.29
9599,5.47,51.83,90,9.72,110.25,4804,0,Valve Sticking,2.57,33.62
9600,5.46,51.9,100,9.83,110,4805,0,Valve Sticking,2.63,28.19
9601,5.14,52.27,90,9.94,111.22,4805,0,Valve Sticking,3.43,18.73
9602,5.68,52.19,100,9.67,110,4806,0,Valve Sticking,2.99,49.26
9603,5.15,52.06,90,9.85,110,4806,0,Valve Sticking,3.28,9.0
9604,5.35,52.32,100,9.44,110,4807,0,Valve Sticking,2.75,24.7
9605,5.58,51.94,90,9.71,110,4807,0,Valve Sticking,2.52,41.17
9606,5.49,52.22,100,9.91,110,4808,0,Valve Sticking,2.54,42.22
9607,5.18,52.13,90,9.05,110,4808,0,Valve Sticking,2.92,33.95
9608,5.42,52.99,100,9.0,110,4809,0,Valve Sticking,3.74,25.21
9609,5.0,53.51,90,9.06,112.34,4809,0,Valve Sticking,3.14,5.49
9610,5.25,53.36,100,9.88,110,4810,0,Valve Sticking,3.14,17.17
9611,5.28,53.72,90,9.8,110,4810,0,Valve Sticking,3.42,39.75
9612,5.0,53.53,100,9.72,111.9,4811,0,Valve Sticking,3.98,7.29
9613,5.56,53.54,90,9.76,110,4811,0,Valve Sticking,3.75,37.87
9614,5.43,54.06,100,9.1,110,4812,0,Valve Sticking,3.04,38.15
9615,5.17,54.09,90,9.35,110,4812,0,Valve Sticking,3.59,31.57
9616,5.41,53.11,100,9.65,110,4813,0,Valve Sticking,2.72,47.72
9617,5.23,52.27,90,9.85,110,4813,0,Valve Sticking,2.6,21.26
9618,5.18,52.52,100,9.64,110,4814,0,Valve Sticking,3.47,27.58
9619,5.1,52.71,90,10.0,113.09,4814,0,Valve Sticking,3.96,11.36
9620,5.01,51.81,100,9.41,111.73,4815,0,Valve Sticking,3.87,17.76
9621,5.33,51.18,90,9.7,110,4815,0,Valve Sticking,3.62,42.08
9622,5.0,51.07,100,10.04,110,4816,0,Valve Sticking,2.88,10.09
9623,5.38,51.56,90,9.55,110,4816,0,Valve Sticking,3.94,32.93
9624,5.14,51.31,100,9.97,110,4817,0,Valve Sticking,2.56,16.15
9625,5.39,51.3,90,9.21,110,4817,0,Valve Sticking,3.46,32.67
9626,5.5,51.66,100,9.17,110,4818,0,Valve Sticking,2.7,28.31
9627,5.55,51.67,90,10.02,110,4818,0,Valve Sticking,3.26,49.61
9628,5.06,51.38,100,9.7,110.12,4819,0,Valve Sticking,3.55,16.37
9629,5.07,51.1,90,9.27,110,4819,0,Valve Sticking,3.48,23.53
9630,5.07,51.48,100,9.65,110,4820,0,Valve Sticking,3.57,22.94
9631,5.16,51.2,90,9.43,111.53,4820,0,Valve Sticking,3.1,32.28
9632,5.38,51.92,100,9.74,110,4821,0,Valve Sticking,3.43,49.9
9633,5.0,51.64,90,9.38,113.24,4821,0,Valve Sticking,3.39,8.92
9634,5.25,50.85,100,9.89,110,4822,0,Valve Sticking,2.77,15.13
9635,5.0,51.03,90,10.0,112.66,4822,0,Valve Sticking,3.57,16.67
9636,5.0,50.92,100,9.79,110.6,4823,0,Valve Sticking,3.58,11.07
9637,5.12,51.17,90,9.15,110,4823,0,Valve Sticking,3.63,7.4
9638,5.4,51.2,100,9.58,111.99,4824,0,Valve Sticking,3.91,26.16
9639,5.3,51.77,90,9.65,110,4824,0,Valve Sticking,2.82,36.22
9640,5.0,51.49,100,9.32,110,4825,0,Valve Sticking,3.65,24.6
9641,5.33,51.18,90,9.55,110,4825,0,Valve Sticking,2.68,12.17
9642,5.0,51.02,100,9.3,114.39,4826,0,Valve Sticking,3.11,6.59
9643,5.55,50.97,90,10.06,110,4826,0,Valve Sticking,2.57,39.56
9644,5.27,51.96,100,9.31,110.7,4827,0,Valve Sticking,3.44,28.98
9645,5.45,52.75,90,10.05,110,4827,0,Valve Sticking,3.13,44.02
9646,5.29,52.6,100,9.84,110,4828,0,Valve Sticking,2.63,17.4
9647,5.33,53.23,90,9.79,110,4828,0,Valve Sticking,2.68,26.08
9648,5.29,53.69,100,9.1,110,4829,0,Valve Sticking,2.64,48.26
9649,5.29,53.96,90,9.98,110,4829,0,Valve Sticking,2.91,27.47
9650,5.37,52.82,100,9.37,110,4830,0,Valve Sticking,3.17,49.29
9651,5.36,52.52,90,9.78,110,4830,0,Valve Sticking,3.34,33.94
9652,5.25,52.4,100,9.58,110,4831,0,Valve Sticking,3.1,38.5
9653,5.5,52.61,90,10.22,110,4831,0,Valve Sticking,3.59,43.86
9654,5.11,52.88,100,9.51,110,4832,0,Valve Sticking,3.83,15.84
9655,5.01,52.13,90,10.05,113.89,4832,0,Valve Sticking,3.37,16.41
9656,5.26,51.83,100,9.87,112.68,4833,0,Valve Sticking,2.92,18.34
9657,5.1,51.43,90,9.08,110,4833,0,Valve Sticking,3.3,23.95
9658,5.12,51.7,100,9.59,110,4834,0,Valve Sticking,3.45,24.89
9659,5.24,52.18,90,9.9,110,4834,0,Valve Sticking,2.81,28.57
9660,5.51,52.35,100,9.55,110,4835,0,Valve Sticking,2.82,35.93
9661,5.26,52.28,90,9.33,110,4835,0,Valve Sticking,3.49,39.17
9662,5.3,52.48,100,10.0,110,4836,0,Valve Sticking,3.24,36.95
9663,5.54,52.58,90,9.96,110,4836,0,Valve Sticking,2.64,41.42
9664,5.39,53.28,100,9.81,110,4837,0,Valve Sticking,3.0,47.96
9665,5.53,53.27,90,9.65,110,4837,0,Valve Sticking,3.96,40.17
9666,5.28,52.3,100,9.22,110,4838,0,Valve Sticking,3.34,41.07
9667,5.42,52.83,90,9.02,110,4838,0,Valve Sticking,3.61,25.2
9668,5.5,52.28,100,9.71,110,4839,0,Valve Sticking,3.95,44.96
9669,5.33,52.08,90,9.54,110,4839,0,Valve Sticking,3.79,22.23
9670,5.23,52.04,100,9.18,114.21,4840,0,Valve Sticking,2.73,11.58
9671,5.04,51.73,90,9.7,111.38,4840,0,Valve Sticking,2.92,19.25
9672,5.28,50.91,100,9.86,110,4841,0,Valve Sticking,2.73,49.81
9673,5.12,50.67,90,9.31,110,4841,0,Valve Sticking,3.85,28.23
9674,5.14,51.0,100,9.24,110.84,4842,0,Valve Sticking,3.2,17.02
9675,5.33,50.61,90,9.95,110,4842,0,Valve Sticking,3.29,46.59
9676,5.22,50.67,100,9.64,112.23,4843,0,Valve Sticking,3.52,12.63
9677,5.46,50.21,90,9.12,110,4843,0,Valve Sticking,3.41,43.24
9678,5.35,51.36,100,9.58,110,4844,0,Valve Sticking,2.7,44.34
9679,5.0,51.68,90,9.42,110.2,4844,0,Valve Sticking,3.86,9.36
9680,5.0,51.48,100,9.04,110,4845,0,Valve Sticking,3.45,14.8
9681,5.01,51.06,90,9.26,113.67,4845,0,Valve Sticking,3.01,6.67
9682,5.36,51.29,100,9.69,110,4846,0,Valve Sticking,3.9,48.15
9683,5.37,51.12,90,9.87,110,4846,0,Valve Sticking,3.42,48.73
9684,5.12,50.97,100,9.26,110,4847,0,Valve Sticking,3.11,15.24
9685,5.45,51.39,90,10.06,110,4847,0,Valve Sticking,3.49,48.47
9686,5.0,52.41,100,9.29,110,4848,0,Valve Sticking,2.55,9.13
9687,5.22,52.77,90,9.26,114.9,4848,0,Valve Sticking,2.97,11.92
9688,5.38,52.76,100,9.41,110,4849,0,Valve Sticking,3.77,29.98
9689,5.28,52.71,90,9.57,110,4849,0,Valve Sticking,2.85,20.59
9690,5.4,52.57,100,9.76,110,4850,0,Valve Sticking,3.19,32.87
9691,5.14,52.91,90,10.0,113.87,4850,0,Valve Sticking,3.12,18.05
9692,5.15,53.05,100,9.5,111.45,4851,0,Valve Sticking,3.04,9.18
9693,5.28,53.35,90,10.1,110,4851,0,Valve Sticking,2.61,30.77
9694,5.26,53.44,100,9.99,110,4852,0,Valve Sticking,2.54,38.45
9695,5.47,53.7,90,9.4,110,4852,0,Valve Sticking,3.32,39.02
9696,5.28,53.1,100,9.41,110,4853,0,Valve Sticking,3.11,39.54
9697,5.23,53.42,90,9.27,110,4853,0,Valve Sticking,3.88,49.25
9698,5.08,52.92,100,9.88,110,4854,0,Valve Sticking,3.25,14.78
9699,5.11,51.97,90,9.33,114.13,4854,0,Valve Sticking,2.87,15.46
9700,5.54,51.67,100,9.95,110,4855,0,Valve Sticking,3.12,46.11
9701,5.51,51.04,90,9.68,110,4855,0,Valve Sticking,3.9,43.45
9702,5.02,51.07,100,10.1,115.8,4856,0,Valve Sticking,2.8,5.31
9703,5.52,51.02,90,9.65,110,4856,0,Valve Sticking,3.48,36.08
9704,5.43,51.33,100,9.6,110,4857,0,Valve Sticking,3.58,32.98
9705,5.27,51.09,90,9.41,113.15,4857,0,Valve Sticking,3.38,18.43
9706,5.06,50.68,100,9.05,111.06,4858,0,Valve Sticking,3.52,21.0
9707,5.14,51.91,90,10.19,110,4858,0,Valve Sticking,2.81,29.32
9708,5.25,51.53,100,10.13,110,4859,0,Valve Sticking,2.6,29.32
9709,5.22,50.85,90,8.91,111.34,4859,0,Valve Sticking,2.84,11.62
9710,5.3,51.49,100,9.37,114.02,4860,0,Valve Sticking,3.24,20.13
9711,5.0,51.75,90,9.24,110.33,4860,0,Valve Sticking,3.24,5.95
9712,5.45,52.13,100,10.14,110,4861,0,Valve Sticking,3.82,23.38
9713,5.3,51.79,90,9.37,110,4861,0,Valve Sticking,3.18,18.71
9714,5.13,51.74,100,10.03,110,4862,0,Valve Sticking,3.59,25.61
9715,5.47,51.4,90,9.75,110,4862,0,Valve Sticking,3.44,33.04
9716,5.41,51.59,100,9.79,110,4863,0,Valve Sticking,3.6,21.69
9717,5.3,50.79,90,9.53,110,4863,0,Valve Sticking,3.18,33.44
9718,5.48,51.91,100,9.63,110,4864,0,Valve Sticking,2.51,46.52
9719,5.38,51.48,90,9.5,110,4864,0,Valve Sticking,2.91,43.6
9720,5.54,50.81,100,10.15,110,4865,0,Valve Sticking,3.46,45.28
9721,5.41,50.7,90,9.55,110,4865,0,Valve Sticking,3.95,40.96
9722,5.18,50.28,100,9.56,110,4866,0,Valve Sticking,2.97,7.07
9723,5.4,49.87,90,9.9,110,4866,0,Valve Sticking,2.59,32.64
9724,5.1,50.75,100,9.54,114.63,4867,0,Valve Sticking,3.75,17.72
9725,5.59,51.42,90,9.39,110,4867,0,Valve Sticking,3.95,49.37
9726,5.41,51.94,100,10.22,110,4868,0,Valve Sticking,3.91,42.59
9727,5.54,52.32,90,9.59,110,4868,0,Valve Sticking,3.01,40.49
9728,5.15,52.19,100,9.01,110,4869,0,Valve Sticking,3.4,8.12
9729,5.08,52.55,90,9.87,114.18,4869,0,Valve Sticking,2.67,9.25
9730,5.33,52.75,100,9.9,110,4870,0,Valve Sticking,3.07,49.28
9731,5.47,51.9,90,9.99,110,4870,0,Valve Sticking,3.88,44.99
9732,5.54,52.63,100,9.32,110,4871,0,Valve Sticking,3.34,41.65
9733,5.35,52.15,90,9.79,110,4871,0,Valve Sticking,3.86,29.58
9734,5.28,51.78,100,9.45,110,4872,0,Valve Sticking,3.54,42.19
9735,5.39,51.58,90,10.24,110.09,4872,0,Valve Sticking,2.55,28.07
9736,5.28,51.94,100,9.9,110,4873,0,Valve Sticking,2.93,15.89
9737,5.0,52.8,90,9.8,114.82,4873,0,Valve Sticking,2.79,7.24
9738,5.29,52.83,100,9.22,110.9,4874,0,Valve Sticking,3.59,13.74
9739,5.42,52.7,90,9.0,110,4874,0,Valve Sticking,2.94,48.94
9740,5.23,52.5,100,10.1,110,4875,0,Valve Sticking,3.64,35.95
9741,5.21,52.94,90,9.94,110.94,4875,0,Valve Sticking,3.31,17.48
9742,5.1,53.54,100,9.78,110,4876,0,Valve Sticking,3.78,17.79
9743,5.1,52.96,90,9.18,110.72,4876,0,Valve Sticking,3.43,23.17
9744,5.41,52.77,100,9.16,110,4877,0,Valve Sticking,3.95,45.8
9745,5.49,52.66,90,9.18,112.76,4877,0,Valve Sticking,3.72,26.59
9746,5.44,51.76,100,9.3,110,4878,0,Valve Sticking,3.08,24.75
9747,5.36,51.08,90,9.79,110,4878,0,Valve Sticking,2.6,24.73
9748,5.37,50.8,100,9.01,110,4879,0,Valve Sticking,3.15,30.2
9749,5.01,50.81,90,9.68,110,4879,0,Valve Sticking,3.75,18.8
9750,5.34,50.94,100,9.01,110,4880,0,Valve Sticking,3.37,48.44
9751,5.32,50.78,90,9.35,110,4880,0,Valve Sticking,2.98,12.27
9752,5.16,50.42,100,9.52,110,4881,0,Valve Sticking,2.59,10.94
9753,5.26,51.36,90,9.69,110,4881,0,Valve Sticking,2.81,18.35
9754,5.36,51.42,100,9.83,110.08,4882,0,Valve Sticking,3.58,28.03
9755,5.38,51.0,90,10.13,112.16,4882,0,Valve Sticking,3.05,22.24
9756,5.39,51.05,100,9.7,110,4883,0,Valve Sticking,2.89,49.33
9757,5.0,51.55,90,9.45,110,4883,0,Valve Sticking,3.32,17.81
9758,5.02,51.21,100,9.47,112.02,4884,0,Valve Sticking,2.72,14.38
9759,5.19,50.77,90,9.43,110.62,4884,0,Valve Sticking,3.47,8.18
9760,5.09,50.46,100,9.92,111.76,4885,0,Valve Sticking,3.01,15.87
9761,5.41,50.13,90,9.29,110,4885,0,Valve Sticking,2.85,24.16
9762,5.47,49.54,100,9.31,110,4886,0,Valve Sticking,3.57,39.23
9763,5.08,49.42,90,9.57,110,4886,0,Valve Sticking,3.74,19.43
9764,5.35,50.11,100,9.76,110,4887,0,Valve Sticking,3.79,22.55
9765,5.14,51.06,90,9.91,113.42,4887,0,Valve Sticking,3.89,16.65
9766,5.34,50.74,100,10.0,110,4888,0,Valve Sticking,3.92,34.72
9767,5.13,50.52,90,9.6,110,4888,0,Valve Sticking,3.39,7.39
9768,5.18,51.42,100,9.2,110,4889,0,Valve Sticking,3.33,26.43
9769,5.16,52.16,90,9.25,112.49,4889,0,Valve Sticking,3.95,18.63
9770,5.35,52.16,100,9.81,110,4890,0,Valve Sticking,3.9,49.65
9771,5.19,52.54,90,9.75,113.99,4890,0,Valve Sticking,3.02,6.08
9772,5.52,51.96,100,9.51,110,4891,0,Valve Sticking,3.15,46.07
9773,5.29,51.82,90,9.97,110,4891,0,Valve Sticking,3.1,48.65
9774,5.16,51.45,100,8.98,112.6,4892,0,Valve Sticking,3.16,19.44
9775,5.32,52.53,90,9.44,110.2,4892,0,Valve Sticking,3.24,23.74
9776,5.59,53.02,100,9.93,110,4893,0,Valve Sticking,2.85,45.25
9777,5.4,53.0,90,10.15,113.35,4893,0,Valve Sticking,2.64,18.87
9778,5.47,52.78,100,9.49,110,4894,0,Valve Sticking,2.96,21.21
9779,5.13,53.04,90,9.44,110,4894,0,Valve Sticking,3.61,31.39
9780,5.32,52.75,100,9.74,110,4895,0,Valve Sticking,2.84,49.84
9781,5.56,52.97,90,9.96,110,4895,0,Valve Sticking,2.72,39.67
9782,5.61,53.12,100,9.96,110,4896,0,Valve Sticking,2.87,40.98
9783,5.17,52.73,90,10.01,110,4896,0,Valve Sticking,3.35,10.55
9784,5.03,53.3,100,9.9,110,4897,0,Valve Sticking,3.38,6.82
9785,5.25,53.04,90,9.83,110,4897,0,Valve Sticking,3.34,38.01
9786,5.11,53.36,100,9.53,112.29,4898,0,Valve Sticking,3.64,11.93
9787,5.25,53.73,90,10.21,110,4898,0,Valve Sticking,3.56,31.4
9788,5.3,54.02,100,9.68,110.09,4899,0,Valve Sticking,3.43,22.44
9789,5.29,53.37,90,9.99,110,4899,0,Valve Sticking,3.31,42.34
9790,5.11,53.39,100,9.26,110,4900,0,Valve Sticking,3.73,23.15
9791,5.19,53.12,90,9.37,114.15,4900,0,Valve Sticking,2.91,18.27
9792,5.17,52.93,100,9.16,110,4901,0,Valve Sticking,2.95,35.52
9793,5.0,53.33,90,9.54,110.69,4901,0,Valve Sticking,3.06,7.5
9794,5.26,53.24,100,9.36,113.06,4902,0,Valve Sticking,3.31,5.78
9795,5.52,53.43,90,9.62,110,4902,0,Valve Sticking,3.41,44.1
9796,5.5,53.31,100,10.08,110,4903,0,Valve Sticking,2.89,34.98
9797,5.12,54.18,90,9.56,110,4903,0,Valve Sticking,2.7,35.32
9798,5.25,54.28,100,10.13,110,4904,0,Valve Sticking,3.3,39.88
9799,5.24,54.59,90,10.01,112.44,4904,0,Valve Sticking,3.28,18.38
9800,5.22,54.4,100,10.19,110,4905,0,Valve Sticking,2.57,20.13
9801,5.06,54.12,90,9.68,110,4905,0,Valve Sticking,2.63,13.31
9802,5.13,53.76,100,9.93,111.62,4906,0,Valve Sticking,2.69,7.0
9803,5.19,52.86,90,10.08,110,4906,0,Valve Sticking,3.72,36.36
9804,5.22,52.89,100,9.93,110,4907,0,Valve Sticking,2.86,39.65
9805,5.53,53.0,90,9.76,110,4907,0,Valve Sticking,3.03,39.13
9806,5.04,52.91,100,9.48,111.39,4908,0,Valve Sticking,4.0,21.79
9807,5.22,52.44,90,9.12,110,4908,0,Valve Sticking,3.37,46.68
9808,5.2,53.17,100,9.92,110,4909,0,Valve Sticking,2.74,17.6
9809,5.34,52.54,90,10.0,110,4909,0,Valve Sticking,3.79,18.56
9810,5.59,53.06,100,9.84,110,4910,0,Valve Sticking,3.61,49.41
9811,5.15,52.45,90,9.28,110,4910,0,Valve Sticking,3.3,24.65
9812,5.53,52.64,100,9.49,110,4911,0,Valve Sticking,3.77,45.39
9813,5.0,52.38,90,9.36,113.39,4911,0,Valve Sticking,2.95,14.37
9814,5.25,52.4,100,9.89,110,4912,0,Valve Sticking,3.49,13.48
9815,5.04,52.97,90,10.03,116.87,4912,0,Valve Sticking,2.73,5.73
9816,5.04,52.24,100,9.84,110,4913,0,Valve Sticking,2.65,30.9
9817,5.24,51.75,90,9.62,110,4913,0,Valve Sticking,2.92,30.48
9818,5.3,52.22,100,9.08,110,4914,0,Valve Sticking,3.47,37.32
9819,5.56,51.95,90,9.15,110,4914,0,Valve Sticking,3.43,38.58
9820,5.54,52.33,100,9.01,110,4915,0,Valve Sticking,2.84,44.66
9821,5.19,51.63,90,9.42,110,4915,0,Valve Sticking,3.93,13.3
9822,5.2,50.91,100,9.24,117.35,4916,0,Valve Sticking,3.09,5.83
9823,5.45,51.54,90,9.56,110,4916,0,Valve Sticking,3.74,44.53
9824,5.7,50.96,100,9.29,110,4917,0,Valve Sticking,2.66,46.64
9825,5.34,51.97,90,9.26,110,4917,0,Valve Sticking,3.65,10.04
9826,5.39,51.93,100,9.73,110,4918,0,Valve Sticking,2.74,43.37
9827,5.39,52.24,90,10.14,110,4918,0,Valve Sticking,2.54,27.21
9828,5.34,51.58,100,9.4,110,4919,0,Valve Sticking,3.12,11.65
9829,5.22,52.62,90,10.09,110,4919,0,Valve Sticking,3.97,15.0
9830,5.14,52.2,100,10.04,110,4920,0,Valve Sticking,2.84,15.07
9831,5.3,52.49,90,9.34,110,4920,0,Valve Sticking,3.32,27.4
9832,5.09,51.63,100,9.52,110.58,4921,0,Valve Sticking,3.85,21.22
9833,5.39,52.64,90,9.57,110,4921,0,Valve Sticking,3.13,21.28
9834,5.08,52.97,100,9.21,113.19,4922,0,Valve Sticking,2.94,17.98
9835,5.16,53.52,90,9.01,116.28,4922,0,Valve Sticking,3.28,9.46
9836,5.21,53.07,100,9.97,110,4923,0,Valve Sticking,2.91,44.2
9837,5.0,53.46,90,9.46,110.4,4923,0,Valve Sticking,3.44,5.65
9838,5.19,53.56,100,9.4,110,4924,0,Valve Sticking,4.0,30.78
9839,5.3,53.63,90,9.96,110,4924,0,Valve Sticking,3.33,18.18
9840,5.22,53.59,100,9.84,110.56,4925,0,Valve Sticking,2.52,5.0
9841,5.3,54.26,90,10.04,112.09,4925,0,Valve Sticking,2.76,10.16
9842,5.18,54.55,100,9.19,113.39,4926,0,Valve Sticking,2.56,17.79
9843,5.41,55.19,90,9.21,110,4926,0,Valve Sticking,3.08,32.27
9844,5.0,54.28,100,9.95,110,4927,0,Valve Sticking,2.88,22.8
9845,5.54,53.9,90,9.59,110,4927,0,Valve Sticking,2.72,45.71
9846,5.35,54.01,100,9.7,110,4928,0,Valve Sticking,3.69,44.91
9847,5.01,52.74,90,9.93,110,4928,0,Valve Sticking,3.45,11.47
9848,5.51,52.84,100,9.68,110,4929,0,Valve Sticking,3.53,44.33
9849,5.61,52.59,90,9.96,110,4929,0,Valve Sticking,3.25,48.79
9850,5.0,51.76,100,10.08,110,4930,0,Valve Sticking,2.52,10.49
9851,5.0,52.65,90,9.5,114.69,4930,0,Valve Sticking,2.54,14.47
9852,5.12,52.23,100,9.88,110,4931,0,Valve Sticking,3.34,32.63
9853,5.19,51.97,90,9.92,110,4931,0,Valve Sticking,2.98,33.25
9854,5.36,51.59,100,9.1,110,4932,0,Valve Sticking,3.82,48.35
9855,5.18,51.59,90,10.24,112.47,4932,0,Valve Sticking,3.02,18.06
9856,5.47,52.6,100,9.35,110,4933,0,Valve Sticking,3.48,47.27
9857,5.24,52.82,90,10.09,110,4933,0,Valve Sticking,2.73,27.12
9858,5.19,52.96,100,9.96,112.82,4934,0,Valve Sticking,3.6,8.91
9859,5.21,53.25,90,9.69,110,4934,0,Valve Sticking,3.89,44.04
9860,5.27,53.46,100,9.35,111.69,4935,0,Valve Sticking,3.66,10.33
9861,5.07,53.06,90,9.75,110,4935,0,Valve Sticking,3.0,14.5
9862,5.55,53.37,100,9.12,110,4936,0,Valve Sticking,3.49,39.52
9863,5.28,53.7,90,10.15,110,4936,0,Valve Sticking,3.05,31.05
9864,5.21,53.9,100,10.12,110,4937,0,Valve Sticking,3.85,25.57
9865,5.3,53.94,90,9.41,110,4937,0,Valve Sticking,3.65,41.01
9866,5.06,53.26,100,9.66,110.1,4938,0,Valve Sticking,3.55,18.89
9867,5.49,53.95,90,9.62,110,4938,0,Valve Sticking,2.71,48.17
9868,5.03,53.31,100,9.3,110,4939,0,Valve Sticking,2.86,9.98
9869,5.43,53.85,90,9.93,110,4939,0,Valve Sticking,3.62,43.12
9870,5.18,53.91,100,9.15,114.44,4940,0,Valve Sticking,3.93,10.73
9871,5.0,53.4,90,9.03,110,4940,0,Valve Sticking,2.67,14.05
9872,5.25,53.36,100,9.36,110.98,4941,0,Valve Sticking,3.54,17.72
9873,5.3,53.7,90,8.94,110,4941,0,Valve Sticking,2.82,43.17
9874,5.0,53.58,100,9.22,113.74,4942,0,Valve Sticking,2.96,14.95
9875,5.09,53.79,90,10.08,116.5,4942,0,Valve Sticking,3.54,9.07
9876,5.0,53.64,100,9.16,117.52,4943,0,Valve Sticking,2.9,6.82
9877,5.15,52.92,90,9.63,110,4943,0,Valve Sticking,3.27,19.49
9878,5.05,52.73,100,9.15,110,4944,0,Valve Sticking,2.73,26.58
9879,5.27,52.66,90,9.8,110,4944,0,Valve Sticking,2.77,35.3
9880,5.07,52.89,100,9.47,110,4945,0,Valve Sticking,3.1,31.92
9881,5.4,51.79,90,9.23,110.36,4945,0,Valve Sticking,3.79,24.25
9882,5.35,52.74,100,9.29,110,4946,0,Valve Sticking,3.95,49.5
9883,5.51,53.77,90,9.18,110,4946,0,Valve Sticking,3.15,39.08
9884,5.47,53.59,100,9.98,110,4947,0,Valve Sticking,3.19,25.68
9885,5.27,53.56,90,9.76,110.81,4947,0,Valve Sticking,3.79,27.71
9886,5.05,52.71,100,9.27,111.67,4948,0,Valve Sticking,3.69,12.76
9887,5.0,52.65,90,9.64,114.04,4948,0,Valve Sticking,3.57,5.86
9888,5.54,52.89,100,9.36,110,4949,0,Valve Sticking,2.63,31.76
9889,5.0,53.04,90,9.72,110,4949,0,Valve Sticking,2.52,11.91
9890,5.27,52.29,100,9.13,116.42,4950,0,Valve Sticking,3.64,6.09
9891,5.09,52.42,90,9.55,112.21,4950,0,Valve Sticking,2.84,25.8
9892,5.37,52.22,100,9.29,110,4951,0,Valve Sticking,3.67,31.45
9893,5.36,51.82,90,9.31,110,4951,0,Valve Sticking,3.47,17.59
9894,5.1,51.28,100,9.73,110,4952,0,Valve Sticking,2.58,11.79
9895,5.6,51.95,90,10.17,110,4952,0,Valve Sticking,2.85,41.5
9896,5.39,51.97,100,9.22,110,4953,0,Valve Sticking,2.92,34.49
9897,5.51,51.92,90,10.2,110,4953,0,Valve Sticking,3.67,45.02
9898,5.25,51.54,100,9.24,110,4954,0,Valve Sticking,3.8,25.62
9899,5.38,51.82,90,10.11,110,4954,0,Valve Sticking,3.07,23.15
9900,5.33,51.41,100,9.39,110,4955,0,Valve Sticking,3.34,35.93
9901,5.26,51.61,90,9.46,110,4955,0,Valve Sticking,3.38,43.3
9902,5.48,51.21,100,9.05,110,4956,0,Valve Sticking,3.4,43.34
9903,5.15,51.72,90,9.68,110,4956,0,Valve Sticking,3.51,26.12
9904,5.22,52.28,100,9.8,110,4957,0,Valve Sticking,3.28,27.28
9905,5.6,51.85,90,9.96,110,4957,0,Valve Sticking,3.7,46.28
9906,5.21,52.03,100,9.57,110,4958,0,Valve Sticking,3.72,19.13
9907,5.07,51.68,90,9.2,111.59,4958,0,Valve Sticking,3.44,6.68
9908,5.24,51.45,100,9.74,110,4959,0,Valve Sticking,3.39,34.5
9909,5.66,51.19,90,10.04,110,4959,0,Valve Sticking,3.39,44.75
9910,5.39,51.03,100,9.12,110,4960,0,Valve Sticking,3.54,46.99
9911,5.44,51.47,90,9.27,110,4960,0,Valve Sticking,2.96,46.62
9912,5.3,51.6,100,9.69,110,4961,0,Valve Sticking,2.94,42.89
9913,5.19,51.67,90,9.59,113.52,4961,0,Valve Sticking,2.85,12.12
9914,5.44,51.4,100,9.64,111.06,4962,0,Valve Sticking,2.54,28.95
9915,5.25,51.41,90,10.01,111.62,4962,0,Valve Sticking,3.39,11.53
9916,5.45,50.72,100,9.56,110,4963,0,Valve Sticking,3.91,34.3
9917,5.33,51.1,90,9.25,110,4963,0,Valve Sticking,2.62,43.4
9918,5.56,51.26,100,9.29,110,4964,0,Valve Sticking,3.39,45.13
9919,5.36,51.29,90,8.96,110,4964,0,Valve Sticking,2.86,30.35
9920,5.38,51.22,100,9.26,110,4965,0,Valve Sticking,3.54,31.85
9921,5.0,51.26,90,9.8,114.76,4965,0,Valve Sticking,2.52,9.15
9922,5.35,50.95,100,9.48,110,4966,0,Valve Sticking,3.8,19.15
9923,5.44,51.35,90,9.9,110,4966,0,Valve Sticking,3.71,32.43
9924,5.37,52.38,100,9.49,115.11,4967,0,Valve Sticking,3.14,16.11
9925,5.46,52.41,90,9.64,110,4967,0,Valve Sticking,2.81,48.36
9926,5.14,52.44,100,9.7,112.15,4968,0,Valve Sticking,3.19,8.19
9927,5.28,52.23,90,9.93,110,4968,0,Valve Sticking,2.71,31.86
9928,5.44,52.07,100,9.93,110,4969,0,Valve Sticking,3.39,34.07
9929,5.44,52.37,90,9.5,110,4969,0,Valve Sticking,3.7,27.49
9930,5.0,51.96,100,9.29,112.85,4970,0,Valve Sticking,3.88,6.09
9931,5.25,52.11,90,9.74,111.73,4970,0,Valve Sticking,3.99,7.66
9932,5.49,51.8,100,9.49,110,4971,0,Valve Sticking,3.46,31.73
9933,5.14,52.69,90,9.59,115.25,4971,0,Valve Sticking,2.65,9.81
9934,5.49,51.81,100,9.46,110,4972,0,Valve Sticking,2.72,38.16
9935,5.19,52.26,90,9.28,110,4972,0,Valve Sticking,3.58,39.79
9936,5.32,52.48,100,9.98,110,4973,0,Valve Sticking,3.61,38.45
9937,5.12,52.31,90,10.02,110,4973,0,Valve Sticking,3.05,21.81
9938,5.39,51.67,100,9.3,110,4974,0,Valve Sticking,2.65,27.31
9939,5.13,52.23,90,9.38,110,4974,0,Valve Sticking,3.41,14.73
9940,5.06,51.67,100,9.05,110.2,4975,0,Valve Sticking,2.7,28.48
9941,5.54,52.75,90,9.84,110,4975,0,Valve Sticking,3.55,39.73
9942,5.06,51.66,100,9.71,117.84,4976,0,Valve Sticking,2.56,7.29
9943,5.59,52.02,90,9.98,110,4976,0,Valve Sticking,2.98,37.11
9944,5.18,52.48,100,9.43,110,4977,0,Valve Sticking,2.86,17.75
9945,5.26,52.24,90,9.79,110,4977,0,Valve Sticking,3.04,23.32
9946,5.27,51.68,100,9.49,114.58,4978,0,Valve Sticking,2.6,7.61
9947,5.12,51.24,90,9.72,110,4978,0,Valve Sticking,3.62,36.64
9948,5.32,51.6,100,9.5,110,4979,0,Valve Sticking,2.6,47.89
9949,5.34,51.56,90,9.62,110,4979,0,Valve Sticking,2.53,43.21
9950,5.03,51.18,100,9.95,111.16,4980,0,Valve Sticking,2.78,15.93
9951,5.43,52.03,90,9.07,110,4980,0,Valve Sticking,3.23,36.04
9952,5.32,51.69,100,9.47,111.78,4981,0,Valve Sticking,3.51,16.93
9953,5.0,51.98,90,9.69,111.69,4981,0,Valve Sticking,3.9,10.59
9954,5.44,51.45,100,9.95,110,4982,0,Valve Sticking,2.61,35.11
9955,5.0,51.18,90,10.08,112.9,4982,0,Valve Sticking,3.33,9.45
9956,5.0,50.71,100,9.34,111.21,4983,0,Valve Sticking,3.54,8.96
9957,5.45,51.2,90,9.78,110,4983,0,Valve Sticking,3.42,28.07
9958,5.07,51.32,100,10.0,112.52,4984,0,Valve Sticking,3.0,14.11
9959,5.43,51.07,90,9.61,110,4984,0,Valve Sticking,3.82,26.46
9960,5.05,50.6,100,9.52,110.38,4985,0,Valve Sticking,3.14,14.17
9961,5.19,51.03,90,10.12,110,4985,0,Valve Sticking,2.77,37.65
9962,5.15,50.61,100,9.14,110,4986,0,Valve Sticking,2.59,6.74
9963,5.24,50.37,90,9.32,110,4986,0,Valve Sticking,3.44,32.05
9964,5.05,50.62,100,9.95,110,4987,0,Valve Sticking,3.72,18.05
9965,5.38,51.38,90,9.38,110,4987,0,Valve Sticking,3.48,43.21
9966,5.27,50.64,100,9.42,113.61,4988,0,Valve Sticking,3.07,7.74
9967,5.09,50.65,90,9.08,110,4988,0,Valve Sticking,3.86,5.55
9968,5.27,50.93,100,9.17,110,4989,0,Valve Sticking,3.83,46.28
9969,5.45,51.8,90,9.91,110,4989,0,Valve Sticking,3.28,46.22
9970,5.48,52.32,100,9.77,110,4990,0,Valve Sticking,3.65,23.31
9971,5.43,52.15,90,9.26,110,4990,0,Valve Sticking,2.71,21.74
9972,5.31,52.23,100,10.13,110,4991,0,Valve Sticking,2.54,17.63
9973,5.1,51.57,90,9.39,111.52,4991,0,Valve Sticking,3.97,19.88
9974,5.42,51.38,100,9.28,110,4992,0,Valve Sticking,3.96,25.5
9975,5.33,52.35,90,10.11,110,4992,0,Valve Sticking,3.85,38.57
9976,5.34,52.93,100,9.87,112.67,4993,0,Valve Sticking,2.87,12.1
9977,5.14,52.78,90,9.82,110,4993,0,Valve Sticking,3.18,18.63
9978,5.19,52.92,100,9.83,114.19,4994,0,Valve Sticking,3.0,9.34
9979,5.45,52.95,90,9.95,110,4994,0,Valve Sticking,3.55,42.2
9980,5.49,52.7,100,9.72,110,4995,0,Valve Sticking,3.68,47.67
9981,5.02,53.13,90,9.8,110,4995,0,Valve Sticking,3.58,25.27
9982,5.51,53.04,100,9.53,110,4996,0,Valve Sticking,3.15,34.44
9983,5.0,53.67,90,10.11,111.5,4996,0,Valve Sticking,2.99,9.03
9984,5.63,53.02,100,9.84,110,4997,0,Valve Sticking,3.74,49.0
9985,5.41,53.06,90,9.38,110,4997,0,Valve Sticking,3.38,39.95
9986,5.54,53.08,100,9.12,110,4998,0,Valve Sticking,3.13,42.12
9987,5.11,53.14,90,10.05,115.92,4998,0,Valve Sticking,3.28,6.31
9988,5.0,53.06,100,9.28,110,4999,0,Valve Sticking,3.5,9.92
9989,5.39,52.96,90,9.47,110,4999,0,Valve Sticking,2.83,21.49
9990,5.42,53.06,100,9.99,110,5000,0,Valve Sticking,3.6,24.69
9991,5.42,52.05,90,9.63,110.71,5000,0,Valve Sticking,2.56,27.73
9992,5.22,51.66,100,9.78,110,5001,0,Valve Sticking,2.91,13.78
9993,5.41,52.3,90,9.7,110,5001,0,Valve Sticking,2.59,36.93
9994,5.38,51.7,100,9.41,110,5002,0,Valve Sticking,3.97,30.0
9995,5.43,52.41,90,9.52,110,5002,0,Valve Sticking,2.91,45.28
9996,5.0,52.67,100,10.02,110.89,5003,0,Valve Sticking,2.52,11.79
9997,5.2,52.95,90,10.04,110,5003,0,Valve Sticking,2.51,22.3
9998,5.3,53.01,100,9.42,110,5004,0,Valve Sticking,2.83,40.48
9999,5.65,53.18,90,9.81,110,5004,0,Valve Sticking,3.35,48.61
10000,5.45,53.48,100,9.48,110.51,5005,0,Valve Sticking,3.38,26.63
