Time,Pressure,Temperature,Position,Flow,Speed,CycleCount,Health,Fault,Vibration,Load
1,5.65,30.19,10,10.43,126.67,1,100,Healthy,0.3,12.79
2,5.9,30.22,20,9.61,121.58,2,100,Healthy,0.47,38.57
3,5.87,30.25,30,9.56,122.32,3,100,Healthy,0.24,32.81
4,5.95,30.37,40,10.46,122.91,4,100,Healthy,0.38,36.69
5,5.65,30.46,50,10.06,128.37,5,100,Healthy,0.54,9.32
6,5.93,30.52,60,10.25,119.38,6,100,Healthy,0.43,37.86
7,5.62,30.57,70,9.87,130.2,7,100,Healthy,0.32,6.25
8,5.77,30.6,80,10.03,123.85,8,100,Healthy,0.34,22.43
9,5.64,30.77,90,10.31,127.21,9,100,Healthy,0.53,11.93
10,6.03,30.92,100,9.63,117.96,10,100,Healthy,0.58,48.94
11,5.75,30.97,90,9.7,121.93,10,100,Healthy,0.53,25.54
12,5.6,31.14,80,9.56,128.41,10,100,Healthy,0.57,10.25
13,5.63,31.27,70,10.34,128.18,10,100,Healthy,0.47,9.88
14,5.89,31.4,60,10.05,123.72,10,100,Healthy,0.56,30.02
15,5.95,31.57,50,10.5,120.19,10,100,Healthy,0.22,36.04
16,5.74,31.67,40,9.78,125.09,10,100,Healthy,0.44,27.05
17,5.61,31.7,30,10.2,126.44,10,100,Healthy,0.53,16.21
18,5.85,31.73,20,9.64,122.74,10,100,Healthy,0.44,31.09
19,5.73,31.89,10,9.5,123.76,10,100,Healthy,0.58,18.36
20,5.55,32.08,0,9.51,127.04,10,100,Healthy,0.57,14.92
21,5.6,32.24,10,9.86,128.02,11,100,Healthy,0.32,13.13
22,5.85,32.42,20,10.4,124.07,12,100,Healthy,0.45,25.97
23,5.75,32.55,30,9.95,123.91,13,100,Healthy,0.49,23.75
24,5.69,32.62,40,10.02,125.26,14,100,Healthy,0.23,27.18
25,5.9,32.72,50,9.7,122.09,15,100,Healthy,0.31,31.97
26,5.67,32.74,60,10.06,124.36,16,100,Healthy,0.32,18.94
27,5.73,32.86,70,10.18,125.14,17,100,Healthy,0.56,24.32
28,5.83,32.97,80,9.5,122.42,18,100,Healthy,0.33,35.17
29,5.87,33.03,90,9.53,119.22,19,100,Healthy,0.49,36.76
30,5.73,34.18,100,9.71,120.23,20,96,Seal Wear,1.57,15.55
31,4.64,34.19,90,11.81,112.08,20,93,Air Leakage,1.01,12.09
32,5.97,35.14,80,9.87,113.06,20,90,Seal Wear,1.83,41.24
33,5.98,35.99,70,9.96,110.99,20,86,Seal Wear,1.84,48.43
34,5.65,37.29,60,9.71,117.56,20,82,Seal Wear,2.4,23.3
35,5.03,37.3,50,11.33,118.37,20,81,Air Leakage,1.07,6.64
36,4.78,37.32,40,11.54,111.18,20,78,Air Leakage,0.98,32.04
37,4.78,37.45,30,11.41,113.26,20,77,Air Leakage,0.86,15.56
38,5.22,37.58,20,11.03,105.37,20,76,Air Leakage,1.02,24.1
39,5.21,37.65,10,12.12,109.36,20,73,Air Leakage,0.93,36.73
40,5.51,37.78,0,9.89,93.93,20,68,Valve Sticking,3.89,37.24
41,5.51,37.82,10,10.45,103.79,21,63,Valve Sticking,3.1,17.94
42,5.07,37.95,20,11.2,99.98,22,62,Air Leakage,0.86,49.47
43,6.01,38.94,30,10.09,112.36,23,58,Seal Wear,2.38,41.64
44,5.99,39.9,40,9.57,112.37,24,56,Seal Wear,2.38,44.2
45,5.56,41.5,50,9.66,121.7,25,52,Seal Wear,2.1,10.23
46,5.89,42.98,60,10.05,116.03,26,50,Seal Wear,2.19,31.4
47,5.37,43.03,70,10.07,102.48,27,45,Valve Sticking,3.61,17.32
48,5.62,43.73,80,10.31,124.93,28,43,Seal Wear,2.17,5.82
49,5.69,44.75,90,10.2,116.66,29,41,Seal Wear,1.88,20.36
50,5.81,46.27,100,10.44,115.46,30,38,Seal Wear,2.01,26.66
51,5.24,46.33,90,10.07,98.84,30,34,Valve Sticking,2.96,21.56
52,5.01,46.44,80,11.42,112.54,30,33,Air Leakage,1.2,20.72
53,5.06,46.46,70,11.87,110.32,30,30,Air Leakage,0.95,28.58
54,4.99,46.6,60,11.2,105.88,30,28,Air Leakage,0.99,22.02
55,5.48,46.76,50,9.55,91.13,30,25,Valve Sticking,3.33,42.48
56,5.19,46.86,40,11.28,110.73,30,24,Air Leakage,0.95,13.68
57,5.53,48.16,30,9.55,120.63,30,20,Seal Wear,1.65,6.08
58,5.19,48.22,20,10.37,103.45,30,15,Valve Sticking,3.1,16.24
59,5.51,48.27,10,10.19,94.04,30,10,Valve Sticking,3.23,30.76
60,5.32,48.3,0,10.11,105.97,30,6,Valve Sticking,3.09,16.12
61,5.27,48.34,10,11.88,105.11,31,3,Air Leakage,1.15,42.67
62,4.87,48.5,20,11.64,112.95,32,0,Air Leakage,1.14,18.17
63,5.37,48.61,30,10.37,90.78,33,0,Valve Sticking,2.76,26.81
64,5.25,48.79,40,9.97,108.92,34,0,Valve Sticking,2.99,6.39
65,5.6,48.95,50,9.93,90.88,35,0,Valve Sticking,2.71,47.21
66,5.53,49.02,60,10.34,94.49,36,0,Valve Sticking,2.8,30.45
67,5.84,49.76,70,10.21,115.91,37,0,Seal Wear,1.89,36.3
68,5.56,51.03,80,9.68,122.91,38,0,Seal Wear,1.52,7.5
69,4.93,51.18,90,11.95,111.76,39,0,Air Leakage,1.07,13.21
70,4.96,51.29,100,11.34,114.1,40,0,Air Leakage,0.83,7.48
71,4.92,51.35,90,12.19,110.94,40,0,Air Leakage,1.11,14.73
72,5.41,51.37,80,9.83,97.67,40,0,Valve Sticking,2.97,11.07
73,5.93,52.59,70,9.58,112.19,40,0,Seal Wear,1.69,41.08
74,5.92,53.37,60,9.93,113.01,40,0,Seal Wear,1.8,42.0
75,4.88,53.51,50,11.85,116.07,40,0,Air Leakage,1.02,7.69
76,5.63,54.22,40,9.85,116.79,40,0,Seal Wear,1.53,8.12
77,5.21,54.3,30,9.79,95.35,40,0,Valve Sticking,2.62,27.2
78,5.61,55.83,20,9.7,119.08,40,0,Seal Wear,1.93,15.62
79,5.04,55.85,10,11.79,105.79,40,0,Air Leakage,0.94,30.33
80,6.04,56.52,0,9.61,111.91,40,0,Seal Wear,2.45,49.32
81,5.63,57.76,10,10.12,118.01,41,0,Seal Wear,1.93,16.53
82,5.2,57.79,20,10.32,92.04,42,0,Valve Sticking,3.57,15.22
83,4.98,57.93,30,11.82,105.14,43,0,Air Leakage,0.96,45.36
84,5.95,59.53,40,9.87,114.26,44,0,Seal Wear,1.86,37.41
85,5.34,59.54,50,9.52,94.84,45,0,Valve Sticking,3.06,9.11
86,5.09,59.55,60,11.34,111.69,46,0,Air Leakage,1.04,23.46
87,5.72,59.59,70,10.2,94.85,47,0,Valve Sticking,3.88,45.2
88,5.53,59.77,80,10.17,94.06,48,0,Valve Sticking,3.76,39.28
89,5.76,61.35,90,9.75,112.74,49,0,Seal Wear,2.34,28.99
90,5.62,61.53,100,9.73,93.01,50,0,Valve Sticking,2.67,39.0
91,5.57,62.94,90,9.84,117.37,50,0,Seal Wear,1.94,12.97
92,5.85,64.01,80,10.27,114.66,50,0,Seal Wear,1.79,37.73
93,4.76,64.16,70,11.9,112.66,50,0,Air Leakage,0.84,14.47
94,5.3,64.16,60,9.65,91.71,50,0,Valve Sticking,3.97,21.64
95,5.63,64.21,50,9.55,99.44,50,0,Valve Sticking,3.73,38.25
96,4.71,64.35,40,11.1,105.98,50,0,Air Leakage,0.93,21.26
97,5.63,65.45,30,9.69,122.58,50,0,Seal Wear,1.92,16.36
98,4.74,65.46,20,10.66,106.54,50,0,Air Leakage,0.99,18.21
99,5.32,65.55,10,10.22,93.74,50,0,Valve Sticking,3.13,32.04
100,5.7,66.43,0,10.23,117.02,50,0,Seal Wear,2.12,16.53
101,5.28,66.6,10,10.43,88.84,51,0,Valve Sticking,3.84,27.32
102,5.4,66.63,20,9.7,90.35,52,0,Valve Sticking,3.61,45.33
103,5.71,68.0,30,9.78,114.63,53,0,Seal Wear,2.06,20.54
104,4.79,68.16,40,11.49,110.63,54,0,Air Leakage,0.97,29.99
105,5.56,68.26,50,9.78,96.49,55,0,Valve Sticking,2.55,31.14
106,5.62,69.84,60,9.69,117.27,56,0,Seal Wear,1.8,21.42
107,5.81,71.13,70,9.89,116.07,57,0,Seal Wear,2.49,31.65
108,5.81,71.83,80,10.08,114.55,58,0,Seal Wear,1.83,30.42
109,5.09,71.95,90,11.65,115.95,59,0,Air Leakage,0.87,8.96
110,5.75,72.72,100,9.67,119.09,60,0,Seal Wear,2.4,22.94
111,5.96,73.76,90,10.43,111.94,60,0,Seal Wear,2.24,43.59
112,5.7,74.72,80,9.51,116.29,60,0,Seal Wear,2.4,17.77
113,4.78,74.73,70,11.39,113.0,60,0,Air Leakage,0.85,11.46
114,5.96,75.56,60,9.61,109.91,60,0,Seal Wear,2.43,43.31
115,5.46,75.62,50,9.98,84.4,60,0,Valve Sticking,3.77,45.92
116,5.67,76.62,40,10.14,114.91,60,0,Seal Wear,2.42,18.3
117,5.33,76.72,30,9.73,92.13,60,0,Valve Sticking,3.29,24.55
118,5.38,76.87,20,11.36,103.11,60,0,Air Leakage,1.15,39.8
119,5.64,78.4,10,10.24,119.24,60,0,Seal Wear,2.08,17.34
120,5.87,79.86,0,9.8,113.6,60,0,Seal Wear,2.34,30.87
121,5.35,79.88,10,10.48,92.48,61,0,Valve Sticking,3.61,30.79
122,5.44,79.92,20,10.42,90.03,62,0,Valve Sticking,3.0,43.05
123,5.13,80.01,30,10.09,95.75,63,0,Valve Sticking,2.74,7.47
124,5.34,80.13,40,11.5,109.3,64,0,Air Leakage,0.98,37.39
125,4.87,80.31,50,11.22,109.41,65,0,Air Leakage,1.19,24.36
126,5.7,81.85,60,10.22,118.04,66,0,Seal Wear,1.69,16.41
127,5.8,82.94,70,10.04,116.48,67,0,Seal Wear,2.46,22.02
128,6.05,83.94,80,10.07,111.16,68,0,Seal Wear,2.28,47.32
129,5.24,83.98,90,9.93,100.65,69,0,Valve Sticking,3.89,7.4
130,5.36,84.04,100,10.12,100.04,70,0,Valve Sticking,2.59,18.36
131,5.29,84.08,90,9.63,109.1,70,0,Valve Sticking,2.72,6.41
132,4.54,84.22,80,11.3,112.74,70,0,Air Leakage,1.17,9.55
133,4.75,84.36,70,11.18,109.75,70,0,Air Leakage,0.84,14.06
134,5.41,84.41,60,10.12,97.34,70,0,Valve Sticking,3.25,24.76
135,5.23,84.46,50,10.96,106.82,70,0,Air Leakage,1.01,43.33
136,5.54,85.19,40,10.39,122.44,70,0,Seal Wear,1.75,5.72
137,5.61,86.01,30,9.72,119.31,70,0,Seal Wear,1.65,12.62
138,5.58,86.03,20,9.57,90.64,70,0,Valve Sticking,2.77,40.5
139,5.55,87.22,10,9.62,121.89,70,0,Seal Wear,1.62,10.27
140,5.73,87.25,0,10.22,96.58,70,0,Valve Sticking,3.1,39.37
141,5.46,87.3,10,10.18,107.2,71,0,Valve Sticking,3.92,13.9
142,5.77,88.26,20,10.37,115.68,72,0,Seal Wear,2.24,27.23
143,4.85,88.33,30,11.07,110.69,73,0,Air Leakage,0.85,26.21
144,5.83,89.85,40,10.42,111.74,74,0,Seal Wear,2.12,37.26
145,5.18,90.03,50,11.49,106.46,75,0,Air Leakage,1.19,32.71
146,5.73,91.37,60,9.55,117.71,76,0,Seal Wear,2.3,19.57
147,5.87,92.73,70,10.03,112.24,77,0,Seal Wear,1.77,42.46
148,5.13,92.91,80,11.57,110.25,78,0,Air Leakage,0.94,41.03
149,5.17,93.02,90,12.17,105.33,79,0,Air Leakage,0.84,37.39
150,4.95,93.15,100,11.39,105.44,80,0,Air Leakage,1.17,31.84
151,5.2,93.29,90,11.69,111.48,80,0,Air Leakage,1.05,25.43
152,5.44,93.31,80,9.52,102.27,80,0,Valve Sticking,2.54,19.03
153,5.84,94.23,70,9.75,116.75,80,0,Seal Wear,2.39,30.71
154,5.23,94.33,60,11.16,106.49,80,0,Air Leakage,0.88,47.3
155,5.75,95.33,50,9.59,114.48,80,0,Seal Wear,1.6,30.33
156,5.75,96.18,40,10.08,119.02,80,0,Seal Wear,2.47,14.86
157,5.42,96.29,30,10.92,106.91,80,0,Air Leakage,0.91,47.55
158,5.69,96.48,20,9.79,88.2,80,0,Valve Sticking,3.12,35.01
159,5.28,96.49,10,11.41,104.89,80,0,Air Leakage,0.95,30.33
160,5.21,96.49,0,11.81,103.44,80,0,Air Leakage,0.88,35.51
161,5.32,96.63,10,9.66,95.28,81,0,Valve Sticking,3.89,12.39
162,5.02,96.68,20,11.32,106.02,82,0,Air Leakage,0.8,43.01
163,4.77,96.81,30,11.56,108.66,83,0,Air Leakage,1.07,17.16
164,5.61,96.87,40,10.05,91.59,84,0,Valve Sticking,3.57,45.26
165,5.6,97.47,50,10.18,121.72,85,0,Seal Wear,2.2,13.16
166,4.64,97.6,60,11.22,115.67,86,0,Air Leakage,0.84,7.34
167,5.18,97.7,70,10.33,105.4,87,0,Valve Sticking,3.72,20.49
168,5.06,97.77,80,10.79,110.82,88,0,Air Leakage,1.06,39.23
169,5.27,97.79,90,9.91,98.25,89,0,Valve Sticking,2.7,11.67
170,5.85,98.89,100,9.92,115.8,90,0,Seal Wear,2.46,29.72
171,5.47,99.07,90,9.69,105.3,90,0,Valve Sticking,3.19,19.7
172,6.0,100.25,80,9.99,110.56,90,0,Seal Wear,1.62,40.5
173,6.0,100.99,70,10.47,108.65,90,0,Seal Wear,2.17,47.82
174,5.78,102.04,60,10.43,119.01,90,0,Seal Wear,1.88,20.97
175,5.46,103.12,50,9.68,120.28,90,0,Seal Wear,2.05,5.57
176,5.1,103.13,40,12.33,107.2,90,0,Air Leakage,1.11,37.71
177,5.45,103.27,30,9.77,103.67,90,0,Valve Sticking,3.94,31.38
178,5.92,104.14,20,10.36,113.08,90,0,Seal Wear,2.43,37.03
179,5.77,104.23,10,10.25,86.01,90,0,Valve Sticking,2.84,49.9
180,5.06,104.39,0,10.14,91.12,90,0,Valve Sticking,3.15,13.01
181,4.58,104.48,10,11.11,115.04,91,0,Air Leakage,0.9,8.83
182,5.56,105.87,20,10.06,122.61,92,0,Seal Wear,2.09,6.82
183,5.26,105.99,30,12.02,100.37,93,0,Air Leakage,1.02,38.78
184,5.1,106.1,40,11.54,110.04,94,0,Air Leakage,1.06,37.59
185,4.64,106.25,50,11.31,112.16,95,0,Air Leakage,1.17,5.78
186,5.04,106.29,60,11.02,108.09,96,0,Air Leakage,0.95,23.85
187,4.97,106.41,70,11.54,113.33,97,0,Air Leakage,1.13,8.81
188,4.85,106.59,80,11.02,111.0,98,0,Air Leakage,0.95,18.37
189,5.28,106.71,90,11.58,106.6,99,0,Air Leakage,0.86,42.74
190,4.79,106.73,100,12.11,112.36,100,0,Air Leakage,1.09,9.59
191,5.53,106.82,90,9.76,92.03,100,0,Valve Sticking,2.53,42.45
192,5.7,107.97,80,10.31,117.3,100,0,Seal Wear,1.98,29.61
193,5.18,107.98,70,11.37,107.8,100,0,Air Leakage,1.03,23.62
194,5.84,108.99,60,10.17,113.56,100,0,Seal Wear,1.74,29.7
195,5.68,109.86,50,10.42,122.85,100,0,Seal Wear,1.9,9.71
196,5.3,109.88,40,9.69,94.15,100,0,Valve Sticking,3.91,12.09
197,5.33,110.04,30,10.27,101.03,100,0,Valve Sticking,2.87,13.38
198,4.92,110.13,20,11.38,113.85,100,0,Air Leakage,1.06,5.05
199,5.67,110.25,10,10.01,84.81,100,0,Valve Sticking,3.99,47.97
200,5.57,110.27,0,9.88,97.36,100,0,Valve Sticking,2.79,35.88
201,5.29,110.37,10,9.53,99.39,101,0,Valve Sticking,3.64,30.68
202,5.43,110.49,20,10.27,97.75,102,0,Valve Sticking,3.25,24.59
203,5.39,110.62,30,10.17,94.6,103,0,Valve Sticking,3.94,15.5
204,5.78,112.15,40,10.07,116.74,104,0,Seal Wear,1.9,21.72
205,4.9,112.31,50,11.83,112.04,105,0,Air Leakage,0.92,7.76
206,5.84,112.93,60,10.05,112.26,106,0,Seal Wear,1.73,32.68
207,5.58,113.78,70,9.56,122.45,107,0,Seal Wear,2.37,7.18
208,5.87,114.38,80,10.45,112.76,108,0,Seal Wear,1.72,39.89
209,5.05,114.39,90,10.28,102.64,109,0,Valve Sticking,3.38,9.08
210,5.32,114.53,100,10.05,104.51,110,0,Valve Sticking,2.57,27.64
211,4.9,114.62,90,11.48,99.83,110,0,Air Leakage,0.9,48.45
212,4.62,114.71,80,11.72,112.46,110,0,Air Leakage,0.88,19.99
213,5.21,114.77,70,11.85,103.1,110,0,Air Leakage,1.03,40.1
214,4.99,114.83,60,11.22,105.46,110,0,Air Leakage,0.86,33.74
215,5.78,116.26,50,10.37,117.21,110,0,Seal Wear,1.84,27.43
216,5.08,116.33,40,11.78,112.68,110,0,Air Leakage,1.0,29.16
217,4.82,116.43,30,11.0,115.19,110,0,Air Leakage,1.05,8.27
218,5.21,116.5,20,10.4,99.86,110,0,Valve Sticking,3.16,15.18
219,5.56,116.58,10,9.57,91.84,110,0,Valve Sticking,3.64,38.93
220,5.75,116.69,0,10.02,95.82,110,0,Valve Sticking,2.99,45.57
221,5.96,117.91,10,10.17,115.34,111,0,Seal Wear,1.56,40.4
222,5.97,118.83,20,10.34,112.28,112,0,Seal Wear,2.1,39.21
223,5.59,119.9,30,10.18,124.19,113,0,Seal Wear,1.85,7.27
224,5.69,120.9,40,9.73,120.06,114,0,Seal Wear,1.85,10.36
225,5.53,121.09,50,10.18,98.93,115,0,Valve Sticking,3.93,21.04
226,5.25,121.29,60,11.39,103.65,116,0,Air Leakage,0.92,32.1
227,5.72,122.02,70,10.03,116.38,117,0,Seal Wear,2.02,14.84
228,4.94,122.14,80,11.48,113.09,118,0,Air Leakage,0.89,10.39
229,5.5,122.25,90,10.08,92.24,119,0,Valve Sticking,2.68,35.91
230,5.58,123.24,100,9.55,118.68,120,0,Seal Wear,2.37,9.9
231,6.05,124.56,90,10.43,111.6,120,0,Seal Wear,2.19,45.57
232,5.79,125.95,80,9.68,113.05,120,0,Seal Wear,1.98,34.83
233,5.65,127.01,70,9.75,123.97,120,0,Seal Wear,1.64,6.17
234,5.8,128.52,60,10.37,114.44,120,0,Seal Wear,1.62,23.89
235,5.76,129.15,50,9.52,116.29,120,0,Seal Wear,1.56,23.34
236,5.01,129.19,40,11.18,118.17,120,0,Air Leakage,1.16,11.09
237,4.95,129.23,30,11.58,116.34,120,0,Air Leakage,0.87,6.81
238,5.67,129.4,20,10.27,100.28,120,0,Valve Sticking,3.47,31.83
239,5.05,129.45,10,11.95,116.27,120,0,Air Leakage,1.13,7.52
240,5.59,129.5,0,10.18,99.98,120,0,Valve Sticking,3.17,33.92
241,5.6,131.0,10,9.59,118.1,121,0,Seal Wear,1.76,14.23
242,5.68,131.98,20,9.76,118.1,122,0,Seal Wear,2.39,11.97
243,5.31,132.17,30,9.75,90.18,123,0,Valve Sticking,3.21,27.94
244,4.98,132.29,40,11.97,106.32,124,0,Air Leakage,1.18,42.06
245,5.83,133.63,50,9.82,118.01,125,0,Seal Wear,1.96,32.18
246,5.56,134.59,60,10.08,119.98,126,0,Seal Wear,1.55,12.82
247,5.54,134.65,70,9.76,92.53,127,0,Valve Sticking,2.52,26.1
248,5.33,134.79,80,9.54,97.11,128,0,Valve Sticking,3.21,14.75
249,5.62,134.96,90,9.58,97.13,129,0,Valve Sticking,3.47,38.3
250,4.99,135.11,100,11.63,111.58,130,0,Air Leakage,0.82,11.1
251,5.94,135.94,90,9.66,114.21,130,0,Seal Wear,1.96,44.75
252,5.81,137.2,80,9.84,114.54,130,0,Seal Wear,1.87,25.55
253,5.42,137.26,70,9.71,93.74,130,0,Valve Sticking,2.54,18.83
254,4.94,137.44,60,11.77,107.64,130,0,Air Leakage,1.15,41.13
255,5.65,137.48,50,10.42,99.89,130,0,Valve Sticking,2.85,37.04
256,5.96,138.73,40,9.85,111.15,130,0,Seal Wear,2.25,43.18
257,5.92,139.98,30,10.44,111.09,130,0,Seal Wear,2.46,39.47
258,4.91,140.06,20,10.91,105.2,130,0,Air Leakage,1.14,36.49
259,5.62,140.73,10,9.91,118.56,130,0,Seal Wear,2.09,20.49
260,5.75,141.69,0,10.04,120.23,130,0,Seal Wear,1.56,17.84
261,5.48,141.73,10,9.77,87.57,131,0,Valve Sticking,3.77,33.6
262,5.58,142.67,20,10.48,118.97,132,0,Seal Wear,1.9,8.99
263,5.68,142.82,30,9.82,88.69,133,0,Valve Sticking,2.62,38.61
264,5.93,143.68,40,9.5,115.95,134,0,Seal Wear,1.58,40.34
265,5.74,144.97,50,10.35,114.49,135,0,Seal Wear,1.55,31.09
266,5.14,145.06,60,10.48,101.5,136,0,Valve Sticking,2.77,8.37
267,5.9,146.06,70,9.84,114.37,137,0,Seal Wear,2.28,39.22
268,5.92,147.54,80,9.67,113.72,138,0,Seal Wear,2.14,46.12
269,4.63,147.67,90,11.66,108.39,139,0,Air Leakage,0.83,14.9
270,4.72,147.83,100,11.29,110.61,140,0,Air Leakage,1.19,22.13
271,5.39,147.88,90,10.41,87.51,140,0,Valve Sticking,2.89,43.43
272,6.01,148.7,80,9.9,110.59,140,0,Seal Wear,1.72,45.04
273,5.68,149.35,70,9.82,117.84,140,0,Seal Wear,2.12,19.38
274,5.43,149.45,60,9.94,102.33,140,0,Valve Sticking,3.76,32.47
275,4.91,149.48,50,10.92,110.87,140,0,Air Leakage,1.05,39.07
276,5.5,149.62,40,9.72,96.24,140,0,Valve Sticking,3.28,28.05
277,4.52,149.74,30,12.09,110.57,140,0,Air Leakage,1.0,7.57
278,5.52,150.95,20,10.2,122.22,140,0,Seal Wear,1.53,9.29
279,5.5,152.35,10,9.82,118.8,140,0,Seal Wear,1.67,9.02
280,5.76,153.95,0,10.15,116.67,140,0,Seal Wear,2.43,19.41
281,5.96,155.02,10,9.54,111.95,141,0,Seal Wear,1.52,42.04
282,6.04,156.36,20,10.4,113.03,142,0,Seal Wear,1.92,47.1
283,5.72,157.08,30,10.29,115.25,143,0,Seal Wear,1.63,26.1
284,5.58,157.18,40,10.26,94.66,144,0,Valve Sticking,3.84,44.31
285,5.51,157.27,50,9.97,92.09,145,0,Valve Sticking,3.5,27.74
286,5.51,157.36,60,10.44,103.72,146,0,Valve Sticking,3.3,29.59
287,5.68,157.49,70,10.4,94.78,147,0,Valve Sticking,2.89,48.11
288,5.48,157.64,80,9.98,100.3,148,0,Valve Sticking,3.41,9.39
289,5.68,158.43,90,10.34,116.81,149,0,Seal Wear,2.5,18.08
290,5.88,159.22,100,10.3,114.33,150,0,Seal Wear,2.03,31.65
291,5.36,159.35,90,10.13,95.48,150,0,Valve Sticking,2.96,21.42
292,4.94,159.45,80,12.07,101.44,150,0,Air Leakage,0.9,36.82
293,5.15,159.49,70,10.69,107.81,150,0,Air Leakage,1.04,47.05
294,5.31,159.53,60,11.87,104.56,150,0,Air Leakage,0.97,42.95
295,5.33,159.63,50,11.95,97.71,150,0,Air Leakage,1.02,48.0
296,4.76,159.71,40,11.83,110.59,150,0,Air Leakage,0.81,33.0
297,5.81,160.69,30,10.02,116.22,150,0,Seal Wear,1.73,29.58
298,5.43,160.72,20,9.55,96.95,150,0,Valve Sticking,3.46,46.58
299,5.98,161.63,10,9.97,111.63,150,0,Seal Wear,1.74,46.34
300,4.58,161.66,0,11.19,112.08,150,0,Air Leakage,1.17,10.65
301,5.67,161.86,10,10.28,92.37,151,0,Valve Sticking,2.53,43.36
302,5.17,162.0,20,11.44,107.62,152,0,Air Leakage,1.16,33.52
303,5.46,162.11,30,10.38,97.21,153,0,Valve Sticking,3.03,28.67
304,5.59,162.23,40,9.87,98.09,154,0,Valve Sticking,3.64,44.74
305,5.79,163.66,50,9.72,112.25,155,0,Seal Wear,2.47,38.05
306,5.32,163.71,60,10.75,113.69,156,0,Air Leakage,1.0,23.38
307,5.59,164.34,70,9.78,121.53,157,0,Seal Wear,1.9,9.87
308,5.14,164.5,80,12.05,109.68,158,0,Air Leakage,0.92,17.82
309,6.0,165.75,90,9.6,113.36,159,0,Seal Wear,2.41,44.54
310,5.63,167.26,100,10.47,120.37,160,0,Seal Wear,2.41,12.23
311,5.52,167.26,90,9.75,87.55,160,0,Valve Sticking,3.58,28.94
312,4.94,167.28,80,11.01,110.19,160,0,Air Leakage,1.18,39.61
313,5.42,167.34,70,9.72,100.16,160,0,Valve Sticking,2.8,34.25
314,5.78,167.42,60,9.56,96.4,160,0,Valve Sticking,2.91,42.77
315,5.66,167.45,50,10.49,90.22,160,0,Valve Sticking,2.97,47.29
316,5.67,167.48,40,10.01,102.36,160,0,Valve Sticking,2.6,33.83
317,4.68,167.53,30,12.13,111.93,160,0,Air Leakage,1.16,7.37
318,5.49,167.64,20,9.88,89.49,160,0,Valve Sticking,3.08,39.1
319,5.41,167.79,10,10.1,96.76,160,0,Valve Sticking,3.53,32.79
320,5.77,168.56,0,9.62,117.16,160,0,Seal Wear,1.63,22.76
321,5.6,169.87,10,9.71,119.74,161,0,Seal Wear,2.22,8.27
322,5.27,169.94,20,12.36,98.77,162,0,Air Leakage,1.06,44.36
323,4.83,170.08,30,12.03,111.62,163,0,Air Leakage,0.99,23.08
324,5.36,170.12,40,10.2,94.53,164,0,Valve Sticking,3.54,12.08
325,5.86,170.75,50,10.09,112.31,165,0,Seal Wear,1.71,37.59
326,5.74,171.47,60,10.47,119.83,166,0,Seal Wear,2.36,16.36
327,5.1,171.6,70,11.96,99.13,167,0,Air Leakage,0.93,49.69
328,5.72,172.97,80,9.64,118.38,168,0,Seal Wear,1.67,24.84
329,5.19,173.07,90,10.37,102.77,169,0,Valve Sticking,3.46,17.69
330,5.19,173.16,100,11.48,109.19,170,0,Air Leakage,1.07,31.52
331,5.38,173.27,90,12.15,101.61,170,0,Air Leakage,1.07,45.57
332,5.34,173.35,80,10.08,97.03,170,0,Valve Sticking,3.87,10.01
333,6.03,174.46,70,10.32,110.55,170,0,Seal Wear,2.26,48.45
334,5.56,174.56,60,9.5,99.96,170,0,Valve Sticking,3.49,20.54
335,5.66,174.67,50,9.92,90.4,170,0,Valve Sticking,3.16,45.88
336,5.08,174.68,40,10.38,94.52,170,0,Valve Sticking,3.8,13.98
337,5.66,175.6,30,9.63,118.63,170,0,Seal Wear,2.25,25.74
338,4.78,175.62,20,10.74,111.18,170,0,Air Leakage,0.92,19.28
339,5.52,175.67,10,9.7,87.46,170,0,Valve Sticking,3.1,41.36
340,5.86,176.77,0,10.23,113.52,170,0,Seal Wear,1.66,45.29
341,5.91,178.13,10,10.46,109.06,171,0,Seal Wear,1.68,49.53
342,5.12,178.16,20,10.18,97.09,172,0,Valve Sticking,3.84,5.33
343,4.83,178.27,30,11.6,115.11,173,0,Air Leakage,0.91,18.83
344,5.26,178.31,40,10.31,93.0,174,0,Valve Sticking,2.86,16.37
345,6.0,179.4,50,9.77,112.05,175,0,Seal Wear,1.78,47.27
346,5.87,180.54,60,10.35,116.2,176,0,Seal Wear,2.32,31.98
347,5.98,181.88,70,10.16,110.67,177,0,Seal Wear,2.24,43.43
348,5.3,181.89,80,11.45,102.31,178,0,Air Leakage,0.95,47.62
349,5.31,182.03,90,9.59,91.75,179,0,Valve Sticking,3.69,15.36
350,4.66,182.09,100,11.79,115.06,180,0,Air Leakage,1.15,11.59
351,5.85,182.77,90,10.32,115.54,180,0,Seal Wear,2.37,34.07
352,5.36,182.85,80,9.54,97.38,180,0,Valve Sticking,3.54,35.49
353,5.88,184.54,70,9.67,111.51,180,0,Seal Wear,1.62,36.85
354,5.68,184.7,60,9.58,86.97,180,0,Valve Sticking,3.86,46.74
355,5.21,184.75,50,11.03,109.66,180,0,Air Leakage,0.99,44.47
356,5.23,184.89,40,10.29,102.98,180,0,Valve Sticking,3.81,27.09
357,5.28,185.03,30,11.6,106.77,180,0,Air Leakage,1.04,42.63
358,5.71,185.15,20,10.3,85.74,180,0,Valve Sticking,2.73,41.54
359,4.93,185.15,10,11.0,104.72,180,0,Air Leakage,1.19,31.05
360,5.97,186.28,0,9.87,115.72,180,0,Seal Wear,1.94,36.96
361,5.24,186.35,10,9.93,100.21,181,0,Valve Sticking,3.31,12.62
362,5.41,186.48,20,10.22,103.29,182,0,Valve Sticking,3.61,23.11
363,5.4,186.57,30,10.48,99.05,183,0,Valve Sticking,3.25,38.89
364,5.55,188.0,40,9.57,122.03,184,0,Seal Wear,2.02,14.67
365,5.1,188.07,50,11.92,109.73,185,0,Air Leakage,0.88,33.75
366,5.65,188.95,60,10.0,120.25,186,0,Seal Wear,1.94,10.92
367,5.01,189.02,70,11.94,117.09,187,0,Air Leakage,1.04,14.41
368,5.58,189.15,80,10.0,88.91,188,0,Valve Sticking,3.29,48.32
369,5.14,189.33,90,9.82,99.71,189,0,Valve Sticking,3.49,7.13
370,6.04,190.05,100,9.99,110.5,190,0,Seal Wear,2.49,49.9
371,5.02,190.24,90,11.03,114.76,190,0,Air Leakage,1.18,20.68
372,5.78,191.69,80,10.06,112.65,190,0,Seal Wear,2.1,31.3
373,5.34,191.77,70,9.65,101.03,190,0,Valve Sticking,3.45,14.51
374,5.01,191.78,60,10.94,108.21,190,0,Air Leakage,0.99,23.59
375,5.57,191.8,50,9.64,90.56,190,0,Valve Sticking,3.37,40.3
376,4.98,191.89,40,11.64,114.81,190,0,Air Leakage,1.1,5.96
377,5.08,191.96,30,9.79,101.13,190,0,Valve Sticking,2.68,15.12
378,5.13,192.09,20,10.15,96.43,190,0,Valve Sticking,3.68,8.56
379,5.85,193.55,10,9.52,117.04,190,0,Seal Wear,2.31,32.37
380,5.47,193.59,0,11.61,105.49,190,0,Air Leakage,0.99,42.31
381,5.74,194.39,10,10.21,115.45,191,0,Seal Wear,2.07,21.1
382,5.16,194.43,20,9.63,94.74,192,0,Valve Sticking,3.33,12.85
383,5.16,194.57,30,9.7,101.13,193,0,Valve Sticking,3.32,19.51
384,5.34,194.74,40,9.73,98.88,194,0,Valve Sticking,3.01,30.85
385,6.01,196.05,50,9.97,112.22,195,0,Seal Wear,2.02,46.61
386,4.87,196.19,60,10.77,111.96,196,0,Air Leakage,1.06,15.15
387,5.72,197.16,70,10.17,117.02,197,0,Seal Wear,2.27,14.14
388,5.82,198.09,80,10.15,116.09,198,0,Seal Wear,1.65,30.53
389,5.56,198.91,90,9.53,116.93,199,0,Seal Wear,2.01,13.76
390,5.66,199.06,100,10.08,85.14,200,0,Valve Sticking,3.51,40.29
391,5.72,200.24,90,9.8,117.5,200,0,Seal Wear,2.23,25.51
392,5.21,200.36,80,9.64,97.04,200,0,Valve Sticking,2.52,17.82
393,5.53,201.08,70,9.81,117.74,200,0,Seal Wear,1.68,10.35
394,5.7,201.74,60,9.91,115.15,200,0,Seal Wear,2.36,27.68
395,5.34,201.84,50,12.02,105.37,200,0,Air Leakage,0.94,32.19
396,5.31,201.9,40,9.85,93.03,200,0,Valve Sticking,2.86,12.33
397,5.86,203.02,30,10.41,111.03,200,0,Seal Wear,2.31,43.9
398,5.38,203.19,20,10.31,98.63,200,0,Valve Sticking,3.08,39.14
399,5.28,203.22,10,9.94,105.7,200,0,Valve Sticking,3.46,12.8
400,4.84,203.26,0,11.4,112.26,200,0,Air Leakage,0.99,34.29
401,5.74,204.6,10,9.96,118.88,201,0,Seal Wear,2.38,15.65
402,5.71,204.61,20,9.63,93.02,202,0,Valve Sticking,3.25,43.33
403,4.97,204.63,30,10.96,115.09,203,0,Air Leakage,1.18,14.04
404,5.85,205.52,40,10.12,108.35,204,0,Seal Wear,2.43,43.19
405,5.02,205.6,50,11.98,108.76,205,0,Air Leakage,0.98,45.68
406,5.4,205.69,60,10.07,102.72,206,0,Valve Sticking,3.22,11.32
407,5.32,205.81,70,11.67,108.18,207,0,Air Leakage,1.13,48.71
408,5.34,205.96,80,10.4,87.65,208,0,Valve Sticking,3.73,38.01
409,5.37,206.16,90,10.01,103.88,209,0,Valve Sticking,3.15,29.02
410,5.19,206.17,100,12.07,110.71,210,0,Air Leakage,1.17,24.81
411,5.6,207.15,90,10.08,124.3,210,0,Seal Wear,1.78,6.75
412,5.59,207.29,80,9.52,88.21,210,0,Valve Sticking,3.51,33.63
413,5.92,208.65,70,10.11,112.58,210,0,Seal Wear,1.66,46.01
414,5.64,209.26,60,10.36,121.95,210,0,Seal Wear,2.22,12.88
415,5.18,209.38,50,10.41,101.61,210,0,Valve Sticking,2.86,6.64
416,5.88,210.92,40,10.34,109.18,210,0,Seal Wear,1.89,46.43
417,5.21,210.92,30,11.94,111.42,210,0,Air Leakage,0.89,23.42
418,5.17,211.1,20,10.11,105.74,210,0,Valve Sticking,2.77,7.72
419,5.54,211.11,10,10.26,91.46,210,0,Valve Sticking,3.97,24.48
420,5.49,211.17,0,10.3,101.52,210,0,Valve Sticking,2.61,29.32
421,5.54,211.3,10,10.48,90.3,211,0,Valve Sticking,2.63,32.28
422,5.51,211.48,20,9.73,102.01,212,0,Valve Sticking,2.66,25.11
423,5.83,212.37,30,9.74,113.37,213,0,Seal Wear,1.81,33.79
424,4.81,212.57,40,11.87,109.19,214,0,Air Leakage,0.97,25.66
425,4.92,212.65,50,11.31,108.62,215,0,Air Leakage,0.92,33.45
426,5.63,213.28,60,10.47,115.29,216,0,Seal Wear,2.26,17.38
427,5.65,214.53,70,9.66,119.33,217,0,Seal Wear,1.54,9.28
428,4.83,214.6,80,11.74,110.42,218,0,Air Leakage,1.02,18.66
429,5.55,215.98,90,9.71,118.53,219,0,Seal Wear,2.08,13.62
430,5.01,216.18,100,12.46,115.07,220,0,Air Leakage,0.95,23.65
431,4.76,216.31,90,11.14,105.25,220,0,Air Leakage,0.88,23.76
432,6.06,217.74,80,10.33,109.73,220,0,Seal Wear,2.43,47.8
433,5.85,218.71,70,9.76,113.64,220,0,Seal Wear,2.1,25.44
434,5.36,218.75,60,9.7,103.25,220,0,Valve Sticking,3.02,27.04
435,4.82,218.84,50,11.72,112.98,220,0,Air Leakage,1.06,11.51
436,5.55,218.84,40,9.8,87.83,220,0,Valve Sticking,2.6,31.57
437,5.43,218.9,30,9.79,99.35,220,0,Valve Sticking,3.99,17.11
438,5.27,219.02,20,10.36,103.17,220,0,Valve Sticking,2.84,22.69
439,5.08,219.06,10,11.93,109.66,220,0,Air Leakage,1.15,7.82
440,4.58,219.21,0,11.88,113.84,220,0,Air Leakage,0.89,5.21
441,5.98,220.26,10,10.11,113.63,221,0,Seal Wear,2.23,46.52
442,5.05,220.26,20,12.01,109.71,222,0,Air Leakage,1.14,24.73
443,5.5,220.43,30,9.75,98.5,223,0,Valve Sticking,3.42,23.53
444,5.72,221.23,40,10.37,116.32,224,0,Seal Wear,1.63,23.44
445,5.81,221.96,50,10.07,114.51,225,0,Seal Wear,1.74,25.75
446,5.96,222.97,60,9.85,109.61,226,0,Seal Wear,2.26,39.55
447,4.67,223.04,70,11.09,113.23,227,0,Air Leakage,0.88,5.97
448,5.38,223.05,80,10.42,98.5,228,0,Valve Sticking,2.84,13.97
449,5.85,224.57,90,9.58,114.09,229,0,Seal Wear,1.6,33.27
450,5.49,224.62,100,10.36,97.8,230,0,Valve Sticking,2.82,25.15
451,5.82,226.09,90,9.7,116.54,230,0,Seal Wear,1.59,28.52
452,4.89,226.09,80,11.45,112.75,230,0,Air Leakage,0.87,6.99
453,5.08,226.15,70,11.72,105.95,230,0,Air Leakage,1.14,37.98
454,6.03,227.7,60,9.61,110.48,230,0,Seal Wear,2.05,49.1
455,5.21,227.75,50,11.81,101.61,230,0,Air Leakage,0.9,49.23
456,5.7,227.85,40,10.15,90.82,230,0,Valve Sticking,3.67,41.16
457,5.08,227.87,30,11.75,111.14,230,0,Air Leakage,0.95,7.08
458,4.77,227.94,20,11.7,113.26,230,0,Air Leakage,0.86,23.96
459,5.2,227.95,10,10.86,108.18,230,0,Air Leakage,0.9,31.99
460,5.85,229.02,0,10.08,112.26,230,0,Seal Wear,1.95,40.22
461,4.93,229.13,10,11.95,112.36,231,0,Air Leakage,0.85,15.07
462,5.84,230.25,20,10.01,115.29,232,0,Seal Wear,1.75,43.93
463,5.57,230.42,30,9.67,96.71,233,0,Valve Sticking,3.6,33.33
464,5.92,231.92,40,9.56,108.57,234,0,Seal Wear,2.1,46.39
465,4.89,231.93,50,11.23,106.3,235,0,Air Leakage,1.12,38.65
466,5.73,232.68,60,10.33,118.45,236,0,Seal Wear,2.13,30.46
467,5.72,233.39,70,9.86,120.3,237,0,Seal Wear,2.44,13.09
468,5.11,233.4,80,11.4,115.94,238,0,Air Leakage,1.01,7.21
469,5.01,233.41,90,11.19,111.67,239,0,Air Leakage,0.86,35.89
470,5.54,233.56,100,10.27,87.63,240,0,Valve Sticking,3.09,47.77
471,5.21,233.74,90,10.78,113.22,240,0,Air Leakage,0.83,25.0
472,5.41,233.79,80,9.95,102.03,240,0,Valve Sticking,3.62,25.55
473,5.15,233.9,70,11.66,101.8,240,0,Air Leakage,0.84,35.81
474,5.04,234.01,60,11.35,111.91,240,0,Air Leakage,1.0,15.98
475,5.49,235.41,50,9.76,120.92,240,0,Seal Wear,1.63,6.98
476,5.49,235.59,40,10.47,94.35,240,0,Valve Sticking,3.43,45.0
477,5.35,235.67,30,10.9,105.31,240,0,Air Leakage,1.15,41.09
478,5.5,235.73,20,10.15,98.08,240,0,Valve Sticking,3.97,35.95
479,4.98,235.75,10,11.16,105.07,240,0,Air Leakage,0.92,34.52
480,5.82,235.89,0,10.47,96.72,240,0,Valve Sticking,3.28,48.18
481,5.31,235.95,10,9.72,100.71,241,0,Valve Sticking,3.96,8.2
482,4.9,235.97,20,12.34,109.23,242,0,Air Leakage,0.84,20.79
483,4.99,235.98,30,12.21,109.0,243,0,Air Leakage,1.15,9.01
484,5.04,236.09,40,10.8,102.68,244,0,Air Leakage,1.14,40.97
485,5.2,236.17,50,9.91,108.25,245,0,Valve Sticking,2.85,8.6
486,5.59,236.32,60,9.67,83.81,246,0,Valve Sticking,3.36,48.69
487,5.38,236.47,70,10.41,90.96,247,0,Valve Sticking,2.87,38.55
488,5.17,236.53,80,9.52,102.44,248,0,Valve Sticking,2.73,23.41
489,5.07,236.67,90,11.22,106.22,249,0,Air Leakage,1.17,47.31
490,5.42,236.87,100,10.47,91.45,250,0,Valve Sticking,3.93,36.37
491,5.3,236.89,90,10.45,103.07,250,0,Valve Sticking,3.55,30.65
492,5.85,238.44,80,10.13,111.52,250,0,Seal Wear,1.95,43.52
493,4.84,238.49,70,11.74,106.55,250,0,Air Leakage,1.0,27.06
494,5.75,239.22,60,9.71,116.98,250,0,Seal Wear,2.04,29.93
495,5.12,239.27,50,11.27,109.13,250,0,Air Leakage,1.19,26.81
496,5.56,239.29,40,10.06,88.54,250,0,Valve Sticking,2.68,36.82
497,5.43,239.3,30,10.14,103.53,250,0,Valve Sticking,3.32,22.39
498,5.97,240.24,20,10.32,109.23,250,0,Seal Wear,1.68,47.85
499,5.91,241.17,10,9.59,113.4,250,0,Seal Wear,2.21,48.7
500,5.18,241.29,0,10.67,102.75,250,0,Air Leakage,1.17,33.98
501,5.5,242.59,10,9.86,123.96,251,0,Seal Wear,1.56,6.1
502,4.98,242.64,20,11.02,112.5,252,0,Air Leakage,0.84,15.31
503,5.52,243.57,30,9.67,117.83,253,0,Seal Wear,2.17,6.14
504,4.93,243.66,40,12.21,111.22,254,0,Air Leakage,0.94,5.96
505,4.78,243.84,50,11.1,112.53,255,0,Air Leakage,1.1,13.88
506,5.86,244.78,60,10.48,112.51,256,0,Seal Wear,2.01,28.05
507,5.72,245.98,70,10.46,115.73,257,0,Seal Wear,2.11,27.59
508,4.9,246.06,80,12.3,115.64,258,0,Air Leakage,1.02,15.82
509,5.09,246.13,90,11.63,105.15,259,0,Air Leakage,0.88,48.24
510,5.25,246.31,100,12.03,99.95,260,0,Air Leakage,0.95,48.87
511,5.6,247.81,90,10.18,121.01,260,0,Seal Wear,1.55,11.23
512,5.25,247.95,80,9.78,101.63,260,0,Valve Sticking,3.53,16.42
513,5.34,248.15,70,9.59,90.87,260,0,Valve Sticking,3.16,37.01
514,5.58,248.95,60,9.8,116.92,260,0,Seal Wear,1.97,18.37
515,5.3,248.95,50,9.65,101.96,260,0,Valve Sticking,3.09,19.39
516,5.8,250.25,40,10.49,112.82,260,0,Seal Wear,2.1,26.94
517,5.72,251.29,30,10.11,114.37,260,0,Seal Wear,2.04,27.06
518,5.58,252.56,20,9.75,119.77,260,0,Seal Wear,1.53,15.45
519,5.53,252.63,10,9.99,98.69,260,0,Valve Sticking,3.67,38.57
520,5.62,252.74,0,9.53,97.23,260,0,Valve Sticking,3.42,38.03
521,5.32,252.85,10,11.59,109.46,261,0,Air Leakage,1.18,44.69
522,5.47,253.02,20,10.26,92.78,262,0,Valve Sticking,3.92,48.49
523,5.54,254.02,30,10.14,122.68,263,0,Seal Wear,1.81,7.58
524,5.8,254.64,40,10.26,117.17,264,0,Seal Wear,2.21,27.58
525,5.11,254.8,50,11.21,108.04,265,0,Air Leakage,0.94,22.27
526,5.55,254.88,60,9.94,95.85,266,0,Valve Sticking,2.65,28.15
527,5.68,255.91,70,10.12,115.25,267,0,Seal Wear,1.85,26.24
528,5.37,256.02,80,9.54,99.68,268,0,Valve Sticking,2.62,31.46
529,5.62,256.19,90,10.31,88.48,269,0,Valve Sticking,2.96,37.04
530,5.4,256.37,100,10.28,97.57,270,0,Valve Sticking,3.85,15.21
531,4.78,256.47,90,11.48,109.97,270,0,Air Leakage,1.11,17.2
532,4.99,256.62,80,10.68,111.41,270,0,Air Leakage,1.15,13.21
533,5.95,257.81,70,9.64,111.1,270,0,Seal Wear,2.15,49.49
534,5.85,258.87,60,10.48,114.95,270,0,Seal Wear,2.12,28.52
535,5.47,258.94,50,10.2,99.45,270,0,Valve Sticking,3.69,24.95
536,5.99,260.38,40,9.76,111.83,270,0,Seal Wear,1.57,49.21
537,5.01,260.42,30,11.68,109.4,270,0,Air Leakage,0.98,21.51
538,5.93,261.79,20,9.58,110.55,270,0,Seal Wear,2.02,43.26
539,5.33,261.87,10,10.09,91.65,270,0,Valve Sticking,3.25,25.23
540,5.87,263.02,0,10.09,117.04,270,0,Seal Wear,2.32,27.09
541,5.74,264.25,10,9.62,116.07,271,0,Seal Wear,2.39,26.3
542,5.5,264.39,20,9.55,89.27,272,0,Valve Sticking,3.93,30.36
543,5.85,265.13,30,9.85,116.38,273,0,Seal Wear,2.47,43.37
544,5.48,265.25,40,9.56,85.89,274,0,Valve Sticking,3.0,47.82
545,5.73,266.33,50,10.49,116.47,275,0,Seal Wear,1.55,22.05
546,5.16,266.33,60,11.13,111.7,276,0,Air Leakage,1.06,27.0
547,5.22,266.41,70,10.15,94.75,277,0,Valve Sticking,3.14,8.14
548,5.55,266.46,80,9.69,95.0,278,0,Valve Sticking,3.66,45.3
549,5.89,267.84,90,9.99,112.11,279,0,Seal Wear,1.66,42.71
550,4.74,267.89,100,11.38,108.8,280,0,Air Leakage,0.86,6.7
551,4.62,267.9,90,11.31,112.81,280,0,Air Leakage,1.1,6.45
552,5.23,268.06,80,9.75,100.83,280,0,Valve Sticking,3.23,22.09
553,4.92,268.17,70,12.05,114.34,280,0,Air Leakage,0.95,20.46
554,5.76,269.17,60,9.94,115.04,280,0,Seal Wear,2.43,34.82
555,5.89,270.08,50,10.29,117.12,280,0,Seal Wear,1.91,33.8
556,5.55,271.0,40,10.15,118.31,280,0,Seal Wear,1.72,13.08
557,5.15,271.19,30,10.45,98.52,280,0,Valve Sticking,3.48,18.06
558,5.51,271.92,20,9.7,122.45,280,0,Seal Wear,2.04,10.02
559,5.0,272.07,10,11.89,107.48,280,0,Air Leakage,0.84,18.19
560,5.86,273.04,0,9.93,116.41,280,0,Seal Wear,1.9,28.79
561,5.04,273.16,10,11.68,102.39,281,0,Air Leakage,1.09,40.08
562,4.92,273.33,20,12.05,110.98,282,0,Air Leakage,0.9,7.81
563,5.66,274.79,30,9.65,117.93,283,0,Seal Wear,1.91,19.75
564,5.93,275.82,40,10.0,109.08,284,0,Seal Wear,2.27,45.82
565,5.13,275.88,50,9.6,98.93,285,0,Valve Sticking,2.65,14.63
566,5.78,276.4,60,10.3,115.26,286,0,Seal Wear,1.88,28.18
567,5.39,276.48,70,10.15,94.96,287,0,Valve Sticking,2.71,15.16
568,5.42,276.52,80,11.64,104.93,288,0,Air Leakage,0.94,37.45
569,5.42,276.53,90,11.36,100.88,289,0,Air Leakage,0.83,48.33
570,6.03,277.67,100,10.23,111.79,290,0,Seal Wear,2.42,48.31
571,5.55,279.31,90,9.66,118.32,290,0,Seal Wear,1.76,5.53
572,4.85,279.46,80,10.96,108.41,290,0,Air Leakage,1.15,21.57
573,5.57,279.55,70,10.24,97.24,290,0,Valve Sticking,2.74,26.85
574,5.09,279.74,60,11.55,109.43,290,0,Air Leakage,0.9,36.48
575,4.87,279.77,50,11.51,106.78,290,0,Air Leakage,1.19,31.95
576,5.05,279.9,40,11.27,111.72,290,0,Air Leakage,1.16,15.45
577,4.77,279.98,30,11.06,111.26,290,0,Air Leakage,1.05,8.02
578,5.76,281.5,20,10.03,113.4,290,0,Seal Wear,2.45,32.18
579,5.89,282.83,10,9.97,109.12,290,0,Seal Wear,1.52,42.57
580,5.49,282.87,0,10.39,99.87,290,0,Valve Sticking,3.27,30.13
581,5.45,282.87,10,9.83,93.16,291,0,Valve Sticking,3.15,28.48
582,5.92,284.17,20,10.45,113.28,292,0,Seal Wear,1.87,44.33
583,4.82,284.17,30,11.83,105.91,293,0,Air Leakage,0.92,33.91
584,5.63,284.36,40,10.0,95.16,294,0,Valve Sticking,2.94,40.02
585,5.72,285.86,50,10.35,113.43,295,0,Seal Wear,2.01,23.77
586,5.27,285.87,60,11.33,108.92,296,0,Air Leakage,1.19,44.34
587,5.38,285.9,70,9.62,96.95,297,0,Valve Sticking,3.92,18.98
588,5.25,285.99,80,11.44,100.81,298,0,Air Leakage,0.96,49.63
589,5.81,286.95,90,10.32,115.01,299,0,Seal Wear,1.91,33.85
590,5.77,287.11,100,9.7,94.39,300,0,Valve Sticking,3.01,38.35
591,5.69,287.87,90,9.81,118.97,300,0,Seal Wear,1.81,11.48
592,5.19,287.96,80,11.33,109.99,300,0,Air Leakage,1.09,30.62
593,5.43,288.0,70,9.6,88.46,300,0,Valve Sticking,3.32,35.79
594,5.61,289.13,60,10.4,119.53,300,0,Seal Wear,2.4,6.56
595,5.57,289.75,50,10.37,117.11,300,0,Seal Wear,1.74,16.7
596,5.64,289.88,40,9.95,88.28,300,0,Valve Sticking,3.17,45.41
597,5.59,289.98,30,10.13,93.6,300,0,Valve Sticking,3.12,48.53
598,5.56,291.25,20,9.57,116.53,300,0,Seal Wear,1.53,15.01
599,5.19,291.4,10,9.93,98.02,300,0,Valve Sticking,3.32,9.77
600,5.02,291.44,0,11.59,105.61,300,0,Air Leakage,0.93,46.58
601,4.94,291.54,10,12.29,111.21,301,0,Air Leakage,0.89,28.2
602,5.6,291.69,20,9.53,97.0,302,0,Valve Sticking,3.46,46.15
603,5.09,291.74,30,11.96,116.59,303,0,Air Leakage,0.93,9.45
604,5.37,291.84,40,10.43,99.21,304,0,Valve Sticking,3.04,34.03
605,5.54,291.94,50,9.83,85.45,305,0,Valve Sticking,3.76,45.07
606,5.64,291.98,60,10.41,93.41,306,0,Valve Sticking,3.02,45.23
607,5.99,292.84,70,9.85,112.89,307,0,Seal Wear,2.29,40.02
608,5.15,293.03,80,11.84,110.57,308,0,Air Leakage,0.85,35.56
609,5.48,293.06,90,10.39,87.74,309,0,Valve Sticking,2.61,49.95
610,5.78,293.88,100,9.61,118.37,310,0,Seal Wear,1.77,21.87
611,5.99,295.05,90,9.84,109.71,310,0,Seal Wear,1.72,44.48
612,5.52,295.19,80,10.03,86.23,310,0,Valve Sticking,3.3,44.04
613,4.88,295.21,70,11.92,111.4,310,0,Air Leakage,0.87,22.74
614,5.16,295.25,60,10.26,96.64,310,0,Valve Sticking,3.9,17.78
615,5.94,296.7,50,10.37,108.98,310,0,Seal Wear,1.6,46.5
616,5.56,296.71,40,10.24,92.0,310,0,Valve Sticking,2.52,27.48
617,5.6,298.25,30,10.36,120.14,310,0,Seal Wear,1.59,13.65
618,6.04,299.87,20,10.01,112.92,310,0,Seal Wear,2.29,47.05
619,4.96,300.03,10,11.45,103.41,310,0,Air Leakage,0.85,31.45
620,5.73,301.6,0,10.33,117.48,310,0,Seal Wear,2.02,30.13
621,5.6,303.07,10,10.32,116.2,311,0,Seal Wear,1.51,17.89
622,5.7,303.78,20,10.33,119.49,312,0,Seal Wear,1.59,10.48
623,5.77,305.02,30,10.2,113.43,313,0,Seal Wear,1.77,34.98
624,5.89,306.57,40,10.14,111.55,314,0,Seal Wear,1.93,38.02
625,6.01,307.22,50,9.9,108.15,315,0,Seal Wear,1.99,44.73
626,5.26,307.4,60,11.06,102.46,316,0,Air Leakage,1.14,42.0
627,5.22,307.59,70,12.15,107.45,317,0,Air Leakage,1.12,43.82
628,5.69,308.25,80,10.35,118.1,318,0,Seal Wear,1.86,27.19
629,4.99,308.34,90,10.97,107.99,319,0,Air Leakage,0.98,42.89
630,5.16,308.48,100,11.73,113.22,320,0,Air Leakage,1.15,21.58
631,5.82,309.31,90,9.85,112.91,320,0,Seal Wear,2.16,41.43
632,5.41,309.36,80,9.99,103.92,320,0,Valve Sticking,3.52,26.62
633,5.12,309.56,70,12.25,110.66,320,0,Air Leakage,0.86,18.28
634,4.86,309.67,60,11.75,107.78,320,0,Air Leakage,0.84,12.01
635,5.94,311.1,50,10.27,115.39,320,0,Seal Wear,1.74,36.92
636,5.47,312.43,40,10.04,119.5,320,0,Seal Wear,1.88,5.7
637,5.77,313.2,30,9.52,118.65,320,0,Seal Wear,1.8,19.45
638,5.67,314.22,20,9.64,120.0,320,0,Seal Wear,1.51,21.39
639,5.53,315.05,10,9.54,119.97,320,0,Seal Wear,2.32,5.14
640,5.46,315.23,0,10.5,91.98,320,0,Valve Sticking,3.42,42.64
641,5.73,316.52,10,9.7,117.69,321,0,Seal Wear,1.52,18.71
642,5.8,317.26,20,10.04,112.91,322,0,Seal Wear,1.81,33.31
643,5.43,317.27,30,9.52,88.9,323,0,Valve Sticking,2.54,38.07
644,5.61,317.3,40,9.75,98.92,324,0,Valve Sticking,3.08,39.94
645,5.32,317.38,50,9.96,96.67,325,0,Valve Sticking,2.85,15.63
646,5.68,317.42,60,10.31,85.48,326,0,Valve Sticking,3.09,46.95
647,5.2,317.43,70,9.53,97.32,327,0,Valve Sticking,2.79,20.17
648,5.96,318.58,80,9.54,114.83,328,0,Seal Wear,2.09,40.34
649,5.63,320.1,90,10.49,121.21,329,0,Seal Wear,1.92,8.16
650,4.89,320.25,100,12.38,104.56,330,0,Air Leakage,0.98,46.28
651,5.38,320.25,90,10.42,97.92,330,0,Valve Sticking,2.58,20.63
652,5.3,320.32,80,9.78,96.32,330,0,Valve Sticking,3.75,31.76
653,5.29,320.42,70,9.99,89.43,330,0,Valve Sticking,3.35,17.38
654,5.92,321.6,60,9.9,110.83,330,0,Seal Wear,2.4,36.42
655,5.47,321.64,50,9.67,86.48,330,0,Valve Sticking,3.99,36.21
656,4.83,321.64,40,12.22,112.53,330,0,Air Leakage,1.05,15.87
657,4.93,321.83,30,12.03,106.05,330,0,Air Leakage,1.17,31.68
658,5.79,321.87,20,9.62,94.06,330,0,Valve Sticking,3.69,41.53
659,5.43,322.0,10,10.15,98.16,330,0,Valve Sticking,2.79,23.71
660,4.92,322.14,0,11.89,108.27,330,0,Air Leakage,0.92,34.86
661,5.76,323.0,10,10.19,117.0,331,0,Seal Wear,2.0,26.11
662,5.46,323.19,20,9.66,97.55,332,0,Valve Sticking,3.34,34.47
663,5.23,323.25,30,10.05,97.9,333,0,Valve Sticking,3.9,16.89
664,5.76,324.7,40,9.94,119.75,334,0,Seal Wear,2.42,24.22
665,5.97,326.04,50,10.24,110.49,335,0,Seal Wear,2.39,48.65
666,5.56,327.47,60,9.52,119.53,336,0,Seal Wear,1.85,8.94
667,5.83,328.43,70,10.09,112.66,337,0,Seal Wear,2.45,33.99
668,5.27,328.46,80,9.86,94.95,338,0,Valve Sticking,3.11,8.99
669,5.15,328.62,90,11.74,102.02,339,0,Air Leakage,1.18,46.55
670,5.63,328.79,100,10.2,85.58,340,0,Valve Sticking,3.38,46.82
671,5.06,328.99,90,10.72,112.13,340,0,Air Leakage,0.8,13.76
672,5.1,329.04,80,11.99,111.05,340,0,Air Leakage,0.84,30.19
673,5.59,329.12,70,10.26,98.65,340,0,Valve Sticking,2.59,34.63
674,5.05,329.19,60,11.5,110.54,340,0,Air Leakage,1.05,41.49
675,5.23,329.2,50,11.86,104.41,340,0,Air Leakage,0.81,31.27
676,5.6,330.34,40,10.48,116.37,340,0,Seal Wear,2.44,9.29
677,5.23,330.46,30,11.72,106.52,340,0,Air Leakage,1.07,40.37
678,5.58,330.54,20,10.36,102.53,340,0,Valve Sticking,2.85,27.44
679,5.77,332.13,10,10.21,115.97,340,0,Seal Wear,1.63,27.79
680,5.32,332.25,0,9.91,99.01,340,0,Valve Sticking,2.77,13.23
681,5.25,332.25,10,12.38,105.27,341,0,Air Leakage,0.93,49.11
682,5.39,332.39,20,10.47,91.18,342,0,Valve Sticking,3.53,27.57
683,5.56,332.55,30,10.22,88.51,343,0,Valve Sticking,3.92,46.57
684,5.47,332.73,40,9.53,89.92,344,0,Valve Sticking,2.74,27.39
685,5.47,332.82,50,9.98,103.36,345,0,Valve Sticking,2.76,21.88
686,5.29,332.93,60,9.88,102.01,346,0,Valve Sticking,3.09,27.41
687,5.2,332.98,70,11.56,108.32,347,0,Air Leakage,0.92,34.02
688,5.13,333.0,80,11.21,105.7,348,0,Air Leakage,0.84,23.93
689,5.18,333.16,90,10.98,106.65,349,0,Air Leakage,0.96,37.54
690,5.15,333.3,100,10.4,98.07,350,0,Valve Sticking,2.87,6.52
691,5.69,334.35,90,9.95,117.05,350,0,Seal Wear,2.07,23.06
692,5.69,335.59,80,10.46,116.75,350,0,Seal Wear,2.35,27.95
693,5.74,336.88,70,9.62,115.97,350,0,Seal Wear,2.09,32.37
694,5.81,338.39,60,9.86,116.53,350,0,Seal Wear,2.27,25.34
695,5.72,339.6,50,10.44,120.35,350,0,Seal Wear,1.85,15.45
696,5.65,339.67,40,10.01,87.59,350,0,Valve Sticking,2.95,47.18
697,6.03,340.98,30,10.22,112.65,350,0,Seal Wear,2.41,47.93
698,6.05,341.87,20,10.17,112.49,350,0,Seal Wear,1.98,48.41
699,5.39,342.02,10,11.5,103.94,350,0,Air Leakage,1.17,43.07
700,5.42,342.22,0,9.5,96.79,350,0,Valve Sticking,3.11,31.42
701,5.57,343.6,10,10.39,118.48,351,0,Seal Wear,1.69,15.57
702,5.29,343.79,20,11.87,104.09,352,0,Air Leakage,0.99,38.77
703,4.85,343.92,30,11.32,112.65,353,0,Air Leakage,1.06,11.12
704,5.18,343.96,40,11.34,106.06,354,0,Air Leakage,0.85,38.06
705,5.74,344.08,50,10.4,95.64,355,0,Valve Sticking,2.51,45.92
706,5.46,344.24,60,10.06,92.38,356,0,Valve Sticking,3.44,34.73
707,5.58,345.31,70,9.71,119.39,357,0,Seal Wear,1.52,7.32
708,5.73,345.43,80,10.3,91.54,358,0,Valve Sticking,2.98,45.87
709,5.4,345.53,90,9.89,100.45,359,0,Valve Sticking,2.56,46.52
710,4.76,345.72,100,12.12,107.12,360,0,Air Leakage,1.04,12.93
711,5.51,347.01,90,10.44,120.73,360,0,Seal Wear,1.98,9.93
712,5.61,347.1,80,9.75,95.94,360,0,Valve Sticking,3.59,47.36
713,6.04,347.97,70,10.15,110.35,360,0,Seal Wear,1.68,45.54
714,5.75,348.58,60,9.54,116.44,360,0,Seal Wear,2.48,30.29
715,5.59,348.77,50,10.04,97.53,360,0,Valve Sticking,2.97,44.85
716,5.17,348.79,40,11.64,105.26,360,0,Air Leakage,1.14,43.77
717,4.82,348.92,30,11.19,104.95,360,0,Air Leakage,0.84,24.42
718,4.94,348.95,20,11.13,111.04,360,0,Air Leakage,1.03,26.91
719,5.66,350.5,10,9.85,122.35,360,0,Seal Wear,1.92,15.37
720,5.89,351.43,0,10.26,111.1,360,0,Seal Wear,1.55,40.1
721,5.78,352.86,10,10.21,114.61,361,0,Seal Wear,1.73,23.94
722,4.89,352.91,20,12.13,104.52,362,0,Air Leakage,1.06,24.64
723,5.89,353.99,30,9.83,111.15,363,0,Seal Wear,2.3,35.74
724,5.51,354.01,40,10.0,100.61,364,0,Valve Sticking,2.69,44.25
725,5.81,354.9,50,10.44,112.62,365,0,Seal Wear,1.92,33.54
726,5.51,355.05,60,9.81,90.79,366,0,Valve Sticking,3.14,25.82
727,5.64,356.07,70,9.93,121.33,367,0,Seal Wear,2.04,7.19
728,4.74,356.2,80,10.59,113.24,368,0,Air Leakage,1.18,25.3
729,5.4,356.35,90,9.93,107.96,369,0,Valve Sticking,3.22,12.49
730,5.48,356.51,100,10.46,92.14,370,0,Valve Sticking,3.99,24.53
731,5.51,356.62,90,10.33,97.02,370,0,Valve Sticking,2.58,11.9
732,5.78,357.89,80,9.68,118.86,370,0,Seal Wear,2.43,21.67
733,5.43,357.98,70,9.9,94.25,370,0,Valve Sticking,3.71,15.83
734,5.14,358.14,60,11.82,109.15,370,0,Air Leakage,1.07,20.45
735,5.84,359.09,50,10.45,117.38,370,0,Seal Wear,2.02,25.74
736,5.03,359.24,40,12.46,115.13,370,0,Air Leakage,1.19,18.83
737,5.29,359.32,30,9.69,92.94,370,0,Valve Sticking,3.01,15.23
738,5.51,359.34,20,10.12,99.72,370,0,Valve Sticking,2.85,30.72
739,5.48,359.43,10,9.53,103.09,370,0,Valve Sticking,3.44,32.38
740,5.71,360.74,0,9.86,117.54,370,0,Seal Wear,1.86,25.27
741,5.89,361.89,10,10.32,110.47,371,0,Seal Wear,2.13,37.31
742,5.44,362.02,20,9.88,100.93,372,0,Valve Sticking,3.22,22.06
743,5.33,362.16,30,11.26,107.26,373,0,Air Leakage,1.13,49.12
744,5.91,363.38,40,10.48,110.13,374,0,Seal Wear,1.73,46.1
745,5.71,363.42,50,9.98,94.53,375,0,Valve Sticking,3.51,41.42
746,4.85,363.61,60,11.52,113.27,376,0,Air Leakage,0.88,9.83
747,5.1,363.75,70,10.23,101.67,377,0,Valve Sticking,3.4,9.08
748,5.75,365.39,80,10.14,115.48,378,0,Seal Wear,1.73,21.58
749,5.82,366.76,90,9.86,115.12,379,0,Seal Wear,1.71,42.12
750,5.6,366.88,100,9.52,91.72,380,0,Valve Sticking,2.84,41.3
751,5.65,368.4,90,10.02,117.31,380,0,Seal Wear,1.91,22.4
752,5.27,368.6,80,10.12,104.29,380,0,Valve Sticking,3.75,28.79
753,4.9,368.7,70,11.52,114.42,380,0,Air Leakage,0.97,10.81
754,5.84,369.68,60,10.17,115.08,380,0,Seal Wear,2.0,26.98
755,5.3,369.72,50,12.23,108.13,380,0,Air Leakage,0.97,39.52
756,5.77,370.87,40,9.8,114.2,380,0,Seal Wear,2.34,28.6
757,5.18,370.89,30,9.72,94.64,380,0,Valve Sticking,2.5,11.97
758,5.7,371.76,20,9.98,115.48,380,0,Seal Wear,2.24,19.48
759,4.78,371.91,10,12.14,109.96,380,0,Air Leakage,0.94,5.95
760,5.03,371.97,0,11.29,112.11,380,0,Air Leakage,0.85,17.37
761,5.7,372.67,10,10.0,117.21,381,0,Seal Wear,1.75,12.57
762,5.27,372.75,20,10.29,99.45,382,0,Valve Sticking,2.86,17.19
763,5.21,372.84,30,11.98,104.32,383,0,Air Leakage,1.12,33.98
764,5.82,373.73,40,9.78,118.49,384,0,Seal Wear,1.65,26.54
765,5.05,373.78,50,11.59,111.07,385,0,Air Leakage,0.8,22.77
766,5.73,373.97,60,10.45,95.76,386,0,Valve Sticking,2.61,42.5
767,5.07,374.13,70,11.25,103.01,387,0,Air Leakage,1.09,49.76
768,4.72,374.26,80,11.32,110.19,388,0,Air Leakage,0.84,16.83
769,5.45,374.38,90,9.7,91.24,389,0,Valve Sticking,2.55,23.95
770,5.06,374.43,100,11.05,111.5,390,0,Air Leakage,1.16,34.66
771,5.18,374.5,90,9.6,95.81,390,0,Valve Sticking,3.95,8.51
772,5.02,374.62,80,12.27,97.55,390,0,Air Leakage,1.15,49.05
773,4.82,374.73,70,11.56,105.07,390,0,Air Leakage,0.98,21.84
774,5.89,375.47,60,9.5,110.66,390,0,Seal Wear,1.99,48.08
775,5.71,375.54,50,10.14,93.77,390,0,Valve Sticking,3.33,49.46
776,5.89,376.56,40,9.69,111.93,390,0,Seal Wear,2.03,32.75
777,4.76,376.56,30,12.01,105.6,390,0,Air Leakage,0.83,25.42
778,5.47,376.65,20,10.13,99.13,390,0,Valve Sticking,2.89,36.07
779,5.09,376.84,10,10.46,104.25,390,0,Valve Sticking,3.37,7.94
780,4.68,376.94,0,11.04,112.45,390,0,Air Leakage,1.18,7.45
781,4.83,377.13,10,11.34,106.05,391,0,Air Leakage,0.89,26.12
782,5.42,377.18,20,10.13,86.78,392,0,Valve Sticking,2.89,38.1
783,5.9,378.03,30,9.56,111.76,393,0,Seal Wear,1.83,49.69
784,5.56,379.53,40,9.83,120.25,394,0,Seal Wear,1.72,7.36
785,5.76,380.56,50,9.77,116.31,395,0,Seal Wear,2.24,26.88
786,5.95,382.09,60,9.7,110.79,396,0,Seal Wear,2.38,46.82
787,5.84,383.3,70,10.24,113.94,397,0,Seal Wear,2.45,25.89
788,5.33,383.31,80,9.67,106.2,398,0,Valve Sticking,2.75,13.2
789,5.42,383.42,90,9.89,91.57,399,0,Valve Sticking,2.59,28.83
790,5.92,384.33,100,9.51,114.34,400,0,Seal Wear,1.59,38.17
791,4.67,384.44,90,11.3,105.51,400,0,Air Leakage,1.08,12.22
792,4.94,384.61,80,11.4,117.28,400,0,Air Leakage,0.83,13.42
793,5.76,385.93,70,10.19,116.2,400,0,Seal Wear,1.95,16.87
794,5.11,386.13,60,11.09,110.82,400,0,Air Leakage,0.87,21.24
795,5.97,386.77,50,10.02,115.55,400,0,Seal Wear,1.87,38.93
796,5.15,386.83,40,10.12,91.34,400,0,Valve Sticking,3.49,18.1
797,5.97,387.66,30,10.16,114.02,400,0,Seal Wear,1.57,48.26
798,5.63,387.78,20,9.58,98.89,400,0,Valve Sticking,3.71,49.13
799,5.7,388.51,10,9.71,121.12,400,0,Seal Wear,2.03,15.21
800,5.29,388.58,0,12.0,101.92,400,0,Air Leakage,1.11,34.91
801,5.58,389.57,10,9.91,121.08,401,0,Seal Wear,1.88,7.3
802,4.68,389.75,20,11.58,110.09,402,0,Air Leakage,0.92,6.15
803,4.89,389.76,30,11.54,114.51,403,0,Air Leakage,0.93,17.35
804,5.58,390.7,40,10.44,119.09,404,0,Seal Wear,2.41,14.04
805,5.6,390.89,50,9.65,98.72,405,0,Valve Sticking,2.65,45.24
806,5.69,391.64,60,9.98,114.45,406,0,Seal Wear,1.84,17.95
807,5.84,392.31,70,9.66,113.77,407,0,Seal Wear,1.83,38.05
808,4.88,392.33,80,11.75,114.04,408,0,Air Leakage,1.11,17.79
809,5.86,393.21,90,9.54,111.64,409,0,Seal Wear,2.27,36.33
810,5.96,393.9,100,9.74,112.57,410,0,Seal Wear,1.75,40.0
811,4.93,393.93,90,11.65,103.41,410,0,Air Leakage,0.89,29.82
812,5.97,395.04,80,9.82,112.26,410,0,Seal Wear,2.35,43.06
813,4.72,395.07,70,12.04,106.75,410,0,Air Leakage,0.97,23.25
814,5.22,395.13,60,10.87,107.74,410,0,Air Leakage,0.92,22.62
815,5.87,396.02,50,9.86,113.99,410,0,Seal Wear,2.39,41.08
816,5.47,397.6,40,9.8,119.98,410,0,Seal Wear,1.91,6.27
817,5.41,397.69,30,9.97,89.15,410,0,Valve Sticking,3.45,22.5
818,5.37,397.85,20,10.26,93.62,410,0,Valve Sticking,2.96,35.63
819,5.87,399.11,10,9.93,111.04,410,0,Seal Wear,1.8,36.9
820,5.27,399.13,0,9.96,102.57,410,0,Valve Sticking,3.71,12.17
821,5.86,400.29,10,9.92,111.81,411,0,Seal Wear,2.37,43.2
822,5.27,400.33,20,11.95,102.95,412,0,Air Leakage,0.92,38.68
823,5.84,401.64,30,9.73,114.27,413,0,Seal Wear,1.59,44.05
824,5.53,401.64,40,10.39,95.34,414,0,Valve Sticking,3.98,41.24
825,5.93,402.5,50,9.71,112.56,415,0,Seal Wear,1.57,45.41
826,4.84,402.52,60,11.62,111.56,416,0,Air Leakage,1.06,20.39
827,5.5,402.67,70,10.04,95.73,417,0,Valve Sticking,3.5,30.0
828,5.79,403.26,80,10.16,118.42,418,0,Seal Wear,2.05,19.21
829,5.36,403.41,90,10.62,105.36,419,0,Air Leakage,0.98,45.78
830,5.41,403.55,100,9.98,101.31,420,0,Valve Sticking,2.6,19.16
831,5.27,403.63,90,10.32,98.05,420,0,Valve Sticking,3.66,26.21
832,4.97,403.63,80,11.07,105.7,420,0,Air Leakage,1.14,38.6
833,5.28,403.77,70,10.34,106.7,420,0,Valve Sticking,3.09,8.08
834,4.89,403.84,60,12.02,118.07,420,0,Air Leakage,1.06,5.14
835,5.23,403.89,50,11.57,107.72,420,0,Air Leakage,0.89,38.72
836,5.96,405.42,40,10.16,112.36,420,0,Seal Wear,1.65,44.64
837,5.39,405.59,30,11.19,107.66,420,0,Air Leakage,0.85,43.46
838,5.17,405.75,20,11.3,103.78,420,0,Air Leakage,1.08,43.66
839,5.31,405.83,10,10.33,102.94,420,0,Valve Sticking,3.96,11.75
840,5.78,406.66,0,10.31,114.33,420,0,Seal Wear,1.81,25.7
841,5.55,407.27,10,9.51,115.66,421,0,Seal Wear,2.16,14.48
842,5.89,408.64,20,10.26,110.84,422,0,Seal Wear,1.86,40.03
843,5.32,408.7,30,10.01,89.89,423,0,Valve Sticking,2.56,28.49
844,5.3,408.76,40,9.74,103.56,424,0,Valve Sticking,3.66,8.15
845,5.44,408.88,50,10.27,98.46,425,0,Valve Sticking,2.64,24.05
846,5.84,410.48,60,10.34,115.52,426,0,Seal Wear,1.6,34.71
847,5.99,411.39,70,9.52,112.71,427,0,Seal Wear,1.83,45.54
848,5.82,412.71,80,10.22,112.95,428,0,Seal Wear,2.1,34.87
849,5.09,412.78,90,11.29,110.24,429,0,Air Leakage,1.05,27.69
850,5.18,412.81,100,10.16,99.66,430,0,Valve Sticking,3.65,7.8
851,5.34,412.95,90,10.34,106.11,430,0,Valve Sticking,3.47,11.59
852,5.5,413.01,80,9.82,104.42,430,0,Valve Sticking,3.8,22.7
853,4.97,413.02,70,10.94,109.46,430,0,Air Leakage,1.02,41.61
854,5.55,413.66,60,9.94,118.5,430,0,Seal Wear,2.2,11.58
855,5.51,413.67,50,10.41,91.74,430,0,Valve Sticking,2.62,43.83
856,5.79,414.38,40,9.73,114.3,430,0,Seal Wear,1.89,38.16
857,5.68,415.15,30,10.49,119.58,430,0,Seal Wear,1.96,19.03
858,5.25,415.21,20,9.82,91.61,430,0,Valve Sticking,3.31,19.26
859,5.13,415.39,10,11.18,107.63,430,0,Air Leakage,1.04,21.72
860,5.37,415.4,0,10.5,93.42,430,0,Valve Sticking,2.76,42.27
861,4.92,415.4,10,11.56,110.59,431,0,Air Leakage,1.05,19.15
862,5.34,415.45,20,11.91,103.27,432,0,Air Leakage,0.91,46.3
863,5.98,416.57,30,9.93,111.22,433,0,Seal Wear,1.53,42.24
864,5.33,416.64,40,10.46,103.1,434,0,Valve Sticking,2.65,10.7
865,5.75,416.75,50,9.74,92.5,435,0,Valve Sticking,2.74,38.62
866,5.15,416.88,60,11.09,106.98,436,0,Air Leakage,0.92,35.61
867,5.64,416.96,70,9.67,86.45,437,0,Valve Sticking,3.83,44.43
868,4.92,416.98,80,10.95,101.35,438,0,Air Leakage,1.06,42.81
869,5.68,417.93,90,10.41,118.55,439,0,Seal Wear,1.93,21.71
870,5.81,419.19,100,10.08,116.92,440,0,Seal Wear,1.95,22.18
871,5.74,420.53,90,10.27,114.44,440,0,Seal Wear,1.77,32.29
872,5.19,420.64,80,9.94,100.54,440,0,Valve Sticking,2.7,6.28
873,5.43,420.68,70,9.99,87.68,440,0,Valve Sticking,3.97,43.11
874,5.62,420.74,60,9.62,99.44,440,0,Valve Sticking,3.97,39.23
875,4.75,420.9,50,11.42,109.05,440,0,Air Leakage,1.19,9.43
876,6.04,421.61,40,10.27,110.78,440,0,Seal Wear,1.66,43.56
877,5.51,421.81,30,10.45,101.67,440,0,Valve Sticking,3.82,37.3
878,5.96,422.4,20,9.58,112.63,440,0,Seal Wear,1.6,42.8
879,5.46,422.47,10,9.67,101.55,440,0,Valve Sticking,2.79,16.05
880,5.51,422.64,0,9.52,94.21,440,0,Valve Sticking,2.67,30.12
881,5.69,424.2,10,10.29,117.24,441,0,Seal Wear,1.85,24.76
882,5.89,424.93,20,10.24,113.71,442,0,Seal Wear,2.27,36.49
883,5.71,426.42,30,9.77,115.82,443,0,Seal Wear,1.92,30.56
884,5.74,427.72,40,9.54,116.14,444,0,Seal Wear,2.13,30.94
885,5.88,428.67,50,9.96,111.11,445,0,Seal Wear,1.78,47.04
886,5.66,428.81,60,10.17,89.54,446,0,Valve Sticking,3.23,37.22
887,5.62,428.83,70,10.15,91.88,447,0,Valve Sticking,2.73,37.54
888,4.95,429.01,80,11.88,108.94,448,0,Air Leakage,1.11,23.28
889,5.51,430.43,90,10.28,118.45,449,0,Seal Wear,2.36,10.34
890,5.39,430.49,100,10.0,102.66,450,0,Valve Sticking,2.93,15.25
891,5.4,430.52,90,11.04,107.14,450,0,Air Leakage,1.17,43.3
892,5.9,431.99,80,10.33,114.75,450,0,Seal Wear,2.12,38.36
893,5.11,432.01,70,11.52,109.56,450,0,Air Leakage,1.14,14.9
894,5.89,432.83,60,9.67,114.37,450,0,Seal Wear,2.05,36.35
895,5.43,432.94,50,9.89,95.8,450,0,Valve Sticking,3.23,35.31
896,5.35,432.99,40,10.01,98.32,450,0,Valve Sticking,2.62,10.41
897,5.64,434.42,30,9.96,119.9,450,0,Seal Wear,1.94,19.32
898,5.07,434.56,20,11.0,110.41,450,0,Air Leakage,0.89,12.11
899,5.59,435.35,10,10.03,121.89,450,0,Seal Wear,2.47,8.02
900,4.87,435.37,0,11.34,111.73,450,0,Air Leakage,0.93,10.16
901,4.97,435.57,10,11.5,104.55,451,0,Air Leakage,1.15,33.3
902,5.53,436.2,20,9.66,120.28,452,0,Seal Wear,1.95,10.86
903,4.75,436.26,30,11.24,106.45,453,0,Air Leakage,0.92,12.92
904,5.07,436.28,40,11.27,111.46,454,0,Air Leakage,0.91,22.64
905,5.9,437.38,50,10.44,112.47,455,0,Seal Wear,1.51,44.35
906,5.11,437.39,60,9.93,103.57,456,0,Valve Sticking,2.56,6.48
907,5.39,437.51,70,11.42,110.66,457,0,Air Leakage,1.12,39.1
908,5.8,438.69,80,10.11,116.64,458,0,Seal Wear,1.83,33.76
909,5.13,438.86,90,10.26,101.22,459,0,Valve Sticking,3.55,8.58
910,5.14,438.89,100,11.15,117.2,460,0,Air Leakage,0.89,6.01
911,4.82,439.0,90,11.09,107.73,460,0,Air Leakage,1.08,6.05
912,5.27,439.07,80,10.45,98.15,460,0,Valve Sticking,3.45,12.5
913,5.78,440.53,70,9.96,119.87,460,0,Seal Wear,1.89,22.67
914,5.22,440.65,60,10.35,102.27,460,0,Valve Sticking,2.59,7.25
915,5.9,441.7,50,10.42,113.79,460,0,Seal Wear,1.62,34.56
916,5.88,442.9,40,9.91,113.11,460,0,Seal Wear,2.43,29.78
917,5.38,443.02,30,12.33,105.76,460,0,Air Leakage,0.91,38.43
918,5.94,444.49,20,9.74,111.53,460,0,Seal Wear,1.61,44.24
919,5.03,444.55,10,11.37,105.91,460,0,Air Leakage,0.99,29.09
920,5.09,444.55,0,11.45,108.43,460,0,Air Leakage,0.92,10.46
921,5.18,444.63,10,12.23,108.44,461,0,Air Leakage,1.09,24.89
922,5.27,444.75,20,10.46,102.41,462,0,Valve Sticking,3.18,24.57
923,5.81,445.54,30,10.28,116.25,463,0,Seal Wear,2.09,27.07
924,4.77,445.59,40,11.6,110.19,464,0,Air Leakage,0.98,15.68
925,5.0,445.75,50,11.44,101.87,465,0,Air Leakage,0.93,32.26
926,5.27,445.82,60,10.0,103.46,466,0,Valve Sticking,3.23,10.22
927,5.28,446.02,70,10.25,97.09,467,0,Valve Sticking,3.16,7.01
928,6.0,447.11,80,10.34,107.27,468,0,Seal Wear,2.49,49.47
929,5.15,447.25,90,11.26,106.78,469,0,Air Leakage,0.84,34.47
930,4.86,447.42,100,11.42,112.5,470,0,Air Leakage,1.0,13.64
931,5.31,447.46,90,9.83,95.49,470,0,Valve Sticking,3.25,35.55
932,5.75,448.4,80,9.63,115.58,470,0,Seal Wear,1.88,19.47
933,5.04,448.58,70,11.87,109.99,470,0,Air Leakage,0.92,18.08
934,5.01,448.66,60,11.83,103.11,470,0,Air Leakage,0.9,37.78
935,5.07,448.77,50,11.55,102.3,470,0,Air Leakage,0.94,28.79
936,5.75,450.11,40,10.47,114.05,470,0,Seal Wear,1.94,31.36
937,5.36,450.21,30,10.3,95.96,470,0,Valve Sticking,3.8,29.29
938,4.76,450.31,20,11.3,106.87,470,0,Air Leakage,1.14,19.63
939,4.97,450.5,10,11.21,114.63,470,0,Air Leakage,0.83,12.35
940,5.06,450.69,0,9.78,100.15,470,0,Valve Sticking,2.95,6.66
941,5.04,450.77,10,11.42,107.49,471,0,Air Leakage,0.92,12.17
942,6.0,451.75,20,10.49,112.04,472,0,Seal Wear,1.92,43.7
943,5.9,453.29,30,10.43,112.88,473,0,Seal Wear,2.24,41.39
944,4.8,453.43,40,11.18,116.4,474,0,Air Leakage,1.11,11.06
945,5.72,453.48,50,9.77,95.31,475,0,Valve Sticking,3.23,35.37
946,5.67,454.3,60,10.33,120.1,476,0,Seal Wear,1.81,17.89
947,5.79,454.94,70,10.07,117.41,477,0,Seal Wear,2.27,23.47
948,5.15,455.11,80,9.9,98.63,478,0,Valve Sticking,2.94,12.72
949,5.37,455.2,90,9.66,100.45,479,0,Valve Sticking,2.52,33.73
950,4.76,455.31,100,11.74,111.36,480,0,Air Leakage,1.02,16.1
951,5.77,455.49,90,9.58,84.34,480,0,Valve Sticking,3.17,46.07
952,5.63,455.62,80,9.91,94.79,480,0,Valve Sticking,2.97,46.0
953,6.01,456.29,70,10.35,113.31,480,0,Seal Wear,2.37,46.55
954,5.15,456.31,60,10.02,104.08,480,0,Valve Sticking,3.4,11.02
955,5.21,456.32,50,9.83,103.18,480,0,Valve Sticking,3.95,11.12
956,4.77,456.38,40,11.8,111.62,480,0,Air Leakage,1.14,7.65
957,5.16,456.4,30,10.86,115.83,480,0,Air Leakage,0.91,23.66
958,4.93,456.57,20,11.78,109.15,480,0,Air Leakage,1.08,5.93
959,5.69,456.62,10,9.54,96.91,480,0,Valve Sticking,2.99,49.5
960,5.11,456.7,0,11.46,109.57,480,0,Air Leakage,1.02,18.49
961,4.85,456.81,10,12.1,105.1,481,0,Air Leakage,0.98,29.86
962,5.69,457.8,20,9.86,118.42,482,0,Seal Wear,2.18,15.7
963,5.63,457.97,30,9.55,92.87,483,0,Valve Sticking,2.74,29.06
964,5.45,458.02,40,10.12,98.82,484,0,Valve Sticking,2.78,29.57
965,5.76,458.85,50,10.25,118.04,485,0,Seal Wear,2.49,28.23
966,5.32,458.93,60,10.05,103.04,486,0,Valve Sticking,3.13,20.34
967,5.2,459.03,70,11.16,106.8,487,0,Air Leakage,0.99,45.47
968,4.84,459.2,80,11.89,110.7,488,0,Air Leakage,0.93,15.8
969,5.11,459.35,90,10.83,110.41,489,0,Air Leakage,1.04,23.74
970,5.68,459.39,100,9.94,91.81,490,0,Valve Sticking,3.34,43.74
971,5.94,460.22,90,9.59,110.88,490,0,Seal Wear,2.39,40.93
972,5.77,460.96,80,9.82,116.86,490,0,Seal Wear,1.69,36.21
973,5.59,461.13,70,10.37,89.44,490,0,Valve Sticking,3.94,42.6
974,5.87,461.99,60,9.71,117.54,490,0,Seal Wear,2.31,30.58
975,4.92,462.0,50,11.3,102.65,490,0,Air Leakage,1.04,36.85
976,5.48,462.07,40,10.21,100.05,490,0,Valve Sticking,3.62,25.25
977,5.66,462.91,30,10.46,120.3,490,0,Seal Wear,2.31,11.74
978,5.25,463.05,20,10.34,100.21,490,0,Valve Sticking,2.51,9.6
979,5.15,463.1,10,12.14,106.94,490,0,Air Leakage,0.92,29.06
980,5.84,464.6,0,10.29,113.31,490,0,Seal Wear,1.81,30.11
981,5.72,465.74,10,10.22,115.07,491,0,Seal Wear,2.49,24.03
982,5.92,467.01,20,9.62,111.47,492,0,Seal Wear,1.88,36.39
983,5.47,467.05,30,9.81,97.87,493,0,Valve Sticking,2.67,14.03
984,5.1,467.05,40,12.28,106.74,494,0,Air Leakage,1.05,28.1
985,4.87,467.2,50,11.05,109.19,495,0,Air Leakage,0.88,40.49
986,5.49,468.24,60,10.07,121.73,496,0,Seal Wear,2.13,6.84
987,5.19,468.32,70,10.19,92.25,497,0,Valve Sticking,2.73,22.35
988,5.34,468.44,80,9.54,95.0,498,0,Valve Sticking,3.38,26.88
989,5.66,469.82,90,9.63,119.84,499,0,Seal Wear,1.97,11.71
990,5.44,469.97,100,10.04,102.0,500,0,Valve Sticking,3.09,23.31
991,5.37,470.15,90,10.2,102.31,500,0,Valve Sticking,3.41,17.02
992,5.45,470.26,80,11.56,108.14,500,0,Air Leakage,1.13,37.79
993,4.94,470.31,70,11.95,110.51,500,0,Air Leakage,1.12,9.97
994,5.94,471.08,60,9.75,107.27,500,0,Seal Wear,2.24,49.76
995,4.95,471.14,50,12.03,115.45,500,0,Air Leakage,1.18,16.29
996,4.93,471.16,40,11.6,104.82,500,0,Air Leakage,0.88,42.57
997,5.1,471.27,30,11.06,112.96,500,0,Air Leakage,1.17,25.18
998,5.18,471.41,20,12.38,108.32,500,0,Air Leakage,0.84,41.87
999,5.83,472.59,10,10.47,118.0,500,0,Seal Wear,1.64,24.95
1000,5.14,472.78,0,11.55,99.58,500,0,Air Leakage,1.02,36.04
1001,5.62,473.81,10,10.47,123.83,501,0,Seal Wear,2.32,9.0
1002,5.53,474.0,20,9.73,95.62,502,0,Valve Sticking,3.39,49.43
1003,5.62,474.71,30,9.81,121.73,503,0,Seal Wear,1.97,6.06
1004,5.1,474.74,40,12.01,108.37,504,0,Air Leakage,0.8,6.9
1005,5.29,474.84,50,9.54,104.52,505,0,Valve Sticking,2.94,22.07
1006,5.5,475.03,60,9.97,83.93,506,0,Valve Sticking,3.77,45.23
1007,5.26,475.15,70,11.01,102.43,507,0,Air Leakage,0.86,33.81
1008,5.57,476.47,80,10.48,117.54,508,0,Seal Wear,1.58,16.17
1009,5.18,476.57,90,11.58,108.4,509,0,Air Leakage,1.18,30.19
1010,5.77,477.26,100,10.2,116.11,510,0,Seal Wear,1.96,26.01
1011,5.71,478.11,90,9.84,116.2,510,0,Seal Wear,2.41,19.58
1012,5.14,478.3,80,9.5,102.08,510,0,Valve Sticking,3.54,9.28
1013,5.19,478.36,70,11.6,107.48,510,0,Air Leakage,0.91,32.06
1014,5.87,479.25,60,9.57,115.89,510,0,Seal Wear,1.63,37.57
1015,5.97,479.81,50,10.5,114.38,510,0,Seal Wear,1.75,38.0
1016,5.42,479.92,40,12.18,109.55,510,0,Air Leakage,1.16,37.17
1017,5.78,480.79,30,10.18,113.15,510,0,Seal Wear,1.58,28.83
1018,5.72,481.93,20,10.49,121.78,510,0,Seal Wear,1.98,13.27
1019,5.24,481.95,10,10.04,97.89,510,0,Valve Sticking,3.21,15.88
1020,4.78,482.02,0,11.44,114.91,510,0,Air Leakage,1.05,22.37
1021,5.54,482.04,10,10.03,101.14,511,0,Valve Sticking,3.79,24.85
1022,5.23,482.16,20,12.3,107.67,512,0,Air Leakage,0.93,44.13
1023,5.03,482.24,30,11.08,106.67,513,0,Air Leakage,1.19,34.99
1024,5.62,483.44,40,9.54,118.4,514,0,Seal Wear,2.43,5.82
1025,5.49,483.47,50,10.42,93.26,515,0,Valve Sticking,3.71,49.47
1026,5.35,483.54,60,10.88,99.63,516,0,Air Leakage,0.88,48.28
1027,5.91,484.81,70,9.79,113.52,517,0,Seal Wear,1.65,31.28
1028,4.93,484.92,80,11.0,107.86,518,0,Air Leakage,0.85,32.48
1029,5.88,485.84,90,10.29,111.99,519,0,Seal Wear,2.5,39.28
1030,5.75,486.99,100,10.37,113.68,520,0,Seal Wear,1.51,24.62
1031,5.26,487.1,90,9.54,101.23,520,0,Valve Sticking,3.35,14.82
1032,5.93,488.74,80,10.17,112.21,520,0,Seal Wear,2.47,40.19
1033,5.62,488.94,70,9.56,96.02,520,0,Valve Sticking,3.14,27.12
1034,5.71,489.7,60,9.72,115.84,520,0,Seal Wear,1.85,28.96
1035,5.04,489.73,50,9.64,100.41,520,0,Valve Sticking,3.73,7.42
1036,5.57,489.9,40,10.42,95.2,520,0,Valve Sticking,3.3,39.82
1037,5.52,489.9,30,9.54,95.97,520,0,Valve Sticking,3.82,45.91
1038,5.88,490.67,20,9.97,109.93,520,0,Seal Wear,1.7,44.99
1039,4.75,490.7,10,11.19,112.71,520,0,Air Leakage,0.99,18.09
1040,5.62,490.87,0,9.54,92.13,520,0,Valve Sticking,3.17,42.05
1041,5.82,492.27,10,10.46,112.58,521,0,Seal Wear,2.47,37.82
1042,5.23,492.27,20,11.31,108.82,522,0,Air Leakage,0.85,19.88
1043,5.02,492.37,30,11.83,108.8,523,0,Air Leakage,0.99,44.18
1044,5.62,494.0,40,10.11,120.46,524,0,Seal Wear,2.46,6.18
1045,5.35,494.08,50,11.76,104.97,525,0,Air Leakage,0.96,29.1
1046,5.02,494.24,60,11.4,103.79,526,0,Air Leakage,0.97,46.66
1047,4.93,494.35,70,10.9,104.63,527,0,Air Leakage,1.19,40.63
1048,5.53,495.39,80,9.51,117.22,528,0,Seal Wear,2.12,9.6
1049,5.16,495.42,90,11.84,104.85,529,0,Air Leakage,1.17,37.83
1050,5.68,495.61,100,10.25,87.19,530,0,Valve Sticking,3.06,37.64
1051,5.34,495.68,90,10.03,93.84,530,0,Valve Sticking,3.11,36.28
1052,5.64,495.84,80,9.92,91.94,530,0,Valve Sticking,3.91,44.35
1053,5.78,496.71,70,10.24,113.27,530,0,Seal Wear,1.78,33.35
1054,5.38,496.78,60,9.73,92.37,530,0,Valve Sticking,3.64,26.69
1055,5.71,497.6,50,10.22,122.09,530,0,Seal Wear,2.12,10.88
1056,5.91,498.64,40,10.11,112.36,530,0,Seal Wear,2.15,36.16
1057,5.29,498.7,30,9.6,100.59,530,0,Valve Sticking,2.97,14.38
1058,5.39,498.88,20,9.84,87.37,530,0,Valve Sticking,3.46,41.93
1059,5.94,500.12,10,10.32,112.67,530,0,Seal Wear,2.18,39.95
1060,5.3,500.19,0,10.42,97.94,530,0,Valve Sticking,3.49,7.78
1061,5.64,500.23,10,10.03,101.52,531,0,Valve Sticking,3.81,30.97
1062,5.11,500.39,20,11.2,108.27,532,0,Air Leakage,1.17,42.33
1063,5.73,500.42,30,10.1,93.27,533,0,Valve Sticking,3.26,42.43
1064,5.52,500.59,40,9.62,93.57,534,0,Valve Sticking,3.16,40.26
1065,5.39,500.73,50,10.21,93.58,535,0,Valve Sticking,2.68,11.98
1066,5.13,500.84,60,11.31,107.41,536,0,Air Leakage,0.83,26.68
1067,5.33,500.93,70,9.96,92.14,537,0,Valve Sticking,2.61,18.24
1068,5.44,501.1,80,10.01,87.1,538,0,Valve Sticking,2.93,48.09
1069,4.99,501.3,90,12.28,115.12,539,0,Air Leakage,0.99,16.03
1070,5.85,502.0,100,10.24,117.22,540,0,Seal Wear,1.79,37.0
1071,5.29,502.17,90,11.32,101.25,540,0,Air Leakage,0.92,39.83
1072,4.76,502.34,80,11.18,108.57,540,0,Air Leakage,0.96,21.37
1073,4.81,502.47,70,11.71,109.48,540,0,Air Leakage,1.14,10.98
1074,5.89,503.58,60,9.75,116.21,540,0,Seal Wear,2.05,32.78
1075,5.34,503.61,50,9.6,105.43,540,0,Valve Sticking,3.23,23.74
1076,5.22,503.65,40,11.18,99.93,540,0,Air Leakage,1.13,49.43
1077,5.11,503.67,30,9.82,98.8,540,0,Valve Sticking,3.77,5.18
1078,5.82,504.4,20,9.76,113.95,540,0,Seal Wear,2.46,37.39
1079,5.59,504.48,10,10.33,94.57,540,0,Valve Sticking,3.6,39.53
1080,6.03,505.78,0,10.18,109.93,540,0,Seal Wear,1.87,46.21
1081,5.66,505.88,10,10.43,92.95,541,0,Valve Sticking,3.79,40.44
1082,5.3,506.03,20,11.05,102.78,542,0,Air Leakage,1.18,41.17
1083,5.57,506.04,30,10.45,102.22,543,0,Valve Sticking,3.4,29.09
1084,4.82,506.23,40,12.13,116.93,544,0,Air Leakage,1.13,8.65
1085,4.83,506.23,50,11.43,106.27,545,0,Air Leakage,1.05,34.83
1086,5.2,506.31,60,11.74,107.99,546,0,Air Leakage,0.93,49.93
1087,5.6,507.79,70,9.56,116.85,547,0,Seal Wear,1.8,10.13
1088,5.02,507.98,80,11.7,108.27,548,0,Air Leakage,1.11,45.84
1089,5.41,508.03,90,10.35,98.56,549,0,Valve Sticking,3.54,33.25
1090,4.91,508.11,100,11.47,109.45,550,0,Air Leakage,1.14,10.14
1091,5.98,509.56,90,10.03,113.96,550,0,Seal Wear,2.34,38.25
1092,5.51,510.6,80,9.71,122.33,550,0,Seal Wear,2.07,7.09
1093,5.42,510.69,70,10.29,92.6,550,0,Valve Sticking,2.96,22.57
1094,5.35,510.78,60,10.49,101.77,550,0,Valve Sticking,3.12,15.37
1095,4.62,510.91,50,12.4,111.84,550,0,Air Leakage,0.96,6.39
1096,5.4,510.99,40,11.52,100.53,550,0,Air Leakage,0.99,45.91
1097,5.61,511.58,30,9.81,121.07,550,0,Seal Wear,2.34,7.85
1098,5.15,511.68,20,11.51,113.4,550,0,Air Leakage,1.06,27.53
1099,5.66,513.03,10,9.54,115.32,550,0,Seal Wear,1.7,23.24
1100,5.9,514.19,0,9.71,112.47,550,0,Seal Wear,1.59,46.26
1101,5.48,514.38,10,9.53,87.62,551,0,Valve Sticking,2.64,32.88
1102,6.0,515.62,20,9.94,110.69,552,0,Seal Wear,1.91,49.07
1103,4.91,515.68,30,11.03,101.62,553,0,Air Leakage,0.83,44.61
1104,5.63,515.78,40,10.44,88.28,554,0,Valve Sticking,2.8,37.82
1105,5.96,516.59,50,10.21,114.71,555,0,Seal Wear,2.12,41.54
1106,4.7,516.61,60,11.22,113.64,556,0,Air Leakage,0.93,16.25
1107,5.89,517.24,70,10.22,114.27,557,0,Seal Wear,2.26,32.28
1108,6.02,518.25,80,9.86,114.98,558,0,Seal Wear,2.1,43.8
1109,4.74,518.29,90,11.31,104.15,559,0,Air Leakage,0.89,22.87
1110,4.98,518.33,100,11.92,114.25,560,0,Air Leakage,0.9,5.9
1111,5.73,518.49,90,10.48,96.03,560,0,Valve Sticking,3.07,44.94
1112,5.4,518.54,80,11.26,106.12,560,0,Air Leakage,1.18,37.3
1113,5.31,518.7,70,10.22,97.96,560,0,Valve Sticking,2.89,15.47
1114,4.81,518.73,60,11.86,110.73,560,0,Air Leakage,1.12,24.45
1115,5.41,518.92,50,10.01,90.12,560,0,Valve Sticking,3.36,29.7
1116,5.25,518.96,40,9.7,102.55,560,0,Valve Sticking,3.03,20.43
1117,5.59,518.98,30,9.71,84.07,560,0,Valve Sticking,3.35,44.44
1118,5.46,519.1,20,9.63,96.09,560,0,Valve Sticking,3.31,41.6
1119,4.71,519.27,10,12.27,113.22,560,0,Air Leakage,0.91,9.3
1120,5.32,519.32,0,11.35,99.78,560,0,Air Leakage,0.93,39.86
1121,5.25,519.42,10,9.65,102.41,561,0,Valve Sticking,3.49,11.39
1122,4.71,519.46,20,11.11,112.11,562,0,Air Leakage,0.92,8.8
1123,5.2,519.61,30,11.51,109.47,563,0,Air Leakage,1.19,47.93
1124,5.44,519.67,40,10.35,91.96,564,0,Valve Sticking,3.98,24.39
1125,5.21,519.85,50,9.92,93.05,565,0,Valve Sticking,3.34,6.03
1126,5.55,520.96,60,9.82,120.98,566,0,Seal Wear,1.93,7.1
1127,5.6,521.52,70,10.12,119.71,567,0,Seal Wear,2.24,13.07
1128,5.91,523.01,80,10.23,111.86,568,0,Seal Wear,2.16,37.9
1129,5.02,523.12,90,11.86,118.57,569,0,Air Leakage,0.92,5.26
1130,5.99,524.05,100,10.28,106.6,570,0,Seal Wear,1.89,49.49
1131,5.46,524.14,90,10.03,91.02,570,0,Valve Sticking,3.69,34.54
1132,5.85,525.47,80,10.36,115.03,570,0,Seal Wear,1.69,30.58
1133,5.48,525.52,70,10.34,100.23,570,0,Valve Sticking,3.43,17.86
1134,5.09,525.56,60,12.17,108.01,570,0,Air Leakage,0.91,30.87
1135,5.84,526.2,50,10.44,113.49,570,0,Seal Wear,1.57,31.78
1136,5.86,526.94,40,9.53,115.61,570,0,Seal Wear,1.7,40.28
1137,5.99,528.59,30,10.15,110.29,570,0,Seal Wear,1.59,47.67
1138,5.77,528.66,20,10.09,95.37,570,0,Valve Sticking,3.73,47.31
1139,5.35,528.81,10,10.26,95.7,570,0,Valve Sticking,3.36,15.37
1140,5.24,528.92,0,9.74,95.8,570,0,Valve Sticking,3.54,14.27
1141,4.77,529.05,10,10.76,111.68,571,0,Air Leakage,1.01,26.07
1142,5.06,529.21,20,11.78,108.85,572,0,Air Leakage,1.15,15.49
1143,5.5,529.78,30,10.16,121.91,573,0,Seal Wear,1.78,6.82
1144,5.31,529.82,40,9.88,99.5,574,0,Valve Sticking,3.99,13.28
1145,5.33,529.94,50,11.82,98.32,575,0,Air Leakage,1.16,43.91
1146,4.97,530.03,60,11.56,106.13,576,0,Air Leakage,1.08,17.21
1147,5.77,530.74,70,9.67,110.65,577,0,Seal Wear,1.91,35.46
1148,5.51,530.77,80,10.17,95.85,578,0,Valve Sticking,3.94,39.72
1149,5.24,530.93,90,11.88,103.24,579,0,Air Leakage,0.82,30.17
1150,5.25,531.07,100,10.97,109.17,580,0,Air Leakage,0.91,45.15
1151,5.54,532.67,90,9.95,118.19,580,0,Seal Wear,1.97,10.72
1152,5.37,532.77,80,10.06,96.21,580,0,Valve Sticking,3.19,10.55
1153,5.39,532.92,70,9.9,96.85,580,0,Valve Sticking,3.04,20.66
1154,5.66,532.95,60,10.34,97.63,580,0,Valve Sticking,3.58,46.39
1155,5.89,534.11,50,9.51,115.28,580,0,Seal Wear,1.98,32.73
1156,5.96,535.46,40,9.76,113.61,580,0,Seal Wear,1.79,39.39
1157,5.33,535.47,30,10.16,104.58,580,0,Valve Sticking,3.58,15.18
1158,5.93,536.31,20,10.28,114.97,580,0,Seal Wear,2.49,39.12
1159,5.74,537.86,10,9.99,111.87,580,0,Seal Wear,1.76,33.11
1160,5.14,538.04,0,11.84,108.17,580,0,Air Leakage,1.0,38.09
1161,5.94,539.1,10,9.62,109.73,581,0,Seal Wear,1.76,49.69
1162,5.76,540.64,20,10.19,117.95,582,0,Seal Wear,2.4,17.96
1163,5.86,541.85,30,9.62,111.62,583,0,Seal Wear,1.59,42.31
1164,5.28,541.88,40,10.2,101.71,584,0,Valve Sticking,3.44,6.61
1165,4.75,542.01,50,11.31,118.3,585,0,Air Leakage,1.16,13.63
1166,5.67,543.44,60,9.9,113.73,586,0,Seal Wear,1.53,25.63
1167,5.34,543.44,70,10.42,96.42,587,0,Valve Sticking,3.56,15.65
1168,5.21,543.63,80,9.57,95.76,588,0,Valve Sticking,3.46,7.85
1169,5.59,544.94,90,10.2,116.43,589,0,Seal Wear,1.89,14.59
1170,5.48,544.99,100,10.19,95.79,590,0,Valve Sticking,3.93,37.79
1171,5.42,545.01,90,10.02,97.61,590,0,Valve Sticking,3.93,40.72
1172,5.35,545.18,80,10.22,94.68,590,0,Valve Sticking,3.81,9.03
1173,5.51,546.27,70,9.86,120.72,590,0,Seal Wear,2.07,7.39
1174,5.28,546.43,60,10.2,103.48,590,0,Valve Sticking,2.76,10.91
1175,5.91,547.98,50,9.5,114.8,590,0,Seal Wear,2.41,32.43
1176,4.71,548.03,40,11.35,109.94,590,0,Air Leakage,1.11,24.15
1177,5.47,548.09,30,9.6,90.43,590,0,Valve Sticking,3.06,19.93
1178,5.33,548.1,20,9.74,98.38,590,0,Valve Sticking,3.16,19.9
1179,5.41,548.21,10,10.03,94.91,590,0,Valve Sticking,3.91,32.71
1180,5.67,549.18,0,10.07,118.28,590,0,Seal Wear,2.2,12.94
1181,5.69,549.24,10,9.62,87.17,591,0,Valve Sticking,3.41,48.08
1182,5.52,549.28,20,9.71,89.81,592,0,Valve Sticking,3.95,46.27
1183,5.28,549.33,30,10.82,98.48,593,0,Air Leakage,0.95,47.28
1184,5.58,550.73,40,10.06,118.78,594,0,Seal Wear,2.4,15.88
1185,5.29,550.76,50,9.51,99.67,595,0,Valve Sticking,2.98,13.42
1186,5.52,550.82,60,9.51,91.23,596,0,Valve Sticking,3.8,24.96
1187,5.86,551.92,70,9.97,113.85,597,0,Seal Wear,2.29,31.32
1188,5.55,552.05,80,9.85,101.05,598,0,Valve Sticking,2.83,27.58
1189,5.84,552.75,90,10.42,113.89,599,0,Seal Wear,1.72,29.23
1190,5.64,553.67,100,10.45,118.38,600,0,Seal Wear,1.69,15.35
1191,5.91,554.84,90,9.6,114.18,600,0,Seal Wear,1.53,37.45
1192,5.94,555.47,80,9.81,118.5,600,0,Seal Wear,1.53,34.67
1193,4.99,555.63,70,11.72,112.56,600,0,Air Leakage,0.92,21.67
1194,5.57,555.63,60,10.27,93.24,600,0,Valve Sticking,3.61,39.21
1195,5.11,555.71,50,11.21,103.41,600,0,Air Leakage,1.03,49.0
1196,5.68,557.26,40,9.74,120.75,600,0,Seal Wear,1.58,15.91
1197,5.26,557.3,30,11.21,101.52,600,0,Air Leakage,0.83,40.25
1198,5.3,557.46,20,11.01,105.05,600,0,Air Leakage,1.17,39.39
1199,5.57,558.92,10,10.07,117.64,600,0,Seal Wear,1.95,14.79
1200,5.05,558.96,0,11.59,108.06,600,0,Air Leakage,1.02,19.48
1201,5.6,559.0,10,10.06,84.64,601,0,Valve Sticking,2.75,46.79
1202,5.86,560.34,20,9.58,114.34,602,0,Seal Wear,2.45,45.08
1203,5.34,560.53,30,12.12,99.1,603,0,Air Leakage,1.1,45.6
1204,4.95,560.63,40,11.59,107.02,604,0,Air Leakage,1.0,45.28
1205,5.7,561.83,50,9.84,118.74,605,0,Seal Wear,1.93,15.94
1206,5.36,561.94,60,10.93,108.42,606,0,Air Leakage,0.99,36.78
1207,5.89,563.12,70,10.47,112.64,607,0,Seal Wear,1.67,40.6
1208,5.92,563.84,80,10.11,116.84,608,0,Seal Wear,2.07,34.77
1209,5.61,565.21,90,10.35,122.9,609,0,Seal Wear,1.56,13.44
1210,5.93,565.96,100,9.69,114.37,610,0,Seal Wear,2.1,39.35
1211,4.98,566.13,90,12.08,105.09,610,0,Air Leakage,1.12,37.65
1212,4.83,566.26,80,11.25,113.31,610,0,Air Leakage,1.11,25.26
1213,5.25,566.27,70,10.14,98.63,610,0,Valve Sticking,2.6,28.44
1214,4.98,566.42,60,11.65,107.75,610,0,Air Leakage,0.94,26.21
1215,5.38,566.55,50,9.55,106.26,610,0,Valve Sticking,3.12,6.22
1216,4.99,566.56,40,11.59,101.01,610,0,Air Leakage,1.15,49.04
1217,5.04,566.71,30,11.0,114.11,610,0,Air Leakage,0.96,6.67
1218,5.48,567.92,20,9.8,121.52,610,0,Seal Wear,2.28,6.59
1219,5.65,569.15,10,10.21,120.85,610,0,Seal Wear,2.13,13.15
1220,5.2,569.17,0,11.96,106.48,610,0,Air Leakage,0.97,44.45
1221,5.86,570.4,10,9.57,114.66,611,0,Seal Wear,1.8,30.14
1222,5.25,570.5,20,11.83,102.74,612,0,Air Leakage,1.07,44.15
1223,5.6,570.51,30,10.32,95.57,613,0,Valve Sticking,3.7,42.86
1224,5.09,570.56,40,11.74,106.97,614,0,Air Leakage,0.99,28.65
1225,5.21,570.73,50,10.46,90.26,615,0,Valve Sticking,2.69,22.25
1226,4.91,570.89,60,11.78,104.33,616,0,Air Leakage,1.14,23.99
1227,5.63,570.93,70,9.87,93.29,617,0,Valve Sticking,3.13,38.78
1228,6.01,572.0,80,10.11,112.63,618,0,Seal Wear,2.11,45.63
1229,5.07,572.08,90,11.8,106.15,619,0,Air Leakage,1.13,35.46
1230,5.6,573.27,100,10.01,117.47,620,0,Seal Wear,1.62,16.68
1231,4.72,573.47,90,12.07,110.03,620,0,Air Leakage,1.12,14.44
1232,5.15,573.48,80,12.12,112.08,620,0,Air Leakage,1.13,29.85
1233,5.51,573.56,70,9.81,93.78,620,0,Valve Sticking,3.62,19.22
1234,5.63,574.23,60,9.54,121.03,620,0,Seal Wear,2.1,17.83
1235,5.42,574.3,50,10.43,95.79,620,0,Valve Sticking,2.89,34.1
1236,5.6,574.37,40,9.79,97.89,620,0,Valve Sticking,2.92,25.71
1237,5.68,575.13,30,10.19,120.28,620,0,Seal Wear,1.68,8.19
1238,5.06,575.25,20,12.29,104.82,620,0,Air Leakage,1.09,49.15
1239,5.29,575.44,10,9.75,91.56,620,0,Valve Sticking,3.87,27.83
1240,5.02,575.49,0,11.36,103.57,620,0,Air Leakage,1.15,30.95
1241,4.95,575.56,10,11.53,114.49,621,0,Air Leakage,1.18,12.66
1242,5.63,575.68,20,9.95,88.22,622,0,Valve Sticking,3.88,49.83
1243,5.79,577.01,30,10.5,114.86,623,0,Seal Wear,1.63,35.72
1244,5.79,578.11,40,9.7,117.35,624,0,Seal Wear,1.66,23.98
1245,5.24,578.22,50,11.59,109.27,625,0,Air Leakage,0.94,19.27
1246,5.48,579.73,60,10.2,122.21,626,0,Seal Wear,1.73,6.47
1247,5.73,580.47,70,9.57,116.07,627,0,Seal Wear,2.26,30.48
1248,5.59,581.42,80,9.98,120.48,628,0,Seal Wear,1.75,12.84
1249,5.52,582.06,90,10.09,121.27,629,0,Seal Wear,1.64,9.38
1250,5.05,582.24,100,11.21,110.88,630,0,Air Leakage,1.01,7.35
1251,5.52,582.34,90,9.59,86.37,630,0,Valve Sticking,3.15,48.38
1252,5.62,583.4,80,9.77,117.63,630,0,Seal Wear,2.22,16.89
1253,5.17,583.55,70,10.8,104.79,630,0,Air Leakage,0.96,23.55
1254,5.41,583.68,60,10.03,98.13,630,0,Valve Sticking,3.32,21.13
1255,5.82,583.78,50,9.65,95.95,630,0,Valve Sticking,3.42,44.3
1256,5.05,583.9,40,11.54,109.69,630,0,Air Leakage,1.08,39.3
1257,5.12,583.93,30,11.91,106.61,630,0,Air Leakage,1.14,49.92
1258,5.95,584.67,20,9.93,111.2,630,0,Seal Wear,1.7,47.35
1259,5.95,586.0,10,10.03,112.44,630,0,Seal Wear,2.35,35.59
1260,5.44,586.05,0,10.77,103.67,630,0,Air Leakage,0.95,44.69
1261,4.91,586.14,10,11.3,111.65,631,0,Air Leakage,0.96,29.36
1262,5.3,586.14,20,10.09,92.77,632,0,Valve Sticking,2.66,37.82
1263,5.82,587.1,30,10.34,115.5,633,0,Seal Wear,2.21,31.68
1264,5.22,587.29,40,10.49,93.97,634,0,Valve Sticking,3.24,29.37
1265,5.83,588.32,50,10.22,117.9,635,0,Seal Wear,2.36,24.53
1266,5.83,589.42,60,9.71,114.17,636,0,Seal Wear,1.92,33.25
1267,5.01,589.52,70,11.16,110.82,637,0,Air Leakage,0.99,23.38
1268,5.82,590.64,80,10.49,111.33,638,0,Seal Wear,1.86,32.34
1269,5.34,590.73,90,10.09,94.19,639,0,Valve Sticking,2.7,20.91
1270,5.76,590.77,100,10.24,85.45,640,0,Valve Sticking,2.67,49.96
1271,5.45,590.94,90,9.59,97.71,640,0,Valve Sticking,3.0,15.96
1272,5.04,591.07,80,11.68,114.5,640,0,Air Leakage,0.87,17.19
1273,5.31,591.18,70,10.04,101.04,640,0,Valve Sticking,3.18,21.49
1274,5.89,592.75,60,10.44,112.01,640,0,Seal Wear,1.63,43.87
1275,5.1,592.81,50,11.33,105.34,640,0,Air Leakage,1.1,46.88
1276,5.86,594.2,40,9.95,116.71,640,0,Seal Wear,1.87,39.47
1277,4.96,594.23,30,11.45,113.05,640,0,Air Leakage,0.99,32.2
1278,5.64,594.23,20,10.34,89.84,640,0,Valve Sticking,3.3,43.83
1279,4.75,594.35,10,11.64,112.44,640,0,Air Leakage,0.96,10.62
1280,5.4,594.54,0,9.9,100.62,640,0,Valve Sticking,2.75,19.82
1281,5.4,594.55,10,9.85,93.8,641,0,Valve Sticking,2.62,30.79
1282,5.53,594.72,20,9.73,101.12,642,0,Valve Sticking,3.91,41.33
1283,5.55,594.91,30,9.74,93.98,643,0,Valve Sticking,3.77,30.49
1284,5.14,595.0,40,10.26,95.19,644,0,Valve Sticking,2.66,11.58
1285,5.93,596.32,50,10.46,114.61,645,0,Seal Wear,1.64,42.33
1286,5.2,596.42,60,10.42,103.62,646,0,Valve Sticking,2.8,12.33
1287,5.17,596.61,70,10.48,103.8,647,0,Valve Sticking,2.65,20.15
1288,4.83,596.66,80,10.85,114.31,648,0,Air Leakage,1.13,5.41
1289,5.75,598.03,90,10.28,120.09,649,0,Seal Wear,1.51,23.73
1290,5.9,598.93,100,9.86,114.16,650,0,Seal Wear,2.41,40.68
1291,5.62,600.36,90,10.25,118.56,650,0,Seal Wear,1.8,20.12
1292,5.75,600.39,80,9.89,97.11,650,0,Valve Sticking,3.14,38.95
1293,5.14,600.46,70,12.13,104.19,650,0,Air Leakage,0.96,32.64
1294,4.63,600.61,60,11.67,111.43,650,0,Air Leakage,0.95,15.82
1295,5.87,601.12,50,10.23,114.64,650,0,Seal Wear,1.78,30.19
1296,5.58,601.31,40,10.48,92.49,650,0,Valve Sticking,3.83,29.7
1297,4.85,601.32,30,11.47,108.76,650,0,Air Leakage,1.02,12.84
1298,5.69,601.49,20,9.75,93.74,650,0,Valve Sticking,3.45,32.75
1299,5.84,602.49,10,9.98,114.31,650,0,Seal Wear,1.88,36.23
1300,5.24,602.58,0,9.64,106.01,650,0,Valve Sticking,3.39,9.46
1301,4.88,602.59,10,11.89,99.39,651,0,Air Leakage,1.01,43.67
1302,5.22,602.76,20,11.6,108.91,652,0,Air Leakage,1.18,30.98
1303,5.4,602.91,30,10.15,87.76,653,0,Valve Sticking,2.75,36.73
1304,5.24,602.96,40,9.79,102.99,654,0,Valve Sticking,2.52,19.21
1305,5.14,602.98,50,11.43,101.21,655,0,Air Leakage,1.13,38.25
1306,5.57,603.06,60,10.09,97.38,656,0,Valve Sticking,3.74,28.58
1307,5.38,603.17,70,10.18,97.09,657,0,Valve Sticking,2.5,21.81
1308,5.7,604.59,80,10.13,117.65,658,0,Seal Wear,1.53,12.8
1309,5.6,605.73,90,9.64,120.12,659,0,Seal Wear,1.58,11.76
1310,5.41,605.9,100,9.99,95.81,660,0,Valve Sticking,2.71,15.95
1311,5.6,606.72,90,10.17,118.31,660,0,Seal Wear,2.44,19.64
1312,6.05,607.34,80,10.08,113.93,660,0,Seal Wear,2.28,49.77
1313,5.93,608.03,70,9.68,116.55,660,0,Seal Wear,2.09,36.87
1314,5.89,609.54,60,9.96,112.3,660,0,Seal Wear,1.51,41.08
1315,4.94,609.65,50,12.13,110.13,660,0,Air Leakage,1.19,9.59
1316,5.56,609.71,40,10.47,90.33,660,0,Valve Sticking,2.56,31.84
1317,4.99,609.89,30,10.82,108.64,660,0,Air Leakage,0.92,17.76
1318,4.85,610.07,20,11.86,111.19,660,0,Air Leakage,1.19,6.89
1319,5.83,611.4,10,9.56,117.26,660,0,Seal Wear,2.3,23.11
1320,5.82,612.48,0,10.16,113.84,660,0,Seal Wear,1.91,22.76
1321,5.69,612.56,10,9.64,95.76,661,0,Valve Sticking,2.74,45.97
1322,5.0,612.73,20,10.9,106.19,662,0,Air Leakage,1.19,25.27
1323,5.35,612.78,30,10.28,94.63,663,0,Valve Sticking,3.59,9.6
1324,5.27,612.92,40,12.19,104.88,664,0,Air Leakage,1.01,33.55
1325,6.04,613.72,50,9.99,111.17,665,0,Seal Wear,2.12,49.46
1326,5.5,613.9,60,9.96,85.6,666,0,Valve Sticking,2.7,46.25
1327,5.48,613.98,70,9.7,89.66,667,0,Valve Sticking,3.78,49.33
1328,5.02,614.04,80,11.83,107.24,668,0,Air Leakage,1.09,42.0
1329,5.3,614.11,90,11.64,104.67,669,0,Air Leakage,1.01,47.97
1330,5.8,614.92,100,10.06,119.9,670,0,Seal Wear,2.08,22.51
1331,5.22,615.03,90,9.96,98.12,670,0,Valve Sticking,3.27,11.24
1332,5.48,615.84,80,10.22,124.85,670,0,Seal Wear,2.14,5.74
1333,5.24,615.98,70,11.37,102.03,670,0,Air Leakage,1.09,48.38
1334,5.07,616.13,60,11.46,104.26,670,0,Air Leakage,1.12,47.75
1335,5.24,616.18,50,10.93,107.39,670,0,Air Leakage,0.84,39.46
1336,5.66,617.29,40,9.8,117.0,670,0,Seal Wear,1.63,16.06
1337,5.24,617.41,30,11.71,99.47,670,0,Air Leakage,1.02,48.81
1338,5.85,618.71,20,9.65,114.25,670,0,Seal Wear,1.96,40.63
1339,5.95,619.4,10,9.75,111.68,670,0,Seal Wear,1.99,44.09
1340,5.84,620.89,0,9.7,113.57,670,0,Seal Wear,2.46,36.92
1341,5.02,621.05,10,11.74,116.17,671,0,Air Leakage,0.84,11.36
1342,5.41,621.14,20,10.35,92.23,672,0,Valve Sticking,2.93,37.46
1343,5.57,621.97,30,10.0,118.54,673,0,Seal Wear,2.44,15.4
1344,4.71,622.02,40,12.15,112.48,674,0,Air Leakage,0.91,15.04
1345,4.69,622.11,50,11.62,110.82,675,0,Air Leakage,1.0,8.37
1346,4.72,622.31,60,11.38,104.97,676,0,Air Leakage,0.97,18.58
1347,4.8,622.42,70,11.67,109.37,677,0,Air Leakage,1.01,19.18
1348,5.54,622.45,80,9.99,87.92,678,0,Valve Sticking,2.83,36.91
1349,4.87,622.64,90,11.29,115.37,679,0,Air Leakage,1.01,15.46
1350,5.37,622.73,100,9.75,107.67,680,0,Valve Sticking,3.95,7.76
1351,5.82,624.08,90,9.65,110.34,680,0,Seal Wear,1.96,38.79
1352,5.28,624.08,80,11.55,109.06,680,0,Air Leakage,1.07,47.57
1353,5.61,624.27,70,10.02,89.13,680,0,Valve Sticking,2.52,44.35
1354,5.12,624.32,60,11.31,106.54,680,0,Air Leakage,1.05,28.02
1355,5.13,624.44,50,9.84,103.84,680,0,Valve Sticking,3.75,11.62
1356,5.21,624.54,40,11.85,113.19,680,0,Air Leakage,0.96,16.3
1357,5.35,624.6,30,9.84,91.25,680,0,Valve Sticking,3.54,27.61
1358,5.08,624.64,20,11.53,108.78,680,0,Air Leakage,0.94,16.04
1359,4.94,624.84,10,11.89,112.46,680,0,Air Leakage,0.81,10.14
1360,5.47,624.87,0,9.85,100.63,680,0,Valve Sticking,3.57,26.79
1361,5.12,624.94,10,10.3,94.76,681,0,Valve Sticking,2.51,12.26
1362,5.21,625.02,20,11.86,104.6,682,0,Air Leakage,1.11,40.01
1363,5.37,625.18,30,10.35,96.43,683,0,Valve Sticking,2.53,7.46
1364,4.96,625.36,40,11.07,112.6,684,0,Air Leakage,1.11,16.99
1365,5.67,625.46,50,9.85,97.1,685,0,Valve Sticking,3.6,42.98
1366,5.31,625.58,60,10.13,93.5,686,0,Valve Sticking,3.03,22.89
1367,5.43,625.67,70,9.8,86.22,687,0,Valve Sticking,3.98,49.78
1368,5.64,627.04,80,10.15,123.26,688,0,Seal Wear,2.13,9.42
1369,5.61,628.39,90,10.26,121.66,689,0,Seal Wear,1.64,13.41
1370,5.65,628.41,100,10.09,95.15,690,0,Valve Sticking,3.43,49.12
1371,5.9,629.3,90,9.56,113.85,690,0,Seal Wear,2.25,33.9
1372,5.51,629.47,80,10.15,98.47,690,0,Valve Sticking,2.65,13.62
1373,5.69,630.93,70,9.54,118.52,690,0,Seal Wear,1.84,20.78
1374,6.02,631.5,60,10.41,108.17,690,0,Seal Wear,1.58,49.5
1375,5.62,632.93,50,9.77,120.68,690,0,Seal Wear,2.11,15.41
1376,5.16,632.94,40,12.08,103.19,690,0,Air Leakage,0.97,47.44
1377,5.69,634.52,30,9.83,118.48,690,0,Seal Wear,2.32,9.75
1378,5.55,634.69,20,9.63,96.43,690,0,Valve Sticking,3.96,42.68
1379,5.59,634.77,10,9.53,97.15,690,0,Valve Sticking,3.84,39.96
1380,5.08,634.79,0,11.14,101.86,690,0,Air Leakage,0.91,41.6
1381,5.29,634.8,10,10.21,103.76,691,0,Valve Sticking,2.59,15.76
1382,5.17,634.98,20,10.93,103.25,692,0,Air Leakage,0.93,39.15
1383,5.53,636.17,30,10.26,121.8,693,0,Seal Wear,1.69,8.44
1384,5.96,637.26,40,10.4,109.56,694,0,Seal Wear,1.93,45.93
1385,4.82,637.41,50,11.87,105.51,695,0,Air Leakage,0.98,23.21
1386,5.7,638.66,60,9.8,120.54,696,0,Seal Wear,1.91,19.59
1387,5.57,640.0,70,10.17,121.5,697,0,Seal Wear,1.64,9.24
1388,5.4,640.13,80,11.9,106.44,698,0,Air Leakage,1.07,36.22
1389,5.69,640.88,90,9.76,115.5,699,0,Seal Wear,2.35,15.92
1390,5.62,641.07,100,10.26,89.08,700,0,Valve Sticking,2.58,44.22
1391,5.0,641.09,90,11.51,111.04,700,0,Air Leakage,1.05,32.58
1392,5.79,641.85,80,9.91,116.47,700,0,Seal Wear,2.09,19.14
1393,4.61,642.01,70,12.12,111.17,700,0,Air Leakage,0.91,14.6
1394,6.04,642.76,60,10.12,108.34,700,0,Seal Wear,1.63,46.14
1395,5.41,642.84,50,9.84,96.75,700,0,Valve Sticking,3.09,22.04
1396,5.45,642.91,40,10.22,104.9,700,0,Valve Sticking,3.58,11.84
1397,5.39,642.92,30,11.51,101.34,700,0,Air Leakage,1.04,46.85
1398,5.92,644.34,20,10.46,114.44,700,0,Seal Wear,1.79,48.92
1399,5.75,644.35,10,10.33,94.32,700,0,Valve Sticking,3.7,39.37
1400,5.37,644.53,0,10.1,87.93,700,0,Valve Sticking,3.45,32.83
1401,5.36,644.69,10,9.72,94.22,701,0,Valve Sticking,3.08,27.66
1402,5.58,645.9,20,10.02,118.38,702,0,Seal Wear,2.37,14.23
1403,5.6,647.45,30,9.78,118.67,703,0,Seal Wear,1.77,9.79
1404,5.24,647.45,40,11.85,104.05,704,0,Air Leakage,1.2,38.33
1405,5.97,648.45,50,10.21,110.69,705,0,Seal Wear,2.12,37.51
1406,6.01,649.3,60,10.39,109.26,706,0,Seal Wear,2.38,49.16
1407,5.79,650.45,70,10.45,115.06,707,0,Seal Wear,1.99,29.49
1408,5.36,650.61,80,9.51,100.43,708,0,Valve Sticking,3.64,11.67
1409,5.07,650.66,90,11.03,108.68,709,0,Air Leakage,0.88,17.94
1410,5.87,652.04,100,10.08,114.32,710,0,Seal Wear,1.73,36.36
1411,5.42,652.15,90,10.23,88.67,710,0,Valve Sticking,3.03,37.58
1412,5.98,653.55,80,10.04,112.19,710,0,Seal Wear,2.13,41.37
1413,5.71,654.7,70,9.69,121.08,710,0,Seal Wear,2.01,23.27
1414,5.37,654.71,60,10.02,101.72,710,0,Valve Sticking,3.92,14.6
1415,5.98,655.69,50,9.79,113.26,710,0,Seal Wear,2.03,42.53
1416,5.58,656.39,40,10.02,119.36,710,0,Seal Wear,1.55,10.06
1417,6.02,657.1,30,9.88,113.49,710,0,Seal Wear,1.79,43.21
1418,5.86,657.85,20,9.61,110.01,710,0,Seal Wear,1.71,44.08
1419,5.1,657.88,10,10.82,104.69,710,0,Air Leakage,0.97,40.86
1420,5.2,657.91,0,12.39,108.66,710,0,Air Leakage,1.13,23.85
1421,5.68,658.07,10,10.21,90.75,711,0,Valve Sticking,3.68,34.65
1422,5.49,658.15,20,9.88,96.01,712,0,Valve Sticking,3.83,25.22
1423,5.0,658.15,30,11.49,110.49,713,0,Air Leakage,1.19,22.85
1424,5.5,658.3,40,9.59,94.54,714,0,Valve Sticking,3.57,27.78
1425,5.56,659.05,50,10.12,122.61,715,0,Seal Wear,1.71,9.44
1426,5.59,659.22,60,9.56,89.72,716,0,Valve Sticking,2.86,40.74
1427,4.87,659.37,70,11.62,105.87,717,0,Air Leakage,0.95,33.04
1428,5.0,659.42,80,10.81,101.3,718,0,Air Leakage,1.07,41.2
1429,5.57,659.5,90,9.69,89.71,719,0,Valve Sticking,2.78,36.82
1430,5.23,659.54,100,11.8,105.61,720,0,Air Leakage,1.02,45.69
1431,5.39,659.67,90,11.46,100.18,720,0,Air Leakage,0.92,46.13
1432,4.93,659.75,80,11.86,109.68,720,0,Air Leakage,1.16,25.36
1433,5.04,659.9,70,12.03,104.98,720,0,Air Leakage,0.87,23.09
1434,5.88,660.85,60,10.43,113.6,720,0,Seal Wear,1.78,38.16
1435,5.59,662.48,50,9.64,119.83,720,0,Seal Wear,1.68,12.59
1436,5.5,662.51,40,9.86,96.81,720,0,Valve Sticking,3.32,38.38
1437,5.06,662.62,30,12.38,111.9,720,0,Air Leakage,1.19,9.34
1438,5.07,662.79,20,10.19,106.67,720,0,Valve Sticking,2.94,6.59
1439,4.72,662.98,10,12.33,112.04,720,0,Air Leakage,1.1,13.5
1440,5.95,664.02,0,10.26,110.93,720,0,Seal Wear,2.16,39.08
1441,5.57,664.79,10,10.46,117.79,721,0,Seal Wear,1.78,10.27
1442,5.87,665.85,20,10.24,113.68,722,0,Seal Wear,2.12,38.62
1443,5.26,666.02,30,10.21,90.98,723,0,Valve Sticking,3.4,20.09
1444,5.58,667.43,40,10.39,124.26,724,0,Seal Wear,2.33,9.0
1445,5.5,667.6,50,9.85,86.32,725,0,Valve Sticking,3.55,47.67
1446,4.69,667.66,60,11.0,112.65,726,0,Air Leakage,1.15,6.33
1447,5.44,667.79,70,10.16,90.85,727,0,Valve Sticking,2.58,12.24
1448,5.07,667.86,80,11.47,106.79,728,0,Air Leakage,0.88,35.34
1449,5.17,667.98,90,9.56,98.95,729,0,Valve Sticking,3.19,17.19
1450,5.52,668.92,100,10.1,120.43,730,0,Seal Wear,1.79,8.34
1451,5.87,670.22,90,9.63,114.95,730,0,Seal Wear,2.26,28.62
1452,5.01,670.24,80,11.35,112.97,730,0,Air Leakage,0.97,22.05
1453,5.81,671.16,70,9.71,117.36,730,0,Seal Wear,2.49,23.35
1454,4.56,671.25,60,11.95,111.36,730,0,Air Leakage,1.04,11.41
1455,5.54,671.3,50,9.97,87.14,730,0,Valve Sticking,2.7,48.3
1456,5.59,671.34,40,9.98,84.0,730,0,Valve Sticking,3.42,47.39
1457,5.01,671.45,30,11.71,102.92,730,0,Air Leakage,0.81,42.72
1458,5.26,671.46,20,10.02,101.01,730,0,Valve Sticking,2.81,9.06
1459,5.92,672.17,10,10.0,111.47,730,0,Seal Wear,2.14,44.46
1460,4.64,672.18,0,11.21,103.85,730,0,Air Leakage,0.81,19.69
1461,5.92,673.42,10,10.39,110.63,731,0,Seal Wear,2.45,44.26
1462,5.85,674.33,20,9.78,113.88,732,0,Seal Wear,2.49,32.2
1463,5.42,674.4,30,10.33,97.97,733,0,Valve Sticking,2.73,39.59
1464,5.73,675.22,40,9.73,114.76,734,0,Seal Wear,2.29,31.23
1465,5.14,675.3,50,12.0,111.6,735,0,Air Leakage,1.14,10.74
1466,5.74,676.74,60,10.27,118.83,736,0,Seal Wear,1.53,19.47
1467,5.4,676.87,70,9.68,98.52,737,0,Valve Sticking,3.89,18.99
1468,5.75,677.69,80,9.89,111.02,738,0,Seal Wear,1.98,31.35
1469,5.55,677.88,90,10.91,99.45,739,0,Air Leakage,1.02,46.63
1470,4.6,678.04,100,11.29,115.29,740,0,Air Leakage,0.99,10.13
1471,5.79,678.71,90,10.34,113.44,740,0,Seal Wear,2.4,38.25
1472,5.26,678.87,80,10.08,98.36,740,0,Valve Sticking,2.75,26.03
1473,4.89,678.89,70,10.97,111.22,740,0,Air Leakage,1.11,22.95
1474,5.36,678.97,60,10.2,89.99,740,0,Valve Sticking,3.56,29.28
1475,4.73,679.12,50,11.57,118.43,740,0,Air Leakage,0.81,5.49
1476,5.84,680.13,40,10.37,116.65,740,0,Seal Wear,1.69,29.45
1477,5.4,680.15,30,10.33,87.83,740,0,Valve Sticking,2.62,29.6
1478,5.6,680.28,20,10.39,95.44,740,0,Valve Sticking,3.48,35.56
1479,5.67,681.87,10,9.61,115.94,740,0,Seal Wear,2.23,19.91
1480,5.24,682.06,0,10.49,95.0,740,0,Valve Sticking,2.91,18.6
1481,5.27,682.09,10,9.74,105.37,741,0,Valve Sticking,3.43,15.66
1482,5.53,682.15,20,10.29,90.02,742,0,Valve Sticking,2.7,43.57
1483,4.92,682.25,30,11.59,114.51,743,0,Air Leakage,0.9,15.37
1484,5.41,682.33,40,10.08,92.62,744,0,Valve Sticking,2.77,32.7
1485,5.94,683.57,50,10.01,113.0,745,0,Seal Wear,2.26,37.64
1486,5.79,684.86,60,10.17,119.15,746,0,Seal Wear,2.09,25.78
1487,5.69,684.96,70,9.73,85.48,747,0,Valve Sticking,2.51,43.53
1488,5.93,685.61,80,10.39,115.65,748,0,Seal Wear,1.63,41.73
1489,5.56,685.66,90,9.61,95.95,749,0,Valve Sticking,3.13,29.07
1490,5.88,686.81,100,10.2,115.2,750,0,Seal Wear,1.95,43.86
1491,5.91,687.37,90,9.65,112.89,750,0,Seal Wear,1.84,39.88
1492,4.46,687.47,80,11.43,116.22,750,0,Air Leakage,0.84,5.21
1493,5.58,687.67,70,9.56,87.63,750,0,Valve Sticking,2.62,36.55
1494,5.72,687.73,60,9.91,89.1,750,0,Valve Sticking,3.09,39.14
1495,5.7,688.74,50,9.66,119.75,750,0,Seal Wear,2.39,11.67
1496,5.74,690.05,40,9.82,113.71,750,0,Seal Wear,1.61,24.14
1497,5.55,690.94,30,10.17,120.68,750,0,Seal Wear,1.92,5.98
1498,5.14,690.96,20,11.06,100.37,750,0,Air Leakage,1.04,40.17
1499,5.23,691.04,10,11.62,110.01,750,0,Air Leakage,1.13,38.68
1500,5.94,692.36,0,10.2,112.03,750,0,Seal Wear,2.0,46.92
1501,5.87,693.67,10,9.96,112.96,751,0,Seal Wear,2.25,40.33
1502,5.99,694.89,20,9.5,108.95,752,0,Seal Wear,1.89,46.82
1503,5.87,695.82,30,9.71,114.61,753,0,Seal Wear,1.56,27.6
1504,5.18,695.89,40,11.52,101.47,754,0,Air Leakage,1.18,45.85
1505,5.39,695.98,50,9.9,98.1,755,0,Valve Sticking,2.56,23.57
1506,5.42,696.01,60,11.49,105.16,756,0,Air Leakage,1.11,43.51
1507,4.98,696.2,70,11.88,109.39,757,0,Air Leakage,1.1,12.88
1508,4.76,696.36,80,11.06,106.16,758,0,Air Leakage,0.94,22.6
1509,5.02,696.44,90,11.35,104.4,759,0,Air Leakage,0.86,39.89
1510,4.87,696.46,100,12.18,105.73,760,0,Air Leakage,1.18,24.36
1511,5.0,696.49,90,12.25,108.12,760,0,Air Leakage,0.98,26.49
1512,5.51,696.52,80,10.25,96.1,760,0,Valve Sticking,2.76,41.92
1513,5.16,696.54,70,9.83,98.94,760,0,Valve Sticking,2.66,5.43
1514,5.02,696.67,60,11.27,102.37,760,0,Air Leakage,1.17,29.76
1515,5.67,698.11,50,10.0,120.33,760,0,Seal Wear,2.27,8.64
1516,5.15,698.13,40,11.19,111.04,760,0,Air Leakage,1.08,28.25
1517,5.36,698.17,30,9.73,95.1,760,0,Valve Sticking,3.33,22.1
1518,5.05,698.22,20,11.76,107.42,760,0,Air Leakage,1.07,9.36
1519,4.9,698.41,10,11.61,115.59,760,0,Air Leakage,0.98,18.93
1520,5.33,698.45,0,12.1,111.39,760,0,Air Leakage,0.81,30.31
1521,5.16,698.63,10,11.42,113.79,761,0,Air Leakage,0.92,16.88
1522,5.6,698.81,20,10.15,90.37,762,0,Valve Sticking,3.19,48.3
1523,5.7,698.91,30,10.36,88.12,763,0,Valve Sticking,2.57,46.06
1524,4.97,698.92,40,11.44,105.56,764,0,Air Leakage,0.92,24.19
1525,5.25,699.08,50,12.3,104.68,765,0,Air Leakage,1.05,32.24
1526,5.72,700.42,60,10.36,120.38,766,0,Seal Wear,1.66,21.06
1527,4.77,700.61,70,11.14,113.74,767,0,Air Leakage,1.03,16.41
1528,4.99,700.76,80,12.03,112.33,768,0,Air Leakage,1.15,6.67
1529,5.15,700.86,90,9.79,94.84,769,0,Valve Sticking,2.87,7.99
1530,5.16,700.92,100,11.12,106.06,770,0,Air Leakage,0.95,41.9
1531,5.7,701.84,90,9.89,116.61,770,0,Seal Wear,1.77,25.21
1532,5.51,702.7,80,10.44,120.51,770,0,Seal Wear,1.69,6.43
1533,5.31,702.88,70,10.44,98.75,770,0,Valve Sticking,3.26,39.29
1534,5.38,702.94,60,10.27,101.76,770,0,Valve Sticking,2.8,33.97
1535,5.66,704.26,50,9.84,118.0,770,0,Seal Wear,1.95,8.75
1536,4.78,704.29,40,11.93,114.97,770,0,Air Leakage,1.1,5.43
1537,5.77,704.8,30,10.13,113.2,770,0,Seal Wear,1.73,25.83
1538,5.76,705.5,20,9.99,118.51,770,0,Seal Wear,2.17,16.63
1539,5.4,705.61,10,9.9,101.21,770,0,Valve Sticking,2.93,18.18
1540,5.98,706.52,0,10.31,111.15,770,0,Seal Wear,2.35,42.24
1541,4.82,706.58,10,12.15,107.21,771,0,Air Leakage,1.0,15.6
1542,4.99,706.62,20,11.36,112.78,772,0,Air Leakage,0.84,10.46
1543,5.78,707.5,30,9.78,120.05,773,0,Seal Wear,2.0,21.53
1544,5.76,707.67,40,10.33,91.89,774,0,Valve Sticking,3.36,43.79
1545,5.99,708.3,50,9.96,109.52,775,0,Seal Wear,1.83,39.62
1546,5.68,709.44,60,10.35,118.2,776,0,Seal Wear,1.99,25.33
1547,5.33,709.62,70,10.33,92.81,777,0,Valve Sticking,2.85,28.47
1548,5.53,709.81,80,10.0,101.94,778,0,Valve Sticking,2.6,36.21
1549,5.58,710.6,90,10.48,122.91,779,0,Seal Wear,2.37,13.87
1550,5.6,711.92,100,9.96,119.62,780,0,Seal Wear,2.44,5.16
1551,5.57,712.09,90,9.65,94.89,780,0,Valve Sticking,3.97,38.93
1552,5.6,712.2,80,9.89,96.2,780,0,Valve Sticking,3.98,41.79
1553,5.95,713.14,70,10.19,111.08,780,0,Seal Wear,1.54,49.4
1554,5.23,713.25,60,11.65,107.47,780,0,Air Leakage,0.96,45.51
1555,5.4,713.4,50,10.2,94.61,780,0,Valve Sticking,3.71,39.82
1556,5.81,714.38,40,9.63,113.18,780,0,Seal Wear,1.52,26.8
1557,5.19,714.44,30,11.33,98.81,780,0,Air Leakage,1.09,43.71
1558,5.64,714.48,20,10.5,89.83,780,0,Valve Sticking,3.56,46.85
1559,5.96,715.2,10,10.02,113.2,780,0,Seal Wear,2.18,38.65
1560,5.95,716.47,0,10.17,115.79,780,0,Seal Wear,1.6,36.09
1561,5.64,716.53,10,10.08,97.69,781,0,Valve Sticking,2.8,45.62
1562,5.22,716.61,20,10.02,94.19,782,0,Valve Sticking,3.82,27.04
1563,5.25,716.71,30,11.6,106.66,783,0,Air Leakage,0.82,38.71
1564,5.84,717.94,40,9.68,114.93,784,0,Seal Wear,1.56,29.23
1565,4.93,718.02,50,11.86,111.71,785,0,Air Leakage,1.09,6.81
1566,5.79,718.97,60,9.67,113.84,786,0,Seal Wear,2.06,27.57
1567,5.06,719.0,70,11.14,114.3,787,0,Air Leakage,1.03,29.93
1568,5.65,719.05,80,10.34,88.04,788,0,Valve Sticking,2.93,36.4
1569,5.59,720.1,90,9.72,117.71,789,0,Seal Wear,1.56,15.47
1570,5.67,721.02,100,10.2,117.44,790,0,Seal Wear,2.4,16.81
1571,5.53,721.17,90,9.89,90.56,790,0,Valve Sticking,3.01,43.13
1572,5.24,721.21,80,12.06,112.32,790,0,Air Leakage,1.06,26.08
1573,5.95,722.35,70,9.94,113.97,790,0,Seal Wear,1.58,36.82
1574,5.31,722.41,60,11.55,106.71,790,0,Air Leakage,0.9,40.04
1575,5.78,723.67,50,9.57,115.0,790,0,Seal Wear,1.98,24.82
1576,6.02,725.2,40,10.3,108.77,790,0,Seal Wear,2.02,46.93
1577,5.92,726.44,30,9.79,115.71,790,0,Seal Wear,2.48,37.05
1578,5.41,726.59,20,10.28,97.46,790,0,Valve Sticking,3.96,29.63
1579,4.96,726.69,10,11.48,114.66,790,0,Air Leakage,0.98,17.51
1580,4.98,726.8,0,10.91,100.37,790,0,Air Leakage,0.87,42.58
1581,5.18,726.93,10,10.28,103.37,791,0,Valve Sticking,2.51,5.81
1582,5.27,726.93,20,10.12,107.96,792,0,Valve Sticking,3.19,6.83
1583,6.07,728.08,30,9.96,107.18,793,0,Seal Wear,2.37,49.96
1584,5.57,728.18,40,9.67,99.52,794,0,Valve Sticking,3.87,46.72
1585,5.83,729.35,50,10.24,116.54,795,0,Seal Wear,1.67,26.94
1586,5.24,729.37,60,9.52,92.6,796,0,Valve Sticking,2.68,26.08
1587,5.41,729.46,70,9.74,94.2,797,0,Valve Sticking,3.76,26.91
1588,5.57,730.37,80,10.26,116.95,798,0,Seal Wear,1.97,15.0
1589,5.8,731.18,90,10.14,113.47,799,0,Seal Wear,2.39,22.63
1590,4.78,731.2,100,12.04,113.2,800,0,Air Leakage,0.95,12.14
1591,5.81,732.29,90,9.67,111.03,800,0,Seal Wear,2.45,36.75
1592,5.62,733.55,80,10.11,119.02,800,0,Seal Wear,2.49,20.89
1593,5.24,733.66,70,10.34,103.45,800,0,Valve Sticking,3.72,10.23
1594,5.25,733.84,60,11.53,104.11,800,0,Air Leakage,0.92,33.65
1595,5.46,733.95,50,9.5,87.35,800,0,Valve Sticking,2.95,40.03
1596,5.65,734.64,40,9.67,120.17,800,0,Seal Wear,2.13,10.41
1597,5.86,735.99,30,9.96,116.91,800,0,Seal Wear,1.69,37.66
1598,5.58,737.03,20,10.25,116.06,800,0,Seal Wear,2.0,14.2
1599,5.35,737.12,10,10.41,91.62,800,0,Valve Sticking,2.81,26.22
1600,4.92,737.21,0,10.88,116.04,800,0,Air Leakage,1.13,17.7
1601,4.94,737.27,10,11.62,105.58,801,0,Air Leakage,1.02,40.83
1602,5.43,737.44,20,9.83,94.82,802,0,Valve Sticking,3.53,28.02
1603,4.94,737.48,30,11.6,115.62,803,0,Air Leakage,1.16,12.82
1604,4.86,737.52,40,12.0,112.37,804,0,Air Leakage,1.0,7.91
1605,6.0,738.5,50,10.29,110.92,805,0,Seal Wear,1.68,40.36
1606,5.85,739.43,60,10.5,114.74,806,0,Seal Wear,2.09,26.68
1607,5.86,740.99,70,9.74,116.01,807,0,Seal Wear,1.53,28.51
1608,6.04,741.97,80,10.25,108.85,808,0,Seal Wear,1.77,48.32
1609,4.9,742.05,90,11.29,102.01,809,0,Air Leakage,1.15,28.99
1610,5.77,742.85,100,10.5,114.16,810,0,Seal Wear,2.24,37.43
1611,5.46,742.98,90,11.57,104.72,810,0,Air Leakage,0.96,47.14
1612,5.34,743.12,80,10.46,103.13,810,0,Valve Sticking,3.27,20.34
1613,5.16,743.3,70,11.71,111.81,810,0,Air Leakage,1.14,33.11
1614,5.49,743.45,60,9.86,101.95,810,0,Valve Sticking,2.82,26.61
1615,5.17,743.56,50,10.44,96.7,810,0,Valve Sticking,4.0,8.23
1616,5.52,743.64,40,10.32,92.03,810,0,Valve Sticking,3.42,29.91
1617,5.66,744.28,30,10.28,121.5,810,0,Seal Wear,1.86,9.28
1618,5.81,745.6,20,9.65,116.74,810,0,Seal Wear,1.91,38.72
1619,5.27,745.73,10,12.04,103.04,810,0,Air Leakage,1.15,37.26
1620,5.7,747.18,0,9.56,117.79,810,0,Seal Wear,1.7,15.25
1621,5.3,747.27,10,10.08,103.7,811,0,Valve Sticking,2.51,23.25
1622,4.7,747.44,20,12.07,112.9,812,0,Air Leakage,1.07,7.09
1623,5.58,748.08,30,9.66,122.73,813,0,Seal Wear,2.43,6.74
1624,5.36,748.11,40,11.35,103.65,814,0,Air Leakage,0.98,34.44
1625,5.09,748.14,50,10.11,100.55,815,0,Valve Sticking,2.97,7.74
1626,4.71,748.24,60,11.07,115.42,816,0,Air Leakage,0.97,12.43
1627,5.43,748.38,70,9.94,91.31,817,0,Valve Sticking,2.64,33.43
1628,5.04,748.42,80,12.15,100.92,818,0,Air Leakage,0.97,39.83
1629,5.58,749.02,90,9.79,121.37,819,0,Seal Wear,2.29,5.41
1630,4.99,749.07,100,12.35,110.37,820,0,Air Leakage,1.18,31.79
1631,5.76,750.19,90,9.62,115.42,820,0,Seal Wear,1.54,16.89
1632,5.2,750.34,80,10.98,102.69,820,0,Air Leakage,1.0,43.84
1633,5.55,751.42,70,9.95,120.71,820,0,Seal Wear,1.81,9.8
1634,5.78,752.12,60,9.78,112.52,820,0,Seal Wear,1.78,33.46
1635,5.54,752.27,50,9.77,97.08,820,0,Valve Sticking,3.36,37.97
1636,4.67,752.41,40,11.29,111.76,820,0,Air Leakage,1.12,11.54
1637,5.14,752.49,30,11.72,110.77,820,0,Air Leakage,1.12,12.09
1638,5.52,752.58,20,10.15,92.08,820,0,Valve Sticking,3.41,33.44
1639,5.15,752.64,10,9.91,98.56,820,0,Valve Sticking,2.68,6.42
1640,5.17,752.74,0,9.72,103.53,820,0,Valve Sticking,3.56,16.38
1641,5.46,752.8,10,9.58,92.98,821,0,Valve Sticking,3.92,28.24
1642,5.21,752.95,20,10.12,97.88,822,0,Valve Sticking,3.25,6.97
1643,5.23,752.97,30,11.67,104.46,823,0,Air Leakage,0.86,49.77
1644,5.48,753.01,40,10.33,94.11,824,0,Valve Sticking,3.2,12.97
1645,5.42,753.13,50,10.39,104.12,825,0,Valve Sticking,3.02,20.88
1646,5.33,753.33,60,10.21,104.67,826,0,Valve Sticking,3.65,8.02
1647,5.58,753.44,70,9.9,92.84,827,0,Valve Sticking,3.19,28.95
1648,5.46,753.62,80,9.81,99.33,828,0,Valve Sticking,3.99,33.84
1649,5.49,753.69,90,10.13,97.8,829,0,Valve Sticking,3.56,25.74
1650,5.34,753.81,100,11.74,99.52,830,0,Air Leakage,0.86,47.98
1651,5.43,753.82,90,11.95,109.69,830,0,Air Leakage,1.06,40.03
1652,5.76,754.57,80,9.94,117.06,830,0,Seal Wear,1.79,22.66
1653,5.3,754.65,70,10.15,90.64,830,0,Valve Sticking,3.91,30.83
1654,5.73,755.64,60,9.73,119.02,830,0,Seal Wear,1.88,21.06
1655,4.75,755.78,50,11.32,105.95,830,0,Air Leakage,0.93,26.56
1656,4.84,755.81,40,11.39,114.15,830,0,Air Leakage,0.93,8.49
1657,5.23,755.85,30,9.65,103.84,830,0,Valve Sticking,3.21,15.57
1658,4.86,755.9,20,11.91,114.56,830,0,Air Leakage,0.96,22.36
1659,4.67,755.97,10,11.14,117.39,830,0,Air Leakage,0.97,8.09
1660,5.82,756.75,0,9.96,114.3,830,0,Seal Wear,1.83,28.04
1661,5.33,756.8,10,9.56,91.35,831,0,Valve Sticking,2.84,21.99
1662,5.88,757.44,20,10.06,112.37,832,0,Seal Wear,2.3,32.6
1663,5.83,758.23,30,9.74,113.51,833,0,Seal Wear,1.93,31.07
1664,5.0,758.24,40,12.18,105.67,834,0,Air Leakage,0.96,45.93
1665,5.6,758.42,50,10.08,94.13,835,0,Valve Sticking,2.55,47.38
1666,5.16,758.44,60,11.66,105.94,836,0,Air Leakage,1.15,30.89
1667,4.88,758.46,70,10.97,103.23,837,0,Air Leakage,1.18,44.4
1668,5.84,759.64,80,10.44,111.4,838,0,Seal Wear,1.79,38.08
1669,5.2,759.77,90,11.87,108.17,839,0,Air Leakage,0.92,27.41
1670,5.4,759.85,100,11.69,107.46,840,0,Air Leakage,0.89,45.65
1671,4.88,759.99,90,12.27,112.15,840,0,Air Leakage,0.81,6.68
1672,5.91,761.02,80,9.98,110.05,840,0,Seal Wear,2.06,48.03
1673,5.16,761.03,70,9.93,93.68,840,0,Valve Sticking,3.95,11.56
1674,4.79,761.05,60,12.1,107.47,840,0,Air Leakage,0.93,17.79
1675,5.72,761.85,50,10.3,114.58,840,0,Seal Wear,2.2,31.01
1676,5.8,763.15,40,10.38,117.32,840,0,Seal Wear,2.21,30.1
1677,4.92,763.27,30,11.93,112.87,840,0,Air Leakage,0.94,7.75
1678,4.8,763.33,20,11.55,110.79,840,0,Air Leakage,0.95,18.21
1679,5.94,764.56,10,10.14,109.23,840,0,Seal Wear,1.76,45.92
1680,5.83,765.33,0,9.71,110.72,840,0,Seal Wear,1.84,42.46
1681,4.97,765.46,10,12.06,110.23,841,0,Air Leakage,0.97,40.51
1682,5.43,765.59,20,9.53,98.64,842,0,Valve Sticking,2.62,19.82
1683,5.96,766.7,30,10.27,114.45,843,0,Seal Wear,1.91,36.84
1684,5.95,767.46,40,10.34,108.69,844,0,Seal Wear,2.01,48.67
1685,5.84,768.18,50,10.3,110.29,845,0,Seal Wear,2.12,35.95
1686,5.56,769.43,60,9.99,121.9,846,0,Seal Wear,2.44,12.49
1687,4.78,769.54,70,11.17,112.66,847,0,Air Leakage,0.96,13.96
1688,5.43,769.55,80,9.57,95.1,848,0,Valve Sticking,2.85,19.61
1689,5.56,770.78,90,9.9,118.51,849,0,Seal Wear,2.21,8.59
1690,5.64,770.82,100,10.43,87.55,850,0,Valve Sticking,3.79,37.41
1691,5.94,771.97,90,9.88,110.32,850,0,Seal Wear,1.94,46.07
1692,5.14,772.11,80,10.78,114.43,850,0,Air Leakage,0.93,24.45
1693,5.23,772.15,70,10.43,103.63,850,0,Valve Sticking,3.46,9.48
1694,5.15,772.28,60,11.65,100.0,850,0,Air Leakage,0.95,44.65
1695,5.35,772.47,50,10.05,97.22,850,0,Valve Sticking,3.87,23.14
1696,5.21,772.55,40,10.66,104.22,850,0,Air Leakage,0.9,34.79
1697,5.5,772.57,30,11.92,104.63,850,0,Air Leakage,1.03,46.82
1698,5.4,772.66,20,10.49,97.07,850,0,Valve Sticking,3.96,28.5
1699,5.09,772.7,10,11.38,108.86,850,0,Air Leakage,1.18,43.43
1700,5.71,773.33,0,9.71,117.3,850,0,Seal Wear,2.13,27.34
1701,5.06,773.37,10,11.14,107.76,851,0,Air Leakage,1.08,36.79
1702,5.39,773.43,20,9.75,102.12,852,0,Valve Sticking,2.9,22.61
1703,5.86,774.55,30,9.67,111.3,853,0,Seal Wear,2.28,45.15
1704,5.75,776.02,40,9.78,115.5,854,0,Seal Wear,1.81,29.57
1705,5.5,776.03,50,11.64,107.53,855,0,Air Leakage,1.01,49.1
1706,5.64,776.08,60,10.34,95.54,856,0,Valve Sticking,3.83,48.31
1707,5.63,777.31,70,10.41,117.73,857,0,Seal Wear,1.96,10.3
1708,5.18,777.36,80,12.13,106.71,858,0,Air Leakage,0.98,34.63
1709,5.38,777.42,90,9.84,89.04,859,0,Valve Sticking,2.72,38.44
1710,5.6,777.44,100,10.23,99.83,860,0,Valve Sticking,3.98,41.4
1711,5.48,778.43,90,9.52,120.2,860,0,Seal Wear,2.03,6.45
1712,5.02,778.56,80,11.33,106.72,860,0,Air Leakage,1.07,45.09
1713,5.71,779.64,70,9.84,120.31,860,0,Seal Wear,2.14,16.45
1714,5.01,779.76,60,11.98,111.72,860,0,Air Leakage,1.19,11.88
1715,5.42,779.8,50,9.82,100.27,860,0,Valve Sticking,3.35,22.65
1716,5.32,779.82,40,9.63,88.95,860,0,Valve Sticking,2.7,31.88
1717,5.53,780.66,30,10.3,116.45,860,0,Seal Wear,1.69,12.74
1718,4.62,780.69,20,11.94,112.99,860,0,Air Leakage,0.88,13.18
1719,5.75,781.99,10,9.86,117.69,860,0,Seal Wear,1.52,21.97
1720,5.23,782.14,0,11.63,97.98,860,0,Air Leakage,0.87,47.57
1721,5.95,782.68,10,10.39,111.37,861,0,Seal Wear,2.2,47.9
1722,5.78,784.13,20,9.56,115.41,862,0,Seal Wear,2.01,33.43
1723,5.86,785.16,30,10.12,111.92,863,0,Seal Wear,2.46,33.44
1724,5.02,785.29,40,11.64,114.33,864,0,Air Leakage,1.14,26.11
1725,5.33,785.47,50,10.48,99.22,865,0,Valve Sticking,3.41,15.24
1726,5.87,786.89,60,9.9,113.04,866,0,Seal Wear,1.91,39.03
1727,4.66,787.0,70,11.57,110.17,867,0,Air Leakage,1.19,6.09
1728,5.07,787.19,80,11.19,106.5,868,0,Air Leakage,0.82,25.58
1729,5.03,787.26,90,11.38,107.4,869,0,Air Leakage,0.97,26.05
1730,5.74,788.06,100,10.38,117.12,870,0,Seal Wear,2.21,32.31
1731,5.63,789.44,90,10.37,121.0,870,0,Seal Wear,1.84,6.59
1732,5.01,789.46,80,11.32,111.21,870,0,Air Leakage,0.82,19.95
1733,5.69,789.54,70,10.16,95.81,870,0,Valve Sticking,2.94,49.35
1734,5.86,790.88,60,9.83,111.08,870,0,Seal Wear,1.58,42.6
1735,5.37,791.03,50,9.89,101.5,870,0,Valve Sticking,2.78,33.6
1736,6.0,792.35,40,9.69,114.35,870,0,Seal Wear,2.38,49.29
1737,5.55,792.48,30,9.9,102.18,870,0,Valve Sticking,2.69,21.9
1738,4.83,792.56,20,11.38,109.68,870,0,Air Leakage,1.06,15.56
1739,5.34,792.56,10,9.95,96.31,870,0,Valve Sticking,3.74,26.03
1740,5.46,792.6,0,9.68,95.04,870,0,Valve Sticking,3.32,29.4
1741,5.74,794.05,10,10.42,115.44,871,0,Seal Wear,2.02,21.61
1742,4.77,794.15,20,11.63,106.61,872,0,Air Leakage,0.9,21.3
1743,5.92,795.48,30,10.41,115.56,873,0,Seal Wear,1.8,34.47
1744,4.76,795.52,40,11.66,109.53,874,0,Air Leakage,0.98,15.26
1745,5.58,795.53,50,10.11,97.77,875,0,Valve Sticking,3.12,28.32
1746,5.63,796.24,60,10.14,115.77,876,0,Seal Wear,1.98,20.78
1747,5.82,797.63,70,10.0,111.67,877,0,Seal Wear,1.67,39.96
1748,5.38,797.8,80,9.94,99.74,878,0,Valve Sticking,2.86,32.2
1749,5.6,797.99,90,10.14,101.61,879,0,Valve Sticking,3.95,27.53
1750,5.12,798.02,100,11.14,107.05,880,0,Air Leakage,1.07,44.26
1751,4.75,798.17,90,11.95,110.35,880,0,Air Leakage,0.82,9.5
1752,5.27,798.19,80,10.29,92.73,880,0,Valve Sticking,2.79,15.94
1753,5.52,798.92,70,10.25,121.11,880,0,Seal Wear,2.15,5.64
1754,5.35,798.95,60,10.9,102.31,880,0,Air Leakage,1.06,49.7
1755,6.07,799.97,50,9.89,112.0,880,0,Seal Wear,2.15,49.07
1756,4.77,799.99,40,11.54,116.9,880,0,Air Leakage,0.92,14.72
1757,5.38,800.12,30,9.68,96.11,880,0,Valve Sticking,2.57,36.9
1758,5.92,801.62,20,9.96,114.84,880,0,Seal Wear,1.53,33.66
1759,5.05,801.69,10,12.34,113.53,880,0,Air Leakage,1.19,21.59
1760,5.58,802.52,0,10.47,120.79,880,0,Seal Wear,2.42,17.28
1761,5.93,803.17,10,10.33,113.03,881,0,Seal Wear,2.45,42.6
1762,5.41,803.36,20,9.87,98.03,882,0,Valve Sticking,3.63,38.46
1763,5.63,803.5,30,9.71,88.88,883,0,Valve Sticking,3.8,46.35
1764,4.59,803.66,40,11.63,114.92,884,0,Air Leakage,1.19,7.23
1765,5.26,803.76,50,11.77,104.67,885,0,Air Leakage,1.08,44.56
1766,5.08,803.77,60,11.05,105.7,886,0,Air Leakage,0.91,19.31
1767,5.55,803.78,70,9.62,88.6,887,0,Valve Sticking,3.95,48.33
1768,5.53,803.94,80,10.2,99.53,888,0,Valve Sticking,2.94,29.52
1769,4.98,804.09,90,12.2,108.44,889,0,Air Leakage,1.0,39.09
1770,5.16,804.16,100,10.43,92.5,890,0,Valve Sticking,3.98,15.99
1771,5.38,804.35,90,9.89,87.72,890,0,Valve Sticking,3.45,30.92
1772,5.38,804.54,80,10.42,93.14,890,0,Valve Sticking,3.62,31.92
1773,5.41,804.71,70,9.89,86.61,890,0,Valve Sticking,3.06,30.21
1774,5.49,805.63,60,10.11,119.83,890,0,Seal Wear,1.99,6.36
1775,5.64,805.71,50,9.78,97.6,890,0,Valve Sticking,3.94,34.88
1776,5.02,805.8,40,11.39,114.22,890,0,Air Leakage,1.03,8.38
1777,5.32,805.83,30,12.1,109.36,890,0,Air Leakage,1.08,38.03
1778,5.39,805.88,20,10.49,99.65,890,0,Valve Sticking,3.71,28.08
1779,5.4,805.97,10,10.15,91.8,890,0,Valve Sticking,3.2,31.86
1780,5.35,806.01,0,9.98,101.64,890,0,Valve Sticking,3.5,21.09
1781,4.79,806.1,10,12.11,106.51,891,0,Air Leakage,1.09,24.54
1782,5.12,806.12,20,11.45,112.07,892,0,Air Leakage,1.16,8.9
1783,5.47,806.16,30,9.6,102.6,893,0,Valve Sticking,2.6,9.55
1784,5.67,807.13,40,10.48,118.67,894,0,Seal Wear,1.92,24.65
1785,4.96,807.27,50,12.12,105.37,895,0,Air Leakage,1.07,25.64
1786,5.93,808.63,60,10.29,113.98,896,0,Seal Wear,2.07,45.36
1787,5.85,809.35,70,9.72,112.18,897,0,Seal Wear,2.37,43.1
1788,5.59,810.49,80,9.54,116.75,898,0,Seal Wear,1.98,18.4
1789,5.09,810.67,90,9.94,97.09,899,0,Valve Sticking,3.83,12.07
1790,5.52,810.83,100,9.77,93.26,900,0,Valve Sticking,3.95,21.92
1791,5.76,812.24,90,9.73,117.09,900,0,Seal Wear,1.97,18.17
1792,5.21,812.43,80,9.69,94.43,900,0,Valve Sticking,3.23,13.35
1793,5.61,813.83,70,10.33,119.97,900,0,Seal Wear,2.3,15.76
1794,5.52,814.0,60,10.45,96.78,900,0,Valve Sticking,3.42,48.04
1795,5.46,814.15,50,9.65,92.4,900,0,Valve Sticking,2.81,29.43
1796,5.85,815.24,40,9.9,113.9,900,0,Seal Wear,1.89,36.06
1797,5.7,815.28,30,9.63,92.41,900,0,Valve Sticking,3.51,35.01
1798,5.53,815.48,20,10.33,100.04,900,0,Valve Sticking,3.02,35.68
1799,5.33,815.49,10,10.23,91.08,900,0,Valve Sticking,3.46,26.58
1800,5.11,815.53,0,10.16,95.25,900,0,Valve Sticking,3.21,7.96
1801,5.46,815.58,10,9.89,95.36,901,0,Valve Sticking,3.75,34.32
1802,6.0,816.94,20,10.3,112.51,902,0,Seal Wear,1.82,47.34
1803,5.64,817.11,30,9.75,96.28,903,0,Valve Sticking,3.97,31.97
1804,5.54,817.27,40,10.38,90.48,904,0,Valve Sticking,3.81,40.44
1805,5.09,817.34,50,10.7,109.51,905,0,Air Leakage,0.94,31.86
1806,5.85,817.99,60,10.24,116.27,906,0,Seal Wear,2.46,31.12
1807,5.01,818.16,70,12.23,110.12,907,0,Air Leakage,1.04,45.1
1808,4.83,818.22,80,11.47,108.99,908,0,Air Leakage,0.94,24.42
1809,5.47,818.38,90,10.44,102.69,909,0,Valve Sticking,3.13,11.99
1810,5.79,819.17,100,10.33,113.03,910,0,Seal Wear,2.35,39.17
1811,5.36,819.25,90,9.95,94.38,910,0,Valve Sticking,2.98,28.76
1812,5.0,819.28,80,12.08,112.55,910,0,Air Leakage,0.93,29.67
1813,5.83,820.9,70,10.08,115.25,910,0,Seal Wear,2.08,37.1
1814,5.28,821.06,60,9.8,103.54,910,0,Valve Sticking,3.13,5.18
1815,5.72,821.24,50,9.81,89.13,910,0,Valve Sticking,2.62,44.76
1816,5.81,822.38,40,9.57,118.1,910,0,Seal Wear,2.27,24.29
1817,5.25,822.43,30,9.76,96.73,910,0,Valve Sticking,3.73,13.11
1818,5.55,824.06,20,10.3,122.05,910,0,Seal Wear,2.5,12.25
1819,4.93,824.2,10,11.91,115.8,910,0,Air Leakage,0.96,10.94
1820,5.62,825.28,0,9.83,119.2,910,0,Seal Wear,2.09,6.66
1821,5.25,825.46,10,9.88,105.35,911,0,Valve Sticking,3.22,10.44
1822,5.52,827.07,20,9.69,117.69,912,0,Seal Wear,2.2,10.34
1823,5.21,827.08,30,11.51,110.73,913,0,Air Leakage,0.88,20.99
1824,5.58,828.4,40,9.96,116.41,914,0,Seal Wear,1.87,17.42
1825,5.51,828.44,50,9.87,90.09,915,0,Valve Sticking,3.19,45.71
1826,5.87,829.02,60,9.55,114.25,916,0,Seal Wear,1.59,39.56
1827,4.75,829.16,70,11.79,119.83,917,0,Air Leakage,1.18,6.32
1828,5.26,829.2,80,11.3,100.94,918,0,Air Leakage,0.92,43.68
1829,5.77,830.37,90,10.47,113.87,919,0,Seal Wear,1.67,27.43
1830,5.72,831.36,100,10.35,118.05,920,0,Seal Wear,1.52,17.23
1831,5.41,831.48,90,9.74,102.09,920,0,Valve Sticking,2.82,29.25
1832,5.09,831.51,80,11.8,112.06,920,0,Air Leakage,1.17,8.95
1833,5.4,831.7,70,12.12,100.93,920,0,Air Leakage,1.1,48.8
1834,5.26,831.71,60,9.97,99.25,920,0,Valve Sticking,3.64,5.87
1835,4.98,831.76,50,11.03,115.56,920,0,Air Leakage,1.07,8.03
1836,5.15,831.93,40,11.53,101.0,920,0,Air Leakage,0.97,46.08
1837,5.73,833.24,30,9.52,117.31,920,0,Seal Wear,1.81,17.23
1838,5.59,833.34,20,10.09,95.1,920,0,Valve Sticking,3.53,48.41
1839,5.87,834.29,10,10.11,116.22,920,0,Seal Wear,1.98,36.36
1840,4.98,834.39,0,11.46,115.97,920,0,Air Leakage,0.81,10.58
1841,5.29,834.46,10,9.53,98.05,921,0,Valve Sticking,3.29,13.62
1842,5.58,834.47,20,9.77,84.27,922,0,Valve Sticking,3.91,45.63
1843,5.05,834.6,30,11.3,112.17,923,0,Air Leakage,0.88,24.63
1844,5.81,835.8,40,10.41,111.43,924,0,Seal Wear,1.91,32.82
1845,5.62,837.27,50,10.05,119.85,925,0,Seal Wear,2.47,21.3
1846,5.25,837.44,60,11.67,105.12,926,0,Air Leakage,0.9,47.36
1847,5.43,837.48,70,9.93,103.94,927,0,Valve Sticking,3.39,24.93
1848,5.3,837.56,80,10.49,91.83,928,0,Valve Sticking,2.71,30.24
1849,5.5,837.74,90,9.77,104.22,929,0,Valve Sticking,3.68,27.52
1850,5.78,839.3,100,9.51,118.04,930,0,Seal Wear,1.97,25.08
1851,5.64,840.14,90,10.3,115.91,930,0,Seal Wear,1.87,14.23
1852,5.75,841.43,80,10.19,115.52,930,0,Seal Wear,2.22,31.55
1853,6.05,842.44,70,9.54,107.61,930,0,Seal Wear,1.78,46.35
1854,5.49,842.49,60,10.41,93.48,930,0,Valve Sticking,3.67,24.55
1855,4.99,842.65,50,10.86,104.41,930,0,Air Leakage,1.02,25.91
1856,5.98,844.04,40,10.4,114.63,930,0,Seal Wear,1.51,38.89
1857,5.94,844.69,30,9.83,111.08,930,0,Seal Wear,1.74,40.13
1858,5.32,844.77,20,10.09,93.82,930,0,Valve Sticking,3.7,8.73
1859,5.29,844.94,10,9.95,102.67,930,0,Valve Sticking,3.11,17.08
1860,5.08,845.13,0,9.63,98.98,930,0,Valve Sticking,3.04,9.27
1861,5.98,846.3,10,10.13,108.68,931,0,Seal Wear,1.76,49.39
1862,5.46,846.39,20,9.66,100.88,932,0,Valve Sticking,3.18,26.52
1863,5.19,846.47,30,11.03,103.44,933,0,Air Leakage,1.05,30.66
1864,4.97,846.65,40,11.65,108.8,934,0,Air Leakage,0.85,27.52
1865,4.82,846.84,50,11.58,115.44,935,0,Air Leakage,1.07,12.15
1866,5.71,847.96,60,9.53,118.88,936,0,Seal Wear,2.49,27.27
1867,4.97,848.13,70,11.53,104.47,937,0,Air Leakage,1.06,31.73
1868,6.02,849.59,80,10.32,111.93,938,0,Seal Wear,2.13,45.19
1869,5.26,849.65,90,9.93,104.12,939,0,Valve Sticking,3.31,6.87
1870,5.27,849.69,100,9.66,99.42,940,0,Valve Sticking,3.54,5.48
1871,4.8,849.87,90,11.62,114.56,940,0,Air Leakage,1.01,7.45
1872,5.34,849.95,80,10.31,87.68,940,0,Valve Sticking,3.69,30.46
1873,5.75,850.67,70,10.34,119.63,940,0,Seal Wear,2.15,20.29
1874,5.61,852.12,60,10.41,117.15,940,0,Seal Wear,1.82,16.21
1875,5.59,852.79,50,10.5,120.66,940,0,Seal Wear,1.68,12.22
1876,5.2,852.98,40,10.0,99.04,940,0,Valve Sticking,3.23,6.9
1877,5.02,853.17,30,11.1,108.95,940,0,Air Leakage,0.97,9.3
1878,5.53,853.22,20,9.9,85.91,940,0,Valve Sticking,3.73,47.87
1879,5.26,853.29,10,11.11,107.87,940,0,Air Leakage,1.11,34.52
1880,5.88,854.38,0,9.84,114.43,940,0,Seal Wear,2.1,33.42
1881,5.8,855.55,10,10.22,118.51,941,0,Seal Wear,1.79,25.23
1882,5.92,856.76,20,9.78,113.6,942,0,Seal Wear,2.37,33.2
1883,5.81,857.99,30,10.23,114.79,943,0,Seal Wear,1.65,28.63
1884,5.54,858.13,40,9.76,100.36,944,0,Valve Sticking,3.87,34.08
1885,5.91,859.4,50,10.08,111.44,945,0,Seal Wear,1.76,40.78
1886,5.6,860.11,60,9.73,118.49,946,0,Seal Wear,1.88,14.01
1887,5.32,860.13,70,10.41,92.42,947,0,Valve Sticking,3.67,22.91
1888,5.35,860.15,80,10.39,98.83,948,0,Valve Sticking,3.31,18.79
1889,5.6,861.64,90,9.76,117.37,949,0,Seal Wear,1.88,19.4
1890,5.16,861.69,100,9.5,107.8,950,0,Valve Sticking,3.26,8.16
1891,5.92,862.73,90,9.83,112.94,950,0,Seal Wear,1.66,38.04
1892,5.4,862.8,80,9.88,96.09,950,0,Valve Sticking,3.64,25.02
1893,5.62,864.26,70,9.5,114.89,950,0,Seal Wear,2.3,14.88
1894,5.68,865.24,60,10.22,121.12,950,0,Seal Wear,2.18,18.32
1895,5.36,865.32,50,11.78,107.28,950,0,Air Leakage,1.16,37.62
1896,5.93,866.35,40,9.7,112.65,950,0,Seal Wear,2.44,34.4
1897,5.47,866.53,30,9.57,96.56,950,0,Valve Sticking,3.99,38.79
1898,5.68,867.19,20,10.25,114.1,950,0,Seal Wear,2.37,22.86
1899,5.28,867.39,10,9.7,99.87,950,0,Valve Sticking,3.89,6.35
1900,5.46,867.55,0,10.2,97.33,950,0,Valve Sticking,3.47,41.68
1901,5.19,867.56,10,9.86,102.23,951,0,Valve Sticking,3.59,7.55
1902,4.9,867.75,20,12.06,102.87,952,0,Air Leakage,1.14,41.25
1903,4.73,867.94,30,10.93,114.41,953,0,Air Leakage,0.89,9.49
1904,5.49,868.11,40,10.03,84.77,954,0,Valve Sticking,3.53,40.49
1905,6.05,868.81,50,9.84,108.61,955,0,Seal Wear,1.93,49.49
1906,5.68,869.46,60,10.33,122.15,956,0,Seal Wear,1.65,8.17
1907,5.34,869.64,70,10.3,95.76,957,0,Valve Sticking,2.88,19.43
1908,5.34,869.77,80,9.56,88.41,958,0,Valve Sticking,2.59,28.67
1909,5.09,869.84,90,10.15,103.15,959,0,Valve Sticking,2.51,5.31
1910,5.86,870.56,100,10.16,112.36,960,0,Seal Wear,1.91,37.45
1911,5.29,870.74,90,10.07,104.81,960,0,Valve Sticking,3.46,14.73
1912,4.6,870.76,80,11.77,112.73,960,0,Air Leakage,0.82,7.6
1913,5.88,872.35,70,10.39,113.19,960,0,Seal Wear,2.46,39.56
1914,5.97,873.59,60,10.05,113.48,960,0,Seal Wear,2.39,45.71
1915,6.06,874.73,50,9.88,108.51,960,0,Seal Wear,2.45,46.26
1916,5.89,875.48,40,10.03,114.09,960,0,Seal Wear,2.48,36.19
1917,5.33,875.63,30,9.89,99.65,960,0,Valve Sticking,3.1,20.54
1918,4.76,875.76,20,11.52,112.69,960,0,Air Leakage,0.83,17.66
1919,5.64,876.48,10,10.44,117.95,960,0,Seal Wear,1.89,5.13
1920,5.13,876.54,0,11.36,104.2,960,0,Air Leakage,0.87,48.91
1921,5.7,877.7,10,10.49,116.8,961,0,Seal Wear,1.86,10.37
1922,5.58,877.84,20,10.14,99.93,962,0,Valve Sticking,3.73,29.46
1923,5.29,877.93,30,10.04,95.18,963,0,Valve Sticking,3.52,20.83
1924,5.57,878.0,40,9.88,90.73,964,0,Valve Sticking,2.69,46.07
1925,5.57,878.11,50,10.19,95.62,965,0,Valve Sticking,3.29,22.28
1926,5.26,878.21,60,10.74,100.29,966,0,Air Leakage,1.19,40.84
1927,4.93,878.28,70,11.61,109.57,967,0,Air Leakage,0.86,7.65
1928,5.66,879.26,80,9.8,119.36,968,0,Seal Wear,2.35,8.03
1929,5.47,879.35,90,10.09,93.76,969,0,Valve Sticking,3.79,40.24
1930,5.82,880.58,100,10.12,113.83,970,0,Seal Wear,1.76,25.39
1931,5.1,880.7,90,11.18,104.01,970,0,Air Leakage,1.19,32.63
1932,4.86,880.79,80,12.1,108.44,970,0,Air Leakage,1.13,24.17
1933,5.02,880.83,70,11.41,110.93,970,0,Air Leakage,0.99,39.36
1934,5.17,880.85,60,12.1,103.02,970,0,Air Leakage,1.11,39.96
1935,5.14,880.99,50,10.85,103.43,970,0,Air Leakage,1.03,32.98
1936,5.04,881.01,40,11.58,107.98,970,0,Air Leakage,1.03,12.62
1937,5.89,882.37,30,10.04,110.58,970,0,Seal Wear,1.56,39.88
1938,5.4,882.41,20,10.13,102.12,970,0,Valve Sticking,3.2,20.3
1939,5.4,882.61,10,10.08,95.34,970,0,Valve Sticking,3.9,15.18
1940,5.77,883.81,0,10.06,115.88,970,0,Seal Wear,2.4,28.13
1941,4.9,883.93,10,10.76,104.6,971,0,Air Leakage,1.05,31.67
1942,4.77,884.11,20,12.06,108.36,972,0,Air Leakage,1.15,11.81
1943,5.39,884.15,30,9.68,103.0,973,0,Valve Sticking,3.33,19.73
1944,5.33,884.2,40,11.59,109.17,974,0,Air Leakage,0.92,38.65
1945,5.2,884.23,50,10.01,107.03,975,0,Valve Sticking,3.29,6.76
1946,5.25,884.36,60,11.43,107.04,976,0,Air Leakage,1.15,48.34
1947,5.89,885.36,70,10.0,111.18,977,0,Seal Wear,2.1,46.04
1948,5.63,886.28,80,10.02,117.6,978,0,Seal Wear,1.75,11.97
1949,4.95,886.47,90,12.18,105.88,979,0,Air Leakage,0.94,24.17
1950,5.37,886.6,100,9.66,95.45,980,0,Valve Sticking,3.31,6.82
1951,5.89,887.64,90,10.41,112.42,980,0,Seal Wear,1.97,38.09
1952,5.63,888.89,80,10.38,121.76,980,0,Seal Wear,1.57,7.58
1953,5.4,889.04,70,9.98,97.01,980,0,Valve Sticking,3.57,36.8
1954,5.24,889.06,60,10.12,96.78,980,0,Valve Sticking,3.76,7.73
1955,5.33,889.19,50,11.61,105.62,980,0,Air Leakage,0.98,47.17
1956,5.41,889.23,40,10.38,89.3,980,0,Valve Sticking,3.42,20.36
1957,5.57,890.05,30,10.46,117.9,980,0,Seal Wear,2.11,9.35
1958,4.89,890.23,20,11.71,112.26,980,0,Air Leakage,1.0,11.5
1959,5.82,891.0,10,10.23,111.94,980,0,Seal Wear,1.58,33.67
1960,5.66,891.16,0,10.4,94.44,980,0,Valve Sticking,3.35,34.63
1961,5.46,891.2,10,9.84,89.3,981,0,Valve Sticking,3.65,27.63
1962,5.13,891.25,20,11.73,105.28,982,0,Air Leakage,0.81,38.96
1963,6.0,892.36,30,10.25,114.69,983,0,Seal Wear,2.17,40.2
1964,5.05,892.54,40,10.83,103.19,984,0,Air Leakage,1.11,33.21
1965,5.66,894.11,50,9.66,114.94,985,0,Seal Wear,2.12,26.08
1966,5.53,895.18,60,9.79,120.67,986,0,Seal Wear,1.51,7.0
1967,5.7,895.3,70,10.24,98.36,987,0,Valve Sticking,3.16,38.59
1968,5.74,896.87,80,9.62,118.35,988,0,Seal Wear,2.3,16.99
1969,5.23,896.89,90,11.45,106.86,989,0,Air Leakage,1.12,29.69
1970,4.8,896.97,100,11.93,105.48,990,0,Air Leakage,0.92,29.17
1971,5.06,896.99,90,12.03,104.6,990,0,Air Leakage,1.13,38.88
1972,5.58,897.1,80,9.85,96.25,990,0,Valve Sticking,3.72,34.09
1973,4.74,897.15,70,11.23,111.56,990,0,Air Leakage,0.98,11.89
1974,5.02,897.18,60,10.98,107.77,990,0,Air Leakage,0.88,37.88
1975,5.43,897.3,50,10.33,89.19,990,0,Valve Sticking,3.2,27.63
1976,5.1,897.46,40,11.7,101.75,990,0,Air Leakage,0.88,41.73
1977,5.72,898.19,30,10.32,113.71,990,0,Seal Wear,1.91,26.15
1978,4.82,898.29,20,11.53,106.09,990,0,Air Leakage,1.07,28.95
1979,5.34,898.36,10,11.9,101.7,990,0,Air Leakage,1.03,37.67
1980,5.55,898.36,0,10.02,97.54,990,0,Valve Sticking,2.74,41.06
1981,5.51,899.17,10,10.47,119.96,991,0,Seal Wear,2.16,10.02
1982,5.53,899.27,20,10.08,85.25,992,0,Valve Sticking,3.87,41.24
1983,5.91,900.6,30,10.2,112.3,993,0,Seal Wear,1.57,36.78
1984,5.17,900.77,40,11.1,107.95,994,0,Air Leakage,0.8,38.89
1985,5.2,900.84,50,12.08,107.44,995,0,Air Leakage,1.03,41.44
1986,5.77,901.59,60,10.12,115.6,996,0,Seal Wear,2.09,22.78
1987,5.58,901.73,70,9.85,91.09,997,0,Valve Sticking,3.41,26.77
1988,4.81,901.84,80,11.32,103.62,998,0,Air Leakage,0.88,27.3
1989,4.99,902.04,90,11.49,113.0,999,0,Air Leakage,0.94,33.48
1990,5.35,902.18,100,10.03,105.25,1000,0,Valve Sticking,3.17,19.6
1991,5.55,902.19,90,9.66,92.44,1000,0,Valve Sticking,2.56,41.43
1992,5.32,902.36,80,10.55,103.86,1000,0,Air Leakage,0.89,30.89
1993,4.76,902.43,70,11.81,111.37,1000,0,Air Leakage,0.9,19.38
1994,5.1,902.6,60,11.61,107.95,1000,0,Air Leakage,1.02,48.9
1995,5.35,902.69,50,10.31,98.76,1000,0,Valve Sticking,3.74,30.26
1996,4.89,902.86,40,11.7,109.59,1000,0,Air Leakage,1.13,23.89
1997,6.08,903.62,30,10.28,111.24,1000,0,Seal Wear,2.36,49.13
1998,5.99,904.63,20,9.81,108.89,1000,0,Seal Wear,2.38,48.05
1999,5.06,904.78,10,11.05,109.78,1000,0,Air Leakage,1.05,30.72
2000,5.26,904.9,0,11.46,108.27,1000,0,Air Leakage,0.97,37.87
2001,4.63,904.92,10,11.91,112.94,1001,0,Air Leakage,0.98,5.93
2002,5.28,905.03,20,10.01,105.94,1002,0,Valve Sticking,2.87,8.64
2003,5.86,905.83,30,10.3,113.01,1003,0,Seal Wear,1.72,31.38
2004,5.52,906.76,40,10.33,120.49,1004,0,Seal Wear,1.94,11.93
2005,5.82,907.45,50,10.4,112.12,1005,0,Seal Wear,1.64,30.49
2006,5.53,908.23,60,10.12,120.07,1006,0,Seal Wear,2.3,8.42
2007,5.88,909.85,70,9.52,114.7,1007,0,Seal Wear,1.72,31.2
2008,5.72,909.98,80,10.48,97.61,1008,0,Valve Sticking,3.56,37.69
2009,5.45,910.14,90,9.95,99.21,1009,0,Valve Sticking,3.37,7.86
2010,5.78,911.81,100,9.58,119.23,1010,0,Seal Wear,1.62,18.88
2011,5.74,911.85,90,9.76,87.31,1010,0,Valve Sticking,3.63,46.27
2012,5.67,912.99,80,10.13,115.67,1010,0,Seal Wear,1.94,19.25
2013,5.2,913.04,70,10.19,96.63,1010,0,Valve Sticking,2.9,9.74
2014,5.39,913.12,60,11.42,99.57,1010,0,Air Leakage,1.03,45.18
2015,5.24,913.29,50,9.99,98.76,1010,0,Valve Sticking,3.87,10.86
2016,5.18,913.35,40,10.36,98.3,1010,0,Valve Sticking,3.61,19.1
2017,5.68,913.39,30,9.84,90.37,1010,0,Valve Sticking,3.13,48.05
2018,5.17,913.41,20,10.28,96.8,1010,0,Valve Sticking,3.72,15.61
2019,5.97,914.46,10,9.57,114.22,1010,0,Seal Wear,2.13,49.01
2020,5.48,914.6,0,9.87,92.49,1010,0,Valve Sticking,3.94,26.1
2021,5.23,914.76,10,10.16,102.82,1011,0,Valve Sticking,3.01,21.52
2022,5.48,914.8,20,10.36,94.58,1012,0,Valve Sticking,2.98,22.5
2023,5.63,914.99,30,9.88,90.21,1013,0,Valve Sticking,3.83,44.18
2024,5.58,916.5,40,9.83,114.96,1014,0,Seal Wear,2.45,16.52
2025,5.54,917.32,50,9.66,120.7,1015,0,Seal Wear,1.8,14.11
2026,5.63,918.53,60,10.22,117.55,1016,0,Seal Wear,2.17,17.39
2027,5.62,918.67,70,10.4,98.68,1017,0,Valve Sticking,2.87,42.23
2028,5.18,918.78,80,11.25,112.04,1018,0,Air Leakage,0.83,32.31
2029,5.24,918.88,90,10.21,95.04,1019,0,Valve Sticking,2.86,26.76
2030,5.84,919.48,100,9.83,112.16,1020,0,Seal Wear,2.31,32.08
2031,5.77,920.12,90,10.26,118.57,1020,0,Seal Wear,2.23,24.85
2032,6.03,921.49,80,9.64,114.36,1020,0,Seal Wear,2.33,45.5
2033,5.52,921.51,70,9.6,93.92,1020,0,Valve Sticking,3.48,49.62
2034,5.79,922.12,60,9.89,118.0,1020,0,Seal Wear,2.36,20.89
2035,5.29,922.2,50,10.35,100.83,1020,0,Valve Sticking,3.44,8.44
2036,5.67,922.25,40,10.3,94.43,1020,0,Valve Sticking,3.32,43.34
2037,5.86,923.37,30,9.72,111.98,1020,0,Seal Wear,2.41,33.41
2038,5.17,923.53,20,11.71,106.16,1020,0,Air Leakage,0.89,22.49
2039,5.23,923.54,10,11.07,109.11,1020,0,Air Leakage,1.07,21.79
2040,5.73,924.35,0,9.78,112.58,1020,0,Seal Wear,1.91,30.58
2041,4.71,924.47,10,11.6,106.65,1021,0,Air Leakage,0.82,8.65
2042,5.34,924.63,20,10.43,92.34,1022,0,Valve Sticking,3.03,36.33
2043,5.73,925.61,30,10.4,118.64,1023,0,Seal Wear,2.43,21.2
2044,5.59,925.73,40,9.88,84.92,1024,0,Valve Sticking,2.72,41.56
2045,5.43,925.81,50,9.63,94.5,1025,0,Valve Sticking,2.72,11.88
2046,5.56,926.61,60,9.57,121.48,1026,0,Seal Wear,1.57,9.26
2047,5.41,926.67,70,10.23,93.1,1027,0,Valve Sticking,3.94,21.35
2048,5.59,926.84,80,10.29,95.53,1028,0,Valve Sticking,3.5,46.74
2049,5.4,926.86,90,10.2,97.7,1029,0,Valve Sticking,3.1,9.33
2050,5.3,926.88,100,9.53,105.27,1030,0,Valve Sticking,3.37,18.86
2051,5.79,928.19,90,9.57,115.42,1030,0,Seal Wear,2.06,31.31
2052,4.69,928.2,80,12.1,107.1,1030,0,Air Leakage,1.16,19.75
2053,5.58,928.22,70,10.42,96.94,1030,0,Valve Sticking,3.22,39.06
2054,5.59,928.34,60,10.07,97.52,1030,0,Valve Sticking,4.0,40.12
2055,5.65,929.64,50,10.06,120.86,1030,0,Seal Wear,1.79,13.63
2056,5.08,929.8,40,11.23,106.11,1030,0,Air Leakage,0.97,23.7
2057,5.38,929.82,30,9.61,91.58,1030,0,Valve Sticking,3.73,12.74
2058,4.93,929.91,20,11.42,113.92,1030,0,Air Leakage,0.8,18.77
2059,5.88,930.58,10,9.65,115.49,1030,0,Seal Wear,1.63,41.64
2060,5.61,930.63,0,9.9,91.21,1030,0,Valve Sticking,3.28,49.85
2061,5.2,930.73,10,9.85,98.42,1031,0,Valve Sticking,2.9,10.82
2062,5.5,930.86,20,10.15,93.06,1032,0,Valve Sticking,3.07,26.03
2063,5.35,930.98,30,11.24,101.88,1033,0,Air Leakage,0.86,42.58
2064,5.78,932.18,40,10.37,112.06,1034,0,Seal Wear,2.29,35.5
2065,6.06,933.39,50,9.94,111.15,1035,0,Seal Wear,1.63,49.34
2066,5.77,934.46,60,9.8,115.4,1036,0,Seal Wear,1.82,34.82
2067,5.72,935.51,70,9.71,117.25,1037,0,Seal Wear,2.21,20.46
2068,5.0,935.6,80,11.52,118.13,1038,0,Air Leakage,0.96,9.26
2069,5.63,936.81,90,10.18,117.7,1039,0,Seal Wear,1.51,17.64
2070,4.81,936.95,100,11.86,107.69,1040,0,Air Leakage,0.88,27.51
2071,4.99,937.0,90,11.41,101.94,1040,0,Air Leakage,1.06,46.63
2072,5.44,937.11,80,12.12,103.68,1040,0,Air Leakage,1.17,45.33
2073,5.74,938.35,70,10.25,114.6,1040,0,Seal Wear,2.26,27.14
2074,4.81,938.4,60,11.82,113.91,1040,0,Air Leakage,1.02,21.09
2075,5.65,939.74,50,10.05,120.12,1040,0,Seal Wear,1.99,15.59
2076,4.84,939.87,40,11.41,112.14,1040,0,Air Leakage,0.97,11.47
2077,4.85,939.98,30,10.98,111.23,1040,0,Air Leakage,1.02,22.13
2078,5.55,940.02,20,10.49,97.34,1040,0,Valve Sticking,4.0,39.94
2079,5.88,940.85,10,10.29,112.99,1040,0,Seal Wear,1.67,33.73
2080,5.59,941.53,0,10.43,118.26,1040,0,Seal Wear,1.63,16.53
2081,6.03,943.0,10,10.14,113.13,1041,0,Seal Wear,2.04,44.12
2082,5.75,944.17,20,10.01,113.83,1042,0,Seal Wear,2.04,23.51
2083,5.56,945.27,30,10.24,117.12,1043,0,Seal Wear,2.23,14.61
2084,5.21,945.28,40,10.44,96.89,1044,0,Valve Sticking,3.87,27.37
2085,4.76,945.45,50,11.85,115.65,1045,0,Air Leakage,1.06,18.81
2086,5.43,945.54,60,10.23,108.02,1046,0,Valve Sticking,2.96,7.16
2087,5.5,945.56,70,10.47,106.39,1047,0,Valve Sticking,3.88,16.27
2088,5.25,945.68,80,9.56,99.85,1048,0,Valve Sticking,3.35,25.06
2089,5.1,945.79,90,11.24,105.04,1049,0,Air Leakage,1.05,42.9
2090,5.64,946.98,100,9.94,121.89,1050,0,Seal Wear,2.17,9.22
2091,5.83,948.52,90,10.27,110.65,1050,0,Seal Wear,1.59,40.25
2092,5.8,949.33,80,9.79,114.2,1050,0,Seal Wear,1.67,26.09
2093,5.37,949.36,70,10.93,105.46,1050,0,Air Leakage,1.11,49.85
2094,5.55,950.92,60,10.26,120.19,1050,0,Seal Wear,2.01,11.27
2095,5.69,951.62,50,9.54,123.75,1050,0,Seal Wear,2.34,10.01
2096,5.48,951.72,40,10.49,109.67,1050,0,Valve Sticking,3.36,7.86
2097,5.58,953.09,30,10.06,120.34,1050,0,Seal Wear,1.81,12.27
2098,5.35,953.28,20,11.64,107.33,1050,0,Air Leakage,0.96,30.95
2099,5.57,953.4,10,9.7,91.29,1050,0,Valve Sticking,3.17,27.04
2100,5.45,953.43,0,11.61,102.27,1050,0,Air Leakage,0.94,48.37
2101,5.15,953.47,10,12.06,111.0,1051,0,Air Leakage,0.93,31.88
2102,5.1,953.54,20,11.73,108.85,1052,0,Air Leakage,0.86,16.24
2103,5.17,953.57,30,9.78,103.06,1053,0,Valve Sticking,3.89,18.07
2104,5.4,953.63,40,12.0,102.2,1054,0,Air Leakage,1.04,46.19
2105,5.77,954.95,50,9.66,116.19,1055,0,Seal Wear,1.97,27.59
2106,5.6,955.05,60,10.35,86.3,1056,0,Valve Sticking,3.49,46.7
2107,5.1,955.14,70,11.14,109.3,1057,0,Air Leakage,1.18,41.17
2108,5.86,956.61,80,10.27,112.55,1058,0,Seal Wear,1.87,42.89
2109,5.64,957.29,90,9.7,120.98,1059,0,Seal Wear,1.65,9.4
2110,5.7,957.39,100,9.75,84.41,1060,0,Valve Sticking,3.36,44.61
2111,5.26,957.47,90,11.52,102.02,1060,0,Air Leakage,1.14,46.64
2112,5.18,957.59,80,10.68,105.85,1060,0,Air Leakage,1.03,37.46
2113,5.32,957.67,70,10.21,92.51,1060,0,Valve Sticking,3.16,16.46
2114,5.78,958.27,60,9.52,117.94,1060,0,Seal Wear,1.65,25.29
2115,5.83,959.42,50,9.8,115.57,1060,0,Seal Wear,2.46,32.53
2116,5.0,959.54,40,10.13,101.29,1060,0,Valve Sticking,3.84,8.06
2117,5.45,959.6,30,10.42,95.08,1060,0,Valve Sticking,3.48,17.97
2118,4.98,959.78,20,11.05,106.51,1060,0,Air Leakage,1.15,40.24
2119,5.4,959.88,10,11.84,109.39,1060,0,Air Leakage,1.11,40.26
2120,5.97,961.01,0,9.82,113.86,1060,0,Seal Wear,1.88,39.58
2121,5.21,961.03,10,9.85,99.13,1061,0,Valve Sticking,3.74,7.52
2122,5.61,961.16,20,10.04,95.75,1062,0,Valve Sticking,3.66,41.29
2123,5.16,961.33,30,11.38,101.14,1063,0,Air Leakage,1.08,43.81
2124,5.45,961.52,40,9.72,89.71,1064,0,Valve Sticking,2.53,47.0
2125,5.46,961.58,50,9.76,92.18,1065,0,Valve Sticking,3.39,24.72
2126,5.27,961.64,60,9.8,95.46,1066,0,Valve Sticking,3.84,17.02
2127,5.01,961.78,70,11.43,106.36,1067,0,Air Leakage,0.89,34.28
2128,5.04,961.8,80,10.95,103.51,1068,0,Air Leakage,1.02,34.34
2129,4.96,961.9,90,12.25,107.13,1069,0,Air Leakage,0.98,35.56
2130,5.07,962.05,100,11.62,103.41,1070,0,Air Leakage,1.18,40.6
2131,5.82,962.89,90,10.08,112.5,1070,0,Seal Wear,1.62,24.93
2132,5.46,962.95,80,10.43,96.06,1070,0,Valve Sticking,3.5,14.29
2133,5.46,963.11,70,10.11,93.5,1070,0,Valve Sticking,2.8,25.36
2134,5.8,963.95,60,10.22,115.86,1070,0,Seal Wear,2.27,21.51
2135,5.39,963.99,50,9.9,88.11,1070,0,Valve Sticking,3.33,36.22
2136,5.1,964.14,40,11.37,101.38,1070,0,Air Leakage,1.01,47.16
2137,5.81,964.18,30,10.4,97.39,1070,0,Valve Sticking,3.39,45.0
2138,5.17,964.24,20,10.08,102.73,1070,0,Valve Sticking,2.5,12.71
2139,5.37,964.3,10,10.09,90.54,1070,0,Valve Sticking,2.55,25.22
2140,4.99,964.45,0,11.13,103.57,1070,0,Air Leakage,0.97,31.59
2141,4.71,964.6,10,11.54,106.3,1071,0,Air Leakage,0.83,27.28
2142,5.6,965.16,20,9.86,117.61,1072,0,Seal Wear,2.17,18.1
2143,5.71,965.35,30,9.65,92.25,1073,0,Valve Sticking,3.1,47.27
2144,5.8,966.8,40,10.12,115.97,1074,0,Seal Wear,1.9,38.71
2145,4.6,966.98,50,11.22,115.38,1075,0,Air Leakage,1.14,11.8
2146,5.63,968.0,60,10.03,120.61,1076,0,Seal Wear,2.46,17.67
2147,4.75,968.05,70,10.95,105.19,1077,0,Air Leakage,0.92,28.14
2148,5.61,969.02,80,10.39,123.18,1078,0,Seal Wear,1.56,11.91
2149,5.61,969.06,90,9.96,96.76,1079,0,Valve Sticking,2.77,37.1
2150,5.83,969.8,100,9.7,111.28,1080,0,Seal Wear,2.16,41.42
2151,5.18,969.8,90,9.77,105.27,1080,0,Valve Sticking,3.15,20.02
2152,5.93,970.32,80,9.75,111.21,1080,0,Seal Wear,2.27,45.42
2153,5.09,970.42,70,11.38,102.87,1080,0,Air Leakage,1.05,38.33
2154,5.62,971.79,60,9.72,121.29,1080,0,Seal Wear,2.23,19.59
2155,5.86,972.52,50,9.9,113.7,1080,0,Seal Wear,2.33,27.08
2156,4.67,972.63,40,11.02,110.81,1080,0,Air Leakage,0.99,5.63
2157,5.02,972.81,30,11.81,106.88,1080,0,Air Leakage,1.12,40.2
2158,5.66,974.08,20,10.03,116.75,1080,0,Seal Wear,2.34,19.81
2159,5.51,974.16,10,10.05,92.81,1080,0,Valve Sticking,3.86,35.97
2160,5.25,974.17,0,9.92,96.64,1080,0,Valve Sticking,2.76,12.87
2161,5.37,974.23,10,9.88,103.77,1081,0,Valve Sticking,2.83,5.25
2162,5.64,974.42,20,10.09,88.53,1082,0,Valve Sticking,3.41,33.67
2163,5.53,974.57,30,10.11,85.42,1083,0,Valve Sticking,3.55,48.02
2164,5.25,974.74,40,11.14,100.92,1084,0,Air Leakage,0.93,40.4
2165,5.82,975.86,50,9.77,116.46,1085,0,Seal Wear,1.52,31.53
2166,5.11,975.96,60,11.55,105.5,1086,0,Air Leakage,1.0,27.35
2167,5.65,976.81,70,10.32,118.19,1087,0,Seal Wear,1.82,17.17
2168,5.42,976.84,80,10.01,100.09,1088,0,Valve Sticking,3.28,37.88
2169,5.25,977.02,90,10.34,94.69,1089,0,Valve Sticking,2.67,8.27
2170,5.85,977.88,100,10.13,115.12,1090,0,Seal Wear,1.95,28.58
2171,5.32,977.93,90,11.07,105.11,1090,0,Air Leakage,1.14,38.39
2172,5.61,978.03,80,10.06,97.63,1090,0,Valve Sticking,2.96,42.89
2173,5.59,978.07,70,10.0,86.52,1090,0,Valve Sticking,2.52,37.47
2174,5.67,978.99,60,9.97,118.19,1090,0,Seal Wear,2.28,11.32
2175,5.71,979.69,50,9.8,118.6,1090,0,Seal Wear,2.27,20.11
2176,5.67,980.29,40,9.67,123.1,1090,0,Seal Wear,2.3,11.61
2177,5.48,980.43,30,9.74,101.52,1090,0,Valve Sticking,2.51,34.47
2178,5.11,980.63,20,11.46,106.61,1090,0,Air Leakage,0.81,10.03
2179,5.37,980.78,10,12.2,104.07,1090,0,Air Leakage,0.86,43.99
2180,4.84,980.93,0,11.24,109.17,1090,0,Air Leakage,1.08,10.69
2181,5.72,981.08,10,10.13,92.0,1091,0,Valve Sticking,3.56,46.6
2182,5.77,981.84,20,10.15,111.54,1092,0,Seal Wear,1.55,34.45
2183,4.94,981.99,30,12.28,102.19,1093,0,Air Leakage,1.11,35.27
2184,5.82,983.0,40,10.43,117.72,1094,0,Seal Wear,1.97,30.62
2185,5.66,983.9,50,10.47,119.19,1095,0,Seal Wear,2.03,13.8
2186,5.7,983.93,60,10.15,95.69,1096,0,Valve Sticking,3.35,38.02
2187,4.98,984.08,70,10.87,107.3,1097,0,Air Leakage,0.99,20.19
2188,5.55,985.01,80,9.87,121.48,1098,0,Seal Wear,1.53,9.12
2189,5.15,985.13,90,10.68,100.51,1099,0,Air Leakage,1.17,48.93
2190,5.97,986.12,100,9.73,110.31,1100,0,Seal Wear,1.81,43.76
2191,5.35,986.17,90,10.01,102.51,1100,0,Valve Sticking,2.83,18.87
2192,5.32,986.37,80,10.83,108.08,1100,0,Air Leakage,0.84,38.24
2193,5.3,986.41,70,10.84,101.95,1100,0,Air Leakage,1.1,35.18
2194,5.9,987.27,60,9.73,111.52,1100,0,Seal Wear,1.72,43.57
2195,4.87,987.32,50,11.67,113.33,1100,0,Air Leakage,1.0,17.25
2196,4.73,987.38,40,11.12,110.46,1100,0,Air Leakage,0.86,23.73
2197,5.26,987.5,30,9.69,93.9,1100,0,Valve Sticking,3.55,27.18
2198,5.06,987.59,20,11.45,104.87,1100,0,Air Leakage,1.09,29.42
2199,5.21,987.6,10,10.21,106.07,1100,0,Valve Sticking,3.51,11.86
2200,5.46,987.78,0,11.42,103.58,1100,0,Air Leakage,0.81,36.9
2201,5.28,987.95,10,11.66,108.66,1101,0,Air Leakage,0.94,39.43
2202,4.9,988.13,20,11.06,113.07,1102,0,Air Leakage,1.07,15.69
2203,5.23,988.13,30,9.72,103.73,1103,0,Valve Sticking,2.63,13.51
2204,5.31,988.25,40,10.29,96.39,1104,0,Valve Sticking,3.13,33.14
2205,5.19,988.38,50,11.43,104.85,1105,0,Air Leakage,1.06,25.35
2206,5.19,988.52,60,9.7,101.58,1106,0,Valve Sticking,3.4,13.37
2207,5.55,988.55,70,9.88,95.18,1107,0,Valve Sticking,3.99,47.15
2208,5.86,989.58,80,9.73,115.21,1108,0,Seal Wear,1.76,43.14
2209,5.39,989.63,90,9.59,98.54,1109,0,Valve Sticking,2.5,28.35
2210,4.85,989.69,100,11.52,109.73,1110,0,Air Leakage,1.07,33.77
2211,5.71,990.95,90,9.78,120.65,1110,0,Seal Wear,2.43,17.52
2212,5.88,991.65,80,9.74,114.51,1110,0,Seal Wear,2.35,31.64
2213,4.79,991.66,70,11.75,113.35,1110,0,Air Leakage,0.88,16.29
2214,5.67,992.47,60,10.05,117.58,1110,0,Seal Wear,1.51,10.78
2215,5.37,992.52,50,9.71,103.51,1110,0,Valve Sticking,2.62,17.33
2216,4.48,992.52,40,11.76,116.76,1110,0,Air Leakage,1.11,6.57
2217,5.69,993.86,30,9.54,119.69,1110,0,Seal Wear,2.39,15.32
2218,5.03,994.03,20,11.72,115.42,1110,0,Air Leakage,1.13,9.43
2219,5.65,994.82,10,9.83,121.3,1110,0,Seal Wear,1.68,8.09
2220,5.89,996.32,0,9.6,111.42,1110,0,Seal Wear,1.71,30.2
2221,5.75,997.75,10,9.93,116.56,1111,0,Seal Wear,2.44,19.84
2222,5.3,997.91,20,9.69,107.78,1112,0,Valve Sticking,3.98,7.5
2223,5.18,998.08,30,10.2,100.32,1113,0,Valve Sticking,3.22,8.5
2224,4.85,998.1,40,11.17,109.83,1114,0,Air Leakage,0.81,28.93
2225,5.7,999.29,50,9.79,118.47,1115,0,Seal Wear,2.04,14.78
2226,5.29,999.45,60,12.08,103.12,1116,0,Air Leakage,0.87,31.59
2227,4.9,999.65,70,12.12,113.97,1117,0,Air Leakage,0.85,24.42
2228,4.91,999.68,80,11.75,110.51,1118,0,Air Leakage,0.81,12.82
2229,5.54,999.8,90,10.2,98.84,1119,0,Valve Sticking,3.86,33.22
2230,5.37,999.97,100,11.64,106.55,1120,0,Air Leakage,1.0,43.39
2231,5.65,1001.27,90,9.93,115.01,1120,0,Seal Wear,1.56,21.37
2232,5.77,1002.22,80,9.8,119.12,1120,0,Seal Wear,1.65,19.48
2233,5.89,1003.23,70,9.94,114.29,1120,0,Seal Wear,1.96,34.38
2234,5.18,1003.3,60,11.31,110.45,1120,0,Air Leakage,0.98,41.86
2235,5.68,1004.16,50,9.81,123.17,1120,0,Seal Wear,1.55,12.61
2236,5.21,1004.21,40,10.1,93.77,1120,0,Valve Sticking,3.29,15.57
2237,5.47,1004.22,30,10.15,96.67,1120,0,Valve Sticking,3.76,35.99
2238,5.47,1004.38,20,12.3,107.18,1120,0,Air Leakage,1.09,42.87
2239,5.63,1004.92,10,10.45,119.57,1120,0,Seal Wear,2.07,5.1
2240,4.97,1005.0,0,11.16,105.53,1120,0,Air Leakage,0.87,16.75
2241,5.31,1005.02,10,10.58,108.31,1121,0,Air Leakage,0.97,41.74
2242,5.67,1006.05,20,9.56,121.9,1122,0,Seal Wear,1.71,14.83
2243,5.62,1007.0,30,10.05,118.65,1123,0,Seal Wear,2.01,15.21
2244,5.31,1007.01,40,11.46,103.03,1124,0,Air Leakage,0.85,41.11
2245,5.64,1008.29,50,10.43,122.08,1125,0,Seal Wear,1.93,13.57
2246,5.6,1009.79,60,9.81,119.73,1126,0,Seal Wear,1.64,11.64
2247,5.31,1009.84,70,9.68,98.63,1127,0,Valve Sticking,3.47,31.75
2248,5.67,1010.84,80,10.38,121.55,1128,0,Seal Wear,2.14,12.73
2249,5.87,1011.51,90,9.64,113.88,1129,0,Seal Wear,1.58,34.87
2250,5.38,1011.67,100,9.9,102.88,1130,0,Valve Sticking,3.45,11.41
2251,5.06,1011.79,90,11.89,106.01,1130,0,Air Leakage,1.07,26.43
2252,5.59,1012.54,80,9.77,119.49,1130,0,Seal Wear,2.2,11.6
2253,4.87,1012.68,70,11.47,109.75,1130,0,Air Leakage,0.94,17.32
2254,5.03,1012.69,60,12.18,112.71,1130,0,Air Leakage,1.14,19.7
2255,5.22,1012.78,50,11.83,106.26,1130,0,Air Leakage,0.86,45.82
2256,5.82,1014.29,40,9.64,113.87,1130,0,Seal Wear,1.99,40.38
2257,5.2,1014.47,30,9.94,102.28,1130,0,Valve Sticking,3.88,17.65
2258,5.25,1014.65,20,10.21,96.63,1130,0,Valve Sticking,2.63,25.12
2259,5.6,1014.65,10,10.3,88.83,1130,0,Valve Sticking,3.6,24.88
2260,4.83,1014.7,0,11.39,105.89,1130,0,Air Leakage,1.11,17.6
2261,5.99,1016.21,10,10.03,108.22,1131,0,Seal Wear,2.34,49.21
2262,5.53,1016.39,20,9.84,100.28,1132,0,Valve Sticking,3.08,19.37
2263,5.35,1016.57,30,9.6,95.2,1133,0,Valve Sticking,3.11,18.22
2264,5.76,1017.32,40,10.18,116.25,1134,0,Seal Wear,2.19,21.13
2265,5.34,1017.38,50,9.56,98.69,1135,0,Valve Sticking,2.73,13.5
2266,5.28,1017.46,60,9.6,99.41,1136,0,Valve Sticking,3.54,19.18
2267,4.94,1017.5,70,12.08,107.58,1137,0,Air Leakage,1.11,14.03
2268,5.2,1017.62,80,11.66,104.78,1138,0,Air Leakage,0.99,48.73
2269,5.66,1017.64,90,10.35,94.39,1139,0,Valve Sticking,2.85,37.1
2270,5.21,1017.71,100,10.36,95.03,1140,0,Valve Sticking,3.9,12.65
2271,5.56,1017.9,90,10.27,99.09,1140,0,Valve Sticking,3.83,40.51
2272,5.9,1019.03,80,9.71,112.06,1140,0,Seal Wear,2.09,41.74
2273,5.82,1019.77,70,9.62,113.06,1140,0,Seal Wear,2.1,39.33
2274,5.29,1019.94,60,10.4,96.27,1140,0,Valve Sticking,3.66,29.67
2275,5.02,1020.01,50,12.08,118.52,1140,0,Air Leakage,1.16,7.69
2276,5.74,1021.27,40,9.52,117.85,1140,0,Seal Wear,1.88,21.78
2277,5.66,1022.73,30,9.9,122.61,1140,0,Seal Wear,1.75,8.23
2278,4.83,1022.83,20,11.54,110.46,1140,0,Air Leakage,1.08,13.5
2279,5.85,1023.82,10,9.65,113.33,1140,0,Seal Wear,2.43,37.98
2280,5.23,1024.0,0,11.02,106.12,1140,0,Air Leakage,1.04,44.3
2281,5.4,1024.09,10,9.54,102.98,1141,0,Valve Sticking,3.31,21.97
2282,5.34,1024.28,20,10.14,99.73,1142,0,Valve Sticking,2.82,5.78
2283,5.22,1024.44,30,9.69,97.35,1143,0,Valve Sticking,3.08,17.92
2284,5.42,1024.46,40,9.66,96.4,1144,0,Valve Sticking,2.82,7.59
2285,5.32,1024.6,50,9.96,105.88,1145,0,Valve Sticking,3.27,12.82
2286,5.14,1024.72,60,10.95,116.47,1146,0,Air Leakage,1.16,15.48
2287,5.06,1024.78,70,11.08,104.24,1147,0,Air Leakage,1.1,38.97
2288,5.72,1026.0,80,10.4,119.16,1148,0,Seal Wear,1.51,17.8
2289,4.7,1026.13,90,12.01,110.66,1149,0,Air Leakage,0.85,13.62
2290,5.29,1026.18,100,9.69,105.56,1150,0,Valve Sticking,3.67,12.8
2291,5.09,1026.18,90,11.22,103.19,1150,0,Air Leakage,1.19,36.6
2292,5.88,1027.51,80,10.25,115.03,1150,0,Seal Wear,1.51,33.07
2293,5.45,1027.64,70,10.14,92.72,1150,0,Valve Sticking,2.76,30.14
2294,5.34,1027.81,60,10.43,105.93,1150,0,Valve Sticking,2.96,12.42
2295,5.97,1028.68,50,10.37,109.24,1150,0,Seal Wear,1.66,43.59
2296,4.9,1028.74,40,11.48,112.37,1150,0,Air Leakage,0.88,14.46
2297,4.89,1028.84,30,10.69,100.95,1150,0,Air Leakage,1.18,30.68
2298,5.7,1028.86,20,10.1,93.04,1150,0,Valve Sticking,3.3,48.8
2299,5.08,1028.94,10,11.54,108.96,1150,0,Air Leakage,1.11,13.62
2300,5.33,1029.0,0,11.1,99.27,1150,0,Air Leakage,1.12,47.23
2301,5.25,1029.09,10,9.88,103.38,1151,0,Valve Sticking,3.99,7.0
2302,4.79,1029.22,20,11.72,104.09,1152,0,Air Leakage,0.88,23.43
2303,4.96,1029.37,30,11.6,106.44,1153,0,Air Leakage,1.16,36.37
2304,5.9,1030.43,40,9.79,110.11,1154,0,Seal Wear,2.31,41.53
2305,5.71,1030.57,50,9.95,95.39,1155,0,Valve Sticking,2.73,47.66
2306,5.0,1030.58,60,11.21,107.02,1156,0,Air Leakage,1.19,28.11
2307,5.53,1031.32,70,10.3,120.75,1157,0,Seal Wear,2.02,6.86
2308,5.77,1032.27,80,10.24,111.83,1158,0,Seal Wear,2.13,30.34
2309,5.29,1032.45,90,9.54,104.25,1159,0,Valve Sticking,3.17,19.36
2310,5.65,1034.05,100,9.93,118.67,1160,0,Seal Wear,1.93,15.99
2311,5.52,1034.08,90,10.33,98.0,1160,0,Valve Sticking,3.25,44.24
2312,6.07,1035.56,80,9.89,108.14,1160,0,Seal Wear,2.47,47.8
2313,5.84,1037.07,70,10.11,110.11,1160,0,Seal Wear,1.79,36.79
2314,5.68,1038.65,60,10.36,120.25,1160,0,Seal Wear,1.92,17.26
2315,5.45,1038.78,50,10.32,94.02,1160,0,Valve Sticking,3.84,23.67
2316,5.0,1038.95,40,12.35,106.26,1160,0,Air Leakage,1.08,15.88
2317,5.54,1040.58,30,10.38,120.76,1160,0,Seal Wear,1.78,13.6
2318,5.07,1040.61,20,11.61,110.23,1160,0,Air Leakage,1.1,21.43
2319,4.75,1040.77,10,10.74,117.14,1160,0,Air Leakage,1.11,8.59
2320,5.68,1041.82,0,10.18,118.45,1160,0,Seal Wear,1.95,26.78
2321,5.4,1041.82,10,10.32,97.68,1161,0,Valve Sticking,3.63,39.42
2322,5.66,1042.4,20,10.31,117.64,1162,0,Seal Wear,1.53,14.63
2323,5.56,1043.62,30,10.35,121.63,1163,0,Seal Wear,1.52,6.03
2324,5.82,1045.1,40,10.24,114.99,1164,0,Seal Wear,2.04,27.19
2325,4.68,1045.27,50,11.95,116.2,1165,0,Air Leakage,0.82,5.51
2326,4.94,1045.4,60,11.92,107.83,1166,0,Air Leakage,0.84,36.82
2327,5.24,1045.58,70,10.3,102.6,1167,0,Valve Sticking,3.72,8.2
2328,5.92,1047.15,80,9.52,113.87,1168,0,Seal Wear,1.55,47.01
2329,5.34,1047.24,90,9.94,100.2,1169,0,Valve Sticking,3.98,18.21
2330,5.78,1048.05,100,10.23,119.06,1170,0,Seal Wear,2.16,29.12
2331,4.98,1048.1,90,12.0,105.72,1170,0,Air Leakage,0.98,47.51
2332,5.09,1048.28,80,12.41,107.35,1170,0,Air Leakage,1.0,23.43
2333,5.66,1049.36,70,10.46,116.21,1170,0,Seal Wear,2.38,16.36
2334,4.85,1049.43,60,11.61,109.26,1170,0,Air Leakage,0.82,23.73
2335,4.93,1049.55,50,10.95,109.5,1170,0,Air Leakage,1.09,44.59
2336,5.62,1050.26,40,9.52,122.13,1170,0,Seal Wear,1.92,7.91
2337,5.36,1050.34,30,9.8,100.38,1170,0,Valve Sticking,2.81,15.9
2338,4.88,1050.53,20,11.84,108.32,1170,0,Air Leakage,0.9,13.66
2339,4.81,1050.62,10,11.44,104.04,1170,0,Air Leakage,1.13,28.88
2340,5.5,1050.77,0,10.11,92.45,1170,0,Valve Sticking,3.33,33.98
2341,5.17,1050.9,10,9.63,102.89,1171,0,Valve Sticking,2.53,12.85
2342,5.82,1051.67,20,9.94,116.5,1172,0,Seal Wear,1.61,34.06
2343,4.98,1051.74,30,12.0,111.54,1173,0,Air Leakage,0.91,33.79
2344,5.94,1052.61,40,10.39,114.71,1174,0,Seal Wear,2.41,34.1
2345,4.78,1052.67,50,11.08,113.43,1175,0,Air Leakage,0.84,24.63
2346,5.75,1053.93,60,10.3,118.03,1176,0,Seal Wear,1.64,24.88
2347,5.75,1055.15,70,9.96,117.39,1177,0,Seal Wear,2.44,34.85
2348,4.73,1055.18,80,11.55,106.96,1178,0,Air Leakage,1.19,9.91
2349,5.77,1056.65,90,10.39,117.87,1179,0,Seal Wear,2.35,24.81
2350,5.34,1056.74,100,10.01,92.05,1180,0,Valve Sticking,2.81,14.22
2351,5.85,1058.29,90,10.15,111.9,1180,0,Seal Wear,2.35,42.66
2352,5.77,1059.74,80,9.74,118.61,1180,0,Seal Wear,2.11,24.18
2353,5.82,1060.6,70,10.01,110.61,1180,0,Seal Wear,1.85,35.38
2354,5.34,1060.64,60,10.36,95.83,1180,0,Valve Sticking,3.25,29.3
2355,5.32,1060.83,50,10.42,96.39,1180,0,Valve Sticking,3.93,23.98
2356,5.62,1062.16,40,9.6,115.91,1180,0,Seal Wear,2.46,17.22
2357,5.26,1062.33,30,10.03,89.47,1180,0,Valve Sticking,3.21,24.12
2358,5.8,1062.34,20,9.93,97.56,1180,0,Valve Sticking,3.44,45.86
2359,5.29,1062.45,10,10.22,98.75,1180,0,Valve Sticking,3.87,26.85
2360,5.34,1062.64,0,11.01,103.38,1180,0,Air Leakage,0.82,35.45
2361,5.19,1062.7,10,11.21,103.64,1181,0,Air Leakage,0.85,39.12
2362,5.65,1063.7,20,10.14,116.49,1182,0,Seal Wear,2.4,21.45
2363,4.89,1063.89,30,11.58,118.28,1183,0,Air Leakage,0.83,5.54
2364,5.4,1064.01,40,10.08,88.62,1184,0,Valve Sticking,3.64,30.0
2365,5.73,1064.12,50,10.15,89.14,1185,0,Valve Sticking,3.69,43.93
2366,5.18,1064.27,60,9.94,99.36,1186,0,Valve Sticking,3.61,10.69
2367,4.97,1064.46,70,11.86,107.58,1187,0,Air Leakage,0.89,42.75
2368,5.32,1064.62,80,9.6,106.15,1188,0,Valve Sticking,2.94,6.54
2369,5.23,1064.73,90,10.35,102.46,1189,0,Valve Sticking,3.58,11.63
2370,4.67,1064.91,100,11.28,112.53,1190,0,Air Leakage,1.14,5.9
2371,5.35,1065.01,90,10.17,103.04,1190,0,Valve Sticking,2.72,9.08
2372,5.03,1065.09,80,11.3,111.36,1190,0,Air Leakage,1.12,31.96
2373,5.1,1065.24,70,11.29,115.64,1190,0,Air Leakage,0.81,16.98
2374,5.91,1065.86,60,10.02,114.33,1190,0,Seal Wear,1.9,37.47
2375,5.6,1066.02,50,9.76,89.6,1190,0,Valve Sticking,3.08,43.4
2376,4.95,1066.17,40,11.4,103.0,1190,0,Air Leakage,0.82,38.38
2377,4.88,1066.29,30,11.0,109.18,1190,0,Air Leakage,0.87,29.8
2378,5.68,1067.54,20,10.2,116.87,1190,0,Seal Wear,2.11,16.65
2379,5.81,1067.7,10,9.74,87.71,1190,0,Valve Sticking,3.46,45.72
2380,5.76,1068.39,0,10.36,116.08,1190,0,Seal Wear,1.82,35.77
2381,5.76,1069.79,10,10.4,116.87,1191,0,Seal Wear,2.25,32.96
2382,5.74,1070.42,20,9.76,114.26,1192,0,Seal Wear,1.93,30.57
2383,5.04,1070.45,30,10.08,103.27,1193,0,Valve Sticking,2.65,9.4
2384,5.9,1071.71,40,10.33,112.89,1194,0,Seal Wear,2.24,41.96
2385,5.19,1071.73,50,11.77,105.21,1195,0,Air Leakage,0.92,43.18
2386,5.08,1071.87,60,11.07,108.87,1196,0,Air Leakage,0.98,26.93
2387,5.53,1072.06,70,10.13,92.91,1197,0,Valve Sticking,2.58,42.69
2388,5.47,1073.0,80,10.25,123.83,1198,0,Seal Wear,1.88,5.76
2389,5.13,1073.11,90,11.28,104.93,1199,0,Air Leakage,0.99,28.18
2390,5.69,1073.18,100,10.36,98.01,1200,0,Valve Sticking,3.53,38.65
2391,5.57,1073.99,90,10.03,120.23,1200,0,Seal Wear,2.34,8.63
2392,6.05,1074.66,80,10.3,114.39,1200,0,Seal Wear,1.93,45.91
2393,5.94,1076.25,70,10.36,113.45,1200,0,Seal Wear,1.88,47.4
2394,5.82,1077.72,60,10.32,116.5,1200,0,Seal Wear,1.92,25.17
2395,5.91,1078.6,50,9.54,113.58,1200,0,Seal Wear,2.38,35.53
2396,5.1,1078.75,40,12.29,98.89,1200,0,Air Leakage,0.81,43.23
2397,5.64,1080.06,30,10.43,123.91,1200,0,Seal Wear,2.07,5.99
2398,5.78,1080.98,20,10.14,114.41,1200,0,Seal Wear,1.5,37.19
2399,5.46,1081.16,10,9.61,89.23,1200,0,Valve Sticking,3.31,41.31
2400,5.15,1081.3,0,11.05,109.97,1200,0,Air Leakage,0.99,24.59
2401,4.98,1081.34,10,11.91,106.42,1201,0,Air Leakage,0.95,24.24
2402,5.55,1081.48,20,10.38,100.07,1202,0,Valve Sticking,2.76,33.6
2403,5.33,1081.65,30,9.81,99.62,1203,0,Valve Sticking,2.54,28.76
2404,5.65,1081.8,40,10.07,89.3,1204,0,Valve Sticking,2.71,48.38
2405,4.9,1081.94,50,11.25,110.17,1205,0,Air Leakage,1.14,12.85
2406,5.92,1083.19,60,10.33,110.23,1206,0,Seal Wear,1.89,40.59
2407,5.26,1083.2,70,9.96,104.94,1207,0,Valve Sticking,3.98,18.33
2408,5.49,1083.22,80,9.91,95.22,1208,0,Valve Sticking,3.17,39.74
2409,4.9,1083.42,90,11.79,118.49,1209,0,Air Leakage,1.02,8.48
2410,4.89,1083.53,100,11.78,102.67,1210,0,Air Leakage,0.91,27.6
2411,4.85,1083.53,90,11.79,108.81,1210,0,Air Leakage,1.08,41.72
2412,5.6,1083.59,80,10.11,95.02,1210,0,Valve Sticking,2.51,27.19
2413,5.39,1083.77,70,10.18,86.18,1210,0,Valve Sticking,2.99,40.66
2414,5.29,1083.84,60,11.61,106.9,1210,0,Air Leakage,0.98,35.8
2415,5.57,1084.54,50,10.03,119.62,1210,0,Seal Wear,1.71,14.79
2416,5.16,1084.61,40,9.74,101.71,1210,0,Valve Sticking,3.81,6.51
2417,5.86,1085.66,30,9.67,111.38,1210,0,Seal Wear,2.49,34.91
2418,5.71,1086.98,20,9.97,120.52,1210,0,Seal Wear,1.58,13.04
2419,5.96,1087.8,10,9.68,113.44,1210,0,Seal Wear,2.25,36.79
2420,5.83,1088.45,0,9.87,114.83,1210,0,Seal Wear,1.72,36.68
2421,5.93,1089.24,10,9.59,115.28,1211,0,Seal Wear,1.58,36.71
2422,5.44,1089.26,20,9.51,95.72,1212,0,Valve Sticking,3.73,26.11
2423,5.12,1089.34,30,11.17,111.68,1213,0,Air Leakage,0.91,18.67
2424,5.07,1089.51,40,11.2,107.96,1214,0,Air Leakage,1.11,5.46
2425,5.58,1089.53,50,9.68,99.08,1215,0,Valve Sticking,3.65,43.6
2426,5.61,1091.15,60,9.69,117.82,1216,0,Seal Wear,1.91,15.13
2427,5.84,1092.15,70,10.04,114.41,1217,0,Seal Wear,1.9,37.58
2428,5.37,1092.25,80,10.22,106.8,1218,0,Valve Sticking,3.0,9.38
2429,5.55,1093.46,90,10.03,118.74,1219,0,Seal Wear,2.27,13.38
2430,5.49,1093.65,100,9.68,100.43,1220,0,Valve Sticking,3.27,34.07
2431,4.86,1093.84,90,11.34,110.13,1220,0,Air Leakage,0.84,22.9
2432,5.75,1094.95,80,9.87,115.81,1220,0,Seal Wear,2.33,32.27
2433,5.65,1094.97,70,10.47,93.41,1220,0,Valve Sticking,3.25,32.82
2434,5.47,1095.11,60,9.87,86.4,1220,0,Valve Sticking,3.35,40.16
2435,5.23,1095.12,50,10.45,94.48,1220,0,Valve Sticking,2.86,10.68
2436,5.25,1095.23,40,9.65,99.16,1220,0,Valve Sticking,3.19,19.48
2437,5.06,1095.38,30,11.35,112.83,1220,0,Air Leakage,0.93,26.98
2438,4.9,1095.52,20,10.84,106.64,1220,0,Air Leakage,0.94,40.53
2439,5.04,1095.63,10,11.49,104.6,1220,0,Air Leakage,1.04,43.4
2440,5.16,1095.66,0,11.89,113.74,1220,0,Air Leakage,1.03,19.84
2441,5.83,1096.89,10,10.32,112.37,1221,0,Seal Wear,1.68,39.94
2442,5.06,1096.92,20,10.41,93.08,1222,0,Valve Sticking,3.42,10.78
2443,5.33,1097.11,30,9.52,99.61,1223,0,Valve Sticking,2.89,17.85
2444,5.72,1097.97,40,10.48,121.91,1224,0,Seal Wear,2.12,16.44
2445,5.89,1099.09,50,10.45,115.45,1225,0,Seal Wear,2.13,38.51
2446,5.34,1099.21,60,10.37,94.53,1226,0,Valve Sticking,2.57,12.83
2447,5.67,1099.9,70,10.29,116.59,1227,0,Seal Wear,2.46,22.48
2448,4.92,1099.98,80,12.01,113.9,1228,0,Air Leakage,1.05,7.49
2449,5.65,1100.82,90,9.76,116.94,1229,0,Seal Wear,2.18,22.22
2450,5.13,1100.98,100,11.6,106.27,1230,0,Air Leakage,1.13,30.38
2451,5.28,1101.08,90,9.9,97.44,1230,0,Valve Sticking,3.66,18.16
2452,5.47,1101.17,80,10.33,95.39,1230,0,Valve Sticking,3.43,18.4
2453,5.2,1101.31,70,11.59,109.91,1230,0,Air Leakage,0.88,31.22
2454,5.65,1101.46,60,10.11,96.48,1230,0,Valve Sticking,3.75,46.76
2455,6.03,1102.34,50,10.2,109.3,1230,0,Seal Wear,1.95,45.03
2456,6.04,1103.82,40,10.25,106.81,1230,0,Seal Wear,2.03,48.63
2457,5.27,1103.96,30,10.05,100.37,1230,0,Valve Sticking,2.92,17.49
2458,5.12,1104.08,20,11.37,110.53,1230,0,Air Leakage,1.02,9.98
2459,5.4,1104.11,10,11.18,98.17,1230,0,Air Leakage,0.92,49.93
2460,5.61,1105.25,0,9.9,120.11,1230,0,Seal Wear,2.04,5.38
2461,5.46,1105.32,10,10.27,97.42,1231,0,Valve Sticking,3.2,39.25
2462,5.34,1105.36,20,9.53,99.62,1232,0,Valve Sticking,3.77,25.09
2463,4.58,1105.39,30,12.1,115.83,1233,0,Air Leakage,1.07,12.92
2464,4.91,1105.58,40,11.74,100.07,1234,0,Air Leakage,0.97,49.49
2465,5.29,1105.7,50,11.98,99.21,1235,0,Air Leakage,1.14,46.0
2466,5.85,1107.14,60,10.3,115.51,1236,0,Seal Wear,1.6,42.71
2467,5.08,1107.29,70,11.58,109.09,1237,0,Air Leakage,0.89,37.23
2468,5.13,1107.42,80,11.03,110.0,1238,0,Air Leakage,0.9,32.52
2469,5.39,1107.57,90,9.88,103.93,1239,0,Valve Sticking,2.57,6.58
2470,5.32,1107.76,100,11.77,107.6,1240,0,Air Leakage,0.99,49.16
2471,5.44,1107.77,90,9.57,97.76,1240,0,Valve Sticking,3.78,24.87
2472,5.54,1107.82,80,10.03,87.14,1240,0,Valve Sticking,3.81,43.65
2473,5.09,1107.92,70,12.27,106.76,1240,0,Air Leakage,0.95,28.05
2474,5.29,1108.11,60,10.26,99.42,1240,0,Valve Sticking,3.81,36.37
2475,5.54,1109.36,50,10.0,119.68,1240,0,Seal Wear,2.3,8.8
2476,5.18,1109.51,40,9.81,93.1,1240,0,Valve Sticking,2.98,18.14
2477,5.19,1109.64,30,9.67,103.73,1240,0,Valve Sticking,3.68,18.18
2478,5.35,1109.67,20,10.28,98.13,1240,0,Valve Sticking,3.5,15.91
2479,5.19,1109.84,10,10.02,101.76,1240,0,Valve Sticking,2.83,12.1
2480,5.37,1109.89,0,9.76,97.88,1240,0,Valve Sticking,3.25,31.1
2481,5.75,1110.67,10,10.12,113.74,1241,0,Seal Wear,2.0,21.93
2482,4.92,1110.7,20,11.43,110.6,1242,0,Air Leakage,1.09,5.11
2483,5.29,1110.77,30,9.99,93.83,1243,0,Valve Sticking,3.3,9.55
2484,5.3,1110.96,40,11.49,102.58,1244,0,Air Leakage,0.83,41.94
2485,5.83,1111.73,50,9.97,114.58,1245,0,Seal Wear,2.37,31.68
2486,5.84,1112.39,60,10.06,117.93,1246,0,Seal Wear,2.35,25.97
2487,5.74,1113.49,70,9.82,117.58,1247,0,Seal Wear,1.54,19.01
2488,5.99,1114.51,80,10.21,111.09,1248,0,Seal Wear,2.15,45.5
2489,5.87,1115.82,90,9.53,117.62,1249,0,Seal Wear,2.29,30.04
2490,5.52,1116.91,100,10.18,121.99,1250,0,Seal Wear,2.07,7.02
2491,5.77,1117.82,90,9.61,114.36,1250,0,Seal Wear,2.3,32.07
2492,5.53,1118.85,80,10.03,120.17,1250,0,Seal Wear,1.62,9.01
2493,5.51,1118.87,70,10.05,87.01,1250,0,Valve Sticking,2.61,39.08
2494,4.67,1119.0,60,11.52,112.35,1250,0,Air Leakage,0.84,12.69
2495,5.46,1119.09,50,9.63,96.51,1250,0,Valve Sticking,3.36,19.01
2496,5.76,1119.65,40,9.55,111.83,1250,0,Seal Wear,2.38,33.06
2497,4.84,1119.7,30,11.29,114.99,1250,0,Air Leakage,0.83,8.46
2498,5.24,1119.82,20,10.08,100.37,1250,0,Valve Sticking,3.91,9.47
2499,5.29,1119.97,10,11.22,104.7,1250,0,Air Leakage,0.98,43.95
2500,5.4,1120.1,0,9.89,97.18,1250,0,Valve Sticking,2.87,6.27
2501,6.07,1120.97,10,10.12,112.95,1251,0,Seal Wear,2.4,47.5
2502,5.46,1121.12,20,11.62,108.03,1252,0,Air Leakage,1.14,43.84
2503,4.9,1121.16,30,11.34,107.11,1253,0,Air Leakage,0.95,42.43
2504,5.68,1122.64,40,10.22,114.58,1254,0,Seal Wear,1.74,19.07
2505,5.74,1123.99,50,9.77,118.82,1255,0,Seal Wear,1.71,18.81
2506,5.8,1125.43,60,10.32,115.92,1256,0,Seal Wear,1.58,37.54
2507,5.57,1126.17,70,9.74,119.97,1257,0,Seal Wear,2.27,16.32
2508,5.79,1126.35,80,10.21,93.16,1258,0,Valve Sticking,3.8,45.07
2509,5.46,1126.38,90,11.41,105.74,1259,0,Air Leakage,0.9,47.44
2510,5.82,1127.45,100,10.01,111.93,1260,0,Seal Wear,1.84,40.91
2511,4.97,1127.52,90,10.62,112.49,1260,0,Air Leakage,1.11,10.0
2512,5.29,1127.71,80,10.49,101.97,1260,0,Valve Sticking,2.89,7.56
2513,5.52,1127.82,70,11.17,103.42,1260,0,Air Leakage,0.89,48.67
2514,5.65,1127.92,60,9.75,100.54,1260,0,Valve Sticking,2.59,40.97
2515,5.45,1127.93,50,9.66,92.4,1260,0,Valve Sticking,2.72,29.68
2516,4.73,1128.09,40,10.77,108.7,1260,0,Air Leakage,1.17,13.32
2517,5.61,1128.26,30,9.53,94.85,1260,0,Valve Sticking,2.78,41.83
2518,5.53,1128.39,20,10.12,101.27,1260,0,Valve Sticking,2.56,32.59
2519,5.54,1128.58,10,9.94,97.53,1260,0,Valve Sticking,3.6,42.89
2520,5.03,1128.63,0,11.38,105.13,1260,0,Air Leakage,1.08,36.23
2521,4.84,1128.71,10,11.0,113.37,1261,0,Air Leakage,1.13,19.33
2522,5.59,1130.01,20,10.13,117.25,1262,0,Seal Wear,2.2,6.5
2523,5.25,1130.03,30,11.53,109.87,1263,0,Air Leakage,1.05,44.78
2524,5.93,1130.89,40,10.1,113.62,1264,0,Seal Wear,2.08,41.32
2525,5.58,1131.05,50,9.95,89.46,1265,0,Valve Sticking,3.09,34.95
2526,5.93,1131.79,60,10.27,109.24,1266,0,Seal Wear,1.51,46.24
2527,5.65,1133.25,70,9.64,117.17,1267,0,Seal Wear,2.39,22.21
2528,5.74,1134.71,80,9.66,116.61,1268,0,Seal Wear,2.31,30.27
2529,5.57,1134.88,90,10.2,88.35,1269,0,Valve Sticking,2.7,48.99
2530,5.45,1135.02,100,10.14,101.72,1270,0,Valve Sticking,2.61,19.4
2531,5.53,1135.13,90,9.54,95.02,1270,0,Valve Sticking,2.99,45.12
2532,5.0,1135.22,80,10.97,109.79,1270,0,Air Leakage,1.02,34.46
2533,5.61,1135.36,70,10.32,95.01,1270,0,Valve Sticking,3.31,28.14
2534,5.6,1136.99,60,10.23,117.78,1270,0,Seal Wear,1.54,11.19
2535,5.78,1137.85,50,10.02,115.05,1270,0,Seal Wear,2.46,21.42
2536,5.04,1137.91,40,11.36,113.24,1270,0,Air Leakage,1.15,17.76
2537,5.74,1138.57,30,9.63,118.76,1270,0,Seal Wear,1.55,30.41
2538,5.02,1138.7,20,11.79,110.14,1270,0,Air Leakage,1.19,39.75
2539,5.17,1138.83,10,11.87,110.7,1270,0,Air Leakage,0.86,25.71
2540,5.23,1138.9,0,9.71,104.81,1270,0,Valve Sticking,3.48,21.74
2541,5.37,1139.08,10,9.67,94.06,1271,0,Valve Sticking,3.02,16.79
2542,5.22,1139.2,20,10.13,95.86,1272,0,Valve Sticking,2.98,9.45
2543,4.95,1139.27,30,10.78,103.81,1273,0,Air Leakage,0.98,23.53
2544,5.36,1139.29,40,10.25,97.37,1274,0,Valve Sticking,3.66,9.16
2545,5.21,1139.32,50,9.64,100.33,1275,0,Valve Sticking,2.77,20.93
2546,5.5,1139.5,60,10.33,93.14,1276,0,Valve Sticking,3.41,16.93
2547,5.45,1139.55,70,10.23,92.52,1277,0,Valve Sticking,2.92,40.49
2548,4.85,1139.72,80,11.36,107.72,1278,0,Air Leakage,1.14,38.52
2549,5.48,1140.78,90,9.86,119.45,1279,0,Seal Wear,2.23,7.63
2550,5.88,1142.19,100,10.26,117.31,1280,0,Seal Wear,1.97,33.53
2551,5.13,1142.38,90,10.89,109.29,1280,0,Air Leakage,1.03,19.06
2552,5.12,1142.53,80,11.43,104.54,1280,0,Air Leakage,0.87,38.08
2553,5.44,1142.71,70,10.48,96.33,1280,0,Valve Sticking,2.54,20.25
2554,5.26,1142.84,60,9.85,104.02,1280,0,Valve Sticking,3.08,9.53
2555,5.64,1143.0,50,10.0,93.41,1280,0,Valve Sticking,2.96,38.69
2556,4.78,1143.04,40,11.31,108.17,1280,0,Air Leakage,1.2,21.18
2557,5.43,1143.14,30,11.64,107.24,1280,0,Air Leakage,0.97,44.26
2558,5.17,1143.24,20,9.62,97.34,1280,0,Valve Sticking,2.98,7.99
2559,5.95,1144.72,10,9.74,114.35,1280,0,Seal Wear,1.9,36.18
2560,5.29,1144.91,0,10.14,94.1,1280,0,Valve Sticking,2.72,14.01
2561,5.9,1145.97,10,9.75,111.77,1281,0,Seal Wear,1.87,49.6
2562,5.35,1146.11,20,11.84,101.79,1282,0,Air Leakage,0.81,47.83
2563,5.21,1146.19,30,11.31,112.05,1283,0,Air Leakage,1.05,23.26
2564,5.07,1146.35,40,12.29,100.48,1284,0,Air Leakage,0.84,44.87
2565,5.76,1147.11,50,9.93,119.98,1285,0,Seal Wear,2.38,27.55
2566,5.28,1147.16,60,10.43,95.8,1286,0,Valve Sticking,3.36,23.41
2567,5.86,1148.31,70,10.43,114.06,1287,0,Seal Wear,2.1,44.12
2568,5.14,1148.42,80,11.43,118.24,1288,0,Air Leakage,1.09,9.02
2569,5.09,1148.59,90,9.64,92.82,1289,0,Valve Sticking,3.36,8.53
2570,5.25,1148.64,100,10.25,101.99,1290,0,Valve Sticking,3.91,8.53
2571,5.97,1150.0,90,9.62,109.92,1290,0,Seal Wear,2.46,41.33
2572,5.14,1150.12,80,10.3,103.34,1290,0,Valve Sticking,3.47,6.9
2573,4.76,1150.23,70,10.9,108.59,1290,0,Air Leakage,1.06,14.34
2574,4.71,1150.34,60,10.67,112.12,1290,0,Air Leakage,1.19,8.7
2575,5.11,1150.4,50,11.2,104.84,1290,0,Air Leakage,1.01,41.58
2576,5.21,1150.48,40,10.11,91.56,1290,0,Valve Sticking,3.24,20.73
2577,5.84,1151.52,30,9.86,114.52,1290,0,Seal Wear,1.73,41.86
2578,5.23,1151.72,20,10.48,98.72,1290,0,Valve Sticking,3.7,8.66
2579,5.29,1151.89,10,11.27,99.99,1290,0,Air Leakage,0.91,49.3
2580,5.72,1151.95,0,10.14,87.53,1290,0,Valve Sticking,3.64,47.26
2581,5.3,1152.0,10,10.43,99.86,1291,0,Valve Sticking,3.46,14.57
2582,5.01,1152.18,20,10.98,102.22,1292,0,Air Leakage,1.08,32.71
2583,6.05,1153.32,30,9.52,109.94,1293,0,Seal Wear,1.64,47.44
2584,5.66,1154.18,40,9.9,117.53,1294,0,Seal Wear,1.58,20.82
2585,5.47,1154.35,50,9.89,93.89,1295,0,Valve Sticking,2.96,27.66
2586,5.92,1155.02,60,9.85,114.39,1296,0,Seal Wear,2.34,34.53
2587,5.49,1155.07,70,10.15,88.92,1297,0,Valve Sticking,3.91,32.31
2588,5.74,1156.5,80,9.71,116.26,1298,0,Seal Wear,2.41,20.71
2589,5.67,1157.28,90,9.66,117.2,1299,0,Seal Wear,1.65,25.51
2590,4.84,1157.45,100,10.94,112.1,1300,0,Air Leakage,0.94,16.5
2591,5.21,1157.51,90,10.35,105.2,1300,0,Valve Sticking,2.54,5.62
2592,4.63,1157.71,80,11.74,117.12,1300,0,Air Leakage,1.14,9.16
2593,5.67,1157.91,70,9.98,90.51,1300,0,Valve Sticking,3.8,30.55
2594,5.31,1158.08,60,11.4,112.14,1300,0,Air Leakage,1.08,22.54
2595,4.85,1158.23,50,11.89,105.27,1300,0,Air Leakage,1.06,24.44
2596,5.7,1158.26,40,10.09,92.67,1300,0,Valve Sticking,3.07,45.26
2597,5.52,1158.95,30,10.42,123.21,1300,0,Seal Wear,2.25,8.91
2598,5.58,1160.32,20,10.25,119.43,1300,0,Seal Wear,1.54,6.88
2599,5.2,1160.48,10,10.82,102.96,1300,0,Air Leakage,1.16,41.44
2600,5.81,1161.41,0,10.31,117.04,1300,0,Seal Wear,2.01,23.62
2601,5.76,1162.1,10,9.54,117.88,1301,0,Seal Wear,2.15,15.76
2602,5.73,1163.41,20,10.23,114.26,1302,0,Seal Wear,1.56,32.77
2603,5.73,1164.19,30,10.05,118.85,1303,0,Seal Wear,1.61,17.74
2604,5.6,1164.94,40,10.1,120.95,1304,0,Seal Wear,1.8,11.17
2605,5.17,1164.97,50,12.1,102.78,1305,0,Air Leakage,0.85,43.6
2606,5.71,1165.81,60,10.31,114.06,1306,0,Seal Wear,1.69,28.43
2607,5.65,1166.74,70,10.12,120.39,1307,0,Seal Wear,1.55,15.62
2608,5.27,1166.78,80,12.35,104.67,1308,0,Air Leakage,1.11,45.43
2609,5.04,1166.96,90,11.7,113.19,1309,0,Air Leakage,0.85,27.7
2610,6.0,1167.99,100,10.38,113.89,1310,0,Seal Wear,1.73,49.99
2611,5.43,1168.19,90,11.95,104.81,1310,0,Air Leakage,1.19,33.75
2612,5.92,1169.11,80,9.52,115.31,1310,0,Seal Wear,2.3,39.04
2613,4.9,1169.26,70,11.57,109.75,1310,0,Air Leakage,0.92,14.08
2614,5.73,1170.57,60,9.58,118.47,1310,0,Seal Wear,1.75,15.13
2615,5.88,1171.25,50,9.74,114.41,1310,0,Seal Wear,2.07,31.57
2616,5.22,1171.43,40,10.12,98.29,1310,0,Valve Sticking,3.82,20.98
2617,5.88,1172.24,30,9.74,112.53,1310,0,Seal Wear,1.9,38.15
2618,4.61,1172.39,20,12.03,117.78,1310,0,Air Leakage,1.15,8.92
2619,5.59,1172.41,10,9.67,95.61,1310,0,Valve Sticking,3.87,36.32
2620,5.32,1172.54,0,10.13,96.56,1310,0,Valve Sticking,3.64,20.64
2621,5.37,1172.66,10,9.64,98.96,1311,0,Valve Sticking,3.5,13.81
2622,5.42,1172.73,20,9.82,87.18,1312,0,Valve Sticking,3.69,37.19
2623,4.71,1172.9,30,11.66,115.93,1313,0,Air Leakage,0.99,6.5
2624,5.44,1172.95,40,10.46,94.85,1314,0,Valve Sticking,2.68,17.03
2625,5.83,1174.47,50,10.11,114.82,1315,0,Seal Wear,2.1,32.47
2626,5.98,1175.69,60,10.49,115.38,1316,0,Seal Wear,1.91,38.77
2627,5.26,1175.74,70,10.37,95.24,1317,0,Valve Sticking,2.91,30.16
2628,5.29,1175.87,80,11.59,103.75,1318,0,Air Leakage,1.11,49.69
2629,5.24,1175.89,90,11.13,106.15,1319,0,Air Leakage,0.93,30.98
2630,4.79,1176.03,100,11.22,108.93,1320,0,Air Leakage,0.81,16.12
2631,6.0,1176.61,90,9.69,113.96,1320,0,Seal Wear,1.64,41.19
2632,6.05,1178.14,80,9.81,107.35,1320,0,Seal Wear,1.97,46.6
2633,5.28,1178.14,70,11.87,103.83,1320,0,Air Leakage,0.99,41.02
2634,5.22,1178.28,60,9.71,90.09,1320,0,Valve Sticking,3.54,14.65
2635,5.44,1178.42,50,11.57,101.63,1320,0,Air Leakage,1.06,47.81
2636,5.41,1178.48,40,10.36,88.76,1320,0,Valve Sticking,3.49,38.49
2637,5.65,1178.58,30,10.02,96.7,1320,0,Valve Sticking,3.13,29.85
2638,4.78,1178.71,20,11.81,113.05,1320,0,Air Leakage,1.03,10.36
2639,5.63,1179.81,10,10.47,118.83,1320,0,Seal Wear,2.07,19.72
2640,5.27,1180.0,0,11.45,101.06,1320,0,Air Leakage,0.98,42.27
2641,5.28,1180.05,10,10.46,90.33,1321,0,Valve Sticking,3.24,24.61
2642,5.87,1180.78,20,10.07,112.14,1322,0,Seal Wear,1.74,43.4
2643,5.55,1181.62,30,10.29,118.97,1323,0,Seal Wear,1.75,5.92
2644,5.85,1183.17,40,9.7,115.91,1324,0,Seal Wear,1.68,35.7
2645,5.91,1184.03,50,10.15,114.58,1325,0,Seal Wear,2.31,32.92
2646,5.7,1185.08,60,10.42,117.45,1326,0,Seal Wear,2.03,25.93
2647,5.76,1185.79,70,9.79,114.1,1327,0,Seal Wear,1.78,22.67
2648,4.79,1185.82,80,11.43,112.13,1328,0,Air Leakage,1.06,26.49
2649,5.9,1187.32,90,9.61,109.73,1329,0,Seal Wear,2.47,42.31
2650,5.72,1187.5,100,9.98,90.91,1330,0,Valve Sticking,3.4,43.86
2651,5.24,1187.53,90,9.61,90.0,1330,0,Valve Sticking,2.69,24.35
2652,5.5,1187.66,80,9.64,88.06,1330,0,Valve Sticking,3.21,27.52
2653,5.6,1188.61,70,9.59,118.62,1330,0,Seal Wear,1.87,13.35
2654,5.71,1189.74,60,10.3,117.35,1330,0,Seal Wear,1.65,28.02
2655,5.39,1189.76,50,9.83,103.55,1330,0,Valve Sticking,2.56,10.75
2656,5.38,1189.83,40,9.56,103.76,1330,0,Valve Sticking,2.96,15.59
2657,5.77,1191.28,30,10.29,113.63,1330,0,Seal Wear,1.54,31.85
2658,5.31,1191.35,20,11.25,103.55,1330,0,Air Leakage,0.81,46.27
2659,5.31,1191.41,10,10.49,93.87,1330,0,Valve Sticking,3.79,12.98
2660,5.41,1191.5,0,10.27,96.32,1330,0,Valve Sticking,3.66,33.81
2661,5.4,1191.55,10,11.53,108.35,1331,0,Air Leakage,0.95,43.27
2662,5.63,1192.24,20,9.96,119.23,1332,0,Seal Wear,1.65,14.85
2663,5.58,1193.69,30,9.7,118.02,1333,0,Seal Wear,1.77,14.9
2664,5.17,1193.75,40,9.81,94.77,1334,0,Valve Sticking,3.3,14.61
2665,4.93,1193.83,50,11.42,108.31,1335,0,Air Leakage,0.94,40.92
2666,5.45,1193.94,60,10.46,93.29,1336,0,Valve Sticking,2.96,22.17
2667,5.89,1195.45,70,9.99,111.47,1337,0,Seal Wear,2.36,36.09
2668,5.59,1196.9,80,10.24,121.42,1338,0,Seal Wear,1.87,8.67
2669,5.51,1196.93,90,9.6,87.06,1339,0,Valve Sticking,3.27,41.6
2670,5.96,1197.68,100,10.07,113.96,1340,0,Seal Wear,2.48,47.21
2671,5.58,1198.57,90,10.13,118.93,1340,0,Seal Wear,2.08,12.5
2672,4.92,1198.61,80,11.59,104.81,1340,0,Air Leakage,0.91,35.25
2673,5.36,1198.72,70,9.51,89.18,1340,0,Valve Sticking,3.51,30.33
2674,5.56,1198.88,60,9.77,98.98,1340,0,Valve Sticking,3.12,27.51
2675,5.64,1200.48,50,10.1,119.98,1340,0,Seal Wear,1.98,21.32
2676,5.09,1200.65,40,11.93,106.22,1340,0,Air Leakage,1.0,39.69
2677,5.93,1201.81,30,10.12,115.03,1340,0,Seal Wear,2.31,39.45
2678,5.49,1201.95,20,10.27,87.09,1340,0,Valve Sticking,3.66,40.26
2679,5.23,1202.01,10,11.07,108.38,1340,0,Air Leakage,1.19,21.64
2680,5.97,1202.78,0,10.3,112.21,1340,0,Seal Wear,2.03,41.07
2681,5.77,1204.08,10,9.85,115.12,1341,0,Seal Wear,1.84,21.21
2682,4.8,1204.25,20,11.59,107.12,1342,0,Air Leakage,1.11,29.63
2683,5.5,1204.98,30,10.42,120.47,1343,0,Seal Wear,2.07,6.0
2684,5.11,1205.12,40,11.27,99.63,1344,0,Air Leakage,0.94,39.0
2685,5.1,1205.17,50,11.32,109.93,1345,0,Air Leakage,0.85,15.33
2686,5.65,1206.16,60,10.35,120.82,1346,0,Seal Wear,2.0,8.75
2687,5.85,1207.04,70,10.08,109.98,1347,0,Seal Wear,2.27,40.99
2688,4.62,1207.08,80,10.91,114.36,1348,0,Air Leakage,0.93,12.98
2689,5.68,1208.31,90,10.44,119.24,1349,0,Seal Wear,2.11,12.67
2690,4.94,1208.37,100,11.06,110.92,1350,0,Air Leakage,1.0,5.28
2691,5.67,1209.63,90,9.69,117.36,1350,0,Seal Wear,2.12,18.99
2692,5.16,1209.64,80,11.98,101.88,1350,0,Air Leakage,1.1,34.91
2693,5.93,1210.46,70,10.13,110.01,1350,0,Seal Wear,2.42,45.15
2694,4.89,1210.61,60,11.17,114.92,1350,0,Air Leakage,1.13,7.51
2695,5.05,1210.69,50,11.25,112.59,1350,0,Air Leakage,1.01,17.02
2696,4.84,1210.74,40,11.48,106.48,1350,0,Air Leakage,1.19,25.86
2697,5.74,1212.22,30,10.48,119.0,1350,0,Seal Wear,1.72,27.57
2698,4.94,1212.42,20,11.6,110.16,1350,0,Air Leakage,0.94,28.98
2699,5.8,1213.83,10,9.94,115.6,1350,0,Seal Wear,1.54,26.48
2700,5.14,1214.02,0,10.49,95.63,1350,0,Valve Sticking,2.62,15.27
2701,5.08,1214.18,10,11.94,109.33,1351,0,Air Leakage,1.1,21.77
2702,5.98,1215.49,20,10.29,111.7,1352,0,Seal Wear,1.97,39.24
2703,5.84,1216.3,30,10.24,116.98,1353,0,Seal Wear,1.67,24.02
2704,5.24,1216.42,40,9.94,101.82,1354,0,Valve Sticking,3.31,7.9
2705,5.22,1216.61,50,9.9,102.12,1355,0,Valve Sticking,3.58,17.46
2706,5.28,1216.62,60,9.85,95.0,1356,0,Valve Sticking,2.87,6.4
2707,5.54,1218.19,70,9.87,120.72,1357,0,Seal Wear,1.62,9.73
2708,4.99,1218.3,80,11.74,104.29,1358,0,Air Leakage,0.81,33.44
2709,5.18,1218.46,90,9.86,102.89,1359,0,Valve Sticking,3.1,13.98
2710,5.47,1218.63,100,9.88,101.15,1360,0,Valve Sticking,2.93,28.39
2711,5.13,1218.69,90,11.85,103.07,1360,0,Air Leakage,0.8,29.82
2712,5.42,1218.8,80,9.85,93.62,1360,0,Valve Sticking,2.55,37.38
2713,5.67,1220.18,70,10.35,118.37,1360,0,Seal Wear,1.59,6.86
2714,5.67,1221.12,60,10.03,116.44,1360,0,Seal Wear,2.5,20.05
2715,5.21,1221.16,50,11.83,101.1,1360,0,Air Leakage,0.89,36.24
2716,5.09,1221.26,40,11.21,102.4,1360,0,Air Leakage,0.89,45.18
2717,5.62,1222.11,30,9.56,118.04,1360,0,Seal Wear,1.88,13.55
2718,5.28,1222.24,20,9.54,102.9,1360,0,Valve Sticking,3.46,5.7
2719,5.66,1222.81,10,9.6,115.15,1360,0,Seal Wear,2.49,25.55
2720,5.16,1222.81,0,11.07,99.35,1360,0,Air Leakage,0.98,43.26
2721,5.67,1222.83,10,9.65,98.28,1361,0,Valve Sticking,3.58,49.51
2722,4.97,1223.0,20,11.74,102.91,1362,0,Air Leakage,0.83,30.06
2723,4.79,1223.02,30,11.2,110.07,1363,0,Air Leakage,1.08,26.41
2724,5.66,1223.09,40,9.54,98.83,1364,0,Valve Sticking,3.87,43.15
2725,5.3,1223.13,50,11.95,100.98,1365,0,Air Leakage,0.81,41.09
2726,5.3,1223.18,60,11.9,106.84,1366,0,Air Leakage,0.83,47.39
2727,5.62,1223.86,70,9.69,122.38,1367,0,Seal Wear,2.0,12.54
2728,5.35,1224.01,80,10.43,95.8,1368,0,Valve Sticking,2.93,25.85
2729,4.84,1224.02,90,12.38,101.65,1369,0,Air Leakage,0.82,30.55
2730,5.37,1224.06,100,9.98,91.49,1370,0,Valve Sticking,3.59,35.86
2731,4.98,1224.17,90,11.16,100.98,1370,0,Air Leakage,0.96,34.58
2732,5.88,1224.89,80,10.14,115.04,1370,0,Seal Wear,2.16,37.33
2733,4.76,1224.98,70,11.36,114.53,1370,0,Air Leakage,0.83,17.59
2734,5.14,1225.07,60,11.64,104.0,1370,0,Air Leakage,1.18,39.62
2735,4.84,1225.13,50,11.51,115.8,1370,0,Air Leakage,1.09,9.31
2736,4.91,1225.22,40,11.16,103.98,1370,0,Air Leakage,1.1,39.52
2737,5.63,1226.45,30,10.39,116.57,1370,0,Seal Wear,1.71,21.73
2738,5.76,1227.95,20,9.63,117.72,1370,0,Seal Wear,1.97,22.51
2739,5.62,1228.08,10,10.37,97.67,1370,0,Valve Sticking,2.76,34.04
2740,5.38,1228.26,0,10.24,95.32,1370,0,Valve Sticking,2.99,34.79
2741,5.26,1228.41,10,10.48,104.47,1371,0,Valve Sticking,2.9,7.96
2742,4.75,1228.58,20,11.75,110.47,1372,0,Air Leakage,0.99,23.36
2743,5.08,1228.66,30,11.3,105.37,1373,0,Air Leakage,0.95,35.49
2744,5.75,1229.22,40,10.3,115.04,1374,0,Seal Wear,1.6,29.2
2745,5.55,1229.39,50,10.36,99.75,1375,0,Valve Sticking,3.12,35.03
2746,5.19,1229.58,60,9.9,97.05,1376,0,Valve Sticking,3.28,18.71
2747,5.08,1229.64,70,11.34,107.03,1377,0,Air Leakage,0.93,16.72
2748,5.11,1229.67,80,11.56,103.02,1378,0,Air Leakage,0.86,41.09
2749,5.87,1230.65,90,9.54,113.35,1379,0,Seal Wear,1.77,40.27
2750,5.22,1230.85,100,11.75,105.72,1380,0,Air Leakage,1.03,33.32
2751,5.04,1230.95,90,11.69,110.22,1380,0,Air Leakage,1.08,25.38
2752,5.77,1232.61,80,9.63,118.8,1380,0,Seal Wear,1.85,28.87
2753,5.45,1232.72,70,10.57,101.19,1380,0,Air Leakage,0.82,44.15
2754,4.96,1232.91,60,11.23,113.12,1380,0,Air Leakage,0.82,18.77
2755,4.76,1232.91,50,11.27,116.26,1380,0,Air Leakage,0.89,9.57
2756,5.0,1232.97,40,12.29,106.57,1380,0,Air Leakage,1.04,42.08
2757,4.68,1233.05,30,11.69,115.7,1380,0,Air Leakage,0.93,5.57
2758,5.3,1233.07,20,9.52,106.51,1380,0,Valve Sticking,2.66,5.23
2759,6.07,1234.24,10,10.11,111.99,1380,0,Seal Wear,2.19,49.39
2760,5.73,1235.09,0,9.94,118.53,1380,0,Seal Wear,1.88,25.64
2761,5.75,1235.86,10,10.42,116.4,1381,0,Seal Wear,2.02,29.57
2762,5.57,1237.05,20,10.06,120.18,1382,0,Seal Wear,2.34,8.75
2763,5.71,1238.47,30,9.68,115.28,1383,0,Seal Wear,2.1,26.63
2764,5.8,1239.95,40,10.46,116.96,1384,0,Seal Wear,2.16,23.96
2765,4.9,1239.99,50,11.91,109.81,1385,0,Air Leakage,0.89,8.44
2766,5.36,1240.02,60,11.08,100.5,1386,0,Air Leakage,1.16,46.15
2767,5.4,1240.22,70,9.67,93.71,1387,0,Valve Sticking,3.4,41.24
2768,5.81,1241.42,80,9.82,112.41,1388,0,Seal Wear,2.14,37.94
2769,5.32,1241.58,90,9.68,94.35,1389,0,Valve Sticking,2.6,7.39
2770,5.23,1241.59,100,11.38,106.62,1390,0,Air Leakage,0.83,24.35
2771,4.93,1241.6,90,11.74,114.98,1390,0,Air Leakage,1.14,9.46
2772,5.15,1241.79,80,11.55,106.28,1390,0,Air Leakage,1.12,29.05
2773,4.97,1241.88,70,12.2,108.4,1390,0,Air Leakage,0.81,8.93
2774,5.83,1243.08,60,10.17,115.16,1390,0,Seal Wear,2.43,38.86
2775,5.89,1244.58,50,9.78,113.02,1390,0,Seal Wear,2.08,43.0
2776,5.7,1245.28,40,10.37,119.87,1390,0,Seal Wear,1.86,26.1
2777,5.8,1246.02,30,9.95,113.57,1390,0,Seal Wear,1.59,24.57
2778,4.65,1246.12,20,11.89,113.65,1390,0,Air Leakage,0.93,12.01
2779,5.37,1246.12,10,10.3,85.99,1390,0,Valve Sticking,3.91,35.38
2780,5.16,1246.21,0,10.9,104.4,1390,0,Air Leakage,1.1,48.49
2781,5.94,1247.8,10,9.98,110.58,1391,0,Seal Wear,2.12,39.37
2782,6.03,1249.09,20,9.56,113.3,1392,0,Seal Wear,2.08,45.09
2783,4.99,1249.21,30,11.2,114.73,1393,0,Air Leakage,0.8,24.78
2784,6.0,1250.14,40,9.74,116.7,1394,0,Seal Wear,2.44,40.44
2785,5.0,1250.31,50,11.48,112.63,1395,0,Air Leakage,0.92,29.94
2786,5.88,1251.54,60,10.3,115.96,1396,0,Seal Wear,2.4,31.28
2787,5.76,1252.6,70,10.29,115.21,1397,0,Seal Wear,2.34,23.46
2788,5.13,1252.74,80,11.5,109.55,1398,0,Air Leakage,0.81,37.27
2789,5.66,1254.14,90,9.67,117.58,1399,0,Seal Wear,1.98,10.62
2790,5.53,1254.26,100,10.1,92.53,1400,0,Valve Sticking,2.69,19.18
2791,5.65,1254.4,90,9.98,98.71,1400,0,Valve Sticking,3.86,26.53
2792,5.53,1254.49,80,10.49,91.55,1400,0,Valve Sticking,3.81,22.02
2793,5.82,1255.58,70,9.83,112.39,1400,0,Seal Wear,1.71,30.7
2794,5.48,1255.64,60,9.53,93.06,1400,0,Valve Sticking,3.65,47.75
2795,5.14,1255.64,50,10.41,91.93,1400,0,Valve Sticking,3.81,11.94
2796,5.37,1255.71,40,9.96,94.53,1400,0,Valve Sticking,3.59,21.53
2797,5.45,1255.9,30,9.64,87.87,1400,0,Valve Sticking,3.5,33.25
2798,5.0,1256.06,20,11.07,113.0,1400,0,Air Leakage,0.96,5.35
2799,5.12,1256.12,10,11.72,106.68,1400,0,Air Leakage,0.98,30.02
2800,5.25,1256.21,0,9.99,104.73,1400,0,Valve Sticking,3.04,5.61
2801,5.83,1257.22,10,10.09,118.57,1401,0,Seal Wear,2.35,23.7
2802,5.48,1257.29,20,9.52,91.82,1402,0,Valve Sticking,3.14,36.25
2803,5.51,1257.31,30,10.38,93.0,1403,0,Valve Sticking,2.76,42.22
2804,5.97,1258.71,40,10.46,114.68,1404,0,Seal Wear,2.47,39.98
2805,5.36,1258.78,50,9.59,98.84,1405,0,Valve Sticking,2.9,25.61
2806,5.25,1258.94,60,9.82,100.47,1406,0,Valve Sticking,3.83,25.26
2807,5.02,1259.07,70,9.51,95.55,1407,0,Valve Sticking,3.45,8.33
2808,5.78,1260.56,80,9.57,118.24,1408,0,Seal Wear,2.49,21.18
2809,4.89,1260.71,90,11.46,109.25,1409,0,Air Leakage,0.84,34.99
2810,5.11,1260.89,100,11.86,110.12,1410,0,Air Leakage,1.11,30.8
2811,5.28,1261.03,90,12.01,105.86,1410,0,Air Leakage,0.87,31.53
2812,5.47,1261.04,80,9.86,92.31,1410,0,Valve Sticking,3.34,32.6
2813,5.81,1261.95,70,10.37,111.55,1410,0,Seal Wear,2.19,35.9
2814,5.02,1262.05,60,11.5,112.54,1410,0,Air Leakage,0.92,13.58
2815,5.03,1262.19,50,11.28,105.99,1410,0,Air Leakage,1.17,46.05
2816,5.59,1263.54,40,9.91,122.99,1410,0,Seal Wear,2.14,6.64
2817,5.49,1263.57,30,9.52,90.91,1410,0,Valve Sticking,2.8,42.72
2818,5.65,1264.85,20,10.15,117.07,1410,0,Seal Wear,1.51,19.0
2819,5.09,1264.99,10,11.6,112.38,1410,0,Air Leakage,1.13,14.36
2820,5.01,1265.15,0,11.85,107.91,1410,0,Air Leakage,0.97,40.92
2821,5.87,1266.29,10,9.86,113.9,1411,0,Seal Wear,1.54,39.11
2822,5.74,1267.83,20,9.79,116.12,1412,0,Seal Wear,1.65,24.54
2823,5.88,1269.02,30,9.52,111.42,1413,0,Seal Wear,1.7,37.56
2824,4.9,1269.1,40,10.99,106.23,1414,0,Air Leakage,1.17,12.89
2825,5.78,1269.67,50,10.25,113.53,1415,0,Seal Wear,2.46,34.34
2826,5.82,1270.22,60,9.7,116.69,1416,0,Seal Wear,2.45,26.9
2827,4.88,1270.34,70,11.81,105.3,1417,0,Air Leakage,1.05,14.9
2828,5.57,1270.35,80,10.46,89.92,1418,0,Valve Sticking,3.75,47.91
2829,5.44,1270.43,90,9.98,92.09,1419,0,Valve Sticking,2.87,23.05
2830,4.95,1270.58,100,11.94,111.72,1420,0,Air Leakage,0.99,9.89
2831,5.87,1271.39,90,10.37,115.67,1420,0,Seal Wear,1.52,34.07
2832,4.98,1271.45,80,11.61,107.56,1420,0,Air Leakage,1.01,32.62
2833,5.55,1271.63,70,10.23,85.95,1420,0,Valve Sticking,3.25,40.31
2834,4.95,1271.79,60,11.88,106.07,1420,0,Air Leakage,0.91,40.54
2835,5.5,1271.97,50,10.06,92.61,1420,0,Valve Sticking,2.66,22.92
2836,5.53,1272.13,40,9.63,98.31,1420,0,Valve Sticking,3.45,38.33
2837,4.96,1272.31,30,11.61,106.13,1420,0,Air Leakage,0.96,15.62
2838,5.01,1272.49,20,12.07,108.79,1420,0,Air Leakage,0.94,35.55
2839,5.57,1273.54,10,10.33,119.89,1420,0,Seal Wear,2.19,7.38
2840,4.8,1273.56,0,11.42,113.33,1420,0,Air Leakage,1.05,11.74
2841,5.92,1274.15,10,9.81,109.57,1421,0,Seal Wear,2.35,45.44
2842,5.13,1274.2,20,10.75,99.4,1422,0,Air Leakage,1.18,44.2
2843,5.53,1274.38,30,10.47,95.65,1423,0,Valve Sticking,3.49,46.86
2844,5.97,1275.43,40,10.43,111.93,1424,0,Seal Wear,2.33,40.52
2845,5.75,1276.7,50,10.29,117.64,1425,0,Seal Wear,2.15,18.48
2846,5.21,1276.82,60,10.3,100.08,1426,0,Valve Sticking,3.87,12.04
2847,5.55,1276.88,70,10.5,98.29,1427,0,Valve Sticking,3.51,36.28
2848,5.41,1276.97,80,9.71,93.35,1428,0,Valve Sticking,3.97,38.29
2849,5.33,1276.97,90,10.35,102.72,1429,0,Valve Sticking,2.53,17.91
2850,5.82,1277.69,100,9.54,114.52,1430,0,Seal Wear,1.58,38.24
2851,5.84,1278.44,90,10.26,112.68,1430,0,Seal Wear,2.04,25.19
2852,5.2,1278.64,80,11.08,103.48,1430,0,Air Leakage,0.95,37.34
2853,5.82,1279.35,70,10.47,112.91,1430,0,Seal Wear,2.07,40.43
2854,5.74,1280.48,60,10.1,116.81,1430,0,Seal Wear,2.45,33.5
2855,5.52,1280.54,50,9.92,100.35,1430,0,Valve Sticking,3.74,14.05
2856,5.59,1281.32,40,10.34,122.88,1430,0,Seal Wear,2.15,8.73
2857,5.27,1281.39,30,10.01,95.15,1430,0,Valve Sticking,3.35,11.1
2858,5.45,1281.53,20,9.95,95.76,1430,0,Valve Sticking,3.11,23.06
2859,5.18,1281.68,10,11.22,109.4,1430,0,Air Leakage,1.19,21.96
2860,5.28,1281.77,0,10.48,101.75,1430,0,Valve Sticking,3.99,11.0
2861,5.41,1281.86,10,10.2,105.74,1431,0,Valve Sticking,2.75,6.45
2862,5.48,1281.95,20,9.56,102.03,1432,0,Valve Sticking,3.68,24.85
2863,5.41,1281.98,30,10.25,92.48,1433,0,Valve Sticking,2.6,36.66
2864,5.55,1282.16,40,9.82,86.37,1434,0,Valve Sticking,3.29,48.57
2865,5.93,1283.2,50,9.57,108.62,1435,0,Seal Wear,2.26,48.85
2866,5.49,1283.4,60,9.81,92.35,1436,0,Valve Sticking,3.34,43.65
2867,5.78,1284.11,70,10.17,116.14,1437,0,Seal Wear,2.41,26.84
2868,5.56,1284.28,80,9.84,96.27,1438,0,Valve Sticking,3.38,26.02
2869,4.68,1284.35,90,11.53,113.65,1439,0,Air Leakage,1.12,11.18
2870,5.67,1285.28,100,10.03,116.37,1440,0,Seal Wear,1.54,9.29
2871,5.18,1285.46,90,12.23,107.0,1440,0,Air Leakage,0.84,25.45
2872,5.8,1285.59,80,9.53,83.89,1440,0,Valve Sticking,3.82,47.86
2873,6.08,1286.39,70,10.46,109.73,1440,0,Seal Wear,2.05,49.45
2874,5.89,1287.42,60,10.05,113.06,1440,0,Seal Wear,2.32,47.06
2875,5.84,1288.15,50,9.58,113.33,1440,0,Seal Wear,2.44,44.43
2876,5.85,1288.83,40,10.09,116.25,1440,0,Seal Wear,2.21,33.86
2877,5.06,1288.92,30,11.79,111.21,1440,0,Air Leakage,0.85,31.34
2878,5.76,1289.8,20,10.16,115.9,1440,0,Seal Wear,2.2,27.05
2879,5.22,1289.99,10,11.44,107.72,1440,0,Air Leakage,1.09,24.87
2880,5.86,1291.43,0,10.46,116.58,1440,0,Seal Wear,2.32,33.82
2881,5.66,1292.39,10,9.89,121.56,1441,0,Seal Wear,1.74,9.77
2882,4.96,1292.39,20,11.77,110.19,1442,0,Air Leakage,0.8,10.75
2883,4.94,1292.45,30,11.73,108.81,1443,0,Air Leakage,1.17,18.02
2884,5.79,1293.22,40,10.16,116.13,1444,0,Seal Wear,2.17,30.8
2885,5.53,1293.36,50,10.16,103.19,1445,0,Valve Sticking,2.7,31.71
2886,5.83,1294.53,60,10.04,116.74,1446,0,Seal Wear,1.97,38.0
2887,4.93,1294.68,70,11.81,110.2,1447,0,Air Leakage,0.83,22.55
2888,5.57,1295.23,80,10.23,119.61,1448,0,Seal Wear,2.37,12.47
2889,5.91,1296.37,90,10.13,109.38,1449,0,Seal Wear,2.43,46.02
2890,5.35,1296.46,100,9.64,97.06,1450,0,Valve Sticking,3.78,9.89
2891,5.4,1296.56,90,9.98,91.34,1450,0,Valve Sticking,3.28,31.04
2892,5.15,1296.68,80,11.81,102.08,1450,0,Air Leakage,1.16,49.59
2893,4.98,1296.77,70,11.13,105.37,1450,0,Air Leakage,1.19,24.54
2894,5.07,1296.89,60,12.2,110.42,1450,0,Air Leakage,0.95,32.83
2895,5.5,1298.01,50,9.94,118.47,1450,0,Seal Wear,2.14,8.04
2896,5.01,1298.12,40,11.91,103.08,1450,0,Air Leakage,1.16,32.07
2897,5.67,1298.24,30,10.46,94.58,1450,0,Valve Sticking,3.71,47.99
2898,5.86,1299.26,20,9.78,116.35,1450,0,Seal Wear,1.6,36.88
2899,5.66,1299.36,10,10.35,101.46,1450,0,Valve Sticking,2.77,40.5
2900,5.29,1299.38,0,9.81,96.96,1450,0,Valve Sticking,3.78,32.91
2901,5.44,1299.5,10,10.15,93.57,1451,0,Valve Sticking,2.58,22.34
2902,5.3,1299.53,20,9.95,101.0,1452,0,Valve Sticking,3.04,5.19
2903,5.61,1301.16,30,10.22,118.37,1453,0,Seal Wear,2.1,16.01
2904,5.63,1301.87,40,10.2,119.89,1454,0,Seal Wear,2.48,6.08
2905,5.98,1302.79,50,10.13,108.56,1455,0,Seal Wear,1.86,42.63
2906,5.76,1304.19,60,10.31,114.8,1456,0,Seal Wear,1.91,18.29
2907,5.8,1304.78,70,10.26,115.76,1457,0,Seal Wear,2.34,34.54
2908,5.46,1304.89,80,10.2,91.7,1458,0,Valve Sticking,3.68,44.42
2909,5.62,1305.03,90,10.04,96.43,1459,0,Valve Sticking,3.2,48.96
2910,5.67,1306.07,100,9.97,114.97,1460,0,Seal Wear,2.34,20.91
2911,5.75,1307.13,90,9.72,116.5,1460,0,Seal Wear,1.73,20.65
2912,5.46,1307.26,80,9.75,94.76,1460,0,Valve Sticking,3.16,37.71
2913,5.31,1307.32,70,9.64,101.76,1460,0,Valve Sticking,3.15,8.87
2914,5.87,1308.56,60,10.43,115.07,1460,0,Seal Wear,2.1,31.52
2915,5.57,1308.67,50,10.34,95.38,1460,0,Valve Sticking,3.63,31.68
2916,5.05,1308.79,40,11.69,110.4,1460,0,Air Leakage,1.2,12.24
2917,5.6,1308.94,30,10.43,89.82,1460,0,Valve Sticking,2.98,42.25
2918,5.71,1309.82,20,9.92,115.68,1460,0,Seal Wear,1.78,26.91
2919,5.75,1309.91,10,10.27,82.59,1460,0,Valve Sticking,3.84,49.89
2920,5.65,1310.56,0,9.7,119.88,1460,0,Seal Wear,2.3,14.91
2921,5.24,1310.71,10,10.11,99.92,1461,0,Valve Sticking,3.15,8.54
2922,5.17,1310.9,20,9.51,89.99,1462,0,Valve Sticking,2.99,18.68
2923,5.63,1312.23,30,10.3,120.84,1463,0,Seal Wear,1.64,8.11
2924,5.75,1313.21,40,10.09,115.4,1464,0,Seal Wear,2.12,31.0
2925,5.62,1313.24,50,10.25,88.3,1465,0,Valve Sticking,3.23,36.43
2926,5.93,1314.37,60,9.83,114.98,1466,0,Seal Wear,1.51,36.02
2927,5.65,1315.04,70,9.53,120.34,1467,0,Seal Wear,2.38,12.8
2928,5.59,1315.22,80,9.99,88.11,1468,0,Valve Sticking,3.88,43.71
2929,4.85,1315.29,90,11.78,110.82,1469,0,Air Leakage,1.04,28.59
2930,5.21,1315.47,100,10.13,97.17,1470,0,Valve Sticking,2.74,5.77
2931,5.69,1316.45,90,10.33,120.78,1470,0,Seal Wear,2.14,14.76
2932,5.08,1316.49,80,11.77,110.41,1470,0,Air Leakage,0.87,45.75
2933,5.17,1316.62,70,11.51,107.36,1470,0,Air Leakage,0.96,41.91
2934,5.28,1316.76,60,10.45,94.46,1470,0,Valve Sticking,2.83,21.82
2935,5.45,1316.81,50,10.09,102.2,1470,0,Valve Sticking,2.56,19.33
2936,5.7,1316.88,40,10.39,90.55,1470,0,Valve Sticking,3.04,42.13
2937,5.01,1316.89,30,11.1,110.17,1470,0,Air Leakage,1.1,16.76
2938,5.09,1316.96,20,12.05,101.78,1470,0,Air Leakage,0.89,41.08
2939,5.13,1317.05,10,10.11,99.99,1470,0,Valve Sticking,3.33,14.97
2940,5.42,1317.06,0,9.7,100.9,1470,0,Valve Sticking,3.47,6.64
2941,5.39,1317.22,10,10.39,95.74,1471,0,Valve Sticking,2.66,21.27
2942,5.4,1317.38,20,9.8,95.2,1472,0,Valve Sticking,2.75,32.35
2943,5.53,1317.51,30,10.03,94.52,1473,0,Valve Sticking,2.85,19.7
2944,5.23,1317.64,40,10.45,95.43,1474,0,Valve Sticking,2.69,13.58
2945,5.91,1318.62,50,9.65,113.55,1475,0,Seal Wear,2.0,37.76
2946,5.84,1319.45,60,10.13,114.24,1476,0,Seal Wear,2.46,28.75
2947,5.4,1319.54,70,10.16,98.6,1477,0,Valve Sticking,3.7,14.26
2948,5.06,1319.55,80,12.03,114.48,1478,0,Air Leakage,1.1,13.9
2949,5.01,1319.75,90,11.99,103.17,1479,0,Air Leakage,1.11,44.02
2950,5.38,1319.81,100,10.18,90.79,1480,0,Valve Sticking,2.9,30.1
2951,4.88,1319.87,90,11.04,103.0,1480,0,Air Leakage,0.93,42.83
2952,5.43,1319.9,80,10.13,99.33,1480,0,Valve Sticking,3.9,8.35
2953,5.24,1320.03,70,10.99,102.8,1480,0,Air Leakage,1.06,33.63
2954,5.7,1321.22,60,9.7,119.66,1480,0,Seal Wear,2.23,18.71
2955,5.36,1321.25,50,11.37,100.92,1480,0,Air Leakage,0.8,40.24
2956,5.97,1322.43,40,9.93,110.82,1480,0,Seal Wear,1.56,44.01
2957,5.78,1324.02,30,9.61,112.5,1480,0,Seal Wear,2.0,31.69
2958,5.57,1324.2,20,10.08,88.57,1480,0,Valve Sticking,3.49,22.29
2959,5.26,1324.35,10,9.97,105.33,1480,0,Valve Sticking,3.68,14.5
2960,5.3,1324.5,0,11.24,108.33,1480,0,Air Leakage,0.82,27.72
2961,5.05,1324.64,10,11.73,105.52,1481,0,Air Leakage,0.97,44.73
2962,5.36,1324.66,20,10.2,90.76,1482,0,Valve Sticking,3.17,29.7
2963,4.76,1324.79,30,11.11,115.39,1483,0,Air Leakage,0.98,6.11
2964,5.91,1325.85,40,9.7,115.83,1484,0,Seal Wear,2.22,32.53
2965,5.72,1326.84,50,10.45,116.28,1485,0,Seal Wear,2.0,26.56
2966,6.03,1328.33,60,10.14,113.69,1486,0,Seal Wear,2.24,48.04
2967,4.87,1328.4,70,11.36,103.53,1487,0,Air Leakage,0.83,26.66
2968,4.83,1328.46,80,11.0,107.19,1488,0,Air Leakage,0.95,22.82
2969,5.68,1329.65,90,10.46,113.48,1489,0,Seal Wear,2.31,21.86
2970,4.82,1329.66,100,11.56,107.32,1490,0,Air Leakage,0.81,32.97
2971,5.44,1329.8,90,10.1,95.06,1490,0,Valve Sticking,3.14,20.87
2972,5.78,1330.62,80,9.75,119.71,1490,0,Seal Wear,1.92,25.29
2973,5.01,1330.66,70,12.4,103.44,1490,0,Air Leakage,0.81,41.36
2974,4.78,1330.85,60,11.66,108.67,1490,0,Air Leakage,0.93,21.23
2975,4.67,1331.0,50,11.68,112.09,1490,0,Air Leakage,0.92,8.6
2976,5.08,1331.15,40,9.85,98.23,1490,0,Valve Sticking,3.54,5.14
2977,4.87,1331.18,30,11.49,107.13,1490,0,Air Leakage,1.14,39.45
2978,4.99,1331.3,20,11.46,110.85,1490,0,Air Leakage,1.02,28.74
2979,5.09,1331.39,10,11.58,112.33,1490,0,Air Leakage,0.93,19.08
2980,5.24,1331.53,0,10.12,104.17,1490,0,Valve Sticking,2.96,6.68
2981,4.94,1331.63,10,11.63,111.23,1491,0,Air Leakage,0.95,5.95
2982,5.68,1332.98,20,9.94,120.12,1492,0,Seal Wear,1.8,15.84
2983,5.73,1333.18,30,9.76,88.49,1493,0,Valve Sticking,3.74,43.21
2984,5.46,1333.35,40,9.99,94.14,1494,0,Valve Sticking,3.06,27.26
2985,5.68,1334.07,50,10.26,119.5,1495,0,Seal Wear,2.04,13.97
2986,4.98,1334.15,60,11.52,109.58,1496,0,Air Leakage,0.8,23.08
2987,5.11,1334.21,70,11.25,103.53,1497,0,Air Leakage,1.04,33.46
2988,5.62,1335.45,80,9.9,119.57,1498,0,Seal Wear,2.36,7.63
2989,5.49,1336.99,90,9.97,123.75,1499,0,Seal Wear,2.17,8.23
2990,5.08,1337.16,100,11.6,104.8,1500,0,Air Leakage,0.97,47.6
2991,4.86,1337.2,90,10.91,114.25,1500,0,Air Leakage,0.9,8.74
2992,5.46,1337.39,80,9.75,88.43,1500,0,Valve Sticking,3.15,43.72
2993,5.07,1337.5,70,10.0,107.94,1500,0,Valve Sticking,3.87,11.45
2994,4.94,1337.56,60,11.38,112.77,1500,0,Air Leakage,0.96,15.06
2995,4.94,1337.69,50,11.79,108.6,1500,0,Air Leakage,0.95,37.65
2996,5.64,1337.87,40,9.98,100.47,1500,0,Valve Sticking,3.85,39.32
2997,5.59,1338.81,30,10.26,120.18,1500,0,Seal Wear,2.03,8.87
2998,5.08,1338.99,20,11.19,107.69,1500,0,Air Leakage,1.12,29.1
2999,5.78,1339.83,10,9.54,117.88,1500,0,Seal Wear,2.02,20.16
3000,4.97,1339.97,0,11.7,108.01,1500,0,Air Leakage,1.01,40.48
3001,4.99,1340.06,10,11.94,102.26,1501,0,Air Leakage,0.93,48.92
3002,5.51,1340.15,20,10.1,90.51,1502,0,Valve Sticking,3.67,33.5
3003,5.37,1340.32,30,9.58,95.43,1503,0,Valve Sticking,3.15,11.87
3004,5.55,1341.25,40,9.67,121.08,1504,0,Seal Wear,2.34,9.26
3005,5.83,1342.13,50,10.21,114.66,1505,0,Seal Wear,2.13,37.88
3006,4.82,1342.27,60,11.19,104.1,1506,0,Air Leakage,0.8,30.22
3007,4.73,1342.43,70,12.07,113.04,1507,0,Air Leakage,1.06,7.38
3008,5.64,1343.07,80,10.43,116.07,1508,0,Seal Wear,2.01,11.79
3009,5.17,1343.25,90,9.86,103.78,1509,0,Valve Sticking,3.13,10.49
3010,4.9,1343.29,100,11.91,106.13,1510,0,Air Leakage,0.9,25.79
3011,5.97,1344.31,90,10.35,114.52,1510,0,Seal Wear,2.4,42.61
3012,6.03,1345.35,80,9.61,112.74,1510,0,Seal Wear,1.78,49.88
3013,6.03,1346.08,70,10.47,114.72,1510,0,Seal Wear,1.96,47.16
3014,5.34,1346.27,60,10.06,97.4,1510,0,Valve Sticking,2.97,17.78
3015,5.32,1346.4,50,11.09,104.75,1510,0,Air Leakage,1.2,41.96
3016,4.97,1346.4,40,11.61,117.2,1510,0,Air Leakage,1.05,16.6
3017,5.66,1347.35,30,10.0,117.58,1510,0,Seal Wear,2.22,19.94
3018,5.65,1348.04,20,9.94,115.36,1510,0,Seal Wear,1.78,25.44
3019,5.3,1348.14,10,11.13,106.81,1510,0,Air Leakage,0.99,36.65
3020,5.54,1348.33,0,10.32,96.01,1510,0,Valve Sticking,3.85,35.66
3021,5.05,1348.34,10,11.2,106.31,1511,0,Air Leakage,0.83,26.77
3022,5.31,1348.37,20,11.41,110.07,1512,0,Air Leakage,1.14,28.36
3023,5.1,1348.5,30,11.28,104.54,1513,0,Air Leakage,0.82,42.88
3024,5.25,1348.64,40,9.63,96.79,1514,0,Valve Sticking,3.68,20.83
3025,5.18,1348.74,50,10.76,100.33,1515,0,Air Leakage,0.81,45.21
3026,5.24,1348.93,60,11.15,99.61,1516,0,Air Leakage,1.11,42.94
3027,5.05,1349.12,70,11.41,108.51,1517,0,Air Leakage,0.87,27.32
3028,5.64,1349.32,80,10.02,95.68,1518,0,Valve Sticking,3.87,39.39
3029,5.37,1349.32,90,10.15,94.77,1519,0,Valve Sticking,3.96,15.08
3030,5.69,1350.53,100,10.46,115.18,1520,0,Seal Wear,2.34,25.25
3031,5.27,1350.69,90,9.73,100.85,1520,0,Valve Sticking,3.02,8.51
3032,5.08,1350.7,80,11.37,98.91,1520,0,Air Leakage,1.19,46.17
3033,4.83,1350.8,70,11.33,109.57,1520,0,Air Leakage,0.84,19.35
3034,4.9,1350.88,60,10.94,116.24,1520,0,Air Leakage,0.89,18.77
3035,5.77,1352.32,50,10.35,115.52,1520,0,Seal Wear,2.06,36.96
3036,5.49,1352.42,40,9.51,101.35,1520,0,Valve Sticking,3.49,31.07
3037,5.55,1353.44,30,10.19,122.45,1520,0,Seal Wear,2.21,7.28
3038,5.29,1353.46,20,9.93,96.8,1520,0,Valve Sticking,2.78,6.81
3039,5.43,1353.49,10,10.2,99.79,1520,0,Valve Sticking,3.3,25.6
3040,5.47,1353.67,0,10.14,94.04,1520,0,Valve Sticking,2.97,29.53
3041,5.3,1353.69,10,9.64,99.98,1521,0,Valve Sticking,2.82,31.31
3042,5.64,1354.96,20,9.67,120.96,1522,0,Seal Wear,1.88,10.25
3043,5.25,1355.03,30,10.4,102.49,1523,0,Valve Sticking,2.67,21.85
3044,5.13,1355.17,40,9.89,108.12,1524,0,Valve Sticking,2.89,6.94
3045,5.13,1355.36,50,9.92,101.39,1525,0,Valve Sticking,2.51,11.93
3046,5.79,1356.25,60,10.02,116.48,1526,0,Seal Wear,1.52,22.75
3047,5.27,1356.26,70,9.76,100.2,1527,0,Valve Sticking,3.64,12.97
3048,6.0,1357.59,80,10.1,111.49,1528,0,Seal Wear,1.57,41.78
3049,5.2,1357.75,90,10.49,94.6,1529,0,Valve Sticking,2.65,7.32
3050,5.25,1357.91,100,10.89,102.12,1530,0,Air Leakage,1.09,36.69
3051,5.14,1358.09,90,11.69,107.63,1530,0,Air Leakage,1.1,23.17
3052,4.89,1358.23,80,12.2,116.23,1530,0,Air Leakage,1.15,5.06
3053,5.04,1358.31,70,10.71,106.65,1530,0,Air Leakage,1.09,41.19
3054,5.91,1359.31,60,9.99,115.01,1530,0,Seal Wear,2.25,31.91
3055,5.25,1359.45,50,10.28,95.82,1530,0,Valve Sticking,3.13,12.6
3056,5.18,1359.54,40,12.3,104.63,1530,0,Air Leakage,1.04,46.0
3057,5.76,1360.61,30,10.23,114.11,1530,0,Seal Wear,1.52,30.84
3058,5.37,1360.77,20,11.74,103.76,1530,0,Air Leakage,1.11,38.83
3059,5.66,1360.89,10,9.64,94.96,1530,0,Valve Sticking,2.52,38.06
3060,5.24,1360.91,0,11.66,106.45,1530,0,Air Leakage,0.95,38.33
3061,5.49,1362.18,10,9.97,122.71,1531,0,Seal Wear,2.3,7.55
3062,5.06,1362.25,20,11.96,104.66,1532,0,Air Leakage,0.99,49.44
3063,5.45,1362.43,30,9.54,93.94,1533,0,Valve Sticking,2.66,26.12
3064,5.22,1362.51,40,9.5,103.22,1534,0,Valve Sticking,2.67,11.95
3065,5.45,1362.6,50,9.88,106.34,1535,0,Valve Sticking,3.2,19.98
3066,4.59,1362.64,60,11.2,109.44,1536,0,Air Leakage,1.1,7.15
3067,4.75,1362.65,70,11.61,105.02,1537,0,Air Leakage,1.16,32.35
3068,5.51,1364.15,80,10.02,119.76,1538,0,Seal Wear,1.73,6.25
3069,5.52,1365.69,90,9.95,121.93,1539,0,Seal Wear,1.97,11.03
3070,5.39,1365.78,100,9.74,89.42,1540,0,Valve Sticking,2.97,32.99
3071,5.83,1366.5,90,9.98,114.18,1540,0,Seal Wear,2.39,26.28
3072,5.77,1367.95,80,10.46,116.71,1540,0,Seal Wear,2.09,32.36
3073,5.07,1368.11,70,11.51,107.58,1540,0,Air Leakage,0.92,16.12
3074,5.89,1369.27,60,10.39,110.65,1540,0,Seal Wear,1.5,48.2
3075,5.49,1369.33,50,10.04,90.18,1540,0,Valve Sticking,2.76,35.75
3076,5.69,1370.54,40,9.92,116.66,1540,0,Seal Wear,1.63,18.94
3077,5.38,1370.68,30,11.08,106.5,1540,0,Air Leakage,0.83,41.91
3078,5.34,1370.74,20,9.87,93.43,1540,0,Valve Sticking,2.85,25.21
3079,6.01,1371.7,10,10.47,109.04,1540,0,Seal Wear,2.45,47.84
3080,4.56,1371.85,0,11.1,117.82,1540,0,Air Leakage,1.0,8.59
3081,5.68,1371.91,10,10.41,93.51,1541,0,Valve Sticking,3.76,38.15
3082,5.33,1371.98,20,11.45,100.99,1542,0,Air Leakage,0.96,49.37
3083,5.47,1372.06,30,10.22,88.4,1543,0,Valve Sticking,3.06,37.05
3084,5.16,1372.14,40,11.45,109.81,1544,0,Air Leakage,0.87,22.89
3085,5.26,1372.21,50,9.83,99.07,1545,0,Valve Sticking,3.89,17.77
3086,5.69,1372.92,60,9.95,119.73,1546,0,Seal Wear,1.61,11.33
3087,5.48,1373.03,70,9.92,95.43,1547,0,Valve Sticking,3.16,27.1
3088,5.02,1373.17,80,11.03,107.13,1548,0,Air Leakage,1.08,39.16
3089,5.82,1373.79,90,10.44,114.22,1549,0,Seal Wear,2.28,25.22
3090,5.43,1373.96,100,10.0,92.53,1550,0,Valve Sticking,3.03,33.05
3091,5.37,1373.98,90,10.73,103.87,1550,0,Air Leakage,1.11,41.54
3092,5.47,1374.1,80,10.34,98.18,1550,0,Valve Sticking,3.23,30.87
3093,5.33,1374.25,70,9.54,106.78,1550,0,Valve Sticking,3.94,12.1
3094,4.77,1374.33,60,11.85,110.01,1550,0,Air Leakage,1.09,25.24
3095,5.15,1374.46,50,11.04,114.4,1550,0,Air Leakage,0.97,19.94
3096,5.77,1374.48,40,9.84,96.4,1550,0,Valve Sticking,3.2,44.24
3097,5.09,1374.56,30,11.35,105.47,1550,0,Air Leakage,0.93,36.32
3098,5.6,1375.86,20,9.57,115.43,1550,0,Seal Wear,2.45,16.22
3099,4.97,1376.03,10,11.16,111.03,1550,0,Air Leakage,1.16,12.3
3100,5.91,1376.72,0,9.92,113.01,1550,0,Seal Wear,1.52,41.92
3101,4.99,1376.86,10,11.25,106.79,1551,0,Air Leakage,0.9,37.41
3102,5.97,1377.97,20,10.45,112.67,1552,0,Seal Wear,2.17,41.04
3103,5.05,1378.09,30,11.78,115.54,1553,0,Air Leakage,0.87,6.02
3104,5.26,1378.17,40,11.64,111.46,1554,0,Air Leakage,0.82,33.7
3105,5.42,1378.28,50,9.99,99.92,1555,0,Valve Sticking,3.7,19.3
3106,5.88,1379.15,60,9.86,116.36,1556,0,Seal Wear,1.84,35.94
3107,4.84,1379.28,70,11.45,111.13,1557,0,Air Leakage,0.8,26.53
3108,5.62,1380.64,80,10.41,122.16,1558,0,Seal Wear,2.13,7.59
3109,5.25,1380.72,90,11.46,106.46,1559,0,Air Leakage,0.99,48.23
3110,5.13,1380.83,100,11.11,108.87,1560,0,Air Leakage,0.92,27.68
3111,5.2,1380.9,90,9.59,100.93,1560,0,Valve Sticking,2.98,9.78
3112,4.95,1380.95,80,10.92,118.62,1560,0,Air Leakage,1.04,5.32
3113,5.3,1381.1,70,11.64,109.85,1560,0,Air Leakage,1.01,43.64
3114,5.23,1381.28,60,11.78,101.28,1560,0,Air Leakage,0.86,47.87
3115,5.44,1381.38,50,11.15,107.84,1560,0,Air Leakage,1.01,40.33
3116,5.19,1381.47,40,11.54,105.69,1560,0,Air Leakage,1.0,39.69
3117,5.56,1381.65,30,9.86,96.68,1560,0,Valve Sticking,3.32,49.45
3118,4.94,1381.81,20,11.27,103.75,1560,0,Air Leakage,0.93,33.26
3119,5.19,1381.97,10,11.56,102.67,1560,0,Air Leakage,0.89,44.85
3120,5.42,1382.05,0,9.76,95.71,1560,0,Valve Sticking,3.17,29.75
3121,5.12,1382.21,10,11.25,119.73,1561,0,Air Leakage,0.82,6.38
3122,5.76,1382.31,20,10.43,89.76,1562,0,Valve Sticking,3.16,46.68
3123,5.78,1383.23,30,9.62,113.43,1563,0,Seal Wear,2.36,27.42
3124,5.64,1383.31,40,9.59,97.8,1564,0,Valve Sticking,3.47,37.54
3125,5.7,1384.42,50,9.5,115.39,1565,0,Seal Wear,2.09,28.44
3126,5.6,1385.71,60,10.11,117.81,1566,0,Seal Wear,2.34,10.72
3127,5.46,1385.76,70,9.75,93.87,1567,0,Valve Sticking,2.92,21.46
3128,4.63,1385.89,80,11.66,106.17,1568,0,Air Leakage,0.91,22.03
3129,4.79,1386.06,90,10.98,105.51,1569,0,Air Leakage,1.17,18.47
3130,5.43,1386.25,100,11.82,102.46,1570,0,Air Leakage,0.99,38.51
3131,6.03,1387.46,90,9.88,113.14,1570,0,Seal Wear,2.37,46.14
3132,5.77,1388.99,80,9.89,119.09,1570,0,Seal Wear,2.46,21.06
3133,5.76,1390.08,70,9.68,116.5,1570,0,Seal Wear,1.79,32.13
3134,5.72,1391.67,60,10.28,117.69,1570,0,Seal Wear,1.53,18.21
3135,5.9,1392.57,50,10.25,114.13,1570,0,Seal Wear,1.61,40.36
3136,5.28,1392.72,40,11.84,105.64,1570,0,Air Leakage,0.82,35.43
3137,5.71,1394.18,30,9.6,116.18,1570,0,Seal Wear,2.06,14.4
3138,5.54,1394.2,20,10.25,90.45,1570,0,Valve Sticking,2.68,30.06
3139,5.46,1394.31,10,9.82,92.14,1570,0,Valve Sticking,3.95,30.85
3140,5.02,1394.46,0,11.01,103.08,1570,0,Air Leakage,1.08,45.17
3141,5.51,1394.52,10,9.65,99.74,1571,0,Valve Sticking,3.07,15.06
3142,5.74,1396.12,20,9.81,118.21,1572,0,Seal Wear,1.63,17.76
3143,5.56,1396.75,30,10.13,119.11,1573,0,Seal Wear,1.88,5.98
3144,4.95,1396.76,40,11.39,105.11,1574,0,Air Leakage,1.19,23.61
3145,4.72,1396.94,50,10.94,118.0,1575,0,Air Leakage,0.85,7.57
3146,4.79,1397.07,60,11.06,113.06,1576,0,Air Leakage,0.98,5.52
3147,5.47,1397.09,70,11.34,101.55,1577,0,Air Leakage,1.08,43.74
3148,5.53,1397.25,80,9.86,85.7,1578,0,Valve Sticking,3.59,35.76
3149,4.98,1397.43,90,11.27,116.97,1579,0,Air Leakage,0.96,5.77
3150,5.91,1398.13,100,10.45,117.02,1580,0,Seal Wear,1.93,38.53
3151,5.24,1398.33,90,10.91,103.81,1580,0,Air Leakage,0.85,43.51
3152,4.72,1398.37,80,12.11,107.95,1580,0,Air Leakage,0.98,26.31
3153,5.79,1399.23,70,10.1,115.32,1580,0,Seal Wear,1.66,32.08
3154,5.68,1400.39,60,9.74,118.88,1580,0,Seal Wear,2.3,17.84
3155,6.04,1401.39,50,9.66,114.51,1580,0,Seal Wear,1.68,45.79
3156,5.2,1401.52,40,11.32,104.42,1580,0,Air Leakage,1.04,47.53
3157,5.03,1401.58,30,11.23,113.87,1580,0,Air Leakage,0.89,11.71
3158,4.94,1401.64,20,10.82,114.45,1580,0,Air Leakage,1.02,17.79
3159,5.2,1401.66,10,11.1,112.21,1580,0,Air Leakage,1.0,20.87
3160,5.64,1403.25,0,10.36,120.39,1580,0,Seal Wear,2.2,15.56
3161,5.35,1403.41,10,9.95,94.91,1581,0,Valve Sticking,3.25,24.95
3162,5.29,1403.58,20,10.12,98.45,1582,0,Valve Sticking,3.39,30.22
3163,5.9,1405.12,30,10.24,116.79,1583,0,Seal Wear,1.69,32.02
3164,5.11,1405.15,40,11.47,113.88,1584,0,Air Leakage,1.17,14.74
3165,5.04,1405.27,50,11.07,113.67,1585,0,Air Leakage,0.86,11.29
3166,5.65,1406.19,60,9.66,119.06,1586,0,Seal Wear,1.86,9.26
3167,4.6,1406.39,70,11.52,110.86,1587,0,Air Leakage,1.13,5.53
3168,5.64,1406.49,80,10.14,86.28,1588,0,Valve Sticking,3.05,43.95
3169,5.95,1407.67,90,9.51,113.2,1589,0,Seal Wear,1.9,35.39
3170,5.07,1407.82,100,10.39,106.74,1590,0,Valve Sticking,2.52,7.57
3171,5.59,1409.09,90,9.71,118.44,1590,0,Seal Wear,2.02,18.34
3172,5.13,1409.15,80,11.95,102.17,1590,0,Air Leakage,0.83,45.64
3173,5.66,1409.81,70,10.37,121.73,1590,0,Seal Wear,1.54,14.94
3174,5.8,1410.54,60,10.29,112.92,1590,0,Seal Wear,2.45,36.64
3175,5.13,1410.72,50,11.78,110.05,1590,0,Air Leakage,0.81,14.94
3176,5.73,1411.44,40,9.78,112.03,1590,0,Seal Wear,2.27,32.73
3177,5.79,1412.74,30,9.55,110.12,1590,0,Seal Wear,1.52,37.03
3178,5.04,1412.75,20,11.15,103.57,1590,0,Air Leakage,1.09,25.35
3179,5.31,1412.94,10,11.81,107.7,1590,0,Air Leakage,0.99,40.02
3180,5.95,1413.92,0,9.84,108.69,1590,0,Seal Wear,2.16,49.32
3181,5.47,1415.15,10,9.78,117.33,1591,0,Seal Wear,1.89,7.27
3182,5.09,1415.35,20,11.62,105.46,1592,0,Air Leakage,0.91,33.52
3183,5.69,1416.51,30,10.35,118.39,1593,0,Seal Wear,1.83,25.73
3184,5.72,1416.64,40,10.13,101.2,1594,0,Valve Sticking,3.61,40.26
3185,5.77,1417.37,50,10.44,112.5,1595,0,Seal Wear,2.22,32.43
3186,5.13,1417.41,60,9.8,104.66,1596,0,Valve Sticking,3.42,12.82
3187,5.58,1417.57,70,10.43,98.62,1597,0,Valve Sticking,3.88,36.16
3188,5.97,1418.44,80,10.13,112.66,1598,0,Seal Wear,1.71,41.98
3189,5.05,1418.46,90,11.62,105.66,1599,0,Air Leakage,0.88,23.69
3190,5.75,1419.69,100,9.74,117.48,1600,0,Seal Wear,1.53,17.91
3191,5.35,1419.75,90,9.85,92.95,1600,0,Valve Sticking,3.62,25.7
3192,5.09,1419.93,80,11.92,106.69,1600,0,Air Leakage,1.17,46.09
3193,5.54,1420.07,70,10.49,91.27,1600,0,Valve Sticking,3.18,45.79
3194,4.9,1420.09,60,10.96,112.65,1600,0,Air Leakage,1.04,25.01
3195,5.47,1420.12,50,11.68,104.93,1600,0,Air Leakage,0.85,48.64
3196,5.37,1420.26,40,10.25,92.98,1600,0,Valve Sticking,2.59,31.36
3197,4.92,1420.4,30,11.54,109.21,1600,0,Air Leakage,0.87,34.33
3198,5.25,1420.47,20,11.16,111.15,1600,0,Air Leakage,1.03,32.84
3199,4.73,1420.57,10,10.59,109.55,1600,0,Air Leakage,0.93,14.48
3200,5.9,1421.77,0,9.83,116.77,1600,0,Seal Wear,1.83,30.11
3201,6.03,1422.43,10,9.65,110.37,1601,0,Seal Wear,1.68,48.6
3202,5.43,1422.58,20,9.59,97.03,1602,0,Valve Sticking,3.54,35.25
3203,5.61,1422.73,30,9.74,91.55,1603,0,Valve Sticking,3.13,38.3
3204,5.54,1423.73,40,10.46,119.05,1604,0,Seal Wear,2.11,12.58
3205,5.05,1423.86,50,12.08,105.05,1605,0,Air Leakage,1.0,40.5
3206,4.87,1423.99,60,11.67,112.93,1606,0,Air Leakage,0.95,28.42
3207,5.33,1424.07,70,10.1,107.07,1607,0,Valve Sticking,3.31,6.3
3208,5.42,1424.16,80,9.9,99.92,1608,0,Valve Sticking,3.71,12.02
3209,5.18,1424.25,90,10.47,103.18,1609,0,Valve Sticking,3.0,12.14
3210,4.68,1424.39,100,11.51,109.26,1610,0,Air Leakage,1.03,23.13
3211,4.71,1424.49,90,11.97,108.28,1610,0,Air Leakage,0.84,21.98
3212,5.38,1424.63,80,10.44,102.94,1610,0,Valve Sticking,3.75,15.22
3213,5.02,1424.8,70,11.5,103.97,1610,0,Air Leakage,1.0,22.83
3214,5.47,1424.9,60,9.57,98.46,1610,0,Valve Sticking,2.98,31.65
3215,5.15,1425.09,50,11.4,100.34,1610,0,Air Leakage,1.09,47.68
3216,4.58,1425.17,40,12.25,112.52,1610,0,Air Leakage,0.81,8.49
3217,5.16,1425.18,30,11.26,101.93,1610,0,Air Leakage,1.08,34.49
3218,5.23,1425.22,20,10.82,104.41,1610,0,Air Leakage,0.86,21.19
3219,4.93,1425.26,10,11.71,100.75,1610,0,Air Leakage,1.04,49.3
3220,5.22,1425.31,0,10.38,89.8,1610,0,Valve Sticking,3.64,18.95
3221,5.87,1426.39,10,10.0,113.12,1611,0,Seal Wear,2.34,30.71
3222,5.29,1426.44,20,10.36,94.25,1612,0,Valve Sticking,3.97,11.8
3223,4.96,1426.46,30,11.56,107.09,1613,0,Air Leakage,1.15,20.34
3224,5.42,1426.54,40,9.59,98.22,1614,0,Valve Sticking,3.54,15.22
3225,5.15,1426.7,50,11.22,107.95,1615,0,Air Leakage,1.11,45.61
3226,5.24,1426.82,60,11.59,104.86,1616,0,Air Leakage,0.97,37.85
3227,5.68,1428.29,70,10.19,117.68,1617,0,Seal Wear,1.66,16.91
3228,5.86,1429.71,80,10.2,111.21,1618,0,Seal Wear,2.47,39.8
3229,5.21,1429.77,90,11.14,104.03,1619,0,Air Leakage,0.95,39.74
3230,4.9,1429.86,100,11.07,104.86,1620,0,Air Leakage,1.09,32.06
3231,5.93,1430.52,90,10.0,112.79,1620,0,Seal Wear,1.88,37.28
3232,5.81,1431.7,80,10.21,115.41,1620,0,Seal Wear,2.28,34.46
3233,5.92,1432.9,70,9.81,110.2,1620,0,Seal Wear,1.77,42.78
3234,5.89,1434.33,60,9.78,112.35,1620,0,Seal Wear,1.55,46.24
3235,5.92,1435.18,50,9.61,110.37,1620,0,Seal Wear,1.54,47.06
3236,5.88,1436.04,40,9.82,116.57,1620,0,Seal Wear,1.56,29.94
3237,5.15,1436.1,30,11.19,106.85,1620,0,Air Leakage,1.17,43.42
3238,5.33,1436.14,20,10.44,104.25,1620,0,Valve Sticking,3.56,11.27
3239,4.71,1436.14,10,11.9,108.98,1620,0,Air Leakage,0.98,17.45
3240,5.78,1436.78,0,10.32,116.9,1620,0,Seal Wear,2.27,28.6
3241,5.96,1437.44,10,9.53,110.35,1621,0,Seal Wear,1.77,42.67
3242,5.33,1437.64,20,10.43,99.23,1622,0,Valve Sticking,3.95,27.84
3243,5.42,1437.82,30,10.28,100.22,1623,0,Valve Sticking,3.52,31.24
3244,5.63,1439.18,40,9.71,120.67,1624,0,Seal Wear,2.12,16.68
3245,5.66,1439.36,50,9.74,97.18,1625,0,Valve Sticking,2.8,42.12
3246,4.96,1439.4,60,11.34,101.48,1626,0,Air Leakage,0.85,32.69
3247,5.36,1439.5,70,10.03,100.66,1627,0,Valve Sticking,2.8,14.86
3248,5.82,1440.24,80,9.78,115.11,1628,0,Seal Wear,1.85,30.24
3249,5.39,1440.33,90,9.65,98.26,1629,0,Valve Sticking,2.77,29.71
3250,5.52,1440.46,100,10.05,88.68,1630,0,Valve Sticking,3.47,35.11
3251,5.08,1440.62,90,9.69,103.15,1630,0,Valve Sticking,3.31,10.28
3252,5.88,1441.32,80,10.13,110.09,1630,0,Seal Wear,2.37,44.59
3253,5.63,1441.86,70,9.83,124.04,1630,0,Seal Wear,1.66,8.17
3254,5.21,1441.88,60,9.71,93.45,1630,0,Valve Sticking,2.62,28.47
3255,5.58,1441.89,50,9.78,88.56,1630,0,Valve Sticking,3.01,34.43
3256,5.27,1442.05,40,9.98,94.7,1630,0,Valve Sticking,3.96,9.23
3257,5.9,1443.33,30,10.08,112.44,1630,0,Seal Wear,1.94,46.07
3258,5.59,1444.54,20,9.63,120.02,1630,0,Seal Wear,1.74,8.31
3259,5.08,1444.61,10,11.37,113.44,1630,0,Air Leakage,0.93,23.12
3260,5.73,1445.97,0,9.96,117.82,1630,0,Seal Wear,1.8,18.96
3261,5.54,1446.07,10,9.57,100.73,1631,0,Valve Sticking,2.61,29.48
3262,5.02,1446.13,20,11.72,100.95,1632,0,Air Leakage,1.13,36.44
3263,4.79,1446.27,30,11.79,112.15,1633,0,Air Leakage,1.12,14.84
3264,5.78,1447.54,40,9.51,114.36,1634,0,Seal Wear,1.8,30.63
3265,5.91,1448.6,50,10.13,114.77,1635,0,Seal Wear,1.53,40.43
3266,5.33,1448.71,60,9.89,96.97,1636,0,Valve Sticking,2.74,19.9
3267,5.6,1449.95,70,9.7,118.42,1637,0,Seal Wear,2.14,19.11
3268,5.5,1450.01,80,10.23,93.93,1638,0,Valve Sticking,2.94,20.02
3269,5.63,1450.89,90,10.1,115.6,1639,0,Seal Wear,2.35,17.81
3270,4.74,1450.9,100,12.17,112.2,1640,0,Air Leakage,0.99,18.39
3271,5.84,1452.39,90,9.99,118.19,1640,0,Seal Wear,1.61,34.63
3272,5.07,1452.45,80,11.0,110.45,1640,0,Air Leakage,1.11,28.41
3273,5.29,1452.48,70,10.92,103.27,1640,0,Air Leakage,1.07,39.44
3274,5.84,1453.97,60,10.14,115.05,1640,0,Seal Wear,1.84,34.68
3275,5.15,1454.03,50,10.71,114.51,1640,0,Air Leakage,0.85,12.93
3276,5.61,1454.04,40,9.95,87.16,1640,0,Valve Sticking,3.46,47.86
3277,5.36,1454.04,30,11.82,105.05,1640,0,Air Leakage,0.82,48.61
3278,5.28,1454.08,20,9.99,103.55,1640,0,Valve Sticking,2.62,16.61
3279,5.87,1454.92,10,9.56,111.58,1640,0,Seal Wear,1.56,42.34
3280,5.47,1455.08,0,9.92,96.32,1640,0,Valve Sticking,2.58,28.72
3281,5.87,1456.6,10,10.48,114.14,1641,0,Seal Wear,2.33,33.7
3282,5.07,1456.77,20,12.18,112.53,1642,0,Air Leakage,0.8,20.9
3283,5.94,1458.43,30,9.62,115.92,1643,0,Seal Wear,1.92,36.64
3284,5.41,1458.59,40,10.07,88.82,1644,0,Valve Sticking,3.65,19.3
3285,5.75,1460.13,50,10.12,120.52,1645,0,Seal Wear,1.52,15.78
3286,6.02,1461.03,60,9.54,112.32,1646,0,Seal Wear,2.46,41.82
3287,5.49,1461.15,70,10.09,97.75,1647,0,Valve Sticking,2.95,30.44
3288,4.99,1461.17,80,11.58,102.19,1648,0,Air Leakage,1.03,43.47
3289,5.13,1461.18,90,9.84,96.85,1649,0,Valve Sticking,3.44,12.41
3290,5.46,1461.23,100,9.89,99.22,1650,0,Valve Sticking,3.29,27.61
3291,5.91,1462.72,90,10.26,110.09,1650,0,Seal Wear,2.44,49.64
3292,5.62,1464.27,80,10.09,121.03,1650,0,Seal Wear,1.61,5.32
3293,5.71,1465.46,70,9.94,116.13,1650,0,Seal Wear,2.2,26.26
3294,5.38,1465.62,60,9.72,91.42,1650,0,Valve Sticking,2.76,22.04
3295,5.63,1466.69,50,10.04,119.61,1650,0,Seal Wear,1.76,5.24
3296,5.69,1466.7,40,10.07,88.37,1650,0,Valve Sticking,2.79,43.49
3297,5.94,1468.13,30,9.82,107.94,1650,0,Seal Wear,1.71,45.29
3298,5.97,1469.63,20,10.28,108.99,1650,0,Seal Wear,1.84,45.06
3299,5.85,1470.62,10,9.88,112.92,1650,0,Seal Wear,1.7,41.33
3300,4.67,1470.71,0,11.84,109.48,1650,0,Air Leakage,1.02,14.4
3301,5.66,1470.86,10,10.38,87.13,1651,0,Valve Sticking,3.02,37.49
3302,5.63,1471.7,20,9.96,122.76,1652,0,Seal Wear,2.09,8.12
3303,5.26,1471.7,30,9.84,103.69,1653,0,Valve Sticking,3.89,17.77
3304,5.48,1471.9,40,12.04,103.23,1654,0,Air Leakage,1.18,46.18
3305,5.33,1471.97,50,10.62,105.87,1655,0,Air Leakage,0.92,36.26
3306,5.32,1472.04,60,11.16,110.75,1656,0,Air Leakage,1.08,35.43
3307,5.66,1473.52,70,10.09,119.97,1657,0,Seal Wear,2.49,9.17
3308,5.73,1474.97,80,10.47,115.64,1658,0,Seal Wear,1.97,32.77
3309,4.83,1475.11,90,11.78,113.47,1659,0,Air Leakage,1.0,13.04
3310,5.44,1475.15,100,11.82,101.78,1660,0,Air Leakage,0.88,44.04
3311,5.71,1475.96,90,9.97,116.41,1660,0,Seal Wear,2.18,26.28
3312,5.51,1476.12,80,9.95,91.19,1660,0,Valve Sticking,3.01,34.14
3313,5.54,1476.3,70,9.98,89.47,1660,0,Valve Sticking,3.31,45.98
3314,5.63,1477.05,60,10.01,118.22,1660,0,Seal Wear,1.85,18.09
3315,4.98,1477.24,50,12.1,106.02,1660,0,Air Leakage,1.06,12.23
3316,5.61,1478.59,40,9.84,120.61,1660,0,Seal Wear,2.27,12.32
3317,5.84,1480.04,30,10.34,117.51,1660,0,Seal Wear,1.8,35.26
3318,5.74,1480.61,20,10.03,116.19,1660,0,Seal Wear,1.68,14.28
3319,5.25,1480.68,10,11.51,103.43,1660,0,Air Leakage,1.04,48.94
3320,5.1,1480.81,0,10.27,94.34,1660,0,Valve Sticking,2.76,16.84
3321,5.04,1480.82,10,10.7,116.86,1661,0,Air Leakage,0.92,5.07
3322,4.85,1480.87,20,11.87,114.71,1662,0,Air Leakage,1.18,7.28
3323,5.13,1481.05,30,10.63,111.74,1663,0,Air Leakage,0.96,23.78
3324,5.32,1481.22,40,9.98,99.21,1664,0,Valve Sticking,3.48,10.37
3325,5.66,1481.35,50,9.9,92.03,1665,0,Valve Sticking,2.53,42.1
3326,5.93,1482.61,60,9.62,110.22,1666,0,Seal Wear,1.64,36.99
3327,5.42,1482.76,70,11.56,107.0,1667,0,Air Leakage,1.01,48.72
3328,5.67,1482.77,80,10.36,85.31,1668,0,Valve Sticking,3.86,48.31
3329,5.33,1482.85,90,10.46,95.02,1669,0,Valve Sticking,2.94,12.18
3330,5.72,1483.51,100,10.08,119.42,1670,0,Seal Wear,2.14,14.51
3331,5.67,1484.42,90,9.67,121.56,1670,0,Seal Wear,2.41,9.01
3332,5.81,1485.75,80,9.51,115.0,1670,0,Seal Wear,1.86,23.16
3333,4.97,1485.85,70,12.01,112.35,1670,0,Air Leakage,0.98,32.63
3334,6.02,1486.67,60,9.57,111.57,1670,0,Seal Wear,2.36,46.92
3335,5.33,1486.67,50,9.66,99.85,1670,0,Valve Sticking,3.62,37.55
3336,5.65,1486.84,40,9.87,90.26,1670,0,Valve Sticking,3.57,46.55
3337,5.27,1486.89,30,11.36,99.73,1670,0,Air Leakage,0.98,47.74
3338,4.87,1487.02,20,11.04,107.26,1670,0,Air Leakage,0.84,24.38
3339,5.55,1487.09,10,9.64,93.11,1670,0,Valve Sticking,2.73,34.52
3340,4.95,1487.21,0,10.92,110.41,1670,0,Air Leakage,1.05,7.25
3341,5.18,1487.29,10,9.72,98.01,1671,0,Valve Sticking,2.86,18.88
3342,5.55,1488.16,20,9.9,121.29,1672,0,Seal Wear,2.0,6.7
3343,4.64,1488.3,30,11.42,112.6,1673,0,Air Leakage,0.91,9.98
3344,5.13,1488.43,40,10.22,105.35,1674,0,Valve Sticking,2.8,12.76
3345,5.54,1488.46,50,10.03,88.35,1675,0,Valve Sticking,3.62,38.15
3346,5.28,1488.49,60,10.16,95.71,1676,0,Valve Sticking,3.67,9.11
3347,5.94,1489.99,70,9.87,109.2,1677,0,Seal Wear,1.56,49.23
3348,4.94,1490.19,80,11.44,109.4,1678,0,Air Leakage,0.86,36.48
3349,5.56,1491.3,90,10.11,121.06,1679,0,Seal Wear,2.27,10.18
3350,5.24,1491.43,100,9.58,94.37,1680,0,Valve Sticking,3.18,21.32
3351,5.81,1491.48,90,10.34,95.77,1680,0,Valve Sticking,2.86,45.44
3352,4.87,1491.5,80,11.31,110.94,1680,0,Air Leakage,0.95,12.17
3353,5.75,1492.79,70,9.54,115.06,1680,0,Seal Wear,2.25,29.82
3354,5.11,1492.9,60,11.75,104.79,1680,0,Air Leakage,1.07,48.9
3355,5.05,1493.0,50,11.23,102.12,1680,0,Air Leakage,0.98,39.71
3356,4.93,1493.05,40,11.2,105.58,1680,0,Air Leakage,1.05,29.61
3357,5.25,1493.16,30,10.18,95.49,1680,0,Valve Sticking,2.86,13.35
3358,5.26,1493.22,20,10.1,103.76,1680,0,Valve Sticking,2.83,17.16
3359,5.68,1493.33,10,10.0,89.86,1680,0,Valve Sticking,3.8,43.47
3360,5.52,1493.47,0,9.98,97.13,1680,0,Valve Sticking,3.18,21.11
3361,5.12,1493.59,10,10.08,96.47,1681,0,Valve Sticking,3.04,17.28
3362,5.43,1493.76,20,10.22,99.76,1682,0,Valve Sticking,3.69,36.26
3363,5.21,1493.93,30,11.82,104.3,1683,0,Air Leakage,1.06,41.74
3364,5.51,1494.03,40,9.93,85.99,1684,0,Valve Sticking,3.11,44.87
3365,5.92,1495.49,50,10.41,110.09,1685,0,Seal Wear,1.56,39.08
3366,4.97,1495.55,60,11.61,105.93,1686,0,Air Leakage,1.03,27.24
3367,5.59,1496.64,70,9.78,120.77,1687,0,Seal Wear,1.93,8.7
3368,5.65,1497.89,80,10.41,119.68,1688,0,Seal Wear,1.78,15.18
3369,5.6,1497.89,90,10.41,98.06,1689,0,Valve Sticking,3.52,34.78
3370,5.41,1497.94,100,11.91,103.51,1690,0,Air Leakage,0.87,49.83
3371,5.12,1498.08,90,9.67,98.28,1690,0,Valve Sticking,2.72,17.14
3372,5.73,1499.52,80,10.08,118.02,1690,0,Seal Wear,2.34,25.63
3373,5.67,1500.92,70,9.76,119.03,1690,0,Seal Wear,2.01,8.27
3374,4.92,1501.03,60,11.03,108.71,1690,0,Air Leakage,1.13,11.82
3375,5.26,1501.07,50,10.39,97.86,1690,0,Valve Sticking,3.95,6.15
3376,5.13,1501.11,40,10.4,89.88,1690,0,Valve Sticking,3.38,15.17
3377,5.52,1501.3,30,9.71,101.14,1690,0,Valve Sticking,2.7,26.5
3378,5.81,1501.94,20,9.78,112.03,1690,0,Seal Wear,1.7,40.36
3379,5.67,1502.02,10,10.31,87.2,1690,0,Valve Sticking,3.67,39.54
3380,5.19,1502.07,0,11.84,107.98,1690,0,Air Leakage,0.84,29.6
3381,5.75,1502.2,10,10.05,98.45,1691,0,Valve Sticking,3.16,49.27
3382,4.87,1502.35,20,11.61,109.58,1692,0,Air Leakage,1.11,36.07
3383,5.62,1503.33,30,9.69,119.3,1693,0,Seal Wear,2.37,15.95
3384,5.32,1503.38,40,10.45,95.51,1694,0,Valve Sticking,2.58,27.33
3385,5.46,1503.52,50,10.21,92.29,1695,0,Valve Sticking,2.55,40.3
3386,5.37,1503.56,60,10.44,102.24,1696,0,Valve Sticking,2.71,6.48
3387,5.45,1503.62,70,10.16,97.94,1697,0,Valve Sticking,2.61,15.57
3388,5.38,1503.79,80,10.42,105.77,1698,0,Valve Sticking,3.94,10.15
3389,5.39,1503.97,90,10.46,88.53,1699,0,Valve Sticking,3.93,40.38
3390,5.02,1504.11,100,11.66,103.56,1700,0,Air Leakage,0.82,29.51
3391,5.53,1504.77,90,10.42,120.19,1700,0,Seal Wear,2.15,9.97
3392,4.58,1504.94,80,12.01,109.62,1700,0,Air Leakage,0.95,8.02
3393,5.4,1505.03,70,10.07,87.78,1700,0,Valve Sticking,2.79,43.34
3394,4.72,1505.04,60,10.64,107.28,1700,0,Air Leakage,0.84,9.34
3395,5.65,1505.78,50,9.62,115.98,1700,0,Seal Wear,2.37,20.98
3396,4.69,1505.89,40,11.99,111.13,1700,0,Air Leakage,0.92,5.79
3397,5.14,1506.06,30,11.29,108.79,1700,0,Air Leakage,0.83,47.24
3398,5.12,1506.21,20,10.8,104.37,1700,0,Air Leakage,0.9,20.97
3399,5.01,1506.25,10,11.93,111.82,1700,0,Air Leakage,0.81,16.86
3400,6.02,1507.08,0,9.93,110.25,1700,0,Seal Wear,1.61,46.63
3401,5.63,1508.18,10,10.19,117.79,1701,0,Seal Wear,1.96,21.0
3402,5.29,1508.27,20,10.15,99.74,1702,0,Valve Sticking,3.71,21.4
3403,5.02,1508.45,30,11.6,107.91,1703,0,Air Leakage,0.96,37.38
3404,5.4,1508.58,40,11.43,103.2,1704,0,Air Leakage,1.05,48.56
3405,5.69,1508.65,50,10.18,85.57,1705,0,Valve Sticking,3.66,49.33
3406,5.66,1509.85,60,9.89,121.6,1706,0,Seal Wear,2.22,9.62
3407,4.95,1509.99,70,11.85,108.92,1707,0,Air Leakage,1.0,15.19
3408,5.09,1510.08,80,11.6,108.85,1708,0,Air Leakage,0.91,25.19
3409,5.57,1510.23,90,9.79,89.81,1709,0,Valve Sticking,2.97,24.62
3410,5.77,1511.08,100,10.04,112.73,1710,0,Seal Wear,1.73,36.18
3411,5.34,1511.21,90,11.44,102.09,1710,0,Air Leakage,1.12,45.76
3412,4.91,1511.39,80,10.83,110.91,1710,0,Air Leakage,1.0,25.77
3413,5.36,1511.53,70,9.91,94.93,1710,0,Valve Sticking,2.98,6.42
3414,5.46,1512.88,60,9.68,120.14,1710,0,Seal Wear,1.79,5.77
3415,5.69,1514.33,50,10.18,119.01,1710,0,Seal Wear,1.6,24.03
3416,5.5,1514.53,40,10.08,99.96,1710,0,Valve Sticking,2.56,21.2
3417,4.87,1514.69,30,10.71,109.33,1710,0,Air Leakage,0.92,13.92
3418,5.57,1515.58,20,9.79,119.74,1710,0,Seal Wear,1.52,10.67
3419,5.73,1516.78,10,10.39,115.87,1710,0,Seal Wear,1.61,24.35
3420,5.34,1516.84,0,10.34,97.28,1710,0,Valve Sticking,3.73,26.69
3421,4.87,1516.9,10,11.84,116.5,1711,0,Air Leakage,0.93,12.94
3422,5.18,1517.08,20,11.81,107.57,1712,0,Air Leakage,1.08,38.88
3423,5.06,1517.2,30,11.39,110.53,1713,0,Air Leakage,1.14,30.06
3424,5.25,1517.29,40,11.52,103.27,1714,0,Air Leakage,1.06,39.0
3425,5.06,1517.44,50,11.94,105.92,1715,0,Air Leakage,1.14,34.21
3426,5.81,1518.65,60,10.45,120.31,1716,0,Seal Wear,1.53,22.65
3427,5.28,1518.82,70,11.82,102.34,1717,0,Air Leakage,0.98,35.07
3428,5.87,1519.62,80,9.69,115.33,1718,0,Seal Wear,1.94,32.63
3429,5.27,1519.78,90,10.16,99.84,1719,0,Valve Sticking,3.83,11.32
3430,5.63,1521.07,100,10.13,114.81,1720,0,Seal Wear,2.1,19.71
3431,5.32,1521.08,90,10.17,105.76,1720,0,Valve Sticking,3.33,14.85
3432,5.85,1522.66,80,10.04,112.58,1720,0,Seal Wear,2.2,37.9
3433,4.83,1522.79,70,12.31,113.03,1720,0,Air Leakage,1.03,33.5
3434,5.62,1524.35,60,9.83,118.67,1720,0,Seal Wear,1.86,16.2
3435,5.64,1524.42,50,10.35,88.35,1720,0,Valve Sticking,3.7,47.32
3436,5.62,1524.44,40,9.71,99.96,1720,0,Valve Sticking,3.39,35.14
3437,5.49,1524.58,30,9.73,92.72,1720,0,Valve Sticking,2.88,32.03
3438,5.6,1526.03,20,10.37,119.52,1720,0,Seal Wear,2.24,15.96
3439,5.56,1527.44,10,10.46,118.07,1720,0,Seal Wear,2.09,13.14
3440,5.21,1527.62,0,11.95,108.86,1720,0,Air Leakage,0.84,39.96
3441,5.18,1527.79,10,11.18,110.44,1721,0,Air Leakage,1.02,42.79
3442,5.35,1527.87,20,11.43,101.02,1722,0,Air Leakage,1.1,46.72
3443,5.58,1527.98,30,9.82,93.37,1723,0,Valve Sticking,3.28,31.87
3444,5.87,1529.49,40,10.25,111.71,1724,0,Seal Wear,2.15,42.21
3445,5.07,1529.55,50,11.71,114.04,1725,0,Air Leakage,1.01,14.45
3446,5.56,1529.64,60,9.67,89.56,1726,0,Valve Sticking,3.72,45.16
3447,5.57,1529.66,70,10.11,91.55,1727,0,Valve Sticking,3.96,37.97
3448,5.73,1530.94,80,9.92,113.29,1728,0,Seal Wear,1.95,32.39
3449,4.76,1531.05,90,11.13,115.02,1729,0,Air Leakage,0.89,20.61
3450,5.62,1531.69,100,10.24,114.63,1730,0,Seal Wear,1.66,19.21
3451,5.3,1531.73,90,9.98,86.82,1730,0,Valve Sticking,3.61,32.83
3452,4.85,1531.82,80,12.16,109.65,1730,0,Air Leakage,1.14,16.86
3453,5.53,1531.98,70,10.5,92.26,1730,0,Valve Sticking,2.55,25.78
3454,5.26,1532.09,60,9.88,93.08,1730,0,Valve Sticking,2.58,11.83
3455,4.88,1532.1,50,11.7,108.99,1730,0,Air Leakage,1.19,33.68
3456,5.6,1533.22,40,10.0,123.22,1730,0,Seal Wear,2.36,8.34
3457,5.41,1533.31,30,11.24,102.53,1730,0,Air Leakage,0.8,43.46
3458,5.52,1534.55,20,9.6,122.4,1730,0,Seal Wear,1.55,7.09
3459,4.78,1534.59,10,11.42,116.16,1730,0,Air Leakage,0.87,9.0
3460,5.64,1534.65,0,10.13,92.84,1730,0,Valve Sticking,2.53,47.79
3461,4.79,1534.67,10,11.74,114.52,1731,0,Air Leakage,1.08,10.92
3462,5.18,1534.76,20,11.6,108.05,1732,0,Air Leakage,1.1,34.22
3463,5.39,1534.94,30,9.89,97.43,1733,0,Valve Sticking,2.85,17.98
3464,4.99,1535.14,40,11.25,107.79,1734,0,Air Leakage,0.91,13.82
3465,5.23,1535.22,50,11.77,103.71,1735,0,Air Leakage,1.0,38.18
3466,5.15,1535.28,60,9.66,101.13,1736,0,Valve Sticking,3.69,15.42
3467,5.77,1536.86,70,10.33,115.91,1737,0,Seal Wear,2.45,33.2
3468,5.38,1537.03,80,9.69,101.37,1738,0,Valve Sticking,3.92,30.8
3469,4.69,1537.19,90,11.67,115.75,1739,0,Air Leakage,0.93,10.79
3470,5.05,1537.31,100,10.69,111.08,1740,0,Air Leakage,1.03,39.23
3471,5.05,1537.5,90,11.88,109.73,1740,0,Air Leakage,1.03,24.68
3472,5.81,1538.59,80,9.53,112.25,1740,0,Seal Wear,1.51,33.58
3473,5.23,1538.59,70,10.15,104.58,1740,0,Valve Sticking,3.11,10.52
3474,5.64,1539.83,60,10.2,119.66,1740,0,Seal Wear,2.16,17.61
3475,5.07,1539.96,50,12.1,107.97,1740,0,Air Leakage,1.01,18.01
3476,5.23,1540.1,40,9.62,97.54,1740,0,Valve Sticking,3.8,14.38
3477,5.21,1540.18,30,11.84,104.61,1740,0,Air Leakage,0.89,48.84
3478,5.55,1540.34,20,9.83,84.83,1740,0,Valve Sticking,3.4,44.96
3479,5.42,1540.44,10,9.95,95.04,1740,0,Valve Sticking,3.88,49.63
3480,5.61,1542.03,0,9.88,121.05,1740,0,Seal Wear,1.97,15.75
3481,5.61,1542.04,10,9.71,88.01,1741,0,Valve Sticking,2.6,34.54
3482,5.69,1543.12,20,10.39,117.17,1742,0,Seal Wear,2.03,19.24
3483,5.3,1543.2,30,11.02,106.35,1743,0,Air Leakage,1.14,21.82
3484,5.86,1544.24,40,10.08,112.68,1744,0,Seal Wear,1.91,35.58
3485,5.74,1544.97,50,9.68,118.86,1745,0,Seal Wear,2.32,23.89
3486,4.78,1545.02,60,11.4,117.2,1746,0,Air Leakage,0.85,9.21
3487,5.68,1545.68,70,10.04,115.39,1747,0,Seal Wear,2.08,21.42
3488,5.26,1545.78,80,9.84,102.63,1748,0,Valve Sticking,3.2,13.36
3489,5.41,1545.96,90,10.28,96.98,1749,0,Valve Sticking,3.81,12.39
3490,5.45,1546.06,100,9.76,96.14,1750,0,Valve Sticking,3.4,31.48
3491,5.68,1547.59,90,10.09,119.55,1750,0,Seal Wear,1.58,20.47
3492,4.93,1547.66,80,11.94,110.32,1750,0,Air Leakage,1.13,32.92
3493,5.69,1548.77,70,10.36,116.37,1750,0,Seal Wear,2.17,21.08
3494,5.45,1548.8,60,9.65,94.67,1750,0,Valve Sticking,3.64,41.83
3495,5.77,1549.64,50,9.9,115.13,1750,0,Seal Wear,2.0,28.29
3496,4.88,1549.69,40,11.44,108.57,1750,0,Air Leakage,1.17,13.38
3497,4.75,1549.88,30,11.33,112.98,1750,0,Air Leakage,1.01,29.78
3498,5.04,1550.0,20,12.29,105.64,1750,0,Air Leakage,0.86,33.23
3499,5.17,1550.15,10,9.74,100.33,1750,0,Valve Sticking,3.12,7.14
3500,5.56,1550.21,0,10.42,96.84,1750,0,Valve Sticking,2.52,29.6
3501,4.98,1550.35,10,12.03,107.34,1751,0,Air Leakage,0.82,49.63
3502,5.74,1551.54,20,10.05,118.16,1752,0,Seal Wear,1.9,20.59
3503,5.37,1551.64,30,11.96,105.52,1753,0,Air Leakage,0.99,41.22
3504,5.82,1552.24,40,10.09,112.76,1754,0,Seal Wear,1.92,35.43
3505,5.88,1553.66,50,9.86,116.41,1755,0,Seal Wear,2.31,33.97
3506,5.4,1553.8,60,9.57,96.8,1756,0,Valve Sticking,3.63,30.77
3507,5.66,1555.14,70,9.53,119.07,1757,0,Seal Wear,2.41,12.53
3508,5.91,1556.33,80,9.57,110.43,1758,0,Seal Wear,1.85,42.45
3509,5.08,1556.33,90,11.13,102.67,1759,0,Air Leakage,0.96,39.38
3510,5.84,1557.1,100,9.86,113.83,1760,0,Seal Wear,2.13,42.91
3511,5.69,1558.31,90,10.3,117.52,1760,0,Seal Wear,2.42,14.46
3512,5.34,1558.36,80,10.02,91.38,1760,0,Valve Sticking,2.82,29.71
3513,5.51,1558.54,70,10.19,95.91,1760,0,Valve Sticking,3.7,33.62
3514,5.49,1559.97,60,10.48,119.45,1760,0,Seal Wear,2.48,8.44
3515,5.5,1560.02,50,10.15,95.84,1760,0,Valve Sticking,2.93,40.58
3516,5.01,1560.21,40,11.25,109.77,1760,0,Air Leakage,1.06,42.28
3517,5.54,1560.22,30,9.51,100.46,1760,0,Valve Sticking,3.51,37.16
3518,5.65,1561.52,20,9.63,118.3,1760,0,Seal Wear,1.68,6.24
3519,5.7,1562.5,10,10.24,118.11,1760,0,Seal Wear,1.9,29.17
3520,5.94,1563.61,0,9.7,111.94,1760,0,Seal Wear,1.72,45.69
3521,5.37,1563.65,10,10.06,91.92,1761,0,Valve Sticking,3.5,18.65
3522,5.83,1565.03,20,10.32,115.69,1762,0,Seal Wear,2.46,26.48
3523,6.0,1565.95,30,9.51,111.6,1763,0,Seal Wear,1.54,40.25
3524,5.64,1565.97,40,10.4,94.84,1764,0,Valve Sticking,3.4,34.92
3525,5.38,1566.07,50,11.08,97.33,1765,0,Air Leakage,1.13,48.24
3526,5.12,1566.18,60,9.83,97.87,1766,0,Valve Sticking,2.7,14.62
3527,5.37,1566.35,70,10.11,95.89,1767,0,Valve Sticking,3.64,27.9
3528,5.4,1566.53,80,9.79,94.15,1768,0,Valve Sticking,3.63,16.75
3529,5.69,1568.09,90,9.66,117.5,1769,0,Seal Wear,1.65,9.17
3530,4.9,1568.13,100,10.97,109.34,1770,0,Air Leakage,0.91,13.12
3531,4.82,1568.16,90,11.71,115.3,1770,0,Air Leakage,1.06,8.2
3532,5.31,1568.17,80,9.97,92.6,1770,0,Valve Sticking,2.91,27.39
3533,5.25,1568.2,70,9.72,92.81,1770,0,Valve Sticking,3.12,6.32
3534,4.82,1568.32,60,11.69,112.19,1770,0,Air Leakage,1.01,9.9
3535,5.32,1568.36,50,9.63,95.37,1770,0,Valve Sticking,3.09,17.14
3536,5.16,1568.46,40,11.48,106.82,1770,0,Air Leakage,1.05,38.73
3537,5.64,1569.58,30,9.88,116.36,1770,0,Seal Wear,1.87,10.17
3538,5.79,1570.37,20,9.61,115.55,1770,0,Seal Wear,2.4,25.61
3539,5.96,1571.59,10,10.07,114.89,1770,0,Seal Wear,1.52,47.34
3540,5.15,1571.6,0,9.61,105.81,1770,0,Valve Sticking,2.57,7.87
3541,5.81,1572.89,10,9.94,112.65,1771,0,Seal Wear,2.31,39.4
3542,4.91,1572.93,20,11.76,112.05,1772,0,Air Leakage,1.09,15.83
3543,4.79,1572.93,30,11.84,108.18,1773,0,Air Leakage,1.01,14.14
3544,5.85,1574.04,40,10.45,118.03,1774,0,Seal Wear,2.16,33.26
3545,5.97,1575.52,50,9.73,111.25,1775,0,Seal Wear,1.72,48.92
3546,5.95,1576.63,60,9.7,108.66,1776,0,Seal Wear,1.93,42.91
3547,5.65,1576.72,70,9.52,89.02,1777,0,Valve Sticking,2.73,33.22
3548,5.19,1576.82,80,12.04,104.39,1778,0,Air Leakage,0.86,47.14
3549,5.86,1578.1,90,9.68,113.99,1779,0,Seal Wear,1.9,45.13
3550,5.92,1579.13,100,9.59,113.04,1780,0,Seal Wear,1.92,32.94
3551,4.88,1579.3,90,11.85,108.03,1780,0,Air Leakage,0.89,24.77
3552,5.62,1580.1,80,10.23,118.41,1780,0,Seal Wear,2.07,9.93
3553,4.96,1580.19,70,11.98,111.11,1780,0,Air Leakage,0.8,37.1
3554,5.56,1580.34,60,9.81,83.69,1780,0,Valve Sticking,3.53,47.66
3555,5.09,1580.39,50,10.82,110.85,1780,0,Air Leakage,0.92,24.13
3556,5.55,1580.55,40,9.79,87.04,1780,0,Valve Sticking,3.65,38.28
3557,4.91,1580.58,30,11.76,110.61,1780,0,Air Leakage,0.98,13.91
3558,4.98,1580.67,20,11.07,113.43,1780,0,Air Leakage,1.15,13.15
3559,5.33,1580.87,10,9.94,98.5,1780,0,Valve Sticking,2.57,25.03
3560,4.7,1580.97,0,11.12,108.26,1780,0,Air Leakage,1.05,15.13
3561,5.95,1582.3,10,9.79,113.86,1781,0,Seal Wear,2.4,36.02
3562,5.01,1582.46,20,11.84,111.35,1782,0,Air Leakage,0.99,24.22
3563,5.49,1583.44,30,10.26,119.63,1783,0,Seal Wear,1.88,5.35
3564,5.92,1584.15,40,9.9,110.85,1784,0,Seal Wear,1.83,46.76
3565,5.98,1585.28,50,9.81,113.32,1785,0,Seal Wear,1.5,43.59
3566,5.23,1585.32,60,9.82,89.94,1786,0,Valve Sticking,4.0,22.11
3567,5.71,1586.18,70,9.75,118.48,1787,0,Seal Wear,2.14,19.39
3568,5.16,1586.23,80,12.41,105.47,1788,0,Air Leakage,1.1,24.44
3569,5.12,1586.43,90,10.24,107.44,1789,0,Valve Sticking,3.71,8.74
3570,5.8,1588.09,100,9.66,118.08,1790,0,Seal Wear,1.99,24.31
3571,5.11,1588.25,90,11.17,104.21,1790,0,Air Leakage,0.92,27.32
3572,5.27,1588.4,80,10.29,105.57,1790,0,Valve Sticking,3.96,10.01
3573,5.4,1588.48,70,9.98,100.69,1790,0,Valve Sticking,3.38,24.07
3574,5.2,1588.54,60,11.25,100.17,1790,0,Air Leakage,1.17,45.89
3575,5.12,1588.73,50,11.23,105.0,1790,0,Air Leakage,0.91,44.58
3576,5.29,1588.83,40,9.56,97.5,1790,0,Valve Sticking,3.0,11.85
3577,5.28,1589.03,30,9.81,94.71,1790,0,Valve Sticking,3.72,10.25
3578,5.53,1590.17,20,10.33,119.76,1790,0,Seal Wear,1.69,7.55
3579,4.88,1590.31,10,11.94,114.13,1790,0,Air Leakage,0.88,13.11
3580,5.85,1591.15,0,9.8,109.63,1790,0,Seal Wear,1.91,44.63
3581,5.3,1591.2,10,9.88,96.42,1791,0,Valve Sticking,3.22,24.79
3582,5.11,1591.21,20,10.18,95.01,1792,0,Valve Sticking,2.55,17.93
3583,4.8,1591.27,30,11.97,111.02,1793,0,Air Leakage,0.86,25.84
3584,5.05,1591.39,40,10.76,111.39,1794,0,Air Leakage,1.01,36.24
3585,5.08,1591.43,50,10.05,92.9,1795,0,Valve Sticking,3.71,6.48
3586,5.73,1592.77,60,9.83,116.09,1796,0,Seal Wear,1.67,31.91
3587,5.16,1592.93,70,11.48,110.48,1797,0,Air Leakage,1.13,7.79
3588,5.03,1592.97,80,11.67,112.2,1798,0,Air Leakage,0.87,22.63
3589,4.87,1593.08,90,10.89,114.36,1799,0,Air Leakage,1.17,15.08
3590,5.86,1594.07,100,10.17,112.49,1800,0,Seal Wear,1.86,34.49
3591,5.64,1594.18,90,9.74,82.77,1800,0,Valve Sticking,3.82,47.93
3592,5.14,1594.32,80,10.85,113.56,1800,0,Air Leakage,0.99,16.46
3593,5.79,1594.45,70,10.22,94.59,1800,0,Valve Sticking,3.72,44.81
3594,4.91,1594.62,60,12.08,108.81,1800,0,Air Leakage,0.89,15.15
3595,5.16,1594.7,50,9.74,99.49,1800,0,Valve Sticking,3.92,10.99
3596,5.0,1594.75,40,11.36,106.76,1800,0,Air Leakage,0.97,20.93
3597,5.39,1594.86,30,11.52,113.63,1800,0,Air Leakage,0.84,30.42
3598,5.83,1596.16,20,9.8,116.18,1800,0,Seal Wear,2.28,29.51
3599,5.95,1597.24,10,9.95,112.04,1800,0,Seal Wear,2.13,42.14
3600,5.55,1598.3,0,9.62,118.57,1800,0,Seal Wear,1.7,15.06
3601,4.88,1598.48,10,11.55,116.42,1801,0,Air Leakage,0.91,7.32
3602,5.75,1599.98,20,9.8,120.96,1802,0,Seal Wear,2.38,19.85
3603,4.93,1600.02,30,11.84,110.07,1803,0,Air Leakage,0.96,30.96
3604,5.43,1600.12,40,11.16,107.05,1804,0,Air Leakage,1.0,43.03
3605,5.26,1600.32,50,10.4,101.98,1805,0,Valve Sticking,2.53,15.26
3606,5.18,1600.5,60,11.77,105.39,1806,0,Air Leakage,0.85,43.57
3607,5.62,1601.27,70,10.47,119.56,1807,0,Seal Wear,1.9,9.42
3608,5.02,1601.34,80,11.55,105.93,1808,0,Air Leakage,1.15,24.11
3609,5.63,1601.46,90,10.13,91.96,1809,0,Valve Sticking,2.63,48.07
3610,5.32,1601.48,100,10.19,101.39,1810,0,Valve Sticking,3.64,15.75
3611,5.03,1601.58,90,9.56,94.91,1810,0,Valve Sticking,3.81,9.37
3612,6.02,1602.55,80,10.24,112.85,1810,0,Seal Wear,2.17,47.34
3613,5.5,1602.65,70,9.59,98.89,1810,0,Valve Sticking,3.08,23.61
3614,5.18,1602.7,60,11.77,106.16,1810,0,Air Leakage,0.94,41.44
3615,5.82,1603.35,50,9.76,118.15,1810,0,Seal Wear,2.13,27.72
3616,4.53,1603.4,40,11.67,110.51,1810,0,Air Leakage,0.81,9.47
3617,5.37,1603.51,30,9.79,105.57,1810,0,Valve Sticking,3.68,9.86
3618,5.74,1605.03,20,10.23,119.46,1810,0,Seal Wear,1.96,17.07
3619,5.52,1605.13,10,10.1,103.34,1810,0,Valve Sticking,3.98,22.41
3620,4.85,1605.14,0,11.95,105.45,1810,0,Air Leakage,1.16,18.39
3621,5.93,1606.48,10,10.05,114.05,1811,0,Seal Wear,2.21,40.76
3622,5.2,1606.64,20,10.25,100.3,1812,0,Valve Sticking,3.74,10.58
3623,4.94,1606.78,30,12.15,114.2,1813,0,Air Leakage,0.94,16.91
3624,5.81,1607.98,40,9.84,111.45,1814,0,Seal Wear,1.97,29.05
3625,5.12,1608.09,50,10.0,107.08,1815,0,Valve Sticking,3.84,8.67
3626,6.03,1609.61,60,10.45,115.3,1816,0,Seal Wear,2.39,44.26
3627,5.54,1609.7,70,10.26,102.45,1817,0,Valve Sticking,3.88,20.38
3628,5.82,1610.3,80,10.37,113.21,1818,0,Seal Wear,1.98,30.16
3629,5.33,1610.39,90,10.1,96.88,1819,0,Valve Sticking,2.78,17.7
3630,5.29,1610.46,100,9.95,102.35,1820,0,Valve Sticking,3.67,14.08
3631,4.98,1610.5,90,11.15,115.35,1820,0,Air Leakage,1.19,14.27
3632,5.87,1612.13,80,10.25,114.04,1820,0,Seal Wear,2.39,30.18
3633,5.66,1613.77,70,9.57,117.22,1820,0,Seal Wear,1.6,25.36
3634,5.95,1614.72,60,10.5,113.99,1820,0,Seal Wear,1.84,47.55
3635,5.61,1615.86,50,10.25,117.24,1820,0,Seal Wear,2.16,19.71
3636,5.38,1615.99,40,10.21,89.58,1820,0,Valve Sticking,2.94,28.12
3637,5.94,1616.81,30,9.91,109.18,1820,0,Seal Wear,2.33,44.96
3638,5.58,1617.64,20,9.86,117.18,1820,0,Seal Wear,2.17,5.99
3639,5.36,1617.78,10,12.02,110.0,1820,0,Air Leakage,0.93,39.77
3640,5.54,1618.78,0,9.92,120.08,1820,0,Seal Wear,1.73,10.5
3641,5.04,1618.81,10,11.35,113.92,1821,0,Air Leakage,0.92,32.09
3642,5.31,1618.95,20,9.57,98.22,1822,0,Valve Sticking,2.75,5.95
3643,5.22,1619.02,30,9.83,106.44,1823,0,Valve Sticking,3.32,8.39
3644,5.15,1619.07,40,10.97,103.08,1824,0,Air Leakage,1.17,48.41
3645,5.89,1619.93,50,9.97,110.23,1825,0,Seal Wear,2.01,37.56
3646,4.72,1620.07,60,11.78,107.73,1826,0,Air Leakage,0.88,23.15
3647,4.92,1620.22,70,10.65,104.17,1827,0,Air Leakage,1.01,18.96
3648,5.14,1620.3,80,11.55,109.97,1828,0,Air Leakage,1.01,11.33
3649,5.74,1620.93,90,9.54,119.99,1829,0,Seal Wear,1.94,23.17
3650,5.92,1621.9,100,9.8,115.72,1830,0,Seal Wear,2.47,40.94
3651,4.92,1621.92,90,11.53,106.04,1830,0,Air Leakage,0.96,24.05
3652,4.98,1622.05,80,11.6,108.38,1830,0,Air Leakage,0.84,14.14
3653,5.68,1623.16,70,10.15,117.5,1830,0,Seal Wear,2.43,22.8
3654,5.93,1624.3,60,9.81,112.47,1830,0,Seal Wear,2.46,33.43
3655,5.71,1625.85,50,10.25,118.44,1830,0,Seal Wear,1.73,11.15
3656,5.48,1625.98,40,10.27,94.46,1830,0,Valve Sticking,3.53,27.16
3657,6.06,1627.39,30,10.1,112.02,1830,0,Seal Wear,1.77,46.99
3658,5.45,1627.57,20,10.22,89.78,1830,0,Valve Sticking,2.95,49.37
3659,5.65,1627.69,10,10.38,90.3,1830,0,Valve Sticking,2.5,39.7
3660,5.42,1627.76,0,9.61,100.4,1830,0,Valve Sticking,3.4,22.47
3661,5.79,1628.47,10,9.8,113.9,1831,0,Seal Wear,1.72,35.78
3662,4.92,1628.48,20,11.53,112.41,1832,0,Air Leakage,0.85,26.56
3663,5.85,1629.25,30,10.37,114.05,1833,0,Seal Wear,1.51,38.02
3664,5.49,1630.65,40,9.61,123.94,1834,0,Seal Wear,2.44,7.28
3665,5.89,1631.64,50,9.72,115.59,1835,0,Seal Wear,2.32,35.44
3666,5.15,1631.71,60,11.52,112.56,1836,0,Air Leakage,1.05,29.28
3667,5.45,1631.83,70,9.78,96.19,1837,0,Valve Sticking,2.8,25.58
3668,4.9,1632.03,80,11.15,107.61,1838,0,Air Leakage,1.05,25.57
3669,5.71,1632.92,90,9.53,118.21,1839,0,Seal Wear,2.01,15.96
3670,5.71,1632.95,100,9.56,93.74,1840,0,Valve Sticking,3.14,46.67
3671,6.05,1634.36,90,9.83,111.95,1840,0,Seal Wear,2.39,45.24
3672,4.92,1634.42,80,11.38,109.98,1840,0,Air Leakage,1.19,22.37
3673,5.71,1635.05,70,9.67,116.92,1840,0,Seal Wear,1.51,26.65
3674,5.9,1636.03,60,10.48,112.14,1840,0,Seal Wear,2.04,43.6
3675,5.76,1636.85,50,9.82,119.55,1840,0,Seal Wear,2.15,16.28
3676,4.86,1637.05,40,11.8,101.24,1840,0,Air Leakage,0.82,41.65
3677,5.97,1638.41,30,9.58,111.05,1840,0,Seal Wear,1.72,48.59
3678,4.68,1638.59,20,11.3,109.57,1840,0,Air Leakage,1.17,15.03
3679,5.06,1638.62,10,11.77,105.28,1840,0,Air Leakage,1.11,39.41
3680,5.54,1638.68,0,9.71,83.18,1840,0,Valve Sticking,3.59,48.16
3681,5.92,1639.67,10,9.84,113.19,1841,0,Seal Wear,1.82,48.4
3682,5.57,1639.71,20,9.94,94.53,1842,0,Valve Sticking,2.96,30.63
3683,5.48,1639.88,30,10.47,88.72,1843,0,Valve Sticking,3.55,33.89
3684,5.52,1640.01,40,9.79,86.42,1844,0,Valve Sticking,3.72,38.23
3685,5.35,1640.12,50,11.75,99.56,1845,0,Air Leakage,1.13,44.41
3686,5.89,1641.1,60,9.7,113.86,1846,0,Seal Wear,2.12,41.97
3687,5.14,1641.26,70,11.58,107.36,1847,0,Air Leakage,0.87,40.68
3688,5.87,1642.0,80,10.3,114.51,1848,0,Seal Wear,1.55,34.71
3689,5.83,1642.53,90,9.73,114.45,1849,0,Seal Wear,1.76,40.44
3690,5.79,1643.59,100,9.91,111.64,1850,0,Seal Wear,2.01,37.24
3691,5.93,1645.01,90,9.86,112.45,1850,0,Seal Wear,1.82,48.47
3692,5.12,1645.14,80,11.38,109.89,1850,0,Air Leakage,1.17,18.75
3693,5.83,1645.94,70,9.79,118.33,1850,0,Seal Wear,2.5,27.02
3694,5.64,1647.44,60,9.61,117.43,1850,0,Seal Wear,1.83,18.82
3695,5.32,1647.61,50,10.43,107.74,1850,0,Valve Sticking,2.99,11.03
3696,5.28,1647.69,40,11.83,105.51,1850,0,Air Leakage,0.89,37.93
3697,5.65,1648.47,30,9.82,118.08,1850,0,Seal Wear,2.14,24.31
3698,5.39,1648.63,20,10.69,105.18,1850,0,Air Leakage,1.01,42.25
3699,5.12,1648.78,10,10.3,102.84,1850,0,Valve Sticking,3.64,12.53
3700,4.6,1648.82,0,11.19,114.1,1850,0,Air Leakage,0.96,5.3
3701,5.44,1648.92,10,10.25,97.11,1851,0,Valve Sticking,3.8,22.23
3702,5.75,1649.12,20,10.11,91.0,1852,0,Valve Sticking,2.99,46.74
3703,4.81,1649.25,30,11.5,105.61,1853,0,Air Leakage,1.1,31.71
3704,5.07,1649.28,40,11.52,102.84,1854,0,Air Leakage,1.12,37.39
3705,5.01,1649.35,50,11.02,113.05,1855,0,Air Leakage,1.13,22.26
3706,4.88,1649.5,60,11.38,110.75,1856,0,Air Leakage,0.94,9.02
3707,5.28,1649.7,70,11.4,105.14,1857,0,Air Leakage,1.17,44.19
3708,4.95,1649.82,80,11.16,114.3,1858,0,Air Leakage,0.95,12.41
3709,5.23,1649.96,90,10.19,89.2,1859,0,Valve Sticking,2.86,27.4
3710,5.89,1650.77,100,10.34,113.49,1860,0,Seal Wear,2.08,34.45
3711,5.09,1650.85,90,11.19,100.51,1860,0,Air Leakage,1.12,40.61
3712,5.87,1652.18,80,10.47,111.12,1860,0,Seal Wear,2.32,42.94
3713,4.72,1652.24,70,12.06,112.7,1860,0,Air Leakage,1.02,17.53
3714,5.88,1652.75,60,10.07,110.36,1860,0,Seal Wear,1.52,36.48
3715,4.94,1652.89,50,11.24,105.36,1860,0,Air Leakage,1.06,41.17
3716,5.27,1652.91,40,10.85,106.1,1860,0,Air Leakage,1.02,41.65
3717,5.42,1653.09,30,10.07,94.54,1860,0,Valve Sticking,3.82,41.02
3718,5.15,1653.18,20,10.29,95.2,1860,0,Valve Sticking,3.53,12.81
3719,5.61,1654.65,10,9.78,117.0,1860,0,Seal Wear,1.9,18.98
3720,5.44,1654.66,0,9.81,101.53,1860,0,Valve Sticking,2.88,26.09
3721,4.96,1654.77,10,11.34,111.71,1861,0,Air Leakage,1.0,25.24
3722,5.35,1654.8,20,11.12,103.22,1862,0,Air Leakage,0.82,36.79
3723,5.85,1655.54,30,9.94,117.4,1863,0,Seal Wear,1.7,28.06
3724,5.44,1655.69,40,9.75,100.97,1864,0,Valve Sticking,3.49,17.05
3725,5.56,1655.72,50,9.76,93.76,1865,0,Valve Sticking,3.35,32.96
3726,5.09,1655.91,60,11.77,107.07,1866,0,Air Leakage,0.99,32.74
3727,4.91,1656.1,70,11.68,114.67,1867,0,Air Leakage,0.89,27.18
3728,5.56,1656.15,80,9.6,92.24,1868,0,Valve Sticking,3.39,45.12
3729,5.36,1656.2,90,11.53,103.33,1869,0,Air Leakage,0.82,37.14
3730,5.45,1656.31,100,9.9,91.29,1870,0,Valve Sticking,2.68,46.08
3731,5.31,1656.44,90,11.67,103.13,1870,0,Air Leakage,0.92,40.27
3732,5.73,1657.22,80,10.18,114.5,1870,0,Seal Wear,2.25,19.53
3733,4.99,1657.26,70,11.09,103.5,1870,0,Air Leakage,0.81,41.58
3734,5.84,1658.01,60,9.98,116.02,1870,0,Seal Wear,2.24,28.57
3735,6.02,1658.66,50,9.75,106.58,1870,0,Seal Wear,1.51,49.82
3736,5.18,1658.67,40,9.97,95.66,1870,0,Valve Sticking,3.33,11.71
3737,5.1,1658.78,30,11.83,109.02,1870,0,Air Leakage,0.97,14.43
3738,5.09,1658.8,20,11.48,112.89,1870,0,Air Leakage,0.92,27.89
3739,5.63,1660.18,10,9.74,121.03,1870,0,Seal Wear,2.38,8.71
3740,5.01,1660.19,0,11.87,105.16,1870,0,Air Leakage,0.93,43.27
3741,5.59,1660.21,10,10.23,85.95,1871,0,Valve Sticking,2.52,49.39
3742,5.97,1661.03,20,10.16,113.42,1872,0,Seal Wear,2.35,41.3
3743,5.5,1661.19,30,9.66,96.41,1873,0,Valve Sticking,3.07,38.04
3744,5.11,1661.27,40,11.39,113.49,1874,0,Air Leakage,0.96,11.06
3745,4.77,1661.34,50,12.04,105.97,1875,0,Air Leakage,1.18,24.43
3746,5.25,1661.35,60,11.43,103.21,1876,0,Air Leakage,1.16,42.27
3747,5.42,1661.38,70,9.84,93.81,1877,0,Valve Sticking,3.34,22.6
3748,5.52,1661.55,80,10.41,92.97,1878,0,Valve Sticking,3.36,32.49
3749,5.6,1661.69,90,9.54,100.84,1879,0,Valve Sticking,3.12,30.05
3750,5.64,1662.75,100,10.38,116.06,1880,0,Seal Wear,1.91,13.71
3751,4.82,1662.88,90,11.88,109.74,1880,0,Air Leakage,0.98,11.89
3752,5.24,1662.97,80,11.59,106.83,1880,0,Air Leakage,0.83,35.31
3753,4.85,1663.03,70,11.82,108.28,1880,0,Air Leakage,1.06,38.35
3754,5.62,1663.15,60,9.92,85.95,1880,0,Valve Sticking,3.62,46.94
3755,5.71,1664.68,50,9.76,116.31,1880,0,Seal Wear,1.81,12.8
3756,5.57,1664.76,40,9.87,86.83,1880,0,Valve Sticking,2.84,49.9
3757,5.88,1665.82,30,9.81,108.18,1880,0,Seal Wear,2.45,42.21
3758,4.77,1665.96,20,11.41,104.82,1880,0,Air Leakage,0.95,14.33
3759,5.72,1666.57,10,9.61,115.35,1880,0,Seal Wear,1.9,29.82
3760,5.89,1667.92,0,9.82,115.28,1880,0,Seal Wear,2.05,41.35
3761,5.68,1668.82,10,10.36,117.35,1881,0,Seal Wear,2.2,10.49
3762,5.2,1668.89,20,11.41,109.66,1882,0,Air Leakage,1.09,39.22
3763,5.26,1668.94,30,11.02,106.4,1883,0,Air Leakage,0.85,29.67
3764,5.75,1669.76,40,10.47,117.16,1884,0,Seal Wear,1.75,19.76
3765,5.85,1670.72,50,10.17,114.67,1885,0,Seal Wear,1.68,30.27
3766,5.08,1670.87,60,11.04,111.13,1886,0,Air Leakage,1.06,30.83
3767,5.27,1670.92,70,12.26,111.05,1887,0,Air Leakage,0.99,26.78
3768,4.7,1671.06,80,12.06,109.11,1888,0,Air Leakage,0.94,9.12
3769,5.75,1672.48,90,9.98,116.43,1889,0,Seal Wear,2.48,25.4
3770,6.0,1673.4,100,10.26,111.4,1890,0,Seal Wear,1.96,40.06
3771,5.91,1674.36,90,9.76,113.94,1890,0,Seal Wear,2.13,40.78
3772,5.63,1675.09,80,10.0,118.44,1890,0,Seal Wear,1.59,13.38
3773,5.72,1676.56,70,10.41,116.95,1890,0,Seal Wear,1.84,16.62
3774,5.41,1676.71,60,10.16,93.27,1890,0,Valve Sticking,3.26,29.17
3775,5.08,1676.77,50,10.26,107.79,1890,0,Valve Sticking,3.06,6.61
3776,5.51,1678.24,40,10.37,123.87,1890,0,Seal Wear,2.38,6.24
3777,5.6,1679.76,30,10.11,119.82,1890,0,Seal Wear,1.58,10.64
3778,5.15,1679.84,20,9.87,104.33,1890,0,Valve Sticking,2.51,18.39
3779,5.83,1680.98,10,9.77,109.26,1890,0,Seal Wear,1.81,42.32
3780,5.99,1681.68,0,10.04,110.53,1890,0,Seal Wear,2.28,47.39
3781,5.24,1681.71,10,9.95,98.02,1891,0,Valve Sticking,3.53,22.55
3782,5.51,1683.12,20,10.18,117.59,1892,0,Seal Wear,2.15,6.27
3783,5.18,1683.25,30,9.87,102.53,1893,0,Valve Sticking,3.99,8.77
3784,5.72,1683.34,40,9.56,86.53,1894,0,Valve Sticking,3.48,45.14
3785,5.65,1683.41,50,9.54,92.46,1895,0,Valve Sticking,2.89,49.87
3786,5.61,1684.65,60,9.96,119.68,1896,0,Seal Wear,2.11,18.91
3787,5.3,1684.8,70,10.07,101.39,1897,0,Valve Sticking,3.16,11.18
3788,5.73,1684.84,80,10.05,87.99,1898,0,Valve Sticking,2.84,41.23
3789,5.15,1684.96,90,12.15,114.45,1899,0,Air Leakage,1.05,25.32
3790,5.27,1685.01,100,11.44,102.64,1900,0,Air Leakage,0.96,43.84
3791,5.79,1686.13,90,10.32,116.42,1900,0,Seal Wear,1.88,32.45
3792,5.53,1686.22,80,10.19,94.13,1900,0,Valve Sticking,3.49,35.95
3793,5.13,1686.33,70,9.8,95.94,1900,0,Valve Sticking,2.75,19.16
3794,5.85,1687.3,60,10.19,114.81,1900,0,Seal Wear,1.58,35.42
3795,5.59,1687.98,50,10.26,118.46,1900,0,Seal Wear,2.33,9.5
3796,5.81,1689.2,40,9.62,112.79,1900,0,Seal Wear,2.13,35.62
3797,5.47,1689.24,30,9.97,95.61,1900,0,Valve Sticking,3.93,43.04
3798,5.38,1689.35,20,10.43,101.76,1900,0,Valve Sticking,3.5,12.09
3799,5.57,1690.78,10,9.79,120.33,1900,0,Seal Wear,2.02,5.26
3800,5.29,1690.78,0,10.44,97.76,1900,0,Valve Sticking,3.91,12.99
3801,5.74,1691.47,10,10.44,117.35,1901,0,Seal Wear,1.62,26.82
3802,5.59,1692.89,20,10.39,122.2,1902,0,Seal Wear,1.81,6.59
3803,5.05,1693.04,30,11.59,115.56,1903,0,Air Leakage,1.0,22.83
3804,5.45,1693.23,40,9.74,94.72,1904,0,Valve Sticking,2.51,39.77
3805,5.09,1693.39,50,12.31,110.48,1905,0,Air Leakage,1.19,25.66
3806,5.96,1694.26,60,10.32,115.23,1906,0,Seal Wear,2.21,45.23
3807,4.76,1694.41,70,12.2,110.36,1907,0,Air Leakage,1.07,23.9
3808,4.92,1694.46,80,11.09,99.11,1908,0,Air Leakage,0.93,46.03
3809,5.65,1694.58,90,9.75,92.47,1909,0,Valve Sticking,2.69,30.22
3810,5.11,1694.58,100,12.41,114.79,1910,0,Air Leakage,1.09,24.8
3811,4.66,1694.64,90,10.73,110.81,1910,0,Air Leakage,0.97,17.69
3812,5.03,1694.81,80,11.14,116.5,1910,0,Air Leakage,0.9,6.9
3813,5.5,1694.88,70,9.73,92.31,1910,0,Valve Sticking,3.52,22.3
3814,4.85,1694.91,60,11.54,111.97,1910,0,Air Leakage,1.19,11.36
3815,5.92,1695.83,50,9.78,111.0,1910,0,Seal Wear,1.89,49.26
3816,5.65,1695.85,40,9.88,97.57,1910,0,Valve Sticking,2.74,36.08
3817,5.48,1696.0,30,10.02,92.36,1910,0,Valve Sticking,2.89,21.28
3818,5.75,1697.63,20,9.55,115.85,1910,0,Seal Wear,2.44,30.07
3819,5.0,1697.82,10,11.88,115.4,1910,0,Air Leakage,1.08,15.66
3820,5.01,1697.87,0,10.81,113.06,1910,0,Air Leakage,1.0,16.47
3821,5.74,1698.85,10,10.26,114.38,1911,0,Seal Wear,1.67,32.7
3822,5.81,1700.37,20,10.43,116.6,1912,0,Seal Wear,1.53,31.5
3823,5.68,1700.56,30,9.82,97.03,1913,0,Valve Sticking,3.0,49.54
3824,4.87,1700.7,40,11.27,108.13,1914,0,Air Leakage,0.86,9.92
3825,5.42,1700.74,50,10.37,98.23,1915,0,Valve Sticking,3.27,35.17
3826,5.01,1700.76,60,12.2,115.64,1916,0,Air Leakage,0.82,7.01
3827,5.98,1702.24,70,10.19,109.73,1917,0,Seal Wear,1.84,48.79
3828,6.0,1703.57,80,9.71,111.36,1918,0,Seal Wear,1.86,41.99
3829,5.85,1704.16,90,9.95,114.25,1919,0,Seal Wear,1.85,28.6
3830,5.13,1704.23,100,11.03,102.21,1920,0,Air Leakage,1.12,44.4
3831,5.06,1704.33,90,10.9,110.26,1920,0,Air Leakage,1.02,14.48
3832,5.45,1704.51,80,10.08,92.47,1920,0,Valve Sticking,3.06,21.27
3833,5.43,1704.66,70,10.08,101.02,1920,0,Valve Sticking,2.82,17.8
3834,5.39,1704.85,60,9.98,106.77,1920,0,Valve Sticking,3.58,7.56
3835,5.66,1705.99,50,9.91,114.38,1920,0,Seal Wear,1.65,25.1
3836,5.17,1706.02,40,11.59,110.71,1920,0,Air Leakage,1.14,40.33
3837,5.24,1706.05,30,11.5,101.74,1920,0,Air Leakage,0.81,47.7
3838,5.53,1707.32,20,10.3,117.66,1920,0,Seal Wear,1.77,12.13
3839,5.13,1707.51,10,10.62,104.54,1920,0,Air Leakage,1.08,25.84
3840,6.07,1708.16,0,10.13,106.39,1920,0,Seal Wear,1.86,49.32
3841,5.48,1708.28,10,10.48,93.41,1921,0,Valve Sticking,2.57,34.47
3842,5.98,1709.44,20,9.97,114.57,1922,0,Seal Wear,2.47,43.07
3843,5.63,1710.81,30,9.94,116.73,1923,0,Seal Wear,2.46,22.92
3844,4.64,1710.98,40,11.65,114.54,1924,0,Air Leakage,1.14,8.01
3845,5.03,1711.17,50,11.5,110.26,1925,0,Air Leakage,0.81,7.16
3846,5.84,1712.78,60,9.56,114.33,1926,0,Seal Wear,1.91,36.47
3847,5.93,1713.91,70,9.95,112.1,1927,0,Seal Wear,2.11,41.49
3848,5.83,1714.94,80,9.91,111.83,1928,0,Seal Wear,2.35,39.02
3849,5.69,1716.15,90,10.44,116.95,1929,0,Seal Wear,2.39,12.64
3850,5.14,1716.35,100,11.66,106.59,1930,0,Air Leakage,1.13,28.82
3851,5.95,1717.84,90,9.8,111.23,1930,0,Seal Wear,2.01,48.57
3852,5.81,1718.92,80,9.87,114.57,1930,0,Seal Wear,2.09,28.56
3853,5.58,1720.26,70,10.45,117.95,1930,0,Seal Wear,1.61,16.66
3854,5.95,1721.65,60,9.88,112.14,1930,0,Seal Wear,1.91,43.88
3855,5.86,1722.68,50,9.94,111.52,1930,0,Seal Wear,1.65,38.42
3856,5.43,1722.86,40,9.88,100.23,1930,0,Valve Sticking,2.54,14.48
3857,5.04,1722.86,30,11.38,110.08,1930,0,Air Leakage,0.99,12.82
3858,5.41,1722.95,20,10.37,97.22,1930,0,Valve Sticking,3.83,10.1
3859,5.4,1723.01,10,9.89,92.99,1930,0,Valve Sticking,3.59,19.31
3860,5.2,1723.09,0,9.97,103.04,1930,0,Valve Sticking,2.93,11.34
3861,4.84,1723.16,10,11.46,110.67,1931,0,Air Leakage,0.98,5.63
3862,5.49,1723.33,20,10.32,89.0,1932,0,Valve Sticking,3.9,44.62
3863,5.65,1724.18,30,9.82,117.87,1933,0,Seal Wear,2.34,19.51
3864,4.6,1724.18,40,10.83,110.48,1934,0,Air Leakage,1.15,10.47
3865,5.24,1724.3,50,10.06,104.78,1935,0,Valve Sticking,2.59,15.39
3866,5.67,1725.48,60,10.07,121.89,1936,0,Seal Wear,2.06,7.58
3867,4.71,1725.5,70,10.77,111.84,1937,0,Air Leakage,0.98,6.46
3868,5.83,1726.03,80,10.25,114.77,1938,0,Seal Wear,2.29,33.15
3869,5.32,1726.04,90,10.4,93.74,1939,0,Valve Sticking,2.93,24.02
3870,5.71,1726.11,100,9.79,85.23,1940,0,Valve Sticking,3.84,42.82
3871,5.31,1726.14,90,10.49,106.0,1940,0,Valve Sticking,3.46,15.78
3872,4.91,1726.21,80,11.95,108.53,1940,0,Air Leakage,1.04,35.64
3873,5.19,1726.4,70,11.46,101.6,1940,0,Air Leakage,1.17,42.59
3874,5.36,1726.4,60,9.85,96.84,1940,0,Valve Sticking,3.16,13.18
3875,4.83,1726.45,50,11.11,109.33,1940,0,Air Leakage,0.86,27.57
3876,5.38,1726.53,40,9.95,97.87,1940,0,Valve Sticking,3.68,19.04
3877,5.56,1727.84,30,9.9,122.47,1940,0,Seal Wear,1.57,15.23
3878,4.92,1727.97,20,11.97,105.24,1940,0,Air Leakage,1.01,33.63
3879,4.84,1728.1,10,10.98,115.27,1940,0,Air Leakage,1.13,18.87
3880,5.77,1729.57,0,9.67,115.04,1940,0,Seal Wear,2.15,20.74
3881,5.09,1729.61,10,12.17,110.5,1941,0,Air Leakage,1.01,23.61
3882,5.33,1729.69,20,10.35,100.47,1942,0,Valve Sticking,3.18,7.29
3883,5.97,1731.03,30,10.21,115.16,1943,0,Seal Wear,2.21,41.85
3884,5.87,1731.99,40,10.34,112.85,1944,0,Seal Wear,1.79,31.87
3885,5.69,1733.07,50,10.12,114.09,1945,0,Seal Wear,2.4,28.71
3886,5.62,1734.06,60,9.56,119.7,1946,0,Seal Wear,2.23,6.24
3887,5.74,1735.11,70,9.6,116.71,1947,0,Seal Wear,2.36,18.63
3888,5.9,1735.84,80,10.39,108.36,1948,0,Seal Wear,2.37,47.56
3889,5.53,1735.92,90,10.02,100.94,1949,0,Valve Sticking,3.52,15.89
3890,5.64,1736.54,100,10.34,120.83,1950,0,Seal Wear,1.69,8.27
3891,4.78,1736.72,90,11.37,106.74,1950,0,Air Leakage,0.95,25.46
3892,5.34,1736.75,80,9.83,98.4,1950,0,Valve Sticking,3.34,27.7
3893,4.79,1736.94,70,11.38,111.79,1950,0,Air Leakage,0.98,19.17
3894,5.77,1737.71,60,10.13,118.89,1950,0,Seal Wear,2.15,21.97
3895,5.44,1737.91,50,10.43,101.8,1950,0,Valve Sticking,3.25,34.64
3896,5.66,1739.13,40,9.95,116.78,1950,0,Seal Wear,1.74,20.42
3897,5.08,1739.33,30,11.03,104.87,1950,0,Air Leakage,1.01,40.54
3898,4.97,1739.41,20,11.83,110.39,1950,0,Air Leakage,1.12,29.27
3899,5.21,1739.5,10,9.88,97.8,1950,0,Valve Sticking,2.85,13.27
3900,4.98,1739.65,0,11.13,114.01,1950,0,Air Leakage,0.82,23.49
3901,5.05,1739.8,10,11.38,103.59,1951,0,Air Leakage,1.01,38.08
3902,5.42,1739.88,20,9.6,105.86,1952,0,Valve Sticking,2.99,20.04
3903,4.96,1739.94,30,12.27,107.53,1953,0,Air Leakage,1.15,8.16
3904,5.52,1740.07,40,10.43,101.06,1954,0,Valve Sticking,2.79,28.69
3905,5.61,1741.48,50,10.26,121.34,1955,0,Seal Wear,1.94,7.08
3906,4.89,1741.65,60,11.63,106.65,1956,0,Air Leakage,1.18,32.08
3907,4.71,1741.67,70,11.77,110.48,1957,0,Air Leakage,0.87,5.4
3908,5.27,1741.7,80,10.25,99.35,1958,0,Valve Sticking,2.98,27.56
3909,5.48,1741.88,90,10.05,86.29,1959,0,Valve Sticking,2.55,42.43
3910,5.58,1741.9,100,9.82,97.0,1960,0,Valve Sticking,3.22,37.15
3911,5.94,1742.52,90,10.35,112.84,1960,0,Seal Wear,2.4,39.22
3912,5.94,1743.8,80,9.96,109.99,1960,0,Seal Wear,2.38,49.74
3913,5.69,1744.72,70,10.17,121.43,1960,0,Seal Wear,2.15,15.24
3914,5.73,1745.45,60,9.7,120.21,1960,0,Seal Wear,2.28,13.96
3915,5.89,1746.63,50,10.41,117.43,1960,0,Seal Wear,1.78,36.99
3916,5.02,1746.79,40,11.72,106.03,1960,0,Air Leakage,0.81,23.48
3917,4.86,1746.96,30,11.33,104.17,1960,0,Air Leakage,1.11,38.77
3918,5.27,1747.15,20,11.23,107.28,1960,0,Air Leakage,1.04,39.45
3919,4.9,1747.31,10,11.1,114.7,1960,0,Air Leakage,0.9,12.51
3920,5.44,1747.38,0,10.4,98.15,1960,0,Valve Sticking,3.39,40.26
3921,5.65,1748.61,10,9.54,116.06,1961,0,Seal Wear,1.68,22.3
3922,4.92,1748.61,20,11.9,112.36,1962,0,Air Leakage,0.93,23.01
3923,5.44,1748.7,30,9.61,91.38,1963,0,Valve Sticking,2.96,36.0
3924,6.04,1749.57,40,9.96,114.59,1964,0,Seal Wear,1.73,44.6
3925,5.39,1749.74,50,11.88,109.43,1965,0,Air Leakage,1.14,35.78
3926,4.74,1749.83,60,11.41,113.31,1966,0,Air Leakage,1.17,8.09
3927,4.84,1749.99,70,10.87,112.28,1967,0,Air Leakage,0.85,31.66
3928,5.95,1751.47,80,9.65,110.33,1968,0,Seal Wear,1.55,49.97
3929,5.74,1753.09,90,10.29,119.42,1969,0,Seal Wear,2.19,16.72
3930,5.28,1753.18,100,10.03,103.09,1970,0,Valve Sticking,2.51,23.08
3931,5.64,1753.97,90,9.54,118.88,1970,0,Seal Wear,1.86,6.66
3932,5.22,1754.14,80,11.29,110.21,1970,0,Air Leakage,0.91,27.22
3933,5.28,1754.34,70,10.46,88.46,1970,0,Valve Sticking,3.89,27.48
3934,5.66,1755.17,60,10.17,119.25,1970,0,Seal Wear,2.33,7.42
3935,5.18,1755.24,50,11.65,110.22,1970,0,Air Leakage,0.87,29.68
3936,5.83,1756.44,40,10.02,115.65,1970,0,Seal Wear,1.51,38.1
3937,5.21,1756.54,30,11.97,100.79,1970,0,Air Leakage,1.12,33.85
3938,4.95,1756.71,20,11.66,113.42,1970,0,Air Leakage,1.14,28.02
3939,5.31,1756.91,10,10.03,104.44,1970,0,Valve Sticking,3.6,11.24
3940,5.71,1758.37,0,10.0,120.95,1970,0,Seal Wear,2.16,13.54
3941,5.4,1758.55,10,10.04,94.9,1971,0,Valve Sticking,2.61,38.25
3942,5.35,1758.56,20,9.77,101.1,1972,0,Valve Sticking,2.59,10.24
3943,4.98,1758.66,30,10.38,100.15,1973,0,Valve Sticking,3.83,5.43
3944,5.14,1758.78,40,10.88,107.42,1974,0,Air Leakage,0.85,32.09
3945,4.89,1758.87,50,11.33,108.72,1975,0,Air Leakage,0.98,19.0
3946,5.18,1758.93,60,10.96,109.06,1976,0,Air Leakage,1.03,35.61
3947,5.5,1759.04,70,10.38,103.3,1977,0,Valve Sticking,3.01,26.86
3948,5.34,1759.2,80,9.66,95.72,1978,0,Valve Sticking,3.64,11.87
3949,5.77,1760.2,90,10.42,116.97,1979,0,Seal Wear,2.19,22.28
3950,5.6,1761.29,100,9.64,118.76,1980,0,Seal Wear,1.97,15.56
3951,4.85,1761.39,90,11.78,109.84,1980,0,Air Leakage,0.97,31.25
3952,5.45,1761.5,80,9.64,86.52,1980,0,Valve Sticking,3.79,41.35
3953,5.39,1761.51,70,10.14,99.51,1980,0,Valve Sticking,2.78,10.99
3954,5.93,1762.7,60,10.46,112.54,1980,0,Seal Wear,1.71,41.41
3955,5.17,1762.76,50,10.47,107.01,1980,0,Valve Sticking,3.91,8.33
3956,5.18,1762.84,40,9.58,95.89,1980,0,Valve Sticking,2.83,11.02
3957,5.64,1764.34,30,10.49,116.93,1980,0,Seal Wear,2.49,14.4
3958,5.67,1764.46,20,10.2,94.01,1980,0,Valve Sticking,3.53,42.38
3959,5.87,1765.53,10,9.77,116.45,1980,0,Seal Wear,1.71,30.04
3960,4.68,1765.56,0,11.25,104.9,1980,0,Air Leakage,0.92,25.08
3961,5.46,1765.66,10,11.48,107.86,1981,0,Air Leakage,1.15,41.33
3962,5.42,1765.7,20,9.75,102.15,1982,0,Valve Sticking,3.34,12.17
3963,5.35,1765.86,30,9.6,94.8,1983,0,Valve Sticking,3.23,31.88
3964,5.7,1766.84,40,9.97,119.66,1984,0,Seal Wear,2.21,20.14
3965,4.88,1766.86,50,11.3,111.49,1985,0,Air Leakage,0.84,16.11
3966,5.63,1767.97,60,10.0,115.95,1986,0,Seal Wear,1.68,19.08
3967,5.5,1768.02,70,10.11,93.73,1987,0,Valve Sticking,3.66,29.24
3968,5.58,1768.08,80,10.33,86.26,1988,0,Valve Sticking,3.66,45.33
3969,5.59,1769.58,90,9.73,118.76,1989,0,Seal Wear,2.19,17.47
3970,5.35,1769.68,100,9.93,97.02,1990,0,Valve Sticking,3.12,27.11
3971,5.82,1771.19,90,9.6,115.36,1990,0,Seal Wear,1.6,33.81
3972,5.25,1771.34,80,11.76,106.27,1990,0,Air Leakage,1.04,47.99
3973,5.54,1771.36,70,10.1,87.29,1990,0,Valve Sticking,3.72,43.72
3974,5.34,1771.5,60,10.49,97.22,1990,0,Valve Sticking,3.93,26.73
3975,5.44,1771.53,50,9.55,99.66,1990,0,Valve Sticking,2.8,44.66
3976,5.41,1771.64,40,10.14,87.96,1990,0,Valve Sticking,3.18,37.45
3977,5.67,1772.28,30,9.59,117.42,1990,0,Seal Wear,2.32,19.2
3978,5.92,1773.61,20,10.05,112.98,1990,0,Seal Wear,2.38,33.92
3979,5.38,1773.78,10,10.17,104.31,1990,0,Valve Sticking,2.63,7.38
3980,4.79,1773.97,0,11.97,109.86,1990,0,Air Leakage,1.05,10.93
3981,5.54,1774.04,10,10.43,99.28,1991,0,Valve Sticking,4.0,28.37
3982,5.51,1774.11,20,10.29,94.1,1992,0,Valve Sticking,3.31,24.03
3983,5.06,1774.31,30,9.66,98.91,1993,0,Valve Sticking,2.51,10.01
3984,5.11,1774.46,40,12.15,108.57,1994,0,Air Leakage,1.18,25.86
3985,5.91,1775.99,50,10.33,115.2,1995,0,Seal Wear,1.63,32.22
3986,5.14,1776.06,60,10.8,105.94,1996,0,Air Leakage,1.03,42.85
3987,5.61,1777.64,70,9.78,122.37,1997,0,Seal Wear,1.83,7.81
3988,5.89,1778.96,80,10.47,114.19,1998,0,Seal Wear,1.7,30.53
3989,5.81,1779.77,90,10.42,112.13,1999,0,Seal Wear,2.43,32.69
3990,5.21,1779.86,100,10.0,92.13,2000,0,Valve Sticking,3.61,8.5
3991,4.96,1780.05,90,11.78,109.89,2000,0,Air Leakage,0.99,16.17
3992,5.36,1780.17,80,10.09,91.07,2000,0,Valve Sticking,3.66,34.9
3993,5.29,1780.36,70,10.46,102.05,2000,0,Valve Sticking,2.64,15.67
3994,5.73,1781.26,60,10.13,116.25,2000,0,Seal Wear,1.91,31.01
3995,5.1,1781.36,50,12.3,108.0,2000,0,Air Leakage,0.84,36.6
3996,5.78,1782.54,40,10.22,114.05,2000,0,Seal Wear,2.0,37.77
3997,5.02,1782.62,30,11.76,104.62,2000,0,Air Leakage,1.03,45.68
3998,5.15,1782.65,20,11.43,105.6,2000,0,Air Leakage,0.97,42.3
3999,5.57,1782.7,10,10.4,91.75,2000,0,Valve Sticking,3.17,32.06
4000,5.22,1782.72,0,11.38,100.75,2000,0,Air Leakage,0.94,45.49
4001,5.75,1784.19,10,10.03,116.79,2001,0,Seal Wear,2.19,21.08
4002,5.28,1784.25,20,10.13,95.04,2002,0,Valve Sticking,2.96,11.05
4003,5.47,1785.44,30,10.0,119.86,2003,0,Seal Wear,2.04,6.1
4004,4.92,1785.56,40,11.0,104.27,2004,0,Air Leakage,1.19,28.75
4005,5.84,1785.74,50,9.55,84.28,2005,0,Valve Sticking,3.44,48.04
4006,5.7,1786.97,60,10.24,114.84,2006,0,Seal Wear,1.74,25.72
4007,5.91,1788.13,70,10.2,110.87,2007,0,Seal Wear,2.2,39.2
4008,5.57,1788.25,80,10.38,91.17,2008,0,Valve Sticking,2.57,48.76
4009,5.23,1788.38,90,10.34,100.3,2009,0,Valve Sticking,2.6,27.3
4010,5.73,1788.55,100,9.6,95.46,2010,0,Valve Sticking,3.88,34.23
4011,5.53,1788.6,90,10.17,96.51,2010,0,Valve Sticking,2.99,29.98
4012,5.29,1788.69,80,10.4,106.98,2010,0,Valve Sticking,2.65,12.59
4013,5.66,1790.08,70,9.59,118.51,2010,0,Seal Wear,1.63,16.66
4014,5.04,1790.09,60,11.56,115.6,2010,0,Air Leakage,1.07,5.03
4015,5.76,1791.47,50,9.8,117.93,2010,0,Seal Wear,2.41,25.72
4016,5.92,1792.64,40,10.26,113.35,2010,0,Seal Wear,2.26,39.05
4017,5.78,1794.05,30,10.3,115.77,2010,0,Seal Wear,2.12,23.95
4018,5.98,1794.72,20,10.44,114.71,2010,0,Seal Wear,1.99,42.75
4019,5.28,1794.92,10,10.46,99.38,2010,0,Valve Sticking,2.77,11.39
4020,5.43,1795.12,0,9.52,103.25,2010,0,Valve Sticking,4.0,9.65
4021,5.17,1795.19,10,10.44,103.49,2011,0,Valve Sticking,2.94,17.07
4022,5.72,1796.05,20,10.48,118.41,2012,0,Seal Wear,1.94,16.11
4023,5.57,1796.21,30,9.77,95.55,2013,0,Valve Sticking,2.51,47.34
4024,5.47,1796.39,40,9.83,96.31,2014,0,Valve Sticking,3.58,36.84
4025,5.57,1796.55,50,9.74,91.7,2015,0,Valve Sticking,2.8,34.13
4026,5.17,1796.65,60,9.82,96.99,2016,0,Valve Sticking,2.61,20.0
4027,5.18,1796.67,70,10.47,103.09,2017,0,Valve Sticking,3.92,8.76
4028,5.38,1796.71,80,10.35,96.93,2018,0,Valve Sticking,3.52,13.78
4029,5.3,1796.77,90,11.93,105.67,2019,0,Air Leakage,0.92,40.39
4030,5.02,1796.87,100,10.3,97.27,2020,0,Valve Sticking,3.44,7.97
4031,5.51,1796.98,90,10.47,105.51,2020,0,Valve Sticking,3.63,25.36
4032,5.77,1798.31,80,9.72,113.83,2020,0,Seal Wear,1.88,20.51
4033,5.73,1799.66,70,10.06,117.5,2020,0,Seal Wear,1.9,26.25
4034,5.95,1800.42,60,10.18,110.68,2020,0,Seal Wear,2.09,42.03
4035,4.99,1800.47,50,11.94,107.87,2020,0,Air Leakage,0.82,22.78
4036,5.89,1801.97,40,9.79,113.42,2020,0,Seal Wear,2.43,41.11
4037,5.56,1802.01,30,9.75,90.57,2020,0,Valve Sticking,3.05,48.58
4038,4.92,1802.04,20,10.95,116.27,2020,0,Air Leakage,1.17,9.25
4039,5.69,1803.61,10,10.15,120.73,2020,0,Seal Wear,2.47,13.08
4040,5.07,1803.77,0,11.54,101.99,2020,0,Air Leakage,1.11,36.05
4041,5.42,1803.78,10,11.79,102.52,2021,0,Air Leakage,1.08,44.94
4042,5.5,1804.51,20,9.6,119.12,2022,0,Seal Wear,2.44,7.42
4043,5.78,1805.38,30,9.97,114.67,2023,0,Seal Wear,2.2,33.62
4044,5.65,1806.27,40,9.51,119.77,2024,0,Seal Wear,2.1,17.05
4045,5.77,1807.1,50,10.41,112.91,2025,0,Seal Wear,2.05,32.63
4046,5.3,1807.29,60,9.74,89.57,2026,0,Valve Sticking,2.88,20.05
4047,5.47,1807.38,70,9.86,89.52,2027,0,Valve Sticking,3.68,40.1
4048,5.76,1808.5,80,10.38,116.9,2028,0,Seal Wear,2.49,28.8
4049,5.03,1808.5,90,11.55,101.95,2029,0,Air Leakage,1.15,37.77
4050,5.18,1808.67,100,11.69,113.88,2030,0,Air Leakage,1.1,22.91
4051,5.73,1809.45,90,10.32,119.19,2030,0,Seal Wear,1.83,20.6
4052,5.64,1810.56,80,9.75,122.08,2030,0,Seal Wear,2.13,16.35
4053,5.43,1810.58,70,10.23,94.6,2030,0,Valve Sticking,3.89,34.49
4054,5.5,1810.59,60,10.48,95.14,2030,0,Valve Sticking,2.95,49.08
4055,5.25,1810.67,50,11.81,106.23,2030,0,Air Leakage,0.83,35.14
4056,5.19,1810.71,40,9.84,90.31,2030,0,Valve Sticking,3.38,15.98
4057,6.03,1811.69,30,9.78,110.85,2030,0,Seal Wear,2.42,48.1
4058,5.7,1812.7,20,10.28,114.94,2030,0,Seal Wear,1.72,27.91
4059,5.77,1814.09,10,10.31,118.74,2030,0,Seal Wear,1.63,19.2
4060,4.8,1814.11,0,11.87,105.25,2030,0,Air Leakage,0.86,23.05
4061,5.1,1814.11,10,9.97,95.89,2031,0,Valve Sticking,3.88,7.16
4062,5.02,1814.28,20,12.17,101.46,2032,0,Air Leakage,0.9,34.77
4063,5.53,1814.43,30,10.0,97.78,2033,0,Valve Sticking,2.91,41.36
4064,5.71,1814.63,40,9.97,97.79,2034,0,Valve Sticking,3.71,49.03
4065,4.61,1814.74,50,11.8,106.65,2035,0,Air Leakage,1.09,16.64
4066,5.3,1814.79,60,10.21,91.63,2036,0,Valve Sticking,2.87,20.24
4067,4.91,1814.89,70,12.04,113.33,2037,0,Air Leakage,1.05,14.62
4068,4.71,1814.89,80,12.01,117.43,2038,0,Air Leakage,1.05,11.8
4069,5.57,1815.06,90,9.89,95.25,2039,0,Valve Sticking,3.24,38.12
4070,5.32,1815.22,100,11.74,107.11,2040,0,Air Leakage,1.01,27.95
4071,4.96,1815.29,90,10.92,102.12,2040,0,Air Leakage,1.12,40.66
4072,5.42,1815.46,80,10.13,92.11,2040,0,Valve Sticking,3.44,18.84
4073,5.95,1816.37,70,9.91,115.99,2040,0,Seal Wear,1.82,36.41
4074,5.4,1816.47,60,9.79,98.29,2040,0,Valve Sticking,3.43,43.16
4075,4.98,1816.54,50,11.41,114.92,2040,0,Air Leakage,1.17,8.21
4076,5.15,1816.61,40,11.41,104.36,2040,0,Air Leakage,1.13,33.11
4077,5.99,1817.3,30,9.82,111.91,2040,0,Seal Wear,2.16,44.6
4078,5.72,1818.65,20,9.88,112.33,2040,0,Seal Wear,1.76,26.81
4079,6.0,1819.66,10,10.34,115.1,2040,0,Seal Wear,1.86,40.43
4080,5.65,1821.19,0,10.15,120.1,2040,0,Seal Wear,1.77,12.51
4081,5.59,1821.23,10,9.58,89.52,2041,0,Valve Sticking,3.35,40.3
4082,5.43,1821.37,20,9.66,97.06,2042,0,Valve Sticking,2.87,32.3
4083,5.37,1821.38,30,12.39,107.08,2043,0,Air Leakage,1.12,42.02
4084,5.51,1821.46,40,9.75,89.69,2044,0,Valve Sticking,2.59,27.58
4085,4.99,1821.55,50,12.19,106.34,2045,0,Air Leakage,1.13,28.4
4086,5.85,1822.16,60,10.15,112.15,2046,0,Seal Wear,2.41,36.09
4087,5.75,1823.58,70,10.18,120.98,2047,0,Seal Wear,2.0,17.88
4088,5.21,1823.74,80,11.59,110.13,2048,0,Air Leakage,0.95,30.86
4089,5.54,1823.93,90,10.09,97.29,2049,0,Valve Sticking,3.12,32.84
4090,5.3,1824.12,100,10.48,99.38,2050,0,Valve Sticking,3.75,13.6
4091,5.97,1825.48,90,10.34,115.8,2050,0,Seal Wear,2.03,37.87
4092,4.84,1825.59,80,11.44,113.59,2050,0,Air Leakage,0.96,9.19
4093,5.8,1826.88,70,10.03,118.87,2050,0,Seal Wear,1.72,22.91
4094,5.84,1828.15,60,9.52,117.15,2050,0,Seal Wear,2.47,27.93
4095,5.29,1828.31,50,10.81,100.56,2050,0,Air Leakage,1.08,38.15
4096,5.96,1829.83,40,9.59,115.7,2050,0,Seal Wear,2.15,40.38
4097,5.69,1830.74,30,10.14,115.83,2050,0,Seal Wear,2.18,13.44
4098,5.61,1830.92,20,9.91,89.22,2050,0,Valve Sticking,3.09,49.66
4099,5.24,1831.03,10,9.71,104.53,2050,0,Valve Sticking,3.12,13.0
4100,5.86,1832.27,0,10.35,110.75,2050,0,Seal Wear,1.96,38.11
4101,5.42,1832.31,10,9.69,99.76,2051,0,Valve Sticking,3.73,28.61
4102,5.5,1832.47,20,10.3,94.51,2052,0,Valve Sticking,3.07,18.61
4103,4.68,1832.51,30,11.13,111.63,2053,0,Air Leakage,0.95,6.75
4104,5.66,1833.38,40,9.71,113.33,2054,0,Seal Wear,1.95,23.52
4105,5.27,1833.4,50,10.4,90.05,2055,0,Valve Sticking,3.75,26.35
4106,5.3,1833.48,60,10.22,98.16,2056,0,Valve Sticking,3.58,16.14
4107,5.57,1833.63,70,10.45,96.07,2057,0,Valve Sticking,3.41,45.19
4108,5.36,1833.81,80,10.1,104.47,2058,0,Valve Sticking,3.4,9.62
4109,5.23,1833.83,90,11.78,107.09,2059,0,Air Leakage,1.03,28.35
4110,5.37,1833.95,100,9.89,94.77,2060,0,Valve Sticking,2.89,5.61
4111,5.46,1834.0,90,10.35,85.85,2060,0,Valve Sticking,2.95,40.14
4112,4.89,1834.17,80,11.38,112.98,2060,0,Air Leakage,0.97,22.03
4113,5.2,1834.33,70,11.32,103.55,2060,0,Air Leakage,1.17,34.31
4114,5.48,1834.37,60,9.64,89.3,2060,0,Valve Sticking,2.75,45.83
4115,5.19,1834.4,50,9.61,103.23,2060,0,Valve Sticking,3.13,13.74
4116,5.0,1834.54,40,12.08,109.99,2060,0,Air Leakage,0.98,19.97
4117,5.75,1834.73,30,9.65,95.81,2060,0,Valve Sticking,2.54,47.62
4118,4.73,1834.88,20,11.06,109.44,2060,0,Air Leakage,0.97,28.52
4119,5.64,1835.49,10,10.27,118.38,2060,0,Seal Wear,1.65,20.97
4120,5.34,1835.67,0,10.11,94.18,2060,0,Valve Sticking,3.71,11.66
4121,5.92,1837.05,10,9.94,110.9,2061,0,Seal Wear,1.83,40.94
4122,5.28,1837.11,20,12.0,104.27,2062,0,Air Leakage,0.98,46.57
4123,5.63,1837.19,30,9.94,85.28,2063,0,Valve Sticking,3.64,49.11
4124,5.05,1837.2,40,11.52,109.32,2064,0,Air Leakage,1.07,21.24
4125,5.65,1837.36,50,10.48,91.1,2065,0,Valve Sticking,2.78,46.01
4126,5.35,1837.55,60,10.45,92.57,2066,0,Valve Sticking,3.72,10.79
4127,4.99,1837.59,70,11.89,102.23,2067,0,Air Leakage,0.84,44.22
4128,5.71,1839.05,80,10.48,118.3,2068,0,Seal Wear,2.17,22.19
4129,5.99,1840.41,90,9.94,112.29,2069,0,Seal Wear,2.29,39.03
4130,5.1,1840.6,100,9.53,96.21,2070,0,Valve Sticking,2.61,6.16
4131,5.25,1840.74,90,11.62,111.88,2070,0,Air Leakage,1.16,34.53
4132,5.81,1840.92,80,9.69,90.7,2070,0,Valve Sticking,3.89,47.11
4133,5.76,1841.47,70,9.69,115.48,2070,0,Seal Wear,2.01,20.26
4134,5.73,1842.37,60,9.96,115.27,2070,0,Seal Wear,2.11,25.31
4135,4.97,1842.46,50,11.75,109.14,2070,0,Air Leakage,1.08,17.64
4136,5.61,1843.65,40,10.28,117.98,2070,0,Seal Wear,2.11,18.78
4137,5.58,1844.21,30,10.14,121.94,2070,0,Seal Wear,2.14,10.94
4138,5.0,1844.27,20,11.18,104.04,2070,0,Air Leakage,0.93,29.48
4139,5.6,1844.28,10,9.98,88.22,2070,0,Valve Sticking,2.84,49.67
4140,5.48,1844.43,0,9.73,88.61,2070,0,Valve Sticking,2.53,37.31
4141,5.74,1845.93,10,9.55,113.12,2071,0,Seal Wear,2.15,28.99
4142,5.63,1847.24,20,9.67,117.03,2072,0,Seal Wear,1.65,13.54
4143,5.95,1848.5,30,9.69,108.81,2073,0,Seal Wear,1.88,46.75
4144,4.9,1848.54,40,11.5,115.23,2074,0,Air Leakage,1.17,21.87
4145,5.13,1848.69,50,9.68,106.04,2075,0,Valve Sticking,3.68,10.74
4146,5.13,1848.78,60,10.28,100.17,2076,0,Valve Sticking,3.58,7.69
4147,4.77,1848.96,70,11.22,114.06,2077,0,Air Leakage,1.16,16.4
4148,5.33,1848.97,80,9.73,99.64,2078,0,Valve Sticking,2.99,8.36
4149,5.65,1850.44,90,9.77,118.74,2079,0,Seal Wear,1.99,5.93
4150,5.47,1850.54,100,9.66,100.3,2080,0,Valve Sticking,3.16,26.8
4151,5.97,1851.2,90,9.93,113.37,2080,0,Seal Wear,1.84,43.35
4152,4.83,1851.31,80,11.07,109.58,2080,0,Air Leakage,1.18,21.14
4153,5.87,1852.25,70,9.71,114.87,2080,0,Seal Wear,1.92,44.49
4154,5.06,1852.26,60,9.55,104.56,2080,0,Valve Sticking,2.75,5.17
4155,5.28,1852.35,50,11.25,105.32,2080,0,Air Leakage,0.96,41.3
4156,5.47,1852.51,40,9.57,92.46,2080,0,Valve Sticking,3.1,43.04
4157,5.1,1852.68,30,11.95,102.43,2080,0,Air Leakage,0.83,33.86
4158,5.12,1852.85,20,10.93,112.93,2080,0,Air Leakage,0.94,23.67
4159,4.99,1852.89,10,11.82,113.8,2080,0,Air Leakage,1.11,15.61
4160,4.98,1852.96,0,11.91,98.51,2080,0,Air Leakage,1.05,46.14
4161,5.29,1852.96,10,9.66,105.26,2081,0,Valve Sticking,3.1,12.64
4162,5.74,1854.24,20,10.09,112.85,2082,0,Seal Wear,2.17,32.69
4163,5.34,1854.42,30,9.99,98.58,2083,0,Valve Sticking,2.7,31.11
4164,5.07,1854.49,40,11.58,100.2,2084,0,Air Leakage,1.18,44.53
4165,5.0,1854.56,50,12.07,111.4,2085,0,Air Leakage,1.01,20.03
4166,5.42,1854.69,60,11.61,107.1,2086,0,Air Leakage,0.81,47.9
4167,5.46,1854.85,70,10.42,98.67,2087,0,Valve Sticking,2.54,20.61
4168,5.38,1854.99,80,12.04,102.12,2088,0,Air Leakage,1.17,45.21
4169,5.18,1855.02,90,11.79,110.42,2089,0,Air Leakage,1.01,43.4
4170,5.35,1855.18,100,10.03,96.77,2090,0,Valve Sticking,3.99,14.34
4171,4.92,1855.36,90,10.95,104.68,2090,0,Air Leakage,1.08,42.16
4172,4.85,1855.38,80,11.34,110.47,2090,0,Air Leakage,1.02,10.99
4173,5.13,1855.51,70,11.61,106.35,2090,0,Air Leakage,0.82,47.01
4174,4.8,1855.58,60,11.57,115.78,2090,0,Air Leakage,1.2,7.58
4175,5.61,1856.46,50,9.97,119.42,2090,0,Seal Wear,2.15,18.74
4176,5.07,1856.52,40,11.89,108.58,2090,0,Air Leakage,0.98,18.64
4177,5.08,1856.63,30,11.0,109.52,2090,0,Air Leakage,1.07,26.7
4178,4.98,1856.66,20,11.45,102.49,2090,0,Air Leakage,0.94,47.74
4179,5.79,1857.9,10,9.78,114.87,2090,0,Seal Wear,2.48,35.27
4180,5.72,1858.04,0,10.4,96.33,2090,0,Valve Sticking,3.03,37.02
4181,5.87,1858.68,10,9.58,112.02,2091,0,Seal Wear,1.75,42.9
4182,5.35,1858.79,20,9.65,90.67,2092,0,Valve Sticking,3.87,26.94
4183,5.56,1859.69,30,10.01,117.15,2093,0,Seal Wear,1.82,15.0
4184,5.56,1859.83,40,10.34,95.07,2094,0,Valve Sticking,3.39,33.2
4185,5.42,1860.01,50,10.44,106.77,2095,0,Valve Sticking,3.58,14.1
4186,4.91,1860.21,60,11.73,104.91,2096,0,Air Leakage,1.02,26.92
4187,5.57,1860.37,70,9.66,98.6,2097,0,Valve Sticking,3.8,48.66
4188,5.05,1860.47,80,11.66,108.96,2098,0,Air Leakage,1.11,19.09
4189,5.72,1861.27,90,9.74,115.23,2099,0,Seal Wear,1.7,27.71
4190,5.24,1861.31,100,9.8,87.76,2100,0,Valve Sticking,2.81,28.38
4191,5.73,1862.84,90,10.32,116.67,2100,0,Seal Wear,1.92,32.04
4192,5.97,1863.53,80,10.16,110.6,2100,0,Seal Wear,1.88,49.31
4193,5.04,1863.61,70,11.76,103.0,2100,0,Air Leakage,1.11,44.6
4194,5.79,1864.36,60,10.43,111.41,2100,0,Seal Wear,1.63,37.14
4195,5.7,1864.38,50,9.72,94.76,2100,0,Valve Sticking,3.46,42.42
4196,4.96,1864.48,40,11.11,113.06,2100,0,Air Leakage,0.95,27.19
4197,5.14,1864.64,30,9.94,92.72,2100,0,Valve Sticking,3.3,17.36
4198,5.28,1864.68,20,10.27,107.04,2100,0,Valve Sticking,3.66,13.29
4199,4.97,1864.86,10,11.22,110.1,2100,0,Air Leakage,1.07,6.75
4200,5.67,1866.37,0,10.38,121.18,2100,0,Seal Wear,2.06,11.38
4201,5.67,1867.11,10,10.19,116.54,2101,0,Seal Wear,2.18,14.13
4202,5.72,1867.74,20,9.57,118.14,2102,0,Seal Wear,2.18,14.25
4203,5.23,1867.9,30,10.85,105.35,2103,0,Air Leakage,0.91,39.3
4204,5.55,1869.16,40,9.92,119.9,2104,0,Seal Wear,2.13,12.69
4205,4.83,1869.22,50,11.63,113.56,2105,0,Air Leakage,1.05,21.59
4206,5.2,1869.36,60,9.53,107.23,2106,0,Valve Sticking,3.55,13.61
4207,5.65,1869.46,70,9.54,88.06,2107,0,Valve Sticking,3.06,35.93
4208,5.06,1869.53,80,9.62,90.73,2108,0,Valve Sticking,3.7,11.47
4209,5.39,1869.67,90,9.83,94.72,2109,0,Valve Sticking,3.89,31.01
4210,5.87,1871.2,100,10.05,114.33,2110,0,Seal Wear,1.63,40.5
4211,5.41,1871.21,90,9.74,96.75,2110,0,Valve Sticking,3.76,9.09
4212,5.08,1871.36,80,9.65,96.65,2110,0,Valve Sticking,3.07,5.81
4213,5.13,1871.48,70,11.15,115.56,2110,0,Air Leakage,0.98,25.12
4214,5.15,1871.58,60,11.63,104.99,2110,0,Air Leakage,0.86,34.1
4215,5.12,1871.73,50,12.26,104.87,2110,0,Air Leakage,0.94,29.21
4216,6.0,1872.67,40,9.55,112.33,2110,0,Seal Wear,1.51,42.54
4217,5.65,1873.57,30,9.7,118.68,2110,0,Seal Wear,2.16,17.05
4218,5.3,1873.76,20,10.45,100.48,2110,0,Valve Sticking,3.62,18.01
4219,5.17,1873.93,10,11.19,106.52,2110,0,Air Leakage,0.83,25.0
4220,5.23,1873.98,0,10.4,93.21,2110,0,Valve Sticking,3.02,30.57
4221,5.74,1874.78,10,10.21,115.11,2111,0,Seal Wear,2.26,22.34
4222,5.86,1875.51,20,10.13,113.98,2112,0,Seal Wear,2.41,28.05
4223,5.29,1875.7,30,11.76,107.69,2113,0,Air Leakage,1.13,42.46
4224,5.12,1875.74,40,10.88,112.85,2114,0,Air Leakage,1.04,17.26
4225,5.79,1877.07,50,10.46,114.01,2115,0,Seal Wear,1.65,30.98
4226,5.57,1878.62,60,9.92,119.65,2116,0,Seal Wear,1.54,16.28
4227,4.93,1878.7,70,11.55,113.02,2117,0,Air Leakage,1.04,17.9
4228,4.78,1878.78,80,11.1,109.95,2118,0,Air Leakage,1.06,8.11
4229,5.1,1878.88,90,11.4,109.46,2119,0,Air Leakage,1.15,22.96
4230,5.44,1879.03,100,9.67,89.29,2120,0,Valve Sticking,2.58,27.31
4231,5.56,1879.18,90,10.05,90.16,2120,0,Valve Sticking,3.65,33.89
4232,5.07,1879.27,80,11.74,106.12,2120,0,Air Leakage,1.0,29.71
4233,5.12,1879.28,70,10.16,100.21,2120,0,Valve Sticking,3.15,11.74
4234,5.4,1879.28,60,9.73,98.25,2120,0,Valve Sticking,3.48,21.28
4235,5.2,1879.44,50,10.25,97.94,2120,0,Valve Sticking,3.17,12.49
4236,4.77,1879.46,40,11.42,117.38,2120,0,Air Leakage,1.14,5.38
4237,5.18,1879.64,30,10.44,104.4,2120,0,Valve Sticking,2.51,15.89
4238,5.0,1879.66,20,11.13,97.27,2120,0,Air Leakage,1.2,49.87
4239,4.74,1879.73,10,11.72,107.97,2120,0,Air Leakage,1.04,13.8
4240,5.59,1879.8,0,10.12,90.99,2120,0,Valve Sticking,2.57,38.58
4241,5.26,1879.89,10,9.75,94.67,2121,0,Valve Sticking,3.92,14.8
4242,4.89,1879.97,20,11.1,105.71,2122,0,Air Leakage,0.82,23.15
4243,5.7,1880.9,30,9.88,118.91,2123,0,Seal Wear,2.14,13.03
4244,5.96,1882.29,40,9.58,114.61,2124,0,Seal Wear,1.75,41.11
4245,5.52,1882.3,50,9.95,102.66,2125,0,Valve Sticking,3.89,19.68
4246,5.9,1883.58,60,10.36,112.0,2126,0,Seal Wear,1.54,43.54
4247,5.22,1883.65,70,11.33,109.6,2127,0,Air Leakage,0.86,41.13
4248,4.77,1883.67,80,10.74,109.82,2128,0,Air Leakage,0.9,30.35
4249,5.99,1884.23,90,9.54,108.05,2129,0,Seal Wear,2.16,48.96
4250,5.49,1884.42,100,9.88,99.42,2130,0,Valve Sticking,2.83,36.11
4251,5.03,1884.5,90,11.03,107.38,2130,0,Air Leakage,1.16,22.02
4252,5.89,1885.45,80,9.97,110.45,2130,0,Seal Wear,1.95,47.19
4253,5.93,1886.12,70,10.21,114.8,2130,0,Seal Wear,2.08,35.86
4254,5.07,1886.17,60,10.06,105.13,2130,0,Valve Sticking,2.81,5.73
4255,5.54,1886.35,50,9.95,88.04,2130,0,Valve Sticking,2.87,44.74
4256,5.89,1887.93,40,9.56,115.58,2130,0,Seal Wear,1.83,34.89
4257,4.93,1888.1,30,12.15,110.79,2130,0,Air Leakage,0.89,15.23
4258,5.52,1889.53,20,9.7,119.92,2130,0,Seal Wear,2.21,11.15
4259,4.87,1889.59,10,11.37,108.22,2130,0,Air Leakage,1.04,32.29
4260,5.22,1889.64,0,12.14,105.43,2130,0,Air Leakage,1.06,27.56
4261,6.05,1890.86,10,10.01,112.59,2131,0,Seal Wear,2.36,46.19
4262,5.51,1892.49,20,9.9,120.32,2132,0,Seal Wear,1.71,6.8
4263,5.93,1893.1,30,10.06,111.51,2133,0,Seal Wear,1.57,46.84
4264,4.92,1893.18,40,11.27,108.63,2134,0,Air Leakage,1.02,37.98
4265,5.19,1893.28,50,11.42,111.34,2135,0,Air Leakage,1.04,23.65
4266,5.61,1894.57,60,9.67,116.7,2136,0,Seal Wear,1.86,13.68
4267,5.44,1894.63,70,9.74,95.93,2137,0,Valve Sticking,3.5,41.45
4268,5.68,1895.3,80,9.59,119.28,2138,0,Seal Wear,2.11,21.29
4269,5.54,1895.48,90,9.77,99.69,2139,0,Valve Sticking,3.9,29.46
4270,5.98,1896.56,100,10.48,111.24,2140,0,Seal Wear,1.97,48.19
4271,5.75,1897.5,90,10.12,119.47,2140,0,Seal Wear,2.45,20.35
4272,5.95,1898.8,80,9.63,116.6,2140,0,Seal Wear,1.61,41.29
4273,5.46,1898.94,70,11.26,98.63,2140,0,Air Leakage,0.96,47.46
4274,5.59,1900.2,60,9.62,120.64,2140,0,Seal Wear,2.25,13.14
4275,5.94,1901.39,50,9.54,115.33,2140,0,Seal Wear,1.81,36.27
4276,5.37,1901.58,40,9.83,104.44,2140,0,Valve Sticking,3.6,16.15
4277,5.77,1902.46,30,10.0,118.67,2140,0,Seal Wear,2.36,18.67
4278,5.91,1903.37,20,9.92,108.63,2140,0,Seal Wear,1.75,47.69
4279,5.43,1903.44,10,10.24,99.24,2140,0,Valve Sticking,3.28,33.98
4280,5.81,1904.6,0,10.49,113.06,2140,0,Seal Wear,1.83,30.19
4281,5.31,1904.65,10,9.64,102.95,2141,0,Valve Sticking,3.3,13.48
4282,5.23,1904.66,20,10.28,105.34,2142,0,Valve Sticking,3.06,10.47
4283,5.3,1904.84,30,10.09,100.18,2143,0,Valve Sticking,3.99,25.88
4284,5.47,1905.03,40,11.93,106.1,2144,0,Air Leakage,0.82,49.89
4285,5.54,1906.36,50,9.91,119.21,2145,0,Seal Wear,2.01,7.72
4286,4.93,1906.45,60,11.39,107.32,2146,0,Air Leakage,1.1,37.53
4287,5.93,1908.0,70,9.93,112.28,2147,0,Seal Wear,1.56,38.85
4288,5.17,1908.01,80,11.84,105.77,2148,0,Air Leakage,1.06,42.58
4289,5.19,1908.19,90,12.4,105.69,2149,0,Air Leakage,0.83,30.0
4290,5.32,1908.32,100,9.97,107.26,2150,0,Valve Sticking,2.57,11.45
4291,5.79,1909.08,90,9.61,119.68,2150,0,Seal Wear,2.05,22.85
4292,5.83,1910.4,80,9.85,117.73,2150,0,Seal Wear,2.14,24.51
4293,5.28,1910.43,70,9.63,98.6,2150,0,Valve Sticking,3.38,13.48
4294,5.62,1910.51,60,10.42,89.14,2150,0,Valve Sticking,3.97,32.26
4295,4.84,1910.58,50,11.56,107.25,2150,0,Air Leakage,1.05,26.02
4296,5.71,1911.16,40,10.39,118.98,2150,0,Seal Wear,1.79,15.45
4297,5.46,1911.36,30,10.05,94.67,2150,0,Valve Sticking,2.93,20.23
4298,5.78,1912.28,20,9.74,118.75,2150,0,Seal Wear,1.96,19.24
4299,4.87,1912.35,10,11.13,109.71,2150,0,Air Leakage,1.18,13.18
4300,5.27,1912.54,0,9.71,102.7,2150,0,Valve Sticking,2.51,8.95
4301,5.86,1913.99,10,9.97,116.33,2151,0,Seal Wear,1.77,28.44
4302,5.63,1915.47,20,9.87,118.38,2152,0,Seal Wear,1.83,8.62
4303,4.68,1915.64,30,11.26,111.98,2153,0,Air Leakage,0.81,12.11
4304,5.13,1915.81,40,10.5,104.88,2154,0,Valve Sticking,3.57,8.26
4305,5.11,1916.0,50,11.08,111.26,2155,0,Air Leakage,1.2,27.74
4306,4.95,1916.19,60,11.44,110.29,2156,0,Air Leakage,1.15,7.93
4307,5.48,1916.24,70,10.33,92.46,2157,0,Valve Sticking,3.41,45.21
4308,5.48,1916.36,80,9.91,95.46,2158,0,Valve Sticking,2.57,29.03
4309,5.78,1917.37,90,9.79,113.53,2159,0,Seal Wear,1.57,37.03
4310,4.79,1917.5,100,12.11,111.59,2160,0,Air Leakage,0.89,17.64
4311,5.33,1917.66,90,10.39,97.91,2160,0,Valve Sticking,3.88,5.74
4312,5.44,1917.73,80,10.25,93.03,2160,0,Valve Sticking,3.66,11.52
4313,5.78,1918.55,70,9.73,119.62,2160,0,Seal Wear,1.74,18.21
4314,5.27,1918.73,60,11.55,104.63,2160,0,Air Leakage,0.83,38.02
4315,5.56,1918.74,50,10.49,86.73,2160,0,Valve Sticking,3.0,35.04
4316,5.52,1918.93,40,9.81,97.91,2160,0,Valve Sticking,2.59,33.07
4317,5.74,1920.34,30,10.13,115.88,2160,0,Seal Wear,2.04,26.91
4318,5.05,1920.42,20,11.16,108.12,2160,0,Air Leakage,1.08,20.92
4319,5.14,1920.54,10,10.02,91.56,2160,0,Valve Sticking,2.92,16.18
4320,4.9,1920.55,0,11.73,110.58,2160,0,Air Leakage,1.1,6.94
4321,5.62,1921.79,10,9.75,123.45,2161,0,Seal Wear,1.77,11.8
4322,5.95,1923.34,20,10.45,111.58,2162,0,Seal Wear,1.92,42.52
4323,5.27,1923.53,30,11.46,110.54,2163,0,Air Leakage,1.13,21.99
4324,5.04,1923.56,40,10.71,112.14,2164,0,Air Leakage,1.07,19.53
4325,4.86,1923.75,50,11.82,113.73,2165,0,Air Leakage,1.02,21.88
4326,5.64,1924.93,60,9.75,117.52,2166,0,Seal Wear,2.13,23.82
4327,5.23,1924.93,70,10.78,108.57,2167,0,Air Leakage,0.89,22.61
4328,4.74,1925.09,80,11.32,114.4,2168,0,Air Leakage,1.17,9.38
4329,5.24,1925.2,90,10.0,96.22,2169,0,Valve Sticking,2.81,15.83
4330,5.28,1925.28,100,11.39,104.73,2170,0,Air Leakage,1.04,40.09
4331,5.53,1925.37,90,10.1,85.66,2170,0,Valve Sticking,3.14,45.49
4332,5.42,1925.47,80,9.88,97.11,2170,0,Valve Sticking,3.48,33.71
4333,5.8,1926.48,70,10.49,117.69,2170,0,Seal Wear,2.3,20.35
4334,4.69,1926.67,60,11.47,112.18,2170,0,Air Leakage,1.03,11.16
4335,4.68,1926.76,50,12.09,111.24,2170,0,Air Leakage,1.04,5.4
4336,4.95,1926.92,40,11.56,97.95,2170,0,Air Leakage,1.12,42.17
4337,5.52,1926.97,30,10.11,102.33,2170,0,Valve Sticking,3.95,33.93
4338,5.63,1927.86,20,10.1,116.0,2170,0,Seal Wear,1.95,20.74
4339,4.83,1927.95,10,11.57,107.99,2170,0,Air Leakage,0.87,9.59
4340,5.26,1928.12,0,9.66,105.27,2170,0,Valve Sticking,2.59,11.92
4341,5.37,1928.26,10,9.67,96.28,2171,0,Valve Sticking,3.68,13.92
4342,4.97,1928.29,20,12.01,104.93,2172,0,Air Leakage,0.82,41.0
4343,5.28,1928.43,30,9.74,92.79,2173,0,Valve Sticking,3.15,16.64
4344,5.61,1929.82,40,9.62,120.61,2174,0,Seal Wear,2.28,7.6
4345,5.52,1929.85,50,9.67,90.53,2175,0,Valve Sticking,2.81,40.92
4346,5.61,1931.28,60,9.96,119.0,2176,0,Seal Wear,1.88,5.78
4347,5.28,1931.29,70,9.54,88.93,2177,0,Valve Sticking,2.96,19.38
4348,5.3,1931.46,80,11.12,104.47,2178,0,Air Leakage,0.87,33.29
4349,4.84,1931.47,90,11.65,110.78,2179,0,Air Leakage,1.07,24.66
4350,5.43,1931.55,100,9.82,99.57,2180,0,Valve Sticking,3.81,19.33
4351,5.84,1932.78,90,10.48,115.08,2180,0,Seal Wear,1.84,31.53
4352,5.26,1932.79,80,10.14,95.51,2180,0,Valve Sticking,3.06,7.79
4353,5.79,1932.91,70,9.72,89.72,2180,0,Valve Sticking,2.92,47.09
4354,5.84,1934.02,60,9.63,117.77,2180,0,Seal Wear,2.16,26.86
4355,5.51,1934.19,50,9.82,96.83,2180,0,Valve Sticking,3.91,43.54
4356,5.11,1934.35,40,11.41,112.77,2180,0,Air Leakage,1.01,31.55
4357,4.78,1934.37,30,11.24,110.51,2180,0,Air Leakage,1.15,13.57
4358,4.98,1934.44,20,10.98,101.32,2180,0,Air Leakage,0.81,39.65
4359,4.96,1934.47,10,11.14,117.12,2180,0,Air Leakage,0.87,15.02
4360,5.78,1934.53,0,10.17,92.43,2180,0,Valve Sticking,3.19,46.3
4361,5.59,1934.62,10,9.78,91.3,2181,0,Valve Sticking,3.44,39.92
4362,4.76,1934.66,20,11.31,107.06,2182,0,Air Leakage,1.2,32.58
4363,5.28,1934.72,30,10.81,110.41,2183,0,Air Leakage,0.8,40.04
4364,5.8,1936.25,40,9.78,111.65,2184,0,Seal Wear,1.8,33.83
4365,5.72,1937.12,50,9.68,117.47,2185,0,Seal Wear,2.0,20.7
4366,5.21,1937.3,60,10.25,97.68,2186,0,Valve Sticking,2.92,16.34
4367,5.05,1937.35,70,10.96,109.23,2187,0,Air Leakage,1.02,33.76
4368,5.72,1938.39,80,10.09,116.0,2188,0,Seal Wear,2.25,15.97
4369,5.58,1939.58,90,10.32,121.13,2189,0,Seal Wear,1.72,9.59
4370,5.59,1940.48,100,10.1,118.86,2190,0,Seal Wear,2.09,9.52
4371,4.91,1940.51,90,11.97,114.85,2190,0,Air Leakage,0.95,17.65
4372,5.63,1941.68,80,10.27,120.22,2190,0,Seal Wear,2.5,9.08
4373,4.73,1941.71,70,11.84,108.57,2190,0,Air Leakage,0.84,21.22
4374,6.06,1942.35,60,10.08,109.16,2190,0,Seal Wear,2.01,49.18
4375,5.39,1942.48,50,12.12,100.34,2190,0,Air Leakage,1.18,47.67
4376,5.3,1942.64,40,11.65,112.18,2190,0,Air Leakage,0.82,27.39
4377,4.73,1942.68,30,11.7,109.07,2190,0,Air Leakage,1.2,7.22
4378,5.99,1943.46,20,9.55,114.64,2190,0,Seal Wear,1.57,45.37
4379,5.49,1943.66,10,10.15,93.46,2190,0,Valve Sticking,3.05,20.76
4380,4.96,1943.75,0,11.44,102.54,2190,0,Air Leakage,0.8,42.43
4381,5.61,1945.02,10,9.67,120.63,2191,0,Seal Wear,1.94,11.89
4382,5.64,1945.03,20,10.03,93.94,2192,0,Valve Sticking,3.59,37.67
4383,5.7,1945.57,30,10.05,120.22,2193,0,Seal Wear,2.38,23.68
4384,5.75,1945.75,40,10.31,92.77,2194,0,Valve Sticking,2.59,49.1
4385,5.21,1945.92,50,11.47,99.88,2195,0,Air Leakage,0.96,44.61
4386,5.71,1946.01,60,10.27,94.13,2196,0,Valve Sticking,2.81,47.89
4387,5.66,1946.94,70,10.31,120.36,2197,0,Seal Wear,1.87,12.75
4388,5.31,1947.11,80,9.55,103.11,2198,0,Valve Sticking,2.83,16.43
4389,5.9,1948.41,90,9.81,112.64,2199,0,Seal Wear,1.95,39.49
4390,5.13,1948.53,100,9.76,95.0,2200,0,Valve Sticking,2.82,5.79
4391,5.2,1948.69,90,9.69,93.99,2200,0,Valve Sticking,3.93,17.45
4392,5.39,1948.84,80,10.17,102.75,2200,0,Valve Sticking,2.92,15.42
4393,5.76,1950.0,70,9.76,117.45,2200,0,Seal Wear,2.06,19.85
4394,5.46,1950.11,60,9.83,93.73,2200,0,Valve Sticking,3.0,28.63
4395,5.33,1950.3,50,9.63,97.33,2200,0,Valve Sticking,3.42,7.01
4396,5.16,1950.31,40,12.1,100.59,2200,0,Air Leakage,0.92,38.69
4397,5.3,1950.39,30,9.85,97.78,2200,0,Valve Sticking,2.83,15.79
4398,5.95,1951.35,20,9.71,110.1,2200,0,Seal Wear,1.91,47.76
4399,6.01,1952.44,10,9.52,113.08,2200,0,Seal Wear,2.29,43.89
4400,5.09,1952.45,0,11.4,101.03,2200,0,Air Leakage,1.06,47.91
4401,5.32,1952.55,10,10.93,105.89,2201,0,Air Leakage,1.02,29.71
4402,5.17,1952.73,20,9.74,99.88,2202,0,Valve Sticking,3.89,13.19
4403,5.6,1952.86,30,10.36,100.68,2203,0,Valve Sticking,2.77,42.7
4404,5.64,1953.83,40,9.61,120.72,2204,0,Seal Wear,2.44,17.46
4405,5.92,1955.07,50,9.69,111.57,2205,0,Seal Wear,1.67,47.36
4406,5.91,1955.85,60,10.21,111.37,2206,0,Seal Wear,1.5,46.7
4407,5.82,1956.52,70,10.33,117.68,2207,0,Seal Wear,1.56,24.5
4408,5.27,1956.58,80,11.8,101.2,2208,0,Air Leakage,1.11,45.59
4409,5.97,1957.86,90,9.97,111.22,2209,0,Seal Wear,2.13,46.17
4410,5.74,1959.04,100,10.14,115.94,2210,0,Seal Wear,2.49,29.62
4411,5.1,1959.17,90,11.61,104.75,2210,0,Air Leakage,0.87,26.23
4412,5.24,1959.26,80,9.68,98.31,2210,0,Valve Sticking,2.93,22.14
4413,5.26,1959.38,70,9.69,95.04,2210,0,Valve Sticking,2.53,18.12
4414,5.26,1959.44,60,10.36,94.16,2210,0,Valve Sticking,3.85,23.23
4415,5.81,1960.55,50,9.62,114.32,2210,0,Seal Wear,1.82,31.11
4416,5.07,1960.64,40,9.5,105.79,2210,0,Valve Sticking,3.16,6.69
4417,5.94,1961.77,30,9.96,111.04,2210,0,Seal Wear,2.35,48.48
4418,5.25,1961.81,20,10.15,94.81,2210,0,Valve Sticking,2.62,15.52
4419,5.46,1961.88,10,9.79,99.74,2210,0,Valve Sticking,3.38,16.1
4420,5.02,1961.93,0,11.13,107.99,2210,0,Air Leakage,1.19,37.15
4421,4.78,1961.98,10,12.21,117.1,2211,0,Air Leakage,0.81,11.13
4422,5.81,1962.7,20,9.65,117.27,2212,0,Seal Wear,1.63,30.89
4423,5.68,1963.67,30,9.82,115.4,2213,0,Seal Wear,2.18,12.38
4424,5.28,1963.7,40,9.82,93.63,2214,0,Valve Sticking,3.76,24.3
4425,5.45,1963.87,50,10.36,90.09,2215,0,Valve Sticking,2.94,32.27
4426,5.97,1964.83,60,9.62,115.47,2216,0,Seal Wear,1.91,40.07
4427,5.06,1964.93,70,11.2,107.06,2217,0,Air Leakage,0.96,20.55
4428,5.52,1965.91,80,10.25,120.28,2218,0,Seal Wear,1.77,7.89
4429,5.41,1965.92,90,9.82,93.84,2219,0,Valve Sticking,3.76,35.73
4430,5.74,1967.28,100,10.11,119.69,2220,0,Seal Wear,1.98,23.48
4431,4.9,1967.45,90,11.0,106.18,2220,0,Air Leakage,0.83,26.72
4432,5.07,1967.51,80,12.04,107.1,2220,0,Air Leakage,1.03,24.49
4433,5.91,1968.18,70,9.94,112.35,2220,0,Seal Wear,1.88,39.44
4434,5.22,1968.25,60,11.3,106.26,2220,0,Air Leakage,1.0,32.11
4435,5.82,1969.81,50,10.11,117.88,2220,0,Seal Wear,1.61,27.41
4436,4.96,1969.91,40,11.74,105.72,2220,0,Air Leakage,0.95,36.53
4437,5.9,1970.95,30,10.25,115.46,2220,0,Seal Wear,1.92,39.12
4438,5.56,1972.3,20,10.04,120.71,2220,0,Seal Wear,1.52,5.57
4439,5.26,1972.44,10,12.07,105.9,2220,0,Air Leakage,1.19,30.57
4440,5.87,1973.89,0,9.78,113.01,2220,0,Seal Wear,1.6,43.61
4441,5.97,1974.99,10,9.91,111.6,2221,0,Seal Wear,1.82,41.61
4442,4.85,1975.07,20,11.49,114.37,2222,0,Air Leakage,1.18,11.61
4443,5.84,1976.16,30,10.43,113.66,2223,0,Seal Wear,1.9,41.45
4444,5.04,1976.34,40,11.16,101.6,2224,0,Air Leakage,0.97,39.96
4445,4.99,1976.49,50,12.38,110.29,2225,0,Air Leakage,1.07,27.97
4446,5.82,1977.14,60,9.87,110.42,2226,0,Seal Wear,1.65,41.66
4447,5.07,1977.22,70,11.66,106.12,2227,0,Air Leakage,1.16,29.15
4448,5.14,1977.26,80,10.96,106.76,2228,0,Air Leakage,1.18,21.03
4449,5.53,1977.34,90,10.39,98.31,2229,0,Valve Sticking,3.91,39.56
4450,5.66,1978.7,100,9.78,120.0,2230,0,Seal Wear,2.18,8.92
4451,5.22,1978.77,90,11.81,111.45,2230,0,Air Leakage,0.88,33.42
4452,5.02,1978.82,80,11.3,105.27,2230,0,Air Leakage,0.92,26.79
4453,5.35,1978.9,70,9.98,107.91,2230,0,Valve Sticking,3.72,14.77
4454,5.38,1979.02,60,10.0,92.83,2230,0,Valve Sticking,3.74,13.63
4455,5.33,1979.04,50,10.25,106.56,2230,0,Valve Sticking,2.99,18.26
4456,5.42,1979.17,40,9.57,97.94,2230,0,Valve Sticking,3.79,37.75
4457,5.92,1980.71,30,10.42,110.34,2230,0,Seal Wear,2.41,49.74
4458,5.29,1980.85,20,10.28,95.17,2230,0,Valve Sticking,3.52,12.29
4459,5.72,1982.38,10,10.2,117.03,2230,0,Seal Wear,2.16,17.84
4460,4.98,1982.54,0,11.32,109.11,2230,0,Air Leakage,1.09,20.25
4461,5.13,1982.58,10,10.86,109.68,2231,0,Air Leakage,0.95,29.37
4462,5.27,1982.68,20,9.74,104.02,2232,0,Valve Sticking,3.01,18.99
4463,5.79,1983.65,30,10.06,113.05,2233,0,Seal Wear,2.41,36.34
4464,5.21,1983.66,40,10.18,107.74,2234,0,Valve Sticking,2.96,10.49
4465,5.7,1983.8,50,10.1,86.25,2235,0,Valve Sticking,3.13,41.34
4466,6.02,1985.09,60,10.13,111.47,2236,0,Seal Wear,1.88,46.42
4467,5.88,1985.72,70,9.68,110.25,2237,0,Seal Wear,1.71,39.95
4468,5.86,1987.34,80,10.33,111.53,2238,0,Seal Wear,1.83,42.25
4469,4.8,1987.39,90,12.33,108.88,2239,0,Air Leakage,0.98,6.84
4470,4.62,1987.53,100,11.03,119.73,2240,0,Air Leakage,0.88,5.65
4471,5.49,1988.93,90,10.1,122.25,2240,0,Seal Wear,2.48,7.25
4472,4.83,1989.06,80,11.82,106.21,2240,0,Air Leakage,0.99,32.36
4473,5.84,1990.47,70,10.15,113.09,2240,0,Seal Wear,2.29,33.42
4474,5.07,1990.65,60,10.8,108.89,2240,0,Air Leakage,1.16,28.35
4475,6.0,1991.21,50,9.85,111.73,2240,0,Seal Wear,2.38,41.53
4476,5.28,1991.26,40,10.96,101.52,2240,0,Air Leakage,1.0,46.66
4477,5.0,1991.35,30,11.77,102.34,2240,0,Air Leakage,1.2,31.6
4478,5.69,1991.45,20,9.94,92.48,2240,0,Valve Sticking,3.28,41.05
4479,5.36,1991.51,10,9.67,99.43,2240,0,Valve Sticking,3.41,21.74
4480,4.78,1991.65,0,12.08,109.89,2240,0,Air Leakage,0.96,8.4
4481,4.83,1991.76,10,11.9,113.75,2241,0,Air Leakage,0.81,13.08
4482,5.1,1991.91,20,12.34,103.7,2242,0,Air Leakage,1.04,31.17
4483,4.98,1991.98,30,11.65,106.38,2243,0,Air Leakage,0.92,36.05
4484,5.83,1993.26,40,10.34,117.69,2244,0,Seal Wear,1.5,23.55
4485,5.19,1993.35,50,11.32,98.77,2245,0,Air Leakage,0.93,46.23
4486,4.82,1993.4,60,11.2,107.62,2246,0,Air Leakage,0.98,24.0
4487,5.28,1993.56,70,9.88,102.12,2247,0,Valve Sticking,2.66,6.03
4488,4.66,1993.68,80,11.97,115.26,2248,0,Air Leakage,0.93,14.89
4489,5.28,1993.75,90,10.19,87.04,2249,0,Valve Sticking,2.6,28.74
4490,4.99,1993.76,100,11.58,112.72,2250,0,Air Leakage,0.89,12.5
4491,4.98,1993.78,90,11.32,104.17,2250,0,Air Leakage,1.0,43.08
4492,5.39,1993.96,80,10.36,97.39,2250,0,Valve Sticking,2.83,19.45
4493,5.88,1995.14,70,10.25,115.05,2250,0,Seal Wear,2.47,39.66
4494,5.36,1995.14,60,11.2,103.06,2250,0,Air Leakage,1.08,35.47
4495,5.85,1996.49,50,9.52,114.43,2250,0,Seal Wear,1.62,34.13
4496,5.59,1996.6,40,10.08,83.16,2250,0,Valve Sticking,3.4,44.53
4497,4.97,1996.75,30,11.38,112.9,2250,0,Air Leakage,1.11,24.32
4498,5.36,1996.87,20,11.14,107.54,2250,0,Air Leakage,1.01,49.55
4499,4.64,1996.91,10,12.05,114.72,2250,0,Air Leakage,0.99,5.19
4500,5.49,1996.97,0,10.07,87.43,2250,0,Valve Sticking,3.57,41.22
4501,5.45,1997.06,10,10.15,91.1,2251,0,Valve Sticking,2.63,38.95
4502,5.32,1997.08,20,9.86,104.24,2252,0,Valve Sticking,3.35,20.96
4503,5.1,1997.13,30,10.14,96.74,2253,0,Valve Sticking,3.64,6.45
4504,4.95,1997.16,40,11.47,106.35,2254,0,Air Leakage,1.15,40.1
4505,5.16,1997.34,50,9.78,94.6,2255,0,Valve Sticking,3.8,17.8
4506,4.89,1997.37,60,11.05,106.07,2256,0,Air Leakage,1.15,24.65
4507,5.4,1997.48,70,9.52,101.61,2257,0,Valve Sticking,2.86,13.99
4508,5.76,1998.24,80,10.35,115.29,2258,0,Seal Wear,2.23,24.28
4509,5.97,1999.11,90,9.91,108.98,2259,0,Seal Wear,1.79,49.37
4510,4.92,1999.27,100,10.77,104.45,2260,0,Air Leakage,1.1,49.74
4511,5.66,1999.41,90,9.75,98.0,2260,0,Valve Sticking,2.59,47.47
4512,4.88,1999.47,80,11.72,118.04,2260,0,Air Leakage,0.9,13.37
4513,5.92,2000.4,70,10.38,118.07,2260,0,Seal Wear,2.22,33.47
4514,5.09,2000.48,60,9.85,105.76,2260,0,Valve Sticking,3.71,8.98
4515,5.58,2001.31,50,9.9,120.22,2260,0,Seal Wear,2.3,18.06
4516,5.21,2001.31,40,11.65,112.52,2260,0,Air Leakage,0.94,13.67
4517,5.57,2001.33,30,10.38,88.97,2260,0,Valve Sticking,2.57,41.12
4518,5.93,2002.42,20,10.13,116.49,2260,0,Seal Wear,2.46,34.08
4519,5.05,2002.44,10,10.97,105.3,2260,0,Air Leakage,0.83,20.63
4520,5.01,2002.62,0,10.9,109.08,2260,0,Air Leakage,1.06,24.38
4521,5.49,2002.71,10,10.04,89.96,2261,0,Valve Sticking,2.53,33.31
4522,5.72,2004.11,20,9.53,118.2,2262,0,Seal Wear,2.37,26.74
4523,5.34,2004.21,30,10.17,98.99,2263,0,Valve Sticking,2.67,30.45
4524,4.88,2004.24,40,11.54,113.33,2264,0,Air Leakage,0.94,12.43
4525,5.92,2005.25,50,10.2,112.76,2265,0,Seal Wear,1.96,44.95
4526,6.06,2006.2,60,10.44,110.8,2266,0,Seal Wear,2.16,48.68
4527,5.17,2006.22,70,9.65,105.99,2267,0,Valve Sticking,3.61,8.34
4528,5.66,2007.13,80,9.68,122.52,2268,0,Seal Wear,2.15,8.73
4529,5.74,2008.43,90,9.77,115.54,2269,0,Seal Wear,1.54,24.55
4530,5.93,2009.54,100,9.95,116.62,2270,0,Seal Wear,2.12,38.57
4531,5.44,2009.66,90,10.18,88.95,2270,0,Valve Sticking,3.73,22.39
4532,4.82,2009.74,80,11.63,111.87,2270,0,Air Leakage,0.93,24.84
4533,5.77,2011.05,70,9.51,119.1,2270,0,Seal Wear,2.2,23.59
4534,5.28,2011.18,60,10.49,97.28,2270,0,Valve Sticking,3.61,32.7
4535,4.85,2011.31,50,11.15,110.49,2270,0,Air Leakage,0.94,8.81
4536,5.67,2012.1,40,10.1,115.77,2270,0,Seal Wear,2.37,25.19
4537,5.33,2012.17,30,10.49,102.37,2270,0,Valve Sticking,3.05,13.21
4538,5.89,2013.33,20,10.44,114.84,2270,0,Seal Wear,2.28,39.28
4539,5.87,2014.57,10,9.62,109.64,2270,0,Seal Wear,1.79,42.1
4540,5.06,2014.7,0,10.86,107.02,2270,0,Air Leakage,1.05,39.62
4541,5.36,2014.77,10,11.06,104.99,2271,0,Air Leakage,0.95,45.38
4542,4.8,2014.89,20,11.88,104.1,2272,0,Air Leakage,1.08,35.35
4543,5.67,2015.97,30,9.98,118.65,2273,0,Seal Wear,1.82,21.7
4544,4.87,2016.17,40,11.32,114.05,2274,0,Air Leakage,0.91,18.67
4545,5.32,2016.26,50,11.19,102.03,2275,0,Air Leakage,1.04,40.59
4546,5.55,2016.94,60,9.68,118.18,2276,0,Seal Wear,2.16,8.75
4547,5.29,2016.98,70,9.51,100.77,2277,0,Valve Sticking,3.45,11.69
4548,5.88,2017.68,80,10.01,115.06,2278,0,Seal Wear,2.41,29.33
4549,5.77,2018.33,90,10.37,114.95,2279,0,Seal Wear,1.95,32.13
4550,5.12,2018.49,100,10.09,104.17,2280,0,Valve Sticking,3.68,9.42
4551,5.74,2020.09,90,9.75,113.22,2280,0,Seal Wear,1.56,28.0
4552,4.97,2020.09,80,11.2,112.63,2280,0,Air Leakage,0.93,16.53
4553,5.99,2021.08,70,10.12,112.88,2280,0,Seal Wear,2.13,46.68
4554,5.26,2021.28,60,9.7,94.35,2280,0,Valve Sticking,3.8,29.96
4555,5.14,2021.43,50,11.31,112.02,2280,0,Air Leakage,0.96,15.89
4556,5.25,2021.44,40,10.03,96.25,2280,0,Valve Sticking,2.71,8.7
4557,5.97,2022.31,30,9.93,109.74,2280,0,Seal Wear,1.64,46.29
4558,5.24,2022.32,20,11.92,102.65,2280,0,Air Leakage,0.9,48.05
4559,4.87,2022.43,10,11.37,105.98,2280,0,Air Leakage,1.01,32.22
4560,5.87,2023.33,0,9.51,115.07,2280,0,Seal Wear,1.82,34.46
4561,5.62,2023.45,10,9.67,99.86,2281,0,Valve Sticking,2.74,32.38
4562,5.12,2023.59,20,11.27,108.12,2282,0,Air Leakage,0.93,20.93
4563,5.08,2023.76,30,11.61,108.81,2283,0,Air Leakage,0.84,9.09
4564,5.58,2023.79,40,10.47,98.15,2284,0,Valve Sticking,2.94,39.47
4565,5.12,2023.82,50,11.81,104.91,2285,0,Air Leakage,1.02,47.46
4566,5.12,2023.9,60,10.57,111.86,2286,0,Air Leakage,0.83,15.01
4567,5.28,2024.05,70,10.34,101.13,2287,0,Valve Sticking,3.81,21.51
4568,5.69,2024.16,80,10.32,90.64,2288,0,Valve Sticking,2.75,46.94
4569,5.04,2024.31,90,11.78,105.45,2289,0,Air Leakage,0.82,32.86
4570,5.13,2024.35,100,11.43,100.64,2290,0,Air Leakage,0.97,43.26
4571,5.72,2024.43,90,9.84,89.77,2290,0,Valve Sticking,2.77,48.02
4572,5.5,2025.94,80,10.42,121.21,2290,0,Seal Wear,1.95,9.45
4573,5.58,2026.07,70,10.37,88.72,2290,0,Valve Sticking,2.87,42.22
4574,5.74,2027.35,60,10.05,122.23,2290,0,Seal Wear,2.46,14.03
4575,4.76,2027.4,50,11.43,111.76,2290,0,Air Leakage,0.93,11.72
4576,5.66,2028.88,40,9.89,120.58,2290,0,Seal Wear,1.87,6.9
4577,5.67,2029.0,30,10.09,94.6,2290,0,Valve Sticking,3.01,47.08
4578,5.66,2030.21,20,10.25,118.37,2290,0,Seal Wear,1.63,21.59
4579,5.58,2031.58,10,10.3,119.44,2290,0,Seal Wear,2.36,15.62
4580,5.54,2031.71,0,9.64,102.23,2290,0,Valve Sticking,3.63,29.78
4581,4.65,2031.8,10,12.32,109.03,2291,0,Air Leakage,1.03,22.57
4582,5.34,2031.92,20,9.56,96.7,2292,0,Valve Sticking,2.96,15.18
4583,5.2,2032.03,30,9.9,97.64,2293,0,Valve Sticking,2.59,7.63
4584,5.15,2032.09,40,12.22,110.98,2294,0,Air Leakage,1.14,22.99
4585,5.79,2032.76,50,9.54,114.33,2295,0,Seal Wear,2.19,31.22
4586,5.42,2032.87,60,10.48,99.52,2296,0,Valve Sticking,3.83,16.71
4587,5.01,2032.96,70,11.52,107.96,2297,0,Air Leakage,1.0,44.22
4588,5.63,2033.58,80,10.29,120.79,2298,0,Seal Wear,2.24,13.08
4589,5.16,2033.71,90,10.84,104.45,2299,0,Air Leakage,1.17,30.94
4590,5.35,2033.89,100,9.53,102.76,2300,0,Valve Sticking,3.75,10.23
4591,5.51,2033.94,90,10.06,88.53,2300,0,Valve Sticking,3.51,32.56
4592,5.29,2033.94,80,9.56,105.5,2300,0,Valve Sticking,3.41,5.85
4593,5.25,2034.06,70,10.18,100.54,2300,0,Valve Sticking,2.54,16.51
4594,5.56,2034.18,60,10.15,95.27,2300,0,Valve Sticking,3.18,38.11
4595,5.55,2034.26,50,10.25,92.52,2300,0,Valve Sticking,3.96,30.43
4596,5.66,2035.62,40,10.11,123.18,2300,0,Seal Wear,1.98,7.48
4597,5.51,2035.73,30,10.31,83.64,2300,0,Valve Sticking,3.58,43.68
4598,5.18,2035.77,20,10.64,100.29,2300,0,Air Leakage,0.89,46.82
4599,5.14,2035.78,10,10.21,95.63,2300,0,Valve Sticking,2.87,6.33
4600,5.47,2035.97,0,10.29,96.84,2300,0,Valve Sticking,3.73,13.84
4601,4.86,2036.01,10,11.77,101.36,2301,0,Air Leakage,1.01,42.3
4602,5.0,2036.2,20,11.56,115.39,2302,0,Air Leakage,0.99,9.13
4603,5.07,2036.22,30,10.64,109.13,2303,0,Air Leakage,0.88,29.13
4604,5.43,2036.38,40,10.2,91.73,2304,0,Valve Sticking,2.76,29.59
4605,5.28,2036.54,50,9.71,97.84,2305,0,Valve Sticking,3.76,26.0
4606,5.6,2037.81,60,10.22,119.14,2306,0,Seal Wear,2.24,9.86
4607,5.71,2039.35,70,9.62,117.25,2307,0,Seal Wear,1.68,29.1
4608,5.4,2039.52,80,10.15,87.09,2308,0,Valve Sticking,3.51,36.39
4609,5.8,2041.03,90,9.94,118.92,2309,0,Seal Wear,1.99,23.06
4610,5.38,2041.19,100,10.21,92.19,2310,0,Valve Sticking,2.51,27.67
4611,5.18,2041.21,90,9.51,102.56,2310,0,Valve Sticking,2.61,16.58
4612,5.93,2042.67,80,10.08,114.9,2310,0,Seal Wear,1.86,35.24
4613,5.96,2044.22,70,9.62,112.16,2310,0,Seal Wear,2.13,41.83
4614,5.18,2044.39,60,11.05,110.72,2310,0,Air Leakage,1.17,14.04
4615,5.23,2044.58,50,9.97,97.21,2310,0,Valve Sticking,3.51,28.93
4616,5.15,2044.64,40,9.52,108.23,2310,0,Valve Sticking,2.61,12.65
4617,5.31,2044.83,30,10.37,92.91,2310,0,Valve Sticking,2.59,20.16
4618,5.14,2044.83,20,10.75,105.63,2310,0,Air Leakage,0.95,39.83
4619,5.44,2044.99,10,11.73,106.91,2310,0,Air Leakage,1.14,47.58
4620,5.58,2045.9,0,10.26,120.51,2310,0,Seal Wear,1.76,16.82
4621,5.85,2047.08,10,9.71,115.27,2311,0,Seal Wear,1.81,41.13
4622,4.98,2047.25,20,10.91,116.45,2312,0,Air Leakage,1.2,7.54
4623,5.39,2047.36,30,9.85,105.06,2313,0,Valve Sticking,3.6,20.35
4624,5.7,2047.39,40,10.22,86.13,2314,0,Valve Sticking,2.77,49.52
4625,4.9,2047.4,50,11.7,107.67,2315,0,Air Leakage,0.93,14.08
4626,5.8,2047.56,60,9.59,90.26,2316,0,Valve Sticking,2.56,47.92
4627,5.35,2047.59,70,10.26,97.71,2317,0,Valve Sticking,3.1,13.11
4628,4.95,2047.69,80,10.84,104.56,2318,0,Air Leakage,1.04,36.52
4629,5.61,2047.72,90,9.91,93.27,2319,0,Valve Sticking,2.86,30.33
4630,5.56,2049.13,100,10.41,123.71,2320,0,Seal Wear,2.4,5.78
4631,5.91,2050.61,90,10.34,114.08,2320,0,Seal Wear,2.46,34.08
4632,5.43,2050.64,80,9.73,105.74,2320,0,Valve Sticking,3.24,9.34
4633,4.95,2050.68,70,11.66,112.33,2320,0,Air Leakage,0.92,10.64
4634,5.58,2051.76,60,9.5,119.7,2320,0,Seal Wear,1.5,13.28
4635,5.12,2051.79,50,11.83,116.12,2320,0,Air Leakage,1.12,13.31
4636,5.15,2051.81,40,11.4,106.57,2320,0,Air Leakage,0.97,43.28
4637,5.89,2052.98,30,9.73,115.79,2320,0,Seal Wear,1.93,35.01
4638,5.24,2053.03,20,9.68,99.68,2320,0,Valve Sticking,3.01,10.4
4639,4.98,2053.12,10,11.41,107.9,2320,0,Air Leakage,1.2,31.56
4640,4.7,2053.28,0,12.0,110.64,2320,0,Air Leakage,1.05,8.94
4641,4.55,2053.45,10,11.66,111.43,2321,0,Air Leakage,0.94,7.85
4642,5.51,2053.63,20,10.26,98.21,2322,0,Valve Sticking,3.5,32.47
4643,5.18,2053.72,30,11.02,108.76,2323,0,Air Leakage,0.88,45.2
4644,5.67,2053.89,40,10.22,94.97,2324,0,Valve Sticking,3.8,49.72
4645,5.76,2055.33,50,10.2,114.59,2325,0,Seal Wear,2.02,24.42
4646,5.69,2055.46,60,9.53,100.14,2326,0,Valve Sticking,2.82,37.76
4647,5.63,2055.6,70,10.05,88.87,2327,0,Valve Sticking,3.6,47.54
4648,5.84,2056.21,80,9.68,115.14,2328,0,Seal Wear,1.86,34.55
4649,4.77,2056.38,90,11.38,108.1,2329,0,Air Leakage,1.19,22.0
4650,5.92,2057.5,100,9.99,113.45,2330,0,Seal Wear,1.94,35.57
4651,5.51,2057.7,90,9.64,99.64,2330,0,Valve Sticking,2.58,16.08
4652,5.65,2059.03,80,9.54,120.18,2330,0,Seal Wear,2.15,11.31
4653,5.21,2059.23,70,10.4,94.65,2330,0,Valve Sticking,3.32,20.22
4654,5.21,2059.39,60,11.8,102.76,2330,0,Air Leakage,0.97,33.82
4655,5.44,2059.58,50,10.45,89.26,2330,0,Valve Sticking,3.81,40.59
4656,4.91,2059.59,40,11.39,105.45,2330,0,Air Leakage,0.87,31.29
4657,5.44,2059.64,30,10.26,95.01,2330,0,Valve Sticking,3.54,13.02
4658,5.59,2059.71,20,9.79,87.46,2330,0,Valve Sticking,2.85,48.12
4659,5.72,2060.52,10,9.78,114.05,2330,0,Seal Wear,1.76,27.29
4660,5.63,2060.67,0,9.82,94.89,2330,0,Valve Sticking,3.85,45.54
4661,5.84,2062.06,10,9.87,112.08,2331,0,Seal Wear,2.34,34.14
4662,5.69,2062.14,20,9.64,87.86,2332,0,Valve Sticking,3.89,40.79
4663,5.04,2062.31,30,11.69,110.71,2333,0,Air Leakage,1.08,34.07
4664,5.25,2062.35,40,9.99,108.07,2334,0,Valve Sticking,3.81,8.56
4665,5.01,2062.49,50,11.87,117.49,2335,0,Air Leakage,0.95,6.93
4666,5.63,2063.7,60,10.01,122.12,2336,0,Seal Wear,1.72,12.67
4667,5.54,2063.86,70,9.53,95.34,2337,0,Valve Sticking,2.65,39.25
4668,5.28,2063.94,80,9.95,94.13,2338,0,Valve Sticking,3.48,18.73
4669,5.7,2065.01,90,9.78,118.79,2339,0,Seal Wear,2.17,13.49
4670,5.0,2065.03,100,11.69,105.44,2340,0,Air Leakage,0.99,30.72
4671,4.85,2065.12,90,11.5,109.26,2340,0,Air Leakage,1.14,21.16
4672,5.74,2066.44,80,9.64,119.96,2340,0,Seal Wear,2.27,17.11
4673,5.22,2066.47,70,10.5,99.55,2340,0,Valve Sticking,2.99,20.12
4674,5.36,2066.6,60,11.74,106.04,2340,0,Air Leakage,1.19,49.23
4675,5.11,2066.62,50,10.76,103.41,2340,0,Air Leakage,0.8,32.6
4676,5.06,2066.67,40,11.84,106.89,2340,0,Air Leakage,1.1,40.47
4677,5.75,2067.51,30,10.34,117.29,2340,0,Seal Wear,1.8,28.76
4678,5.96,2069.0,20,9.84,112.31,2340,0,Seal Wear,1.76,47.03
4679,5.76,2070.62,10,9.55,118.71,2340,0,Seal Wear,2.28,24.84
4680,5.57,2071.73,0,9.6,118.65,2340,0,Seal Wear,1.72,8.96
4681,4.69,2071.86,10,11.06,109.78,2341,0,Air Leakage,0.8,14.48
4682,5.2,2071.93,20,9.83,97.68,2342,0,Valve Sticking,3.2,15.44
4683,4.86,2072.0,30,11.49,116.01,2343,0,Air Leakage,1.04,20.11
4684,4.87,2072.01,40,11.2,107.43,2344,0,Air Leakage,1.05,28.81
4685,5.55,2072.08,50,10.38,103.93,2345,0,Valve Sticking,3.53,28.36
4686,5.07,2072.12,60,10.77,103.24,2346,0,Air Leakage,0.8,27.74
4687,5.47,2072.13,70,9.99,87.71,2347,0,Valve Sticking,2.78,31.22
4688,4.82,2072.28,80,11.6,115.53,2348,0,Air Leakage,1.07,10.19
4689,5.22,2072.3,90,10.79,108.35,2349,0,Air Leakage,1.07,34.28
4690,5.19,2072.4,100,11.06,114.73,2350,0,Air Leakage,1.16,21.62
4691,5.89,2073.91,90,9.84,108.65,2350,0,Seal Wear,1.62,43.26
4692,5.1,2073.95,80,11.22,109.18,2350,0,Air Leakage,1.2,32.51
4693,5.44,2073.95,70,10.02,86.55,2350,0,Valve Sticking,3.55,47.63
4694,5.35,2074.11,60,11.7,106.94,2350,0,Air Leakage,1.07,45.33
4695,4.93,2074.21,50,11.81,111.47,2350,0,Air Leakage,0.88,5.19
4696,4.98,2074.25,40,11.11,104.62,2350,0,Air Leakage,0.94,44.78
4697,6.01,2075.07,30,9.88,112.07,2350,0,Seal Wear,1.85,47.75
4698,4.83,2075.1,20,11.53,112.76,2350,0,Air Leakage,0.82,9.11
4699,5.72,2075.79,10,10.11,118.47,2350,0,Seal Wear,2.28,23.67
4700,5.75,2075.98,0,9.89,87.16,2350,0,Valve Sticking,3.2,42.28
4701,5.55,2076.68,10,10.28,120.34,2351,0,Seal Wear,1.91,12.07
4702,5.9,2077.77,20,10.04,109.85,2352,0,Seal Wear,2.34,41.4
4703,5.27,2077.84,30,10.22,100.13,2353,0,Valve Sticking,3.44,12.19
4704,5.72,2078.55,40,10.49,120.68,2354,0,Seal Wear,2.42,16.7
4705,5.58,2079.72,50,9.99,122.21,2355,0,Seal Wear,2.39,17.64
4706,5.53,2079.77,60,9.8,83.31,2356,0,Valve Sticking,3.25,48.58
4707,5.57,2079.95,70,10.13,100.08,2357,0,Valve Sticking,3.56,19.81
4708,5.03,2080.01,80,11.11,103.76,2358,0,Air Leakage,1.14,37.31
4709,5.78,2080.67,90,10.31,112.44,2359,0,Seal Wear,1.89,35.23
4710,5.35,2080.68,100,11.57,107.29,2360,0,Air Leakage,1.17,37.74
4711,5.43,2080.84,90,11.31,100.13,2360,0,Air Leakage,1.16,44.71
4712,5.38,2080.94,80,9.83,89.77,2360,0,Valve Sticking,2.82,45.82
4713,5.42,2080.99,70,10.38,97.21,2360,0,Valve Sticking,3.05,45.98
4714,5.95,2082.45,60,9.62,113.14,2360,0,Seal Wear,1.59,43.25
4715,5.74,2083.46,50,9.98,116.86,2360,0,Seal Wear,1.63,17.39
4716,5.07,2083.56,40,10.33,97.53,2360,0,Valve Sticking,3.67,5.79
4717,5.71,2084.79,30,9.64,114.51,2360,0,Seal Wear,2.25,17.5
4718,4.84,2084.86,20,11.96,108.81,2360,0,Air Leakage,1.11,29.11
4719,5.39,2085.02,10,10.41,100.56,2360,0,Valve Sticking,3.73,6.22
4720,5.02,2085.04,0,10.76,106.09,2360,0,Air Leakage,0.8,43.6
4721,5.27,2085.17,10,10.01,97.61,2361,0,Valve Sticking,3.28,6.05
4722,5.35,2085.19,20,9.61,90.34,2362,0,Valve Sticking,3.88,22.82
4723,5.79,2086.09,30,10.02,120.1,2363,0,Seal Wear,2.05,21.73
4724,5.8,2087.32,40,9.84,114.72,2364,0,Seal Wear,2.15,38.85
4725,5.71,2088.81,50,9.77,121.04,2365,0,Seal Wear,2.18,17.86
4726,5.75,2090.13,60,10.44,119.26,2366,0,Seal Wear,2.34,18.74
4727,5.82,2091.53,70,9.54,115.06,2367,0,Seal Wear,1.61,32.23
4728,5.43,2091.66,80,9.95,103.39,2368,0,Valve Sticking,3.37,17.79
4729,5.49,2091.72,90,10.06,98.22,2369,0,Valve Sticking,3.13,29.52
4730,5.68,2092.79,100,10.07,117.45,2370,0,Seal Wear,1.78,24.22
4731,4.95,2092.86,90,11.53,108.12,2370,0,Air Leakage,0.92,32.07
4732,5.9,2093.56,80,9.76,114.96,2370,0,Seal Wear,1.54,35.62
4733,5.2,2093.63,70,10.24,106.83,2370,0,Valve Sticking,3.58,10.82
4734,5.95,2095.14,60,9.69,117.03,2370,0,Seal Wear,1.64,37.85
4735,4.97,2095.16,50,11.36,112.56,2370,0,Air Leakage,0.96,14.7
4736,5.52,2095.16,40,10.38,93.72,2370,0,Valve Sticking,3.5,19.9
4737,5.89,2096.26,30,9.96,115.23,2370,0,Seal Wear,2.24,30.22
4738,5.76,2097.03,20,10.49,116.75,2370,0,Seal Wear,1.6,33.93
4739,5.73,2097.8,10,9.97,117.52,2370,0,Seal Wear,2.31,26.61
4740,5.78,2099.31,0,9.56,114.74,2370,0,Seal Wear,1.74,29.44
4741,5.23,2099.41,10,11.26,104.17,2371,0,Air Leakage,1.07,43.75
4742,5.8,2099.44,20,10.13,84.2,2372,0,Valve Sticking,3.75,47.43
4743,4.6,2099.59,30,11.9,116.55,2373,0,Air Leakage,0.99,15.23
4744,5.45,2099.67,40,11.33,100.05,2374,0,Air Leakage,1.17,48.02
4745,5.82,2100.65,50,10.1,113.54,2375,0,Seal Wear,1.96,33.63
4746,5.65,2100.79,60,9.97,89.29,2376,0,Valve Sticking,3.19,38.51
4747,5.65,2101.97,70,9.64,117.98,2377,0,Seal Wear,2.16,8.94
4748,5.72,2102.55,80,9.98,114.37,2378,0,Seal Wear,2.41,23.65
4749,5.31,2102.7,90,9.92,100.03,2379,0,Valve Sticking,2.81,12.11
4750,5.29,2102.86,100,11.66,105.91,2380,0,Air Leakage,0.99,46.12
4751,5.83,2103.49,90,9.84,112.27,2380,0,Seal Wear,1.68,34.88
4752,5.61,2104.46,80,10.41,117.04,2380,0,Seal Wear,1.94,16.58
4753,5.87,2105.44,70,9.63,114.64,2380,0,Seal Wear,2.43,35.45
4754,5.51,2105.46,60,9.55,90.77,2380,0,Valve Sticking,3.16,28.9
4755,5.8,2106.1,50,9.76,118.14,2380,0,Seal Wear,1.67,21.78
4756,5.53,2106.14,40,10.27,92.92,2380,0,Valve Sticking,2.59,29.44
4757,5.07,2106.27,30,11.42,112.34,2380,0,Air Leakage,0.91,28.17
4758,6.06,2107.16,20,10.49,114.03,2380,0,Seal Wear,2.06,48.74
4759,5.11,2107.17,10,11.82,109.45,2380,0,Air Leakage,1.19,8.95
4760,5.74,2108.63,0,9.63,117.59,2380,0,Seal Wear,1.71,16.8
4761,5.88,2109.32,10,10.26,114.12,2381,0,Seal Wear,1.68,32.55
4762,6.06,2110.77,20,10.35,111.86,2382,0,Seal Wear,2.48,46.22
4763,5.97,2112.0,30,10.1,111.69,2383,0,Seal Wear,2.42,47.3
4764,5.78,2112.83,40,9.99,117.67,2384,0,Seal Wear,1.94,24.03
4765,5.37,2112.93,50,9.88,98.06,2385,0,Valve Sticking,2.51,20.26
4766,5.05,2113.1,60,11.48,112.55,2386,0,Air Leakage,1.15,11.06
4767,5.38,2113.22,70,9.53,91.18,2387,0,Valve Sticking,2.74,25.97
4768,5.04,2113.32,80,11.3,109.36,2388,0,Air Leakage,1.03,15.88
4769,5.07,2113.45,90,12.15,114.63,2389,0,Air Leakage,1.07,15.45
4770,5.61,2113.52,100,10.13,86.7,2390,0,Valve Sticking,3.33,44.58
4771,5.52,2113.69,90,10.23,89.53,2390,0,Valve Sticking,3.5,45.56
4772,6.03,2115.17,80,9.79,108.89,2390,0,Seal Wear,2.1,45.4
4773,4.97,2115.26,70,11.38,114.78,2390,0,Air Leakage,1.12,7.37
4774,5.54,2115.28,60,9.63,88.12,2390,0,Valve Sticking,3.19,28.52
4775,5.16,2115.47,50,11.58,106.06,2390,0,Air Leakage,1.01,41.22
4776,5.44,2115.52,40,11.62,102.21,2390,0,Air Leakage,1.15,42.65
4777,5.66,2115.66,30,9.93,95.61,2390,0,Valve Sticking,2.66,46.83
4778,6.0,2116.61,20,9.61,112.24,2390,0,Seal Wear,2.37,39.71
4779,5.93,2117.59,10,9.62,110.15,2390,0,Seal Wear,1.52,38.15
4780,5.7,2118.58,0,9.79,114.43,2390,0,Seal Wear,1.58,22.73
4781,5.22,2118.69,10,9.78,97.32,2391,0,Valve Sticking,3.79,8.71
4782,5.38,2118.71,20,9.64,100.06,2392,0,Valve Sticking,3.11,34.55
4783,5.29,2118.79,30,11.49,101.57,2393,0,Air Leakage,0.82,48.03
4784,4.95,2118.86,40,11.25,104.22,2394,0,Air Leakage,0.85,30.91
4785,5.42,2118.92,50,10.31,96.59,2395,0,Valve Sticking,2.94,18.33
4786,5.36,2119.08,60,10.42,93.6,2396,0,Valve Sticking,3.31,13.54
4787,5.46,2119.08,70,10.33,93.03,2397,0,Valve Sticking,3.68,38.33
4788,5.38,2119.14,80,10.36,102.34,2398,0,Valve Sticking,3.13,22.27
4789,5.54,2120.72,90,10.25,119.54,2399,0,Seal Wear,2.41,12.8
4790,6.03,2121.79,100,9.64,114.73,2400,0,Seal Wear,1.66,45.0
4791,5.55,2121.95,90,9.85,96.42,2400,0,Valve Sticking,2.53,30.6
4792,5.25,2122.07,80,11.38,111.05,2400,0,Air Leakage,1.0,31.9
4793,5.41,2122.27,70,9.66,96.95,2400,0,Valve Sticking,2.65,30.44
4794,4.86,2122.37,60,11.7,101.42,2400,0,Air Leakage,0.96,33.56
4795,5.44,2122.51,50,9.94,98.71,2400,0,Valve Sticking,3.25,34.75
4796,5.16,2122.54,40,12.12,105.44,2400,0,Air Leakage,1.02,32.76
4797,5.63,2123.98,30,9.91,120.69,2400,0,Seal Wear,1.61,17.99
4798,5.66,2124.18,20,9.93,95.14,2400,0,Valve Sticking,3.29,42.3
4799,5.52,2124.23,10,10.18,93.43,2400,0,Valve Sticking,3.14,40.46
4800,4.98,2124.31,0,10.87,114.35,2400,0,Air Leakage,0.83,5.68
4801,5.07,2124.5,10,12.0,114.69,2401,0,Air Leakage,0.91,22.95
4802,5.39,2124.6,20,10.11,98.2,2402,0,Valve Sticking,3.25,39.39
4803,5.71,2125.36,30,10.5,119.13,2403,0,Seal Wear,2.46,12.92
4804,5.62,2126.98,40,10.19,121.43,2404,0,Seal Wear,1.7,10.77
4805,4.96,2127.09,50,11.42,102.02,2405,0,Air Leakage,0.92,41.95
4806,5.01,2127.23,60,10.73,99.39,2406,0,Air Leakage,1.09,39.84
4807,5.54,2127.32,70,9.96,94.33,2407,0,Valve Sticking,2.84,22.55
4808,5.81,2128.43,80,9.98,115.32,2408,0,Seal Wear,1.63,32.34
4809,5.92,2129.62,90,10.04,110.83,2409,0,Seal Wear,1.53,34.21
4810,5.64,2130.36,100,9.62,120.58,2410,0,Seal Wear,2.34,16.18
4811,4.98,2130.5,90,12.18,118.0,2410,0,Air Leakage,1.07,6.56
4812,5.71,2130.58,80,10.41,98.13,2410,0,Valve Sticking,2.56,43.1
4813,5.06,2130.72,70,11.3,114.47,2410,0,Air Leakage,1.07,22.65
4814,5.85,2131.59,60,10.23,116.61,2410,0,Seal Wear,2.33,36.6
4815,5.74,2132.58,50,10.46,117.12,2410,0,Seal Wear,2.03,18.58
4816,5.03,2132.75,40,12.25,106.48,2410,0,Air Leakage,0.8,23.65
4817,5.08,2132.87,30,10.04,104.84,2410,0,Valve Sticking,3.59,7.25
4818,5.32,2132.96,20,10.18,105.49,2410,0,Valve Sticking,3.7,5.98
4819,5.03,2133.06,10,11.29,107.38,2410,0,Air Leakage,0.93,27.7
4820,5.88,2133.69,0,10.03,113.74,2410,0,Seal Wear,2.44,40.49
4821,5.71,2135.04,10,9.9,116.87,2411,0,Seal Wear,2.4,12.9
4822,4.79,2135.15,20,11.77,115.17,2412,0,Air Leakage,0.88,10.42
4823,5.31,2135.18,30,11.84,110.05,2413,0,Air Leakage,1.08,33.9
4824,5.52,2135.37,40,9.72,100.67,2414,0,Valve Sticking,3.02,36.2
4825,4.68,2135.37,50,11.3,106.08,2415,0,Air Leakage,1.08,9.98
4826,5.0,2135.52,60,11.19,117.57,2416,0,Air Leakage,0.92,8.02
4827,5.62,2135.56,70,9.89,95.73,2417,0,Valve Sticking,2.63,45.2
4828,5.82,2136.46,80,9.57,116.01,2418,0,Seal Wear,1.91,34.33
4829,5.17,2136.61,90,12.16,113.1,2419,0,Air Leakage,1.14,26.21
4830,5.89,2138.14,100,10.41,114.84,2420,0,Seal Wear,2.19,35.35
4831,6.01,2139.73,90,10.48,111.02,2420,0,Seal Wear,2.0,46.25
4832,5.26,2139.91,80,10.28,102.53,2420,0,Valve Sticking,3.96,21.19
4833,5.84,2140.76,70,10.29,116.44,2420,0,Seal Wear,2.35,26.53
4834,5.84,2142.3,60,10.24,109.79,2420,0,Seal Wear,2.41,38.9
4835,4.82,2142.49,50,11.25,110.67,2420,0,Air Leakage,0.85,11.63
4836,4.62,2142.59,40,11.39,106.81,2420,0,Air Leakage,0.84,12.38
4837,5.08,2142.77,30,10.97,105.38,2420,0,Air Leakage,1.09,36.61
4838,5.55,2144.34,20,10.14,123.31,2420,0,Seal Wear,2.44,7.7
4839,4.94,2144.49,10,11.86,113.28,2420,0,Air Leakage,1.08,24.33
4840,5.99,2145.53,0,10.07,111.99,2420,0,Seal Wear,2.19,49.98
4841,5.15,2145.63,10,11.71,109.56,2421,0,Air Leakage,0.88,21.54
4842,5.18,2145.82,20,11.3,111.88,2422,0,Air Leakage,1.15,31.81
4843,5.76,2147.11,30,10.0,117.66,2423,0,Seal Wear,1.97,20.07
4844,5.43,2147.21,40,9.8,103.45,2424,0,Valve Sticking,2.93,22.93
4845,5.02,2147.38,50,12.25,108.59,2425,0,Air Leakage,1.09,9.06
4846,5.8,2148.84,60,9.97,114.91,2426,0,Seal Wear,1.52,39.34
4847,5.71,2150.35,70,9.52,116.45,2427,0,Seal Wear,2.02,19.01
4848,4.82,2150.47,80,11.44,110.64,2428,0,Air Leakage,0.95,30.14
4849,5.77,2152.04,90,10.43,115.2,2429,0,Seal Wear,2.18,29.0
4850,4.86,2152.21,100,11.41,107.23,2430,0,Air Leakage,0.86,29.71
4851,5.24,2152.37,90,10.04,95.24,2430,0,Valve Sticking,3.47,15.15
4852,5.52,2152.45,80,9.92,100.55,2430,0,Valve Sticking,3.49,22.58
4853,5.7,2153.98,70,9.68,118.87,2430,0,Seal Wear,1.96,16.78
4854,5.05,2154.05,60,11.9,104.31,2430,0,Air Leakage,1.1,44.42
4855,5.64,2154.24,50,10.43,98.37,2430,0,Valve Sticking,3.35,31.92
4856,5.14,2154.33,40,11.4,109.71,2430,0,Air Leakage,1.07,22.31
4857,5.73,2155.81,30,10.2,113.09,2430,0,Seal Wear,1.87,29.26
4858,5.31,2155.93,20,9.9,100.58,2430,0,Valve Sticking,2.71,14.09
4859,4.98,2155.95,10,11.29,103.52,2430,0,Air Leakage,0.89,34.72
4860,5.05,2156.03,0,11.94,101.71,2430,0,Air Leakage,0.88,47.74
4861,5.9,2157.18,10,9.98,110.54,2431,0,Seal Wear,1.69,47.11
4862,5.22,2157.25,20,9.68,104.22,2432,0,Valve Sticking,3.46,16.66
4863,5.86,2158.48,30,10.27,111.32,2433,0,Seal Wear,1.74,42.47
4864,5.78,2159.21,40,9.64,113.79,2434,0,Seal Wear,1.82,25.33
4865,5.69,2160.66,50,9.88,121.92,2435,0,Seal Wear,1.65,12.3
4866,5.23,2160.72,60,10.17,97.96,2436,0,Valve Sticking,2.64,26.08
4867,5.09,2160.76,70,11.8,110.52,2437,0,Air Leakage,0.89,20.86
4868,5.7,2161.84,80,9.76,119.66,2438,0,Seal Wear,2.13,17.97
4869,5.7,2163.14,90,9.69,121.54,2439,0,Seal Wear,2.21,21.59
4870,5.69,2164.01,100,9.93,118.78,2440,0,Seal Wear,2.5,11.91
4871,5.25,2164.13,90,9.56,103.78,2440,0,Valve Sticking,2.66,24.39
4872,5.9,2165.63,80,10.27,113.59,2440,0,Seal Wear,1.59,38.24
4873,4.76,2165.63,70,12.41,114.82,2440,0,Air Leakage,1.01,16.08
4874,5.54,2166.5,60,9.63,120.7,2440,0,Seal Wear,2.09,11.45
4875,5.77,2168.05,50,9.56,116.68,2440,0,Seal Wear,2.23,24.64
4876,5.28,2168.1,40,9.51,104.37,2440,0,Valve Sticking,3.72,12.93
4877,5.5,2169.6,30,10.33,123.19,2440,0,Seal Wear,2.01,7.47
4878,5.68,2171.06,20,9.94,117.9,2440,0,Seal Wear,2.07,25.25
4879,5.23,2171.2,10,9.77,93.99,2440,0,Valve Sticking,3.39,19.08
4880,5.62,2172.8,0,9.6,119.46,2440,0,Seal Wear,1.58,13.67
4881,5.52,2172.84,10,9.55,96.77,2441,0,Valve Sticking,2.69,42.34
4882,5.46,2172.92,20,9.99,87.92,2442,0,Valve Sticking,3.31,31.75
4883,5.89,2174.41,30,9.67,110.36,2443,0,Seal Wear,2.26,40.13
4884,4.65,2174.47,40,11.59,113.42,2444,0,Air Leakage,1.02,8.14
4885,5.82,2175.51,50,10.01,112.52,2445,0,Seal Wear,1.89,27.97
4886,5.11,2175.61,60,11.98,101.84,2446,0,Air Leakage,1.15,46.24
4887,5.16,2175.68,70,10.44,98.82,2447,0,Valve Sticking,2.75,15.12
4888,5.61,2177.0,80,9.82,115.59,2448,0,Seal Wear,1.75,11.38
4889,5.42,2177.17,90,9.74,93.82,2449,0,Valve Sticking,3.34,28.68
4890,5.41,2177.35,100,9.75,90.72,2450,0,Valve Sticking,2.85,15.16
4891,5.23,2177.5,90,11.05,106.27,2450,0,Air Leakage,1.18,31.99
4892,5.79,2177.55,80,10.27,92.77,2450,0,Valve Sticking,3.7,42.99
4893,4.78,2177.74,70,11.71,115.6,2450,0,Air Leakage,0.93,12.04
4894,5.81,2178.42,60,10.31,114.05,2450,0,Seal Wear,1.85,38.94
4895,5.75,2179.53,50,10.07,115.36,2450,0,Seal Wear,1.9,20.27
4896,5.88,2180.36,40,9.52,112.16,2450,0,Seal Wear,1.6,39.3
4897,5.56,2181.72,30,9.86,119.38,2450,0,Seal Wear,2.35,14.39
4898,5.16,2181.89,20,11.7,110.89,2450,0,Air Leakage,0.85,40.76
4899,5.65,2182.68,10,9.94,121.37,2450,0,Seal Wear,2.48,6.64
4900,5.45,2182.75,0,9.87,103.59,2450,0,Valve Sticking,3.32,25.19
4901,5.8,2184.19,10,9.8,114.84,2451,0,Seal Wear,2.42,36.87
4902,5.8,2185.6,20,9.95,115.91,2452,0,Seal Wear,1.81,24.59
4903,5.62,2185.63,30,9.9,94.93,2453,0,Valve Sticking,2.98,36.58
4904,5.38,2185.69,40,10.29,88.29,2454,0,Valve Sticking,2.94,43.81
4905,5.69,2185.73,50,10.43,97.63,2455,0,Valve Sticking,3.74,44.29
4906,5.29,2185.89,60,9.56,100.19,2456,0,Valve Sticking,3.84,9.85
4907,5.78,2187.32,70,9.55,110.6,2457,0,Seal Wear,1.87,36.85
4908,5.9,2188.72,80,9.54,111.19,2458,0,Seal Wear,1.82,44.34
4909,5.06,2188.84,90,12.07,107.5,2459,0,Air Leakage,1.14,23.1
4910,5.72,2188.9,100,9.9,96.72,2460,0,Valve Sticking,2.87,45.59
4911,5.23,2188.91,90,10.23,96.64,2460,0,Valve Sticking,2.67,18.61
4912,5.28,2189.09,80,9.9,96.19,2460,0,Valve Sticking,3.34,13.6
4913,5.7,2190.53,70,10.12,113.22,2460,0,Seal Wear,2.31,27.22
4914,4.97,2190.67,60,11.19,111.41,2460,0,Air Leakage,1.18,16.52
4915,5.28,2190.85,50,11.55,107.06,2460,0,Air Leakage,0.97,41.85
4916,5.99,2192.23,40,10.4,113.14,2460,0,Seal Wear,1.82,44.12
4917,5.73,2193.42,30,10.43,120.53,2460,0,Seal Wear,1.79,13.52
4918,4.65,2193.42,20,11.63,113.1,2460,0,Air Leakage,0.85,9.19
4919,5.57,2194.33,10,10.03,120.95,2460,0,Seal Wear,2.33,5.51
4920,5.97,2195.09,0,10.27,111.35,2460,0,Seal Wear,2.06,45.9
4921,4.87,2195.26,10,11.71,112.13,2461,0,Air Leakage,1.08,23.46
4922,5.55,2195.39,20,9.85,98.29,2462,0,Valve Sticking,2.8,46.48
4923,5.35,2195.4,30,11.27,109.81,2463,0,Air Leakage,1.06,41.67
4924,5.65,2196.68,40,10.06,117.56,2464,0,Seal Wear,2.45,12.98
4925,5.59,2197.76,50,9.61,121.22,2465,0,Seal Wear,2.18,7.31
4926,5.33,2197.82,60,10.49,97.31,2466,0,Valve Sticking,3.17,18.86
4927,4.98,2197.97,70,11.81,106.73,2467,0,Air Leakage,0.86,18.83
4928,5.58,2198.14,80,10.12,90.42,2468,0,Valve Sticking,3.43,41.81
4929,5.89,2199.03,90,9.88,117.45,2469,0,Seal Wear,1.96,33.16
4930,5.59,2200.26,100,10.18,120.94,2470,0,Seal Wear,2.43,9.31
4931,5.78,2200.98,90,10.16,115.17,2470,0,Seal Wear,1.78,23.83
4932,4.83,2201.01,80,11.39,112.47,2470,0,Air Leakage,0.87,10.61
4933,4.93,2201.06,70,11.74,106.7,2470,0,Air Leakage,0.88,22.12
4934,4.87,2201.14,60,12.09,102.27,2470,0,Air Leakage,1.12,29.59
4935,5.45,2201.32,50,10.47,98.68,2470,0,Valve Sticking,3.29,36.91
4936,6.02,2202.2,40,10.02,107.67,2470,0,Seal Wear,2.35,47.79
4937,5.63,2203.52,30,9.86,120.79,2470,0,Seal Wear,2.03,14.83
4938,5.64,2203.61,20,9.54,91.86,2470,0,Valve Sticking,3.54,47.5
4939,5.78,2204.27,10,10.37,113.1,2470,0,Seal Wear,1.92,35.66
4940,5.82,2205.21,0,10.48,112.22,2470,0,Seal Wear,2.14,38.95
4941,5.4,2205.38,10,10.33,96.66,2471,0,Valve Sticking,2.69,28.25
4942,5.35,2205.43,20,10.05,98.61,2472,0,Valve Sticking,3.17,20.71
4943,5.47,2205.47,30,11.58,96.82,2473,0,Air Leakage,0.96,49.96
4944,5.14,2205.57,40,9.84,95.37,2474,0,Valve Sticking,3.75,19.86
4945,5.03,2205.66,50,11.84,112.73,2475,0,Air Leakage,0.95,9.82
4946,5.4,2205.75,60,10.17,90.65,2476,0,Valve Sticking,3.07,27.23
4947,5.03,2205.86,70,11.99,106.11,2477,0,Air Leakage,1.05,19.44
4948,5.37,2206.03,80,10.0,90.36,2478,0,Valve Sticking,2.96,22.21
4949,5.74,2207.65,90,9.96,116.29,2479,0,Seal Wear,2.39,27.89
4950,4.95,2207.84,100,11.25,103.26,2480,0,Air Leakage,1.03,45.3
4951,5.38,2207.9,90,10.4,89.63,2480,0,Valve Sticking,3.99,22.62
4952,5.7,2208.69,80,10.34,116.58,2480,0,Seal Wear,2.19,25.14
4953,5.5,2209.92,70,9.86,121.38,2480,0,Seal Wear,2.19,5.52
4954,5.75,2209.92,60,10.15,89.37,2480,0,Valve Sticking,3.33,49.86
4955,4.93,2210.1,50,11.53,102.08,2480,0,Air Leakage,0.91,31.63
4956,5.94,2210.85,40,10.26,115.02,2480,0,Seal Wear,1.84,42.5
4957,5.33,2210.95,30,10.46,97.23,2480,0,Valve Sticking,2.89,13.24
4958,4.88,2211.14,20,11.66,105.01,2480,0,Air Leakage,1.01,43.38
4959,5.79,2212.45,10,9.55,116.16,2480,0,Seal Wear,1.51,28.58
4960,5.35,2212.55,0,11.5,102.35,2480,0,Air Leakage,0.86,40.42
4961,5.97,2213.44,10,10.26,108.48,2481,0,Seal Wear,1.62,49.46
4962,5.67,2214.65,20,10.28,117.04,2482,0,Seal Wear,2.24,25.68
4963,5.38,2214.66,30,9.54,98.6,2483,0,Valve Sticking,2.97,13.31
4964,5.76,2214.81,40,10.35,85.22,2484,0,Valve Sticking,3.09,47.54
4965,5.15,2214.83,50,11.09,101.28,2485,0,Air Leakage,0.95,38.32
4966,5.24,2215.0,60,10.92,107.88,2486,0,Air Leakage,0.89,30.65
4967,5.39,2215.13,70,10.28,89.46,2487,0,Valve Sticking,3.52,26.66
4968,4.82,2215.16,80,11.75,108.76,2488,0,Air Leakage,1.0,18.85
4969,5.84,2215.96,90,9.79,117.63,2489,0,Seal Wear,1.66,26.77
4970,5.23,2215.97,100,9.96,100.67,2490,0,Valve Sticking,3.47,11.88
4971,5.35,2216.07,90,9.93,95.04,2490,0,Valve Sticking,3.94,15.13
4972,5.92,2217.32,80,10.3,109.07,2490,0,Seal Wear,2.03,45.94
4973,4.99,2217.32,70,11.6,107.67,2490,0,Air Leakage,1.11,38.55
4974,5.62,2217.39,60,10.2,92.69,2490,0,Valve Sticking,3.19,45.83
4975,5.7,2217.98,50,10.29,118.55,2490,0,Seal Wear,2.47,19.81
4976,5.7,2218.83,40,9.96,120.72,2490,0,Seal Wear,1.83,19.22
4977,5.08,2219.0,30,10.78,105.71,2490,0,Air Leakage,0.81,43.34
4978,5.89,2219.82,20,9.7,110.7,2490,0,Seal Wear,2.02,42.2
4979,5.47,2219.86,10,10.28,98.76,2490,0,Valve Sticking,3.62,24.29
4980,5.53,2220.02,0,9.51,90.16,2490,0,Valve Sticking,3.61,46.51
4981,5.27,2220.09,10,11.3,110.8,2491,0,Air Leakage,0.81,29.93
4982,5.36,2220.24,20,9.58,101.35,2492,0,Valve Sticking,3.08,25.8
4983,5.87,2221.57,30,10.15,115.82,2493,0,Seal Wear,2.31,32.53
4984,5.54,2221.69,40,9.98,91.49,2494,0,Valve Sticking,2.8,29.58
4985,5.31,2221.82,50,10.28,102.74,2495,0,Valve Sticking,2.76,8.68
4986,4.9,2222.01,60,11.59,108.2,2496,0,Air Leakage,0.86,43.64
4987,5.7,2222.1,70,9.88,93.61,2497,0,Valve Sticking,3.16,42.35
4988,5.22,2222.17,80,10.55,100.9,2498,0,Air Leakage,0.89,42.97
4989,4.99,2222.31,90,10.83,105.5,2499,0,Air Leakage,0.91,23.78
4990,5.47,2222.38,100,9.62,85.16,2500,0,Valve Sticking,2.73,49.92
4991,6.04,2223.07,90,9.78,111.32,2500,0,Seal Wear,2.04,45.83
4992,5.44,2223.14,80,10.24,89.71,2500,0,Valve Sticking,3.57,16.34
4993,5.25,2223.26,70,10.5,95.06,2500,0,Valve Sticking,2.81,15.71
4994,5.83,2224.77,60,10.35,113.12,2500,0,Seal Wear,1.97,33.96
4995,6.01,2225.83,50,10.25,110.66,2500,0,Seal Wear,1.8,43.33
4996,5.75,2226.59,40,9.6,118.58,2500,0,Seal Wear,1.98,15.67
4997,5.18,2226.71,30,11.66,109.2,2500,0,Air Leakage,1.05,42.23
4998,5.83,2227.42,20,10.23,115.83,2500,0,Seal Wear,2.21,26.83
4999,4.67,2227.6,10,12.24,115.88,2500,0,Air Leakage,0.98,10.52
5000,5.23,2227.67,0,10.33,100.0,2500,0,Valve Sticking,2.73,17.4
5001,5.89,2228.68,10,10.35,112.58,2501,0,Seal Wear,1.94,38.87
5002,5.93,2229.59,20,9.61,113.95,2502,0,Seal Wear,2.14,46.77
5003,5.83,2230.89,30,9.62,115.71,2503,0,Seal Wear,2.02,39.32
5004,5.99,2232.25,40,9.73,108.94,2504,0,Seal Wear,1.84,41.4
5005,5.91,2233.02,50,10.06,117.12,2505,0,Seal Wear,1.59,31.41
5006,5.07,2233.04,60,9.77,96.01,2506,0,Valve Sticking,3.68,6.28
5007,5.8,2234.34,70,10.26,116.55,2507,0,Seal Wear,1.99,31.6
5008,5.92,2235.83,80,9.88,115.51,2508,0,Seal Wear,1.55,38.43
5009,5.75,2236.71,90,10.27,119.6,2509,0,Seal Wear,2.5,25.57
5010,5.65,2236.72,100,9.69,93.74,2510,0,Valve Sticking,3.56,47.58
5011,5.19,2236.78,90,10.05,104.84,2510,0,Valve Sticking,3.3,19.32
5012,5.39,2236.94,80,10.37,102.61,2510,0,Valve Sticking,2.93,11.85
5013,5.38,2237.09,70,10.47,96.8,2510,0,Valve Sticking,3.28,25.45
5014,5.72,2237.27,60,9.54,90.82,2510,0,Valve Sticking,2.73,38.17
5015,5.63,2238.51,50,10.44,118.41,2510,0,Seal Wear,2.16,22.46
5016,5.3,2238.52,40,10.48,95.39,2510,0,Valve Sticking,2.73,11.35
5017,5.32,2238.67,30,10.26,101.06,2510,0,Valve Sticking,3.93,18.84
5018,5.74,2238.68,20,10.3,95.65,2510,0,Valve Sticking,2.93,38.99
5019,5.71,2238.76,10,9.6,92.14,2510,0,Valve Sticking,3.99,48.88
5020,5.95,2239.46,0,9.55,112.22,2510,0,Seal Wear,2.23,42.99
5021,5.67,2240.87,10,10.08,117.79,2511,0,Seal Wear,1.94,13.15
5022,5.67,2242.01,20,9.6,117.09,2512,0,Seal Wear,2.01,19.77
5023,5.86,2243.55,30,10.11,109.51,2513,0,Seal Wear,2.46,41.53
5024,5.22,2243.6,40,11.52,101.49,2514,0,Air Leakage,0.82,47.43
5025,5.88,2245.03,50,10.09,117.4,2515,0,Seal Wear,1.66,33.86
5026,5.1,2245.06,60,11.58,105.48,2516,0,Air Leakage,1.06,17.91
5027,5.12,2245.2,70,9.85,96.9,2517,0,Valve Sticking,3.11,8.95
5028,4.7,2245.21,80,11.66,109.72,2518,0,Air Leakage,1.06,16.16
5029,4.81,2245.33,90,10.88,114.78,2519,0,Air Leakage,1.1,23.36
5030,5.09,2245.45,100,11.27,102.83,2520,0,Air Leakage,0.95,40.32
5031,5.14,2245.6,90,11.57,109.49,2520,0,Air Leakage,1.11,11.29
5032,5.34,2245.68,80,10.2,91.13,2520,0,Valve Sticking,3.33,25.13
5033,5.35,2245.7,70,9.75,100.38,2520,0,Valve Sticking,3.21,15.91
5034,5.93,2247.19,60,10.45,113.16,2520,0,Seal Wear,2.45,43.3
5035,5.34,2247.25,50,10.2,100.75,2520,0,Valve Sticking,3.35,25.14
5036,5.48,2247.4,40,9.59,89.87,2520,0,Valve Sticking,2.58,31.04
5037,5.55,2247.41,30,9.57,99.82,2520,0,Valve Sticking,3.35,32.66
5038,5.52,2248.72,20,9.76,120.98,2520,0,Seal Wear,2.06,11.49
5039,5.33,2248.81,10,10.34,105.05,2520,0,Valve Sticking,3.79,11.03
5040,5.4,2248.89,0,10.25,98.45,2520,0,Valve Sticking,3.99,20.85
5041,4.81,2249.04,10,12.04,114.07,2521,0,Air Leakage,1.16,11.54
5042,4.92,2249.24,20,11.35,114.61,2522,0,Air Leakage,0.84,17.63
5043,5.45,2249.42,30,10.08,90.01,2523,0,Valve Sticking,3.82,25.55
5044,5.45,2249.5,40,9.53,94.93,2524,0,Valve Sticking,2.74,29.52
5045,5.12,2249.7,50,10.94,104.9,2525,0,Air Leakage,1.15,28.89
5046,5.61,2249.7,60,10.1,96.77,2526,0,Valve Sticking,2.73,44.15
5047,5.94,2251.12,70,10.22,115.64,2527,0,Seal Wear,2.29,35.46
5048,5.58,2252.14,80,9.51,123.04,2528,0,Seal Wear,1.97,12.77
5049,5.67,2253.68,90,10.04,119.58,2529,0,Seal Wear,2.48,15.96
5050,5.73,2255.19,100,10.42,114.09,2530,0,Seal Wear,2.47,26.48
5051,4.84,2255.32,90,11.14,106.48,2530,0,Air Leakage,1.1,19.22
5052,5.65,2256.47,80,10.38,117.56,2530,0,Seal Wear,2.36,19.93
5053,5.31,2256.64,70,12.19,107.92,2530,0,Air Leakage,0.91,34.57
5054,6.03,2258.18,60,10.02,109.13,2530,0,Seal Wear,1.96,46.94
5055,5.92,2259.58,50,10.18,116.38,2530,0,Seal Wear,1.96,34.46
5056,5.23,2259.73,40,9.62,95.18,2530,0,Valve Sticking,3.1,13.58
5057,4.98,2259.85,30,10.72,109.3,2530,0,Air Leakage,1.05,36.9
5058,5.65,2260.82,20,10.22,118.54,2530,0,Seal Wear,1.88,12.76
5059,5.3,2260.87,10,10.16,96.31,2530,0,Valve Sticking,3.1,26.29
5060,5.57,2260.99,0,9.86,88.3,2530,0,Valve Sticking,3.09,42.88
5061,4.84,2261.01,10,12.0,114.85,2531,0,Air Leakage,0.9,5.2
5062,5.91,2262.07,20,10.06,110.43,2532,0,Seal Wear,2.32,45.72
5063,5.8,2263.11,30,9.62,120.56,2533,0,Seal Wear,2.36,20.4
5064,4.72,2263.3,40,11.21,112.86,2534,0,Air Leakage,0.9,15.5
5065,5.8,2264.52,50,10.44,115.55,2535,0,Seal Wear,2.25,21.57
5066,5.34,2264.55,60,11.66,106.45,2536,0,Air Leakage,1.03,47.26
5067,5.37,2264.56,70,9.6,97.74,2537,0,Valve Sticking,3.97,28.0
5068,4.94,2264.65,80,11.19,104.4,2538,0,Air Leakage,1.19,36.38
5069,5.19,2264.66,90,12.02,112.98,2539,0,Air Leakage,1.07,31.31
5070,5.2,2264.67,100,10.25,101.44,2540,0,Valve Sticking,2.77,12.02
5071,5.47,2264.75,90,10.1,98.23,2540,0,Valve Sticking,3.92,31.42
5072,5.54,2264.86,80,10.3,85.56,2540,0,Valve Sticking,3.22,41.17
5073,4.89,2264.98,70,11.51,108.3,2540,0,Air Leakage,1.1,26.88
5074,5.28,2265.05,60,9.64,100.22,2540,0,Valve Sticking,3.16,21.33
5075,5.52,2265.16,50,10.25,99.51,2540,0,Valve Sticking,3.93,14.87
5076,5.4,2265.21,40,10.48,93.72,2540,0,Valve Sticking,3.37,9.85
5077,5.22,2265.29,30,11.49,105.44,2540,0,Air Leakage,0.86,28.99
5078,5.13,2265.47,20,11.44,105.23,2540,0,Air Leakage,0.99,28.09
5079,5.09,2265.66,10,11.62,106.05,2540,0,Air Leakage,0.85,42.4
5080,5.55,2265.79,0,10.08,97.3,2540,0,Valve Sticking,3.71,48.47
5081,5.49,2265.98,10,10.07,91.15,2541,0,Valve Sticking,3.36,40.94
5082,5.34,2266.1,20,10.25,100.33,2542,0,Valve Sticking,3.89,27.08
5083,5.31,2266.22,30,12.29,107.22,2543,0,Air Leakage,1.14,45.63
5084,5.03,2266.25,40,11.94,103.05,2544,0,Air Leakage,1.19,48.37
5085,5.86,2267.11,50,10.06,111.04,2545,0,Seal Wear,1.64,40.45
5086,5.28,2267.14,60,11.6,102.22,2546,0,Air Leakage,1.17,39.09
5087,5.72,2267.8,70,10.12,122.28,2547,0,Seal Wear,2.45,13.94
5088,5.67,2268.72,80,10.21,116.22,2548,0,Seal Wear,1.52,21.2
5089,5.47,2268.79,90,9.71,87.56,2549,0,Valve Sticking,2.92,37.56
5090,5.18,2268.84,100,10.26,100.61,2550,0,Valve Sticking,3.77,6.11
5091,5.61,2268.99,90,10.21,93.67,2550,0,Valve Sticking,2.66,38.3
5092,5.92,2270.04,80,10.26,109.6,2550,0,Seal Wear,2.2,45.58
5093,5.61,2270.23,70,10.36,92.02,2550,0,Valve Sticking,3.26,30.68
5094,5.74,2271.09,60,9.55,115.45,2550,0,Seal Wear,1.8,20.14
5095,5.7,2271.95,50,10.25,120.16,2550,0,Seal Wear,1.65,10.43
5096,5.61,2272.09,40,9.61,93.01,2550,0,Valve Sticking,3.82,49.52
5097,5.84,2272.75,30,10.34,117.91,2550,0,Seal Wear,2.08,32.09
5098,5.48,2272.82,20,9.6,86.47,2550,0,Valve Sticking,2.66,41.7
5099,4.75,2272.88,10,11.96,116.64,2550,0,Air Leakage,0.82,8.32
5100,5.66,2273.69,0,10.49,120.54,2550,0,Seal Wear,2.16,17.55
5101,5.32,2273.71,10,10.41,103.43,2551,0,Valve Sticking,3.67,14.45
5102,5.38,2273.86,20,12.16,98.82,2552,0,Air Leakage,1.05,48.81
5103,5.15,2273.9,30,11.77,110.1,2553,0,Air Leakage,0.85,27.41
5104,4.88,2273.92,40,11.55,110.41,2554,0,Air Leakage,0.88,18.85
5105,5.45,2273.97,50,10.08,102.8,2555,0,Valve Sticking,2.55,32.03
5106,4.88,2274.0,60,11.42,118.48,2556,0,Air Leakage,1.02,8.15
5107,4.62,2274.1,70,10.82,114.15,2557,0,Air Leakage,1.05,8.87
5108,5.11,2274.2,80,10.76,111.57,2558,0,Air Leakage,1.16,20.03
5109,5.85,2275.63,90,9.91,113.74,2559,0,Seal Wear,2.06,33.16
5110,5.51,2276.6,100,10.42,121.0,2560,0,Seal Wear,1.74,7.23
5111,5.14,2276.65,90,9.55,102.41,2560,0,Valve Sticking,2.98,6.65
5112,4.9,2276.73,80,11.41,107.84,2560,0,Air Leakage,1.11,26.52
5113,4.87,2276.92,70,11.06,107.0,2560,0,Air Leakage,0.84,24.78
5114,5.42,2277.1,60,9.81,95.42,2560,0,Valve Sticking,2.51,27.25
5115,4.87,2277.21,50,11.1,110.49,2560,0,Air Leakage,1.06,21.53
5116,5.57,2278.07,40,9.78,117.6,2560,0,Seal Wear,1.96,16.35
5117,5.85,2278.08,30,9.96,98.04,2560,0,Valve Sticking,3.08,48.47
5118,5.62,2279.22,20,10.16,117.58,2560,0,Seal Wear,2.48,12.73
5119,4.87,2279.39,10,11.64,110.97,2560,0,Air Leakage,1.1,31.74
5120,5.67,2280.87,0,10.46,118.64,2560,0,Seal Wear,1.62,15.38
5121,5.29,2281.05,10,10.07,92.03,2561,0,Valve Sticking,3.86,10.13
5122,5.53,2281.16,20,10.13,84.09,2562,0,Valve Sticking,3.07,43.64
5123,5.45,2281.26,30,10.14,98.5,2563,0,Valve Sticking,3.08,42.44
5124,5.59,2282.81,40,9.65,116.39,2564,0,Seal Wear,1.56,15.07
5125,5.01,2282.88,50,11.06,114.98,2565,0,Air Leakage,0.91,27.06
5126,5.67,2282.97,60,9.69,92.3,2566,0,Valve Sticking,2.53,47.36
5127,5.45,2283.04,70,10.33,93.25,2567,0,Valve Sticking,2.93,29.02
5128,5.53,2283.1,80,9.7,98.08,2568,0,Valve Sticking,3.54,40.77
5129,5.4,2283.11,90,11.73,105.21,2569,0,Air Leakage,1.11,47.59
5130,5.1,2283.26,100,11.33,105.01,2570,0,Air Leakage,1.19,40.59
5131,5.29,2283.27,90,12.1,112.71,2570,0,Air Leakage,0.87,31.94
5132,5.57,2283.31,80,9.78,94.56,2570,0,Valve Sticking,3.16,40.3
5133,5.18,2283.36,70,11.81,104.6,2570,0,Air Leakage,1.12,37.04
5134,5.92,2284.79,60,10.27,111.99,2570,0,Seal Wear,1.78,47.67
5135,5.01,2284.88,50,10.8,112.34,2570,0,Air Leakage,1.06,23.09
5136,5.4,2285.04,40,10.47,98.15,2570,0,Valve Sticking,3.74,26.22
5137,5.18,2285.14,30,11.8,106.06,2570,0,Air Leakage,0.89,42.82
5138,5.93,2286.72,20,10.04,116.12,2570,0,Seal Wear,2.34,33.75
5139,5.44,2286.74,10,10.48,95.04,2570,0,Valve Sticking,2.86,29.94
5140,5.15,2286.93,0,10.97,100.99,2570,0,Air Leakage,0.86,32.31
5141,5.61,2287.03,10,10.46,95.42,2571,0,Valve Sticking,2.93,37.39
5142,5.77,2287.89,20,10.17,114.48,2572,0,Seal Wear,2.36,24.08
5143,5.32,2288.03,30,11.44,104.95,2573,0,Air Leakage,0.96,31.75
5144,5.25,2288.14,40,12.09,104.88,2574,0,Air Leakage,1.14,48.06
5145,5.82,2288.74,50,9.5,117.3,2575,0,Seal Wear,2.12,33.87
5146,5.52,2288.9,60,9.53,85.73,2576,0,Valve Sticking,3.49,48.22
5147,5.12,2289.01,70,10.38,99.24,2577,0,Valve Sticking,2.98,6.77
5148,5.21,2289.1,80,9.95,98.86,2578,0,Valve Sticking,3.96,17.01
5149,5.91,2290.46,90,10.12,114.1,2579,0,Seal Wear,2.28,36.96
5150,5.72,2291.26,100,9.54,119.1,2580,0,Seal Wear,1.9,15.3
5151,5.33,2291.27,90,10.19,102.57,2580,0,Valve Sticking,2.85,23.94
5152,5.55,2292.75,80,9.57,122.67,2580,0,Seal Wear,1.9,10.18
5153,5.87,2293.71,70,10.48,111.29,2580,0,Seal Wear,2.0,37.47
5154,5.25,2293.83,60,9.78,100.19,2580,0,Valve Sticking,2.72,19.86
5155,5.91,2294.44,50,9.57,114.77,2580,0,Seal Wear,2.47,43.14
5156,5.56,2294.49,40,10.42,91.92,2580,0,Valve Sticking,3.79,41.95
5157,5.78,2295.33,30,9.59,115.52,2580,0,Seal Wear,1.93,34.54
5158,4.86,2295.51,20,11.94,116.16,2580,0,Air Leakage,1.11,10.27
5159,5.23,2295.61,10,11.45,113.21,2580,0,Air Leakage,0.93,19.99
5160,5.13,2295.81,0,11.47,112.5,2580,0,Air Leakage,0.93,14.5
5161,5.92,2296.6,10,9.65,114.33,2581,0,Seal Wear,2.24,36.68
5162,4.9,2296.63,20,11.38,113.58,2582,0,Air Leakage,1.0,21.95
5163,5.81,2297.23,30,10.36,114.49,2583,0,Seal Wear,1.58,40.4
5164,5.72,2297.91,40,9.55,119.96,2584,0,Seal Wear,1.58,15.17
5165,5.79,2298.66,50,10.29,116.74,2585,0,Seal Wear,1.78,27.83
5166,4.99,2298.78,60,11.5,117.06,2586,0,Air Leakage,0.84,5.92
5167,5.73,2300.22,70,10.16,114.94,2587,0,Seal Wear,1.98,26.89
5168,5.09,2300.36,80,11.61,115.03,2588,0,Air Leakage,1.08,18.85
5169,5.59,2301.44,90,9.57,118.21,2589,0,Seal Wear,1.73,10.85
5170,5.66,2303.06,100,9.79,119.31,2590,0,Seal Wear,1.94,10.6
5171,5.61,2303.1,90,9.75,90.88,2590,0,Valve Sticking,2.68,43.76
5172,5.11,2303.25,80,11.98,109.38,2590,0,Air Leakage,0.82,27.63
5173,5.86,2304.13,70,9.81,115.44,2590,0,Seal Wear,1.98,32.3
5174,5.75,2305.03,60,10.33,115.39,2590,0,Seal Wear,1.5,16.93
5175,4.68,2305.11,50,11.43,105.52,2590,0,Air Leakage,1.02,18.35
5176,5.73,2306.55,40,10.48,117.44,2590,0,Seal Wear,2.18,14.03
5177,4.69,2306.74,30,11.2,113.28,2590,0,Air Leakage,1.1,20.27
5178,5.55,2306.84,20,9.83,99.48,2590,0,Valve Sticking,3.31,21.38
5179,4.78,2306.96,10,11.87,108.86,2590,0,Air Leakage,0.99,21.26
5180,5.19,2307.15,0,11.42,108.47,2590,0,Air Leakage,0.95,33.02
5181,5.46,2308.34,10,9.78,120.96,2591,0,Seal Wear,1.57,5.11
5182,5.13,2308.52,20,9.86,98.35,2592,0,Valve Sticking,3.84,21.39
5183,5.23,2308.61,30,11.44,104.62,2593,0,Air Leakage,0.97,39.24
5184,5.73,2309.56,40,9.58,118.82,2594,0,Seal Wear,1.56,18.12
5185,5.68,2309.75,50,10.33,89.94,2595,0,Valve Sticking,3.87,38.63
5186,4.87,2309.87,60,12.08,105.95,2596,0,Air Leakage,0.84,19.78
5187,4.96,2309.96,70,11.45,110.38,2597,0,Air Leakage,1.07,29.2
5188,5.35,2310.09,80,9.67,96.63,2598,0,Valve Sticking,2.53,10.99
5189,4.68,2310.09,90,11.0,114.42,2599,0,Air Leakage,1.03,14.1
5190,5.13,2310.27,100,11.28,109.76,2600,0,Air Leakage,1.18,18.86
5191,5.24,2310.31,90,9.59,96.91,2600,0,Valve Sticking,3.4,11.83
5192,5.72,2310.37,80,9.93,90.4,2600,0,Valve Sticking,2.8,41.06
5193,4.96,2310.46,70,11.34,104.8,2600,0,Air Leakage,0.81,18.94
5194,5.58,2310.57,60,9.71,95.25,2600,0,Valve Sticking,2.89,24.05
5195,5.3,2310.58,50,10.08,91.24,2600,0,Valve Sticking,2.72,20.37
5196,5.67,2312.07,40,9.84,114.35,2600,0,Seal Wear,1.84,24.34
5197,5.92,2313.38,30,10.39,110.99,2600,0,Seal Wear,1.58,47.31
5198,5.38,2313.42,20,10.01,99.22,2600,0,Valve Sticking,3.12,37.02
5199,5.21,2313.48,10,11.67,103.68,2600,0,Air Leakage,1.1,44.56
5200,5.85,2313.58,0,10.15,97.35,2600,0,Valve Sticking,2.92,47.26
5201,4.92,2313.7,10,11.22,109.89,2601,0,Air Leakage,1.0,17.37
5202,5.31,2313.89,20,10.21,97.04,2602,0,Valve Sticking,2.58,14.01
5203,5.67,2315.07,30,9.8,123.14,2603,0,Seal Wear,1.78,9.76
5204,5.78,2316.13,40,9.82,116.64,2604,0,Seal Wear,2.06,34.53
5205,5.39,2316.3,50,10.48,96.34,2605,0,Valve Sticking,3.67,13.9
5206,5.37,2316.43,60,9.78,96.63,2606,0,Valve Sticking,3.2,7.15
5207,4.73,2316.54,70,11.12,111.13,2607,0,Air Leakage,1.05,11.77
5208,4.78,2316.73,80,11.46,117.72,2608,0,Air Leakage,0.85,16.97
5209,5.08,2316.85,90,11.09,103.06,2609,0,Air Leakage,0.81,38.54
5210,5.73,2316.98,100,9.52,92.81,2610,0,Valve Sticking,2.54,43.01
5211,5.2,2317.03,90,11.73,105.56,2610,0,Air Leakage,1.12,42.06
5212,5.18,2317.09,80,11.38,118.85,2610,0,Air Leakage,0.87,10.93
5213,5.48,2317.25,70,10.41,100.04,2610,0,Valve Sticking,2.87,26.0
5214,5.82,2318.55,60,10.13,114.39,2610,0,Seal Wear,2.25,28.29
5215,4.74,2318.62,50,11.71,109.31,2610,0,Air Leakage,1.2,17.13
5216,5.86,2319.65,40,10.2,112.46,2610,0,Seal Wear,1.89,41.8
5217,5.8,2320.78,30,10.15,114.57,2610,0,Seal Wear,2.43,38.05
5218,5.57,2320.84,20,10.4,92.91,2610,0,Valve Sticking,2.7,28.07
5219,5.99,2321.94,10,10.26,109.37,2610,0,Seal Wear,1.9,48.34
5220,5.73,2323.1,0,10.31,119.18,2610,0,Seal Wear,2.44,17.32
5221,5.9,2324.35,10,9.57,113.29,2611,0,Seal Wear,2.1,45.73
5222,6.0,2325.23,20,10.07,109.65,2612,0,Seal Wear,1.73,42.84
5223,5.85,2325.88,30,10.12,112.22,2613,0,Seal Wear,2.39,36.66
5224,5.59,2326.68,40,9.75,116.98,2614,0,Seal Wear,1.9,8.68
5225,5.83,2327.58,50,9.85,114.67,2615,0,Seal Wear,1.98,36.25
5226,5.49,2327.63,60,10.31,90.01,2616,0,Valve Sticking,2.6,40.72
5227,5.44,2327.81,70,10.05,94.58,2617,0,Valve Sticking,3.65,15.05
5228,5.18,2327.82,80,9.58,106.07,2618,0,Valve Sticking,3.97,5.38
5229,5.59,2329.11,90,10.42,122.75,2619,0,Seal Wear,2.24,5.52
5230,5.58,2329.2,100,10.24,89.87,2620,0,Valve Sticking,2.87,33.85
5231,5.13,2329.27,90,11.26,109.64,2620,0,Air Leakage,1.08,38.84
5232,5.86,2330.35,80,10.37,113.65,2620,0,Seal Wear,1.76,38.01
5233,5.64,2331.78,70,10.44,119.22,2620,0,Seal Wear,2.06,19.12
5234,5.16,2331.93,60,9.75,96.52,2620,0,Valve Sticking,3.94,8.14
5235,5.66,2331.96,50,10.17,89.62,2620,0,Valve Sticking,2.87,46.51
5236,4.96,2331.97,40,11.38,113.53,2620,0,Air Leakage,0.95,15.15
5237,4.92,2332.09,30,11.61,113.6,2620,0,Air Leakage,1.18,19.48
5238,5.6,2332.27,20,9.53,87.15,2620,0,Valve Sticking,3.81,34.24
5239,5.18,2332.28,10,11.25,113.53,2620,0,Air Leakage,1.02,31.45
5240,4.92,2332.3,0,11.95,108.67,2620,0,Air Leakage,1.02,16.33
5241,5.1,2332.46,10,11.59,114.51,2621,0,Air Leakage,0.93,15.14
5242,5.41,2332.5,20,10.48,95.99,2622,0,Valve Sticking,3.37,41.58
5243,5.12,2332.57,30,9.98,102.18,2623,0,Valve Sticking,3.43,8.15
5244,5.24,2332.61,40,10.02,97.6,2624,0,Valve Sticking,3.46,18.68
5245,5.68,2333.31,50,9.73,117.98,2625,0,Seal Wear,2.23,27.46
5246,5.47,2333.36,60,9.9,87.61,2626,0,Valve Sticking,2.9,32.54
5247,5.58,2334.28,70,9.54,120.08,2627,0,Seal Wear,2.5,10.3
5248,5.15,2334.43,80,9.73,108.26,2628,0,Valve Sticking,3.83,7.89
5249,5.71,2335.19,90,9.55,115.93,2629,0,Seal Wear,2.31,20.34
5250,5.48,2335.2,100,10.03,105.12,2630,0,Valve Sticking,3.59,16.74
5251,5.73,2335.21,90,9.61,96.17,2630,0,Valve Sticking,3.01,37.88
5252,5.95,2336.68,80,10.43,110.95,2630,0,Seal Wear,2.28,48.68
5253,5.41,2336.8,70,10.17,93.32,2630,0,Valve Sticking,2.9,12.78
5254,5.05,2336.84,60,11.4,113.46,2630,0,Air Leakage,0.91,5.98
5255,5.66,2336.99,50,10.12,86.49,2630,0,Valve Sticking,3.92,48.38
5256,5.07,2337.07,40,11.8,102.15,2630,0,Air Leakage,1.01,38.03
5257,5.09,2337.17,30,11.77,107.62,2630,0,Air Leakage,0.9,47.62
5258,5.11,2337.18,20,9.51,103.83,2630,0,Valve Sticking,2.56,5.31
5259,5.39,2337.29,10,10.34,95.06,2630,0,Valve Sticking,3.85,8.61
5260,5.45,2337.45,0,9.54,97.86,2630,0,Valve Sticking,2.51,38.36
5261,5.88,2339.07,10,10.45,113.01,2631,0,Seal Wear,2.24,31.55
5262,5.36,2339.08,20,9.85,90.83,2632,0,Valve Sticking,3.72,15.3
5263,5.58,2339.09,30,10.13,95.63,2633,0,Valve Sticking,3.17,36.33
5264,5.65,2340.41,40,10.05,122.19,2634,0,Seal Wear,2.35,13.07
5265,5.1,2340.42,50,10.09,96.88,2635,0,Valve Sticking,3.41,5.43
5266,4.78,2340.55,60,11.86,110.71,2636,0,Air Leakage,1.18,33.26
5267,4.73,2340.65,70,10.73,112.46,2637,0,Air Leakage,1.11,20.43
5268,5.42,2340.67,80,11.2,109.18,2638,0,Air Leakage,0.83,36.74
5269,5.76,2342.18,90,9.9,118.44,2639,0,Seal Wear,1.66,21.77
5270,5.47,2342.18,100,10.22,95.22,2640,0,Valve Sticking,3.25,29.83
5271,5.73,2342.95,90,9.71,120.96,2640,0,Seal Wear,1.53,12.88
5272,5.16,2342.99,80,10.47,98.39,2640,0,Valve Sticking,3.19,15.23
5273,5.37,2343.1,70,10.23,92.93,2640,0,Valve Sticking,3.36,32.05
5274,4.97,2343.28,60,11.54,117.93,2640,0,Air Leakage,0.96,13.58
5275,5.37,2343.3,50,10.38,95.87,2640,0,Valve Sticking,2.95,26.16
5276,5.49,2343.41,40,10.0,98.42,2640,0,Valve Sticking,2.53,32.26
5277,4.93,2343.6,30,10.86,105.83,2640,0,Air Leakage,1.05,20.28
5278,4.88,2343.71,20,11.2,105.35,2640,0,Air Leakage,0.88,45.04
5279,5.61,2344.68,10,10.43,115.06,2640,0,Seal Wear,1.57,17.13
5280,5.5,2345.74,0,10.14,120.5,2640,0,Seal Wear,2.43,9.65
5281,5.4,2345.77,10,10.25,95.12,2641,0,Valve Sticking,3.3,22.75
5282,5.94,2346.63,20,9.58,114.73,2642,0,Seal Wear,1.52,42.1
5283,5.91,2347.49,30,9.95,117.14,2643,0,Seal Wear,2.15,33.16
5284,5.03,2347.59,40,11.9,100.47,2644,0,Air Leakage,1.03,43.56
5285,5.14,2347.7,50,9.78,95.67,2645,0,Valve Sticking,3.81,7.0
5286,5.75,2348.5,60,9.8,117.56,2646,0,Seal Wear,1.98,19.89
5287,5.89,2349.68,70,10.46,114.85,2647,0,Seal Wear,1.78,32.29
5288,5.51,2349.72,80,9.77,96.63,2648,0,Valve Sticking,2.8,19.02
5289,4.86,2349.77,90,11.75,110.51,2649,0,Air Leakage,0.95,11.84
5290,5.7,2350.8,100,10.49,119.69,2650,0,Seal Wear,1.72,25.88
5291,5.16,2350.93,90,9.54,97.73,2650,0,Valve Sticking,3.19,22.37
5292,5.74,2352.26,80,10.16,115.55,2650,0,Seal Wear,2.29,30.21
5293,4.93,2352.36,70,11.08,113.86,2650,0,Air Leakage,0.82,15.23
5294,5.11,2352.55,60,11.63,108.19,2650,0,Air Leakage,1.16,13.65
5295,5.64,2354.06,50,9.54,115.13,2650,0,Seal Wear,1.54,21.56
5296,5.12,2354.19,40,9.84,96.48,2650,0,Valve Sticking,3.79,7.17
5297,5.98,2354.98,30,10.22,114.7,2650,0,Seal Wear,2.45,39.81
5298,5.07,2355.07,20,11.33,112.86,2650,0,Air Leakage,1.1,28.77
5299,5.39,2355.13,10,11.39,103.99,2650,0,Air Leakage,1.18,37.98
5300,5.85,2356.04,0,9.88,110.69,2650,0,Seal Wear,2.03,39.25
5301,4.96,2356.06,10,11.0,109.01,2651,0,Air Leakage,0.8,6.51
5302,4.84,2356.17,20,12.24,116.93,2652,0,Air Leakage,1.03,19.48
5303,5.22,2356.27,30,10.44,94.1,2653,0,Valve Sticking,3.18,8.08
5304,4.95,2356.35,40,11.26,106.87,2654,0,Air Leakage,1.04,45.11
5305,4.59,2356.37,50,11.1,115.88,2655,0,Air Leakage,1.14,16.08
5306,5.65,2356.57,60,10.1,93.37,2656,0,Valve Sticking,3.33,40.15
5307,5.79,2358.0,70,9.87,116.25,2657,0,Seal Wear,2.32,21.22
5308,5.63,2358.08,80,9.74,98.32,2658,0,Valve Sticking,3.76,44.96
5309,5.03,2358.17,90,10.86,105.15,2659,0,Air Leakage,0.9,41.79
5310,5.5,2358.21,100,10.38,104.49,2660,0,Valve Sticking,3.93,28.29
5311,5.93,2358.91,90,9.81,109.65,2660,0,Seal Wear,2.43,45.61
5312,6.02,2359.82,80,9.92,108.35,2660,0,Seal Wear,2.44,44.16
5313,5.55,2360.51,70,10.14,118.27,2660,0,Seal Wear,2.27,10.02
5314,5.56,2361.52,60,9.89,119.83,2660,0,Seal Wear,1.59,8.18
5315,5.7,2362.68,50,10.0,117.78,2660,0,Seal Wear,2.4,21.54
5316,5.46,2362.7,40,9.62,91.62,2660,0,Valve Sticking,3.13,42.5
5317,4.97,2362.75,30,11.04,102.34,2660,0,Air Leakage,0.91,43.82
5318,5.83,2364.13,20,9.9,113.38,2660,0,Seal Wear,1.96,39.06
5319,5.63,2365.66,10,10.24,124.35,2660,0,Seal Wear,1.78,8.06
5320,5.05,2365.69,0,11.44,106.05,2660,0,Air Leakage,1.19,39.08
5321,4.96,2365.79,10,11.69,107.63,2661,0,Air Leakage,0.95,38.93
5322,5.95,2367.28,20,10.06,114.09,2662,0,Seal Wear,1.53,35.06
5323,5.2,2367.41,30,10.71,104.07,2663,0,Air Leakage,1.17,41.64
5324,5.09,2367.48,40,11.24,113.67,2664,0,Air Leakage,0.89,12.74
5325,5.21,2367.59,50,10.91,111.46,2665,0,Air Leakage,1.19,35.77
5326,5.4,2367.63,60,10.37,85.99,2666,0,Valve Sticking,2.66,34.79
5327,4.94,2367.7,70,11.12,108.8,2667,0,Air Leakage,1.01,31.47
5328,5.66,2368.56,80,9.8,117.69,2668,0,Seal Wear,1.76,22.98
5329,5.86,2369.4,90,10.02,113.97,2669,0,Seal Wear,2.38,39.28
5330,5.79,2370.11,100,10.13,116.76,2670,0,Seal Wear,2.38,29.15
5331,5.19,2370.19,90,11.23,106.13,2670,0,Air Leakage,1.1,43.46
5332,5.44,2370.35,80,10.5,84.4,2670,0,Valve Sticking,3.86,47.37
5333,5.11,2370.41,70,11.06,108.18,2670,0,Air Leakage,0.86,32.22
5334,5.47,2370.46,60,10.39,104.64,2670,0,Valve Sticking,3.03,22.69
5335,5.9,2371.71,50,10.41,110.51,2670,0,Seal Wear,1.95,43.49
5336,5.14,2371.85,40,11.38,105.59,2670,0,Air Leakage,1.18,33.67
5337,5.27,2371.98,30,9.75,92.77,2670,0,Valve Sticking,3.19,28.13
5338,5.41,2371.98,20,10.26,98.17,2670,0,Valve Sticking,3.1,30.43
5339,5.05,2372.0,10,11.73,99.63,2670,0,Air Leakage,0.88,40.73
5340,5.5,2373.18,0,10.15,119.25,2670,0,Seal Wear,1.61,9.55
5341,5.55,2373.34,10,10.21,92.47,2671,0,Valve Sticking,3.37,48.69
5342,5.72,2374.34,20,10.38,116.47,2672,0,Seal Wear,2.05,27.19
5343,5.67,2374.44,30,10.48,97.08,2673,0,Valve Sticking,3.57,35.51
5344,5.07,2374.57,40,12.24,105.6,2674,0,Air Leakage,0.97,29.02
5345,5.02,2374.66,50,11.72,109.08,2675,0,Air Leakage,0.84,42.3
5346,5.46,2374.85,60,11.99,108.67,2676,0,Air Leakage,0.96,46.48
5347,5.65,2375.54,70,9.71,119.86,2677,0,Seal Wear,1.57,6.45
5348,5.73,2376.23,80,10.12,116.7,2678,0,Seal Wear,2.31,25.44
5349,4.82,2376.35,90,11.13,106.32,2679,0,Air Leakage,1.17,28.75
5350,5.45,2376.48,100,10.03,94.31,2680,0,Valve Sticking,3.95,22.51
5351,5.21,2376.56,90,11.58,110.2,2680,0,Air Leakage,0.88,20.16
5352,5.33,2376.63,80,10.3,100.58,2680,0,Valve Sticking,3.29,13.31
5353,5.08,2376.7,70,11.07,109.85,2680,0,Air Leakage,0.88,34.17
5354,4.91,2376.73,60,11.11,109.09,2680,0,Air Leakage,1.17,33.44
5355,5.24,2376.8,50,11.45,107.23,2680,0,Air Leakage,0.89,34.76
5356,5.8,2377.48,40,10.21,114.0,2680,0,Seal Wear,1.57,34.39
5357,5.67,2377.5,30,9.85,89.0,2680,0,Valve Sticking,3.04,39.67
5358,5.53,2377.69,20,9.83,87.88,2680,0,Valve Sticking,2.75,43.9
5359,5.2,2377.77,10,10.76,106.24,2680,0,Air Leakage,1.04,38.28
5360,5.08,2377.85,0,11.54,111.02,2680,0,Air Leakage,0.81,27.89
5361,5.67,2378.98,10,10.47,117.95,2681,0,Seal Wear,2.09,9.0
5362,5.4,2379.01,20,9.76,95.91,2682,0,Valve Sticking,2.76,40.99
5363,5.04,2379.05,30,12.19,113.96,2683,0,Air Leakage,1.03,27.17
5364,5.53,2379.12,40,10.29,89.04,2684,0,Valve Sticking,2.55,37.87
5365,4.67,2379.25,50,11.68,113.05,2685,0,Air Leakage,1.02,20.71
5366,5.81,2379.92,60,10.01,115.32,2686,0,Seal Wear,2.14,21.54
5367,5.1,2380.05,70,12.03,114.63,2687,0,Air Leakage,0.95,26.94
5368,5.14,2380.07,80,12.03,109.99,2688,0,Air Leakage,1.14,27.25
5369,4.71,2380.16,90,10.91,118.81,2689,0,Air Leakage,1.16,6.78
5370,5.39,2380.2,100,10.25,92.76,2690,0,Valve Sticking,3.8,12.51
5371,5.26,2380.39,90,10.38,91.66,2690,0,Valve Sticking,3.11,26.51
5372,4.64,2380.39,80,10.81,109.5,2690,0,Air Leakage,0.96,7.76
5373,5.2,2380.42,70,12.16,105.11,2690,0,Air Leakage,0.91,39.05
5374,5.19,2380.59,60,10.5,97.76,2690,0,Valve Sticking,3.58,11.92
5375,5.01,2380.65,50,11.39,114.11,2690,0,Air Leakage,0.88,14.69
5376,5.1,2380.67,40,12.47,104.82,2690,0,Air Leakage,1.2,48.01
5377,5.86,2382.17,30,9.88,112.9,2690,0,Seal Wear,1.51,32.82
5378,5.76,2383.23,20,9.72,117.01,2690,0,Seal Wear,1.85,27.76
5379,5.28,2383.34,10,9.92,95.83,2690,0,Valve Sticking,3.22,15.69
5380,5.51,2383.52,0,10.32,89.22,2690,0,Valve Sticking,3.49,40.34
5381,5.98,2384.76,10,10.33,110.44,2691,0,Seal Wear,1.81,49.98
5382,5.02,2384.87,20,10.67,112.71,2692,0,Air Leakage,0.81,21.98
5383,4.78,2384.99,30,11.94,113.35,2693,0,Air Leakage,1.05,10.83
5384,5.8,2386.38,40,10.19,115.85,2694,0,Seal Wear,2.34,34.93
5385,5.99,2387.2,50,9.63,113.28,2695,0,Seal Wear,2.21,48.54
5386,5.39,2387.35,60,10.4,92.38,2696,0,Valve Sticking,3.89,29.34
5387,4.84,2387.52,70,11.59,109.92,2697,0,Air Leakage,1.07,34.57
5388,5.25,2387.54,80,11.42,104.63,2698,0,Air Leakage,0.96,42.17
5389,5.83,2388.55,90,9.72,111.87,2699,0,Seal Wear,2.43,37.81
5390,4.78,2388.73,100,11.83,108.45,2700,0,Air Leakage,1.09,24.12
5391,5.0,2388.77,90,11.36,109.12,2700,0,Air Leakage,0.89,10.21
5392,5.69,2388.78,80,9.62,90.54,2700,0,Valve Sticking,3.65,45.97
5393,4.91,2388.82,70,11.09,109.93,2700,0,Air Leakage,0.98,8.41
5394,5.36,2388.83,60,9.59,97.74,2700,0,Valve Sticking,2.75,5.99
5395,5.01,2388.93,50,11.74,104.64,2700,0,Air Leakage,1.07,43.82
5396,5.72,2388.95,40,10.01,84.28,2700,0,Valve Sticking,3.16,47.8
5397,5.27,2388.99,30,12.37,101.84,2700,0,Air Leakage,1.1,27.15
5398,5.51,2389.04,20,10.38,97.12,2700,0,Valve Sticking,3.72,23.65
5399,5.51,2389.2,10,10.02,100.81,2700,0,Valve Sticking,3.83,30.94
5400,5.31,2389.37,0,10.17,90.97,2700,0,Valve Sticking,2.75,31.45
5401,5.15,2389.49,10,9.6,94.46,2701,0,Valve Sticking,3.01,6.52
5402,5.26,2389.62,20,11.82,105.16,2702,0,Air Leakage,1.18,22.02
5403,5.3,2389.74,30,9.9,104.18,2703,0,Valve Sticking,2.86,20.55
5404,5.45,2389.84,40,10.35,106.1,2704,0,Valve Sticking,3.24,22.34
5405,5.65,2391.29,50,10.09,117.7,2705,0,Seal Wear,1.85,17.04
5406,5.23,2391.43,60,11.02,102.9,2706,0,Air Leakage,0.93,34.21
5407,5.94,2392.95,70,9.67,108.63,2707,0,Seal Wear,2.19,46.84
5408,5.08,2393.09,80,11.65,102.11,2708,0,Air Leakage,0.88,37.03
5409,4.75,2393.13,90,11.55,108.72,2709,0,Air Leakage,0.87,24.75
5410,5.22,2393.23,100,11.03,108.7,2710,0,Air Leakage,1.19,29.63
5411,5.74,2393.36,90,9.85,86.94,2710,0,Valve Sticking,3.26,48.1
5412,4.73,2393.47,80,11.9,105.73,2710,0,Air Leakage,1.19,17.27
5413,4.97,2393.6,70,11.65,106.06,2710,0,Air Leakage,0.95,38.98
5414,4.99,2393.8,60,11.1,117.17,2710,0,Air Leakage,0.85,14.3
5415,4.79,2393.94,50,11.82,108.79,2710,0,Air Leakage,1.19,29.34
5416,5.52,2395.52,40,10.18,123.22,2710,0,Seal Wear,2.16,8.44
5417,4.83,2395.56,30,11.5,105.09,2710,0,Air Leakage,1.06,29.74
5418,5.75,2396.26,20,10.45,116.75,2710,0,Seal Wear,1.66,23.69
5419,5.76,2397.3,10,10.24,112.01,2710,0,Seal Wear,1.55,33.15
5420,5.91,2398.42,0,10.06,113.91,2710,0,Seal Wear,2.47,36.57
5421,5.52,2398.51,10,10.38,98.4,2711,0,Valve Sticking,3.45,35.58
5422,5.03,2398.63,20,11.29,116.84,2712,0,Air Leakage,0.94,21.02
5423,5.54,2398.64,30,9.93,90.78,2713,0,Valve Sticking,3.37,47.06
5424,4.9,2398.69,40,10.96,104.12,2714,0,Air Leakage,1.03,32.6
5425,4.83,2398.75,50,10.84,113.86,2715,0,Air Leakage,0.96,15.4
5426,4.72,2398.91,60,11.67,110.82,2716,0,Air Leakage,0.97,24.99
5427,4.68,2399.01,70,11.88,112.85,2717,0,Air Leakage,0.97,16.84
5428,5.48,2399.07,80,10.35,91.4,2718,0,Valve Sticking,3.43,42.05
5429,5.66,2399.71,90,10.44,117.98,2719,0,Seal Wear,1.84,25.72
5430,5.24,2399.89,100,10.38,97.1,2720,0,Valve Sticking,3.68,12.82
5431,4.96,2399.92,90,11.17,109.17,2720,0,Air Leakage,0.98,11.63
5432,5.44,2400.0,80,11.44,100.75,2720,0,Air Leakage,1.01,49.36
5433,5.27,2400.0,70,10.96,114.42,2720,0,Air Leakage,0.92,30.61
5434,5.02,2400.07,60,10.7,104.58,2720,0,Air Leakage,0.82,34.44
5435,4.97,2400.14,50,11.43,113.23,2720,0,Air Leakage,0.83,14.24
5436,4.87,2400.18,40,11.67,107.18,2720,0,Air Leakage,1.04,13.41
5437,5.59,2401.42,30,9.54,122.25,2720,0,Seal Wear,2.14,10.85
5438,4.85,2401.55,20,10.87,109.61,2720,0,Air Leakage,0.82,13.98
5439,5.5,2401.56,10,9.53,104.21,2720,0,Valve Sticking,2.98,28.04
5440,4.83,2401.64,0,11.1,112.81,2720,0,Air Leakage,1.05,14.03
5441,5.78,2402.86,10,10.18,113.62,2721,0,Seal Wear,1.67,29.64
5442,5.26,2402.99,20,11.83,102.03,2722,0,Air Leakage,1.16,39.19
5443,5.59,2403.74,30,9.95,119.97,2723,0,Seal Wear,1.99,16.91
5444,5.1,2403.87,40,11.42,101.57,2724,0,Air Leakage,1.05,44.11
5445,5.57,2404.77,50,10.02,120.94,2725,0,Seal Wear,2.39,6.66
5446,4.64,2404.95,60,12.03,109.39,2726,0,Air Leakage,1.06,11.8
5447,5.12,2405.08,70,11.56,106.96,2727,0,Air Leakage,1.1,9.97
5448,5.65,2406.19,80,9.79,120.0,2728,0,Seal Wear,2.02,16.67
5449,4.92,2406.26,90,11.25,111.03,2729,0,Air Leakage,1.04,21.6
5450,5.76,2406.97,100,9.53,116.43,2730,0,Seal Wear,2.18,27.75
5451,5.98,2407.7,90,10.21,112.13,2730,0,Seal Wear,2.07,41.31
5452,5.9,2408.45,80,9.54,114.06,2730,0,Seal Wear,2.48,41.56
5453,5.62,2409.7,70,9.81,122.62,2730,0,Seal Wear,2.38,5.57
5454,5.73,2410.66,60,9.66,118.27,2730,0,Seal Wear,1.84,17.11
5455,4.87,2410.73,50,11.33,99.8,2730,0,Air Leakage,1.03,36.0
5456,5.94,2411.86,40,9.88,112.74,2730,0,Seal Wear,2.3,37.97
5457,6.0,2412.69,30,10.26,113.5,2730,0,Seal Wear,1.69,40.69
5458,5.27,2412.8,20,9.66,103.61,2730,0,Valve Sticking,3.79,19.06
5459,5.53,2412.82,10,9.62,100.06,2730,0,Valve Sticking,3.44,15.86
5460,5.91,2414.2,0,10.33,114.67,2730,0,Seal Wear,1.64,33.53
5461,5.67,2414.38,10,10.34,93.02,2731,0,Valve Sticking,2.76,34.37
5462,5.27,2414.5,20,10.34,96.95,2732,0,Valve Sticking,3.04,24.7
5463,5.39,2414.55,30,11.14,107.27,2733,0,Air Leakage,0.99,44.57
5464,5.47,2414.63,40,9.79,89.2,2734,0,Valve Sticking,3.47,35.33
5465,5.34,2414.81,50,9.62,109.43,2735,0,Valve Sticking,3.4,8.72
5466,5.07,2414.87,60,11.6,109.69,2736,0,Air Leakage,0.94,10.09
5467,5.18,2414.87,70,10.05,101.53,2737,0,Valve Sticking,2.85,12.94
5468,4.77,2415.0,80,11.79,114.62,2738,0,Air Leakage,1.07,15.07
5469,4.86,2415.05,90,10.84,111.03,2739,0,Air Leakage,1.15,25.33
5470,5.02,2415.12,100,11.2,111.2,2740,0,Air Leakage,1.18,31.14
5471,4.77,2415.17,90,11.03,107.89,2740,0,Air Leakage,1.17,15.19
5472,5.43,2415.35,80,10.15,95.68,2740,0,Valve Sticking,3.11,26.65
5473,5.49,2415.42,70,11.77,105.21,2740,0,Air Leakage,0.95,48.25
5474,5.36,2415.51,60,9.78,92.32,2740,0,Valve Sticking,3.2,30.69
5475,4.75,2415.54,50,12.2,114.33,2740,0,Air Leakage,1.06,18.89
5476,4.92,2415.68,40,11.9,106.74,2740,0,Air Leakage,0.82,20.63
5477,4.72,2415.79,30,11.1,109.52,2740,0,Air Leakage,1.02,20.77
5478,5.1,2415.9,20,12.26,108.52,2740,0,Air Leakage,0.94,45.78
5479,5.17,2415.9,10,10.23,104.71,2740,0,Valve Sticking,2.66,11.1
5480,5.72,2416.02,0,9.95,89.31,2740,0,Valve Sticking,3.27,49.11
5481,5.9,2417.45,10,10.04,110.6,2741,0,Seal Wear,2.23,41.88
5482,5.57,2418.93,20,10.43,121.37,2742,0,Seal Wear,1.74,5.71
5483,5.62,2419.44,30,10.48,119.29,2743,0,Seal Wear,1.54,19.13
5484,5.15,2419.63,40,12.02,103.48,2744,0,Air Leakage,1.18,29.51
5485,5.92,2420.45,50,9.52,112.46,2745,0,Seal Wear,1.83,40.28
5486,4.7,2420.62,60,12.2,114.61,2746,0,Air Leakage,0.91,12.63
5487,5.36,2420.81,70,11.85,108.48,2747,0,Air Leakage,1.15,41.47
5488,5.43,2420.88,80,10.48,90.78,2748,0,Valve Sticking,3.92,13.39
5489,5.05,2421.06,90,11.49,105.62,2749,0,Air Leakage,1.01,26.14
5490,5.41,2421.12,100,11.91,109.83,2750,0,Air Leakage,0.93,40.34
5491,5.37,2421.27,90,9.73,101.6,2750,0,Valve Sticking,3.38,22.55
5492,5.06,2421.44,80,11.76,109.36,2750,0,Air Leakage,0.89,17.05
5493,5.34,2421.47,70,10.37,96.32,2750,0,Valve Sticking,3.36,29.13
5494,5.49,2421.65,60,9.77,91.39,2750,0,Valve Sticking,3.22,40.58
5495,4.7,2421.72,50,11.23,107.45,2750,0,Air Leakage,0.81,10.8
5496,4.68,2421.84,40,11.49,116.46,2750,0,Air Leakage,1.06,12.66
5497,5.93,2422.86,30,9.83,111.6,2750,0,Seal Wear,2.33,40.81
5498,4.79,2422.93,20,12.11,108.75,2750,0,Air Leakage,0.88,18.05
5499,5.06,2423.11,10,11.77,102.5,2750,0,Air Leakage,1.16,35.73
5500,5.18,2423.15,0,11.97,112.57,2750,0,Air Leakage,0.88,25.82
5501,4.95,2423.25,10,11.4,104.84,2751,0,Air Leakage,0.83,30.26
5502,6.03,2423.87,20,9.91,114.31,2752,0,Seal Wear,2.44,47.32
5503,5.68,2425.18,30,9.55,118.72,2753,0,Seal Wear,1.66,17.53
5504,5.21,2425.24,40,10.21,100.31,2754,0,Valve Sticking,2.98,26.99
5505,5.71,2426.59,50,10.07,118.67,2755,0,Seal Wear,2.04,23.08
5506,5.68,2428.15,60,9.92,117.41,2756,0,Seal Wear,2.08,17.58
5507,5.17,2428.3,70,11.61,103.79,2757,0,Air Leakage,0.92,39.78
5508,5.39,2428.33,80,9.92,100.09,2758,0,Valve Sticking,3.48,35.11
5509,5.44,2428.52,90,9.99,100.47,2759,0,Valve Sticking,3.42,17.35
5510,5.44,2428.65,100,9.89,87.52,2760,0,Valve Sticking,3.23,38.85
5511,5.27,2428.68,90,10.16,94.53,2760,0,Valve Sticking,3.09,14.49
5512,5.76,2429.41,80,9.95,116.52,2760,0,Seal Wear,1.92,35.77
5513,4.85,2429.55,70,11.47,107.47,2760,0,Air Leakage,1.14,18.96
5514,5.99,2430.85,60,10.49,110.7,2760,0,Seal Wear,1.62,44.81
5515,5.79,2432.32,50,9.59,115.27,2760,0,Seal Wear,2.09,19.79
5516,5.56,2432.51,40,9.98,92.36,2760,0,Valve Sticking,3.24,33.62
5517,5.69,2432.52,30,9.69,102.67,2760,0,Valve Sticking,3.46,31.34
5518,5.87,2433.44,20,10.33,109.11,2760,0,Seal Wear,2.05,45.04
5519,5.7,2434.52,10,9.8,119.58,2760,0,Seal Wear,1.7,11.13
5520,5.5,2435.85,0,10.02,120.74,2760,0,Seal Wear,1.96,6.8
5521,5.62,2436.04,10,9.53,98.27,2761,0,Valve Sticking,3.87,37.85
5522,5.93,2437.15,20,10.34,111.82,2762,0,Seal Wear,1.81,35.31
5523,6.04,2438.2,30,10.44,114.39,2763,0,Seal Wear,1.78,48.96
5524,4.87,2438.28,40,11.41,108.09,2764,0,Air Leakage,1.06,26.2
5525,5.68,2438.92,50,10.44,116.97,2765,0,Seal Wear,2.34,12.77
5526,5.15,2439.01,60,11.3,107.24,2766,0,Air Leakage,1.19,26.51
5527,6.02,2440.43,70,9.72,109.66,2767,0,Seal Wear,2.3,44.9
5528,5.92,2441.14,80,9.64,113.67,2768,0,Seal Wear,1.5,41.86
5529,5.85,2442.73,90,9.81,116.88,2769,0,Seal Wear,1.58,28.44
5530,5.72,2444.25,100,10.34,117.35,2770,0,Seal Wear,2.36,17.46
5531,4.86,2444.38,90,11.64,117.24,2770,0,Air Leakage,0.86,15.05
5532,5.62,2445.92,80,10.38,115.46,2770,0,Seal Wear,2.25,19.55
5533,5.43,2446.0,70,9.75,94.28,2770,0,Valve Sticking,3.01,44.15
5534,5.72,2446.86,60,10.18,117.5,2770,0,Seal Wear,2.2,23.19
5535,5.53,2446.88,50,9.68,95.88,2770,0,Valve Sticking,3.32,36.11
5536,5.48,2446.96,40,9.77,99.14,2770,0,Valve Sticking,2.94,28.79
5537,5.39,2447.06,30,11.69,102.39,2770,0,Air Leakage,0.82,49.13
5538,5.34,2447.07,20,10.35,99.14,2770,0,Valve Sticking,2.88,19.46
5539,5.91,2448.58,10,10.25,112.4,2770,0,Seal Wear,1.67,41.26
5540,4.91,2448.69,0,11.57,106.42,2770,0,Air Leakage,1.08,45.69
5541,4.81,2448.7,10,11.42,115.18,2771,0,Air Leakage,0.96,20.64
5542,5.61,2449.72,20,9.87,120.25,2772,0,Seal Wear,2.3,17.91
5543,5.13,2449.79,30,11.84,106.95,2773,0,Air Leakage,1.0,49.58
5544,5.83,2451.06,40,10.16,112.02,2774,0,Seal Wear,1.79,31.65
5545,4.98,2451.19,50,11.09,114.07,2775,0,Air Leakage,1.1,13.54
5546,4.6,2451.36,60,11.28,107.45,2776,0,Air Leakage,0.93,8.03
5547,5.23,2451.49,70,12.22,109.34,2777,0,Air Leakage,0.98,38.94
5548,5.59,2451.62,80,10.06,94.64,2778,0,Valve Sticking,3.7,31.24
5549,5.75,2452.55,90,9.85,114.94,2779,0,Seal Wear,2.39,32.43
5550,5.27,2452.71,100,9.98,106.46,2780,0,Valve Sticking,3.67,16.74
5551,4.66,2452.73,90,11.86,109.54,2780,0,Air Leakage,1.11,13.83
5552,5.15,2452.85,80,11.89,110.0,2780,0,Air Leakage,0.95,27.68
5553,5.86,2453.64,70,9.71,115.9,2780,0,Seal Wear,2.19,36.33
5554,4.83,2453.65,60,11.25,107.38,2780,0,Air Leakage,0.87,18.58
5555,5.23,2453.8,50,11.57,102.38,2780,0,Air Leakage,1.19,48.41
5556,5.16,2454.0,40,10.9,108.12,2780,0,Air Leakage,0.85,18.06
5557,5.46,2454.09,30,9.75,91.33,2780,0,Valve Sticking,3.66,29.41
5558,5.1,2454.18,20,10.23,95.06,2780,0,Valve Sticking,3.62,9.59
5559,4.67,2454.25,10,11.89,113.6,2780,0,Air Leakage,1.18,19.67
5560,5.74,2455.62,0,10.02,115.62,2780,0,Seal Wear,2.48,22.69
5561,5.56,2455.65,10,10.28,90.21,2781,0,Valve Sticking,3.88,38.03
5562,5.36,2455.84,20,9.99,99.47,2782,0,Valve Sticking,2.95,41.33
5563,5.13,2455.86,30,11.58,105.22,2783,0,Air Leakage,0.83,36.06
5564,5.11,2455.95,40,11.75,108.07,2784,0,Air Leakage,0.97,30.99
5565,5.82,2456.88,50,9.71,115.5,2785,0,Seal Wear,1.64,31.87
5566,5.71,2457.08,60,9.64,90.89,2786,0,Valve Sticking,3.54,48.94
5567,4.93,2457.14,70,12.23,102.23,2787,0,Air Leakage,0.93,33.19
5568,5.73,2457.82,80,9.87,115.25,2788,0,Seal Wear,1.59,29.14
5569,5.94,2458.55,90,10.32,109.73,2789,0,Seal Wear,2.31,47.09
5570,4.95,2458.7,100,11.33,111.23,2790,0,Air Leakage,1.0,26.4
5571,5.43,2458.75,90,10.08,85.09,2790,0,Valve Sticking,2.94,37.83
5572,5.88,2459.66,80,9.96,112.91,2790,0,Seal Wear,2.07,34.72
5573,5.77,2460.68,70,10.29,118.16,2790,0,Seal Wear,1.9,21.12
5574,5.32,2460.73,60,9.9,95.5,2790,0,Valve Sticking,3.56,13.37
5575,5.49,2461.97,50,10.14,119.42,2790,0,Seal Wear,1.97,8.68
5576,5.83,2463.01,40,9.52,117.78,2790,0,Seal Wear,1.56,23.98
5577,5.35,2463.19,30,9.96,101.76,2790,0,Valve Sticking,3.85,24.16
5578,5.58,2463.25,20,10.4,94.34,2790,0,Valve Sticking,2.76,29.82
5579,5.03,2463.36,10,9.65,105.67,2790,0,Valve Sticking,2.82,5.17
5580,4.91,2463.47,0,11.29,112.98,2790,0,Air Leakage,0.93,10.49
5581,5.42,2463.61,10,11.44,99.08,2791,0,Air Leakage,1.12,44.56
5582,4.8,2463.66,20,11.82,109.3,2792,0,Air Leakage,0.87,29.32
5583,5.06,2463.83,30,12.21,105.83,2793,0,Air Leakage,0.97,40.92
5584,5.19,2463.99,40,12.28,110.11,2794,0,Air Leakage,0.86,45.12
5585,5.91,2465.17,50,10.49,112.89,2795,0,Seal Wear,1.74,31.18
5586,5.25,2465.26,60,11.79,107.56,2796,0,Air Leakage,1.16,34.0
5587,5.81,2466.78,70,10.42,113.99,2797,0,Seal Wear,1.88,34.24
5588,5.86,2467.68,80,9.64,111.46,2798,0,Seal Wear,1.93,40.44
5589,5.73,2468.58,90,10.22,121.11,2799,0,Seal Wear,1.64,16.67
5590,5.66,2468.62,100,9.62,97.53,2800,0,Valve Sticking,2.78,41.26
5591,5.51,2470.2,90,10.28,121.67,2800,0,Seal Wear,1.52,7.75
5592,5.13,2470.33,80,11.18,106.0,2800,0,Air Leakage,0.93,47.57
5593,5.28,2470.37,70,10.29,104.39,2800,0,Valve Sticking,2.9,15.16
5594,5.14,2470.47,60,9.64,100.35,2800,0,Valve Sticking,3.96,9.56
5595,5.28,2470.67,50,9.84,102.76,2800,0,Valve Sticking,3.71,16.05
5596,5.7,2472.08,40,10.17,117.38,2800,0,Seal Wear,1.63,14.63
5597,5.92,2473.29,30,10.21,113.57,2800,0,Seal Wear,1.63,45.91
5598,5.86,2474.52,20,10.29,110.59,2800,0,Seal Wear,2.28,46.17
5599,5.23,2474.61,10,10.34,104.4,2800,0,Valve Sticking,3.36,15.75
5600,5.12,2474.67,0,10.64,111.63,2800,0,Air Leakage,0.95,20.59
5601,4.54,2474.74,10,11.44,117.07,2801,0,Air Leakage,0.86,9.26
5602,5.17,2474.85,20,10.81,107.45,2802,0,Air Leakage,1.12,25.71
5603,5.76,2475.62,30,10.45,113.85,2803,0,Seal Wear,2.44,31.48
5604,4.91,2475.79,40,11.77,114.22,2804,0,Air Leakage,1.0,14.92
5605,5.74,2477.05,50,9.63,118.2,2805,0,Seal Wear,1.68,26.5
5606,5.76,2478.24,60,10.23,120.19,2806,0,Seal Wear,1.97,19.97
5607,5.61,2479.42,70,10.12,121.23,2807,0,Seal Wear,1.81,10.13
5608,4.96,2479.61,80,11.22,108.79,2808,0,Air Leakage,0.93,8.86
5609,5.96,2481.04,90,9.68,111.1,2809,0,Seal Wear,2.16,39.57
5610,5.98,2481.62,100,9.98,109.8,2810,0,Seal Wear,2.04,45.67
5611,4.9,2481.66,90,11.46,105.96,2810,0,Air Leakage,0.89,30.27
5612,5.27,2481.73,80,10.89,102.51,2810,0,Air Leakage,1.09,47.05
5613,5.26,2481.85,70,9.92,104.74,2810,0,Valve Sticking,3.91,8.23
5614,4.99,2481.93,60,10.93,114.24,2810,0,Air Leakage,0.9,10.07
5615,5.41,2482.03,50,10.26,99.16,2810,0,Valve Sticking,3.29,35.09
5616,5.93,2483.55,40,10.01,114.17,2810,0,Seal Wear,2.46,40.78
5617,5.05,2483.7,30,11.56,103.72,2810,0,Air Leakage,0.85,22.01
5618,5.39,2483.85,20,10.45,90.57,2810,0,Valve Sticking,3.34,21.76
5619,5.16,2484.04,10,11.91,109.4,2810,0,Air Leakage,1.13,28.95
5620,4.75,2484.04,0,11.67,111.58,2810,0,Air Leakage,0.96,10.39
5621,5.26,2484.05,10,10.24,95.38,2811,0,Valve Sticking,3.68,13.75
5622,5.62,2484.85,20,9.81,119.63,2812,0,Seal Wear,1.99,12.82
5623,4.85,2484.9,30,11.15,107.74,2813,0,Air Leakage,1.02,30.29
5624,5.16,2485.07,40,10.74,108.06,2814,0,Air Leakage,1.17,44.67
5625,5.61,2485.07,50,9.55,96.51,2815,0,Valve Sticking,3.38,43.35
5626,5.98,2486.27,60,9.89,109.36,2816,0,Seal Wear,1.52,45.78
5627,5.87,2487.16,70,10.17,114.42,2817,0,Seal Wear,1.85,31.33
5628,5.68,2488.39,80,9.88,124.64,2818,0,Seal Wear,2.19,8.26
5629,5.06,2488.54,90,11.95,111.02,2819,0,Air Leakage,1.07,38.52
5630,5.9,2489.89,100,9.92,117.87,2820,0,Seal Wear,1.86,30.17
5631,4.77,2489.93,90,11.25,107.41,2820,0,Air Leakage,0.9,12.75
5632,5.58,2490.69,80,9.72,118.04,2820,0,Seal Wear,1.99,15.03
5633,5.3,2490.72,70,10.05,94.57,2820,0,Valve Sticking,3.08,19.87
5634,5.15,2490.74,60,11.75,106.58,2820,0,Air Leakage,1.14,48.36
5635,5.62,2490.86,50,10.43,91.39,2820,0,Valve Sticking,3.49,41.7
5636,5.76,2491.51,40,10.43,119.63,2820,0,Seal Wear,2.21,18.14
5637,5.96,2492.57,30,9.96,114.94,2820,0,Seal Wear,1.51,45.94
5638,5.2,2492.67,20,10.97,100.48,2820,0,Air Leakage,0.9,48.31
5639,5.78,2494.05,10,10.03,113.89,2820,0,Seal Wear,2.14,30.61
5640,5.93,2494.97,0,10.28,113.22,2820,0,Seal Wear,2.01,42.89
5641,5.91,2496.24,10,9.96,114.58,2821,0,Seal Wear,1.64,36.35
5642,5.57,2496.32,20,9.88,99.62,2822,0,Valve Sticking,3.1,41.46
5643,5.85,2497.67,30,10.42,118.44,2823,0,Seal Wear,1.73,27.18
5644,5.5,2497.83,40,10.04,96.2,2824,0,Valve Sticking,3.82,29.25
5645,5.77,2498.94,50,9.97,115.65,2825,0,Seal Wear,2.14,30.46
5646,5.66,2499.71,60,9.77,121.56,2826,0,Seal Wear,1.97,13.52
5647,5.56,2499.87,70,10.47,94.35,2827,0,Valve Sticking,3.16,45.08
5648,5.26,2499.97,80,9.59,100.56,2828,0,Valve Sticking,2.7,22.02
5649,5.84,2500.84,90,10.23,112.17,2829,0,Seal Wear,1.75,32.78
5650,5.69,2502.23,100,9.9,115.67,2830,0,Seal Wear,1.99,15.16
5651,5.97,2503.43,90,9.84,114.27,2830,0,Seal Wear,1.64,47.3
5652,5.77,2504.94,80,9.99,118.92,2830,0,Seal Wear,1.53,18.64
5653,5.4,2505.06,70,9.52,103.2,2830,0,Valve Sticking,3.32,11.22
5654,5.17,2505.09,60,11.69,105.6,2830,0,Air Leakage,0.99,22.95
5655,5.93,2506.1,50,10.37,113.32,2830,0,Seal Wear,1.8,39.44
5656,5.21,2506.27,40,11.46,104.37,2830,0,Air Leakage,1.09,42.72
5657,5.6,2507.17,30,9.61,121.95,2830,0,Seal Wear,2.04,10.16
5658,4.99,2507.23,20,11.89,113.33,2830,0,Air Leakage,0.86,28.77
5659,4.91,2507.23,10,11.07,108.65,2830,0,Air Leakage,0.99,28.51
5660,5.71,2508.56,0,10.02,116.48,2830,0,Seal Wear,2.48,28.55
5661,5.97,2509.73,10,9.81,111.5,2831,0,Seal Wear,1.77,44.45
5662,5.15,2509.88,20,11.6,109.97,2832,0,Air Leakage,1.14,39.15
5663,5.44,2510.06,30,9.84,94.24,2833,0,Valve Sticking,2.77,28.62
5664,5.3,2510.22,40,10.35,103.2,2834,0,Valve Sticking,3.16,23.41
5665,5.21,2510.32,50,9.87,100.92,2835,0,Valve Sticking,3.75,17.17
5666,5.03,2510.48,60,11.04,109.89,2836,0,Air Leakage,0.99,32.54
5667,5.05,2510.48,70,10.0,104.67,2837,0,Valve Sticking,3.15,8.54
5668,5.09,2510.48,80,10.89,104.72,2838,0,Air Leakage,0.97,22.15
5669,5.51,2510.52,90,9.82,91.79,2839,0,Valve Sticking,3.37,34.74
5670,5.8,2511.99,100,10.17,113.27,2840,0,Seal Wear,1.84,35.66
5671,5.55,2512.17,90,9.62,89.07,2840,0,Valve Sticking,2.75,47.48
5672,5.45,2512.2,80,10.47,99.05,2840,0,Valve Sticking,3.61,32.95
5673,5.12,2512.23,70,11.45,111.35,2840,0,Air Leakage,0.89,41.97
5674,4.84,2512.26,60,11.9,114.43,2840,0,Air Leakage,1.08,7.56
5675,5.3,2512.27,50,9.55,96.43,2840,0,Valve Sticking,2.57,15.69
5676,4.83,2512.42,40,11.19,109.53,2840,0,Air Leakage,0.9,33.64
5677,5.03,2512.49,30,10.97,119.28,2840,0,Air Leakage,0.91,6.97
5678,5.39,2512.63,20,10.22,105.28,2840,0,Valve Sticking,3.04,16.05
5679,4.83,2512.7,10,11.69,114.9,2840,0,Air Leakage,0.89,12.58
5680,5.47,2512.89,0,9.74,91.78,2840,0,Valve Sticking,3.06,36.88
5681,5.66,2513.07,10,10.24,88.74,2841,0,Valve Sticking,3.2,42.1
5682,4.89,2513.11,20,11.25,111.74,2842,0,Air Leakage,1.17,10.72
5683,6.07,2514.04,30,10.13,111.36,2843,0,Seal Wear,1.71,49.16
5684,5.31,2514.19,40,11.11,103.53,2844,0,Air Leakage,1.06,33.92
5685,5.53,2514.95,50,10.4,118.53,2845,0,Seal Wear,2.09,7.77
5686,5.05,2515.11,60,11.61,113.33,2846,0,Air Leakage,1.18,18.72
5687,5.39,2515.3,70,9.87,95.97,2847,0,Valve Sticking,2.66,18.37
5688,4.87,2515.39,80,11.3,111.64,2848,0,Air Leakage,0.86,25.32
5689,5.75,2516.8,90,9.56,114.74,2849,0,Seal Wear,1.98,22.25
5690,5.82,2518.14,100,10.41,117.41,2850,0,Seal Wear,2.29,24.61
5691,5.42,2518.16,90,10.27,96.24,2850,0,Valve Sticking,3.86,13.46
5692,5.79,2519.38,80,9.97,115.06,2850,0,Seal Wear,2.41,25.63
5693,5.4,2519.42,70,9.95,103.06,2850,0,Valve Sticking,2.75,11.42
5694,5.62,2520.78,60,10.48,120.14,2850,0,Seal Wear,2.5,6.73
5695,5.08,2520.82,50,10.97,106.87,2850,0,Air Leakage,0.92,33.85
5696,5.84,2522.44,40,10.08,113.81,2850,0,Seal Wear,2.04,27.23
5697,5.14,2522.53,30,11.62,103.33,2850,0,Air Leakage,0.81,48.69
5698,5.48,2522.68,20,10.15,95.23,2850,0,Valve Sticking,3.36,28.35
5699,5.56,2522.82,10,9.57,86.48,2850,0,Valve Sticking,3.32,38.67
5700,5.51,2522.92,0,9.87,104.91,2850,0,Valve Sticking,3.29,25.4
5701,5.37,2523.08,10,10.3,98.36,2851,0,Valve Sticking,2.58,40.39
5702,5.25,2523.22,20,10.35,96.47,2852,0,Valve Sticking,3.71,12.58
5703,5.65,2524.36,30,9.58,117.57,2853,0,Seal Wear,2.27,24.35
5704,5.04,2524.54,40,12.13,104.62,2854,0,Air Leakage,0.96,38.65
5705,4.68,2524.57,50,11.36,113.57,2855,0,Air Leakage,1.06,13.7
5706,4.92,2524.75,60,11.56,111.4,2856,0,Air Leakage,1.16,16.1
5707,4.78,2524.83,70,11.87,115.78,2857,0,Air Leakage,0.83,24.26
5708,5.31,2524.83,80,10.09,95.65,2858,0,Valve Sticking,3.18,23.03
5709,5.74,2526.14,90,9.58,115.83,2859,0,Seal Wear,1.68,17.83
5710,5.55,2526.15,100,9.52,96.92,2860,0,Valve Sticking,3.73,22.53
5711,5.04,2526.24,90,11.24,107.07,2860,0,Air Leakage,1.0,45.65
5712,5.33,2526.25,80,11.85,107.64,2860,0,Air Leakage,0.94,46.64
5713,4.94,2526.33,70,11.6,109.71,2860,0,Air Leakage,0.98,11.6
5714,5.77,2527.9,60,9.84,118.15,2860,0,Seal Wear,2.21,24.6
5715,4.85,2528.0,50,11.37,109.77,2860,0,Air Leakage,1.03,10.01
5716,5.41,2528.0,40,9.92,101.47,2860,0,Valve Sticking,3.78,25.46
5717,5.3,2528.2,30,11.39,114.34,2860,0,Air Leakage,1.15,27.39
5718,6.0,2529.21,20,10.15,114.56,2860,0,Seal Wear,2.35,40.87
5719,4.92,2529.27,10,11.28,104.38,2860,0,Air Leakage,1.16,24.9
5720,5.9,2530.47,0,10.47,108.39,2860,0,Seal Wear,2.05,49.28
5721,4.82,2530.58,10,11.69,113.04,2861,0,Air Leakage,1.09,7.04
5722,5.73,2531.4,20,9.6,121.24,2862,0,Seal Wear,2.48,17.1
5723,5.64,2531.45,30,10.33,94.12,2863,0,Valve Sticking,3.93,38.52
5724,5.22,2531.61,40,10.34,92.44,2864,0,Valve Sticking,3.58,9.87
5725,5.35,2531.71,50,10.42,97.62,2865,0,Valve Sticking,3.56,18.37
5726,5.59,2531.76,60,10.0,91.38,2866,0,Valve Sticking,3.3,35.8
5727,5.91,2532.59,70,10.28,112.97,2867,0,Seal Wear,1.66,41.35
5728,5.16,2532.63,80,9.76,102.7,2868,0,Valve Sticking,3.27,16.25
5729,5.48,2532.79,90,9.79,99.87,2869,0,Valve Sticking,2.67,34.31
5730,5.88,2533.68,100,10.36,114.84,2870,0,Seal Wear,2.43,42.19
5731,5.69,2534.28,90,9.84,114.19,2870,0,Seal Wear,2.36,24.62
5732,5.56,2535.39,80,10.3,122.65,2870,0,Seal Wear,2.21,8.64
5733,5.49,2535.5,70,9.73,100.57,2870,0,Valve Sticking,3.52,30.21
5734,5.19,2535.68,60,11.73,106.72,2870,0,Air Leakage,0.86,25.98
5735,5.24,2535.74,50,11.45,102.3,2870,0,Air Leakage,1.19,43.27
5736,5.64,2535.78,40,9.52,97.59,2870,0,Valve Sticking,3.6,45.04
5737,5.36,2535.81,30,11.63,102.56,2870,0,Air Leakage,0.95,36.49
5738,4.86,2535.93,20,11.97,102.74,2870,0,Air Leakage,1.01,35.97
5739,5.78,2537.23,10,10.16,118.33,2870,0,Seal Wear,2.36,24.51
5740,5.05,2537.26,0,11.45,102.04,2870,0,Air Leakage,1.0,27.24
5741,5.23,2537.42,10,12.21,103.64,2871,0,Air Leakage,0.96,29.32
5742,5.35,2537.57,20,9.86,95.32,2872,0,Valve Sticking,3.7,16.86
5743,5.49,2539.19,30,10.41,119.57,2873,0,Seal Wear,1.72,6.48
5744,5.87,2539.81,40,10.39,109.81,2874,0,Seal Wear,2.0,41.9
5745,5.52,2539.9,50,10.0,103.26,2875,0,Valve Sticking,3.96,21.3
5746,6.02,2540.64,60,9.81,112.53,2876,0,Seal Wear,1.77,47.99
5747,5.65,2540.79,70,9.8,85.0,2877,0,Valve Sticking,3.27,43.06
5748,4.77,2540.81,80,11.29,107.06,2878,0,Air Leakage,0.91,28.98
5749,5.84,2541.81,90,9.56,112.68,2879,0,Seal Wear,2.3,42.89
5750,5.8,2542.53,100,9.67,114.76,2880,0,Seal Wear,2.21,36.78
5751,5.4,2542.59,90,9.84,94.15,2880,0,Valve Sticking,2.92,37.54
5752,5.28,2542.69,80,9.71,100.0,2880,0,Valve Sticking,3.54,28.77
5753,4.97,2542.8,70,11.45,104.53,2880,0,Air Leakage,1.14,35.67
5754,4.99,2542.83,60,11.65,110.1,2880,0,Air Leakage,1.18,38.64
5755,5.39,2542.84,50,10.01,86.0,2880,0,Valve Sticking,3.38,41.41
5756,5.59,2543.61,40,9.56,121.34,2880,0,Seal Wear,1.63,7.0
5757,4.86,2543.64,30,12.08,104.46,2880,0,Air Leakage,1.05,29.07
5758,5.83,2544.9,20,10.33,113.91,2880,0,Seal Wear,1.98,35.84
5759,5.28,2545.08,10,11.1,106.79,2880,0,Air Leakage,1.2,47.04
5760,5.37,2545.08,0,9.64,96.66,2880,0,Valve Sticking,2.98,26.31
5761,5.72,2546.36,10,9.55,117.47,2881,0,Seal Wear,1.91,17.63
5762,5.76,2547.55,20,9.7,121.32,2882,0,Seal Wear,1.67,17.22
5763,5.27,2547.66,30,9.61,104.43,2883,0,Valve Sticking,2.92,10.37
5764,5.22,2547.79,40,10.29,98.27,2884,0,Valve Sticking,3.44,23.09
5765,5.18,2547.85,50,11.2,102.59,2885,0,Air Leakage,0.97,39.27
5766,5.28,2548.05,60,11.18,106.39,2886,0,Air Leakage,1.17,48.11
5767,5.67,2548.23,70,10.03,83.14,2887,0,Valve Sticking,3.82,47.82
5768,5.45,2548.33,80,10.13,99.97,2888,0,Valve Sticking,3.12,34.21
5769,5.55,2549.34,90,9.93,120.34,2889,0,Seal Wear,2.26,12.78
5770,5.37,2549.49,100,11.29,102.06,2890,0,Air Leakage,1.0,37.24
5771,5.01,2549.57,90,11.33,107.27,2890,0,Air Leakage,0.83,40.53
5772,5.36,2549.59,80,12.2,107.47,2890,0,Air Leakage,0.83,37.76
5773,5.38,2549.62,70,11.76,107.56,2890,0,Air Leakage,1.2,39.22
5774,5.21,2549.78,60,11.49,111.46,2890,0,Air Leakage,0.86,18.09
5775,5.65,2550.71,50,9.99,121.2,2890,0,Seal Wear,2.34,9.33
5776,6.04,2551.56,40,9.98,113.56,2890,0,Seal Wear,2.49,46.57
5777,5.98,2552.54,30,10.34,115.85,2890,0,Seal Wear,1.85,39.27
5778,4.83,2552.73,20,11.21,109.05,2890,0,Air Leakage,0.9,11.25
5779,5.55,2553.29,10,10.07,123.23,2890,0,Seal Wear,1.67,5.14
5780,5.8,2554.6,0,10.35,116.84,2890,0,Seal Wear,1.83,19.98
5781,5.71,2555.93,10,9.76,118.79,2891,0,Seal Wear,2.46,13.24
5782,4.97,2556.09,20,11.91,113.11,2892,0,Air Leakage,0.92,13.07
5783,5.61,2557.53,30,9.92,120.44,2893,0,Seal Wear,1.71,8.55
5784,5.22,2557.55,40,11.4,108.7,2894,0,Air Leakage,0.97,38.38
5785,5.34,2557.6,50,9.75,100.6,2895,0,Valve Sticking,2.51,9.18
5786,5.39,2557.75,60,9.83,96.93,2896,0,Valve Sticking,2.9,24.38
5787,5.42,2557.8,70,9.57,90.02,2897,0,Valve Sticking,2.78,23.32
5788,4.73,2557.94,80,11.69,114.77,2898,0,Air Leakage,0.9,7.87
5789,5.02,2557.97,90,10.88,110.07,2899,0,Air Leakage,1.11,49.36
5790,5.28,2558.12,100,9.72,93.41,2900,0,Valve Sticking,2.58,13.13
5791,4.75,2558.13,90,12.17,115.51,2900,0,Air Leakage,1.07,15.02
5792,4.98,2558.32,80,11.66,108.44,2900,0,Air Leakage,1.13,15.32
5793,5.85,2559.91,70,10.31,116.87,2900,0,Seal Wear,1.96,27.85
5794,5.37,2560.02,60,10.41,100.42,2900,0,Valve Sticking,3.52,30.76
5795,4.99,2560.21,50,10.87,108.77,2900,0,Air Leakage,0.9,30.02
5796,5.54,2560.35,40,9.56,102.84,2900,0,Valve Sticking,2.67,31.98
5797,5.61,2561.05,30,9.54,119.17,2900,0,Seal Wear,2.37,18.82
5798,5.75,2561.98,20,10.49,117.71,2900,0,Seal Wear,1.76,31.8
5799,5.61,2563.23,10,9.61,118.3,2900,0,Seal Wear,1.67,14.75
5800,5.89,2564.62,0,10.15,118.29,2900,0,Seal Wear,1.91,30.17
5801,5.73,2566.15,10,10.13,119.99,2901,0,Seal Wear,1.83,15.78
5802,5.73,2567.52,20,9.84,118.98,2902,0,Seal Wear,2.27,25.92
5803,5.81,2568.99,30,10.09,114.7,2903,0,Seal Wear,1.59,26.8
5804,5.74,2570.47,40,10.4,121.86,2904,0,Seal Wear,2.46,16.43
5805,5.29,2570.63,50,9.54,94.72,2905,0,Valve Sticking,3.22,7.04
5806,5.88,2571.25,60,9.55,111.42,2906,0,Seal Wear,2.49,36.61
5807,5.57,2571.44,70,9.59,92.94,2907,0,Valve Sticking,3.38,29.12
5808,4.89,2571.46,80,11.62,105.68,2908,0,Air Leakage,0.92,27.45
5809,5.64,2571.65,90,9.69,92.2,2909,0,Valve Sticking,2.82,45.99
5810,5.84,2572.65,100,9.76,111.64,2910,0,Seal Wear,1.89,35.68
5811,4.71,2572.66,90,11.55,109.01,2910,0,Air Leakage,1.19,21.57
5812,4.94,2572.69,80,11.98,108.66,2910,0,Air Leakage,0.86,19.33
5813,5.05,2572.74,70,11.69,107.17,2910,0,Air Leakage,1.15,37.79
5814,6.0,2573.68,60,10.28,112.05,2910,0,Seal Wear,2.37,40.94
5815,4.83,2573.84,50,11.12,117.69,2910,0,Air Leakage,0.89,12.43
5816,5.41,2573.98,40,9.99,91.71,2910,0,Valve Sticking,3.62,42.2
5817,5.8,2575.05,30,9.63,116.15,2910,0,Seal Wear,2.1,21.19
5818,5.26,2575.09,20,9.57,97.04,2910,0,Valve Sticking,3.76,15.37
5819,5.33,2575.2,10,9.58,104.87,2910,0,Valve Sticking,3.49,10.3
5820,5.08,2575.24,0,10.72,107.76,2910,0,Air Leakage,0.97,18.78
5821,5.08,2575.31,10,11.93,99.57,2911,0,Air Leakage,1.06,49.11
5822,5.69,2576.5,20,9.66,116.47,2912,0,Seal Wear,2.13,26.2
5823,5.22,2576.62,30,11.59,103.62,2913,0,Air Leakage,1.06,45.9
5824,5.74,2577.46,40,9.71,113.39,2914,0,Seal Wear,1.66,30.44
5825,5.49,2578.83,50,10.34,118.84,2915,0,Seal Wear,2.16,8.02
5826,5.89,2579.46,60,10.11,110.82,2916,0,Seal Wear,1.92,33.49
5827,5.65,2580.79,70,9.88,121.28,2917,0,Seal Wear,1.9,8.61
5828,5.81,2582.34,80,9.61,115.61,2918,0,Seal Wear,1.52,29.58
5829,5.79,2583.72,90,10.38,115.23,2919,0,Seal Wear,1.85,26.51
5830,5.29,2583.82,100,9.6,91.49,2920,0,Valve Sticking,2.92,11.5
5831,5.38,2583.91,90,10.01,91.46,2920,0,Valve Sticking,3.3,39.35
5832,5.61,2585.36,80,9.72,119.41,2920,0,Seal Wear,2.03,16.84
5833,5.35,2585.42,70,10.49,97.98,2920,0,Valve Sticking,3.06,26.28
5834,4.83,2585.5,60,12.04,119.27,2920,0,Air Leakage,0.99,8.75
5835,5.66,2586.48,50,9.51,120.43,2920,0,Seal Wear,2.46,11.92
5836,5.81,2587.17,40,10.16,113.52,2920,0,Seal Wear,2.05,24.2
5837,5.83,2588.49,30,10.23,116.55,2920,0,Seal Wear,2.24,25.36
5838,5.45,2588.64,20,9.73,87.51,2920,0,Valve Sticking,3.01,30.53
5839,5.48,2588.73,10,10.34,96.84,2920,0,Valve Sticking,3.43,30.92
5840,5.6,2589.34,0,9.86,120.41,2920,0,Seal Wear,1.93,12.51
5841,5.89,2590.83,10,9.91,117.54,2921,0,Seal Wear,1.57,29.53
5842,5.21,2590.89,20,9.59,99.36,2922,0,Valve Sticking,2.97,6.77
5843,4.67,2590.96,30,11.34,108.23,2923,0,Air Leakage,1.16,9.64
5844,5.86,2591.56,40,9.83,114.77,2924,0,Seal Wear,2.11,27.25
5845,5.79,2593.01,50,10.45,114.35,2925,0,Seal Wear,2.05,32.17
5846,5.46,2593.02,60,10.0,102.68,2926,0,Valve Sticking,2.55,35.03
5847,5.05,2593.03,70,11.56,112.61,2927,0,Air Leakage,0.86,29.77
5848,5.61,2593.17,80,9.55,97.59,2928,0,Valve Sticking,3.04,38.97
5849,5.33,2593.31,90,12.04,104.52,2929,0,Air Leakage,0.88,28.31
5850,5.96,2594.55,100,9.61,110.28,2930,0,Seal Wear,1.53,44.99
5851,5.4,2594.65,90,9.86,102.42,2930,0,Valve Sticking,2.94,30.85
5852,5.57,2594.72,80,10.41,91.73,2930,0,Valve Sticking,3.51,45.1
5853,5.18,2594.91,70,9.54,106.7,2930,0,Valve Sticking,3.24,6.87
5854,5.99,2595.84,60,10.2,115.09,2930,0,Seal Wear,1.96,45.01
5855,5.47,2595.96,50,9.87,93.15,2930,0,Valve Sticking,2.93,35.71
5856,4.66,2596.02,40,10.8,109.73,2930,0,Air Leakage,0.84,10.61
5857,5.71,2596.11,30,9.86,91.02,2930,0,Valve Sticking,2.8,44.81
5858,4.99,2596.28,20,11.22,108.78,2930,0,Air Leakage,0.92,11.36
5859,5.18,2596.4,10,11.23,107.25,2930,0,Air Leakage,0.94,34.4
5860,5.7,2597.63,0,9.81,119.17,2930,0,Seal Wear,2.11,10.75
5861,5.61,2598.5,10,9.71,117.19,2931,0,Seal Wear,1.75,13.62
5862,5.22,2598.61,20,11.36,110.49,2932,0,Air Leakage,1.13,30.77
5863,4.96,2598.71,30,11.45,113.9,2933,0,Air Leakage,0.92,19.35
5864,5.19,2598.75,40,11.72,107.97,2934,0,Air Leakage,0.83,20.5
5865,5.95,2600.11,50,9.62,114.28,2935,0,Seal Wear,2.03,37.1
5866,5.59,2600.3,60,10.44,105.14,2936,0,Valve Sticking,2.59,22.17
5867,5.91,2601.84,70,9.94,108.89,2937,0,Seal Wear,1.77,45.0
5868,5.94,2603.33,80,10.08,109.97,2938,0,Seal Wear,2.41,48.89
5869,5.79,2604.61,90,9.87,115.54,2939,0,Seal Wear,2.37,32.01
5870,5.68,2605.93,100,10.37,120.5,2940,0,Seal Wear,2.03,13.87
5871,5.3,2606.11,90,11.73,106.93,2940,0,Air Leakage,1.09,40.32
5872,5.0,2606.26,80,11.15,108.57,2940,0,Air Leakage,1.13,49.17
5873,5.44,2606.35,70,9.83,97.01,2940,0,Valve Sticking,3.89,13.62
5874,5.73,2607.18,60,9.71,121.81,2940,0,Seal Wear,1.57,15.37
5875,5.13,2607.32,50,12.09,108.92,2940,0,Air Leakage,0.88,27.62
5876,5.68,2608.22,40,9.86,118.21,2940,0,Seal Wear,2.34,26.36
5877,5.86,2608.98,30,10.3,111.23,2940,0,Seal Wear,1.65,40.42
5878,5.45,2609.08,20,10.12,104.77,2940,0,Valve Sticking,3.65,15.57
5879,4.82,2609.12,10,11.49,106.77,2940,0,Air Leakage,1.02,30.43
5880,5.33,2609.28,0,11.67,100.38,2940,0,Air Leakage,0.81,45.17
5881,5.27,2609.4,10,9.57,105.78,2941,0,Valve Sticking,3.21,8.19
5882,5.91,2610.5,20,9.86,112.72,2942,0,Seal Wear,1.7,41.66
5883,5.86,2611.99,30,9.92,113.67,2943,0,Seal Wear,2.2,33.72
5884,4.99,2612.01,40,11.1,116.5,2944,0,Air Leakage,1.16,15.59
5885,5.33,2612.17,50,9.51,90.26,2945,0,Valve Sticking,3.58,27.99
5886,5.44,2612.24,60,10.34,90.59,2946,0,Valve Sticking,2.57,35.07
5887,5.53,2613.26,70,9.67,123.01,2947,0,Seal Wear,2.01,7.93
5888,5.12,2613.28,80,11.79,107.22,2948,0,Air Leakage,0.96,16.12
5889,5.4,2613.38,90,9.76,106.53,2949,0,Valve Sticking,3.95,9.89
5890,5.15,2613.57,100,9.52,94.83,2950,0,Valve Sticking,3.99,6.28
5891,5.15,2613.63,90,11.48,108.27,2950,0,Air Leakage,1.02,26.35
5892,5.78,2614.76,80,10.2,119.05,2950,0,Seal Wear,2.38,30.05
5893,5.05,2614.92,70,11.85,113.72,2950,0,Air Leakage,1.16,27.1
5894,5.87,2615.95,60,9.74,112.93,2950,0,Seal Wear,2.05,44.49
5895,5.91,2616.8,50,9.78,114.01,2950,0,Seal Wear,2.31,31.8
5896,5.39,2616.85,40,9.85,103.68,2950,0,Valve Sticking,3.28,9.6
5897,5.35,2616.9,30,10.22,98.35,2950,0,Valve Sticking,3.45,35.76
5898,5.95,2618.42,20,10.06,113.64,2950,0,Seal Wear,2.14,40.61
5899,5.04,2618.58,10,11.41,103.69,2950,0,Air Leakage,0.99,24.62
5900,6.04,2620.08,0,9.84,111.64,2950,0,Seal Wear,1.82,49.5
5901,4.88,2620.11,10,11.87,115.99,2951,0,Air Leakage,1.15,13.76
5902,5.67,2620.14,20,10.33,87.32,2952,0,Valve Sticking,3.89,43.81
5903,4.82,2620.3,30,11.4,110.82,2953,0,Air Leakage,1.12,23.26
5904,5.62,2620.94,40,9.95,120.24,2954,0,Seal Wear,2.3,17.83
5905,6.02,2622.25,50,10.34,109.91,2955,0,Seal Wear,1.62,43.86
5906,5.03,2622.42,60,11.47,111.42,2956,0,Air Leakage,1.07,23.33
5907,5.64,2622.57,70,10.12,92.62,2957,0,Valve Sticking,2.88,43.04
5908,5.89,2623.09,80,9.65,110.4,2958,0,Seal Wear,1.72,38.36
5909,5.67,2624.52,90,9.76,116.0,2959,0,Seal Wear,1.98,21.49
5910,5.52,2624.53,100,12.04,98.79,2960,0,Air Leakage,1.06,49.02
5911,5.19,2624.64,90,11.52,113.46,2960,0,Air Leakage,1.2,25.53
5912,5.9,2625.25,80,9.82,114.37,2960,0,Seal Wear,1.51,35.54
5913,5.58,2626.02,70,10.33,120.56,2960,0,Seal Wear,1.61,9.71
5914,5.58,2626.14,60,10.07,97.54,2960,0,Valve Sticking,3.55,46.55
5915,5.86,2626.84,50,9.93,110.69,2960,0,Seal Wear,2.27,43.39
5916,4.66,2626.86,40,11.22,113.44,2960,0,Air Leakage,1.09,14.84
5917,4.78,2626.86,30,11.59,108.02,2960,0,Air Leakage,1.01,10.87
5918,5.2,2626.96,20,11.35,102.69,2960,0,Air Leakage,1.12,45.78
5919,5.26,2627.11,10,11.28,103.64,2960,0,Air Leakage,1.18,31.76
5920,4.79,2627.15,0,11.93,107.39,2960,0,Air Leakage,1.16,12.77
5921,4.85,2627.34,10,11.23,112.1,2961,0,Air Leakage,0.95,21.15
5922,5.46,2627.4,20,10.43,97.41,2962,0,Valve Sticking,3.26,32.22
5923,4.81,2627.49,30,12.19,114.84,2963,0,Air Leakage,1.13,7.24
5924,5.45,2627.53,40,10.46,100.5,2964,0,Valve Sticking,3.97,25.57
5925,5.7,2627.58,50,9.89,87.38,2965,0,Valve Sticking,2.82,38.12
5926,5.62,2629.06,60,9.63,118.17,2966,0,Seal Wear,2.31,12.04
5927,5.95,2630.42,70,10.48,110.95,2967,0,Seal Wear,1.77,41.6
5928,5.27,2630.43,80,9.99,92.18,2968,0,Valve Sticking,3.31,19.22
5929,5.09,2630.46,90,11.79,102.54,2969,0,Air Leakage,0.83,46.28
5930,6.05,2631.68,100,10.3,109.67,2970,0,Seal Wear,2.2,46.17
5931,5.8,2632.69,90,9.88,114.79,2970,0,Seal Wear,1.98,23.28
5932,5.78,2634.14,80,10.31,114.81,2970,0,Seal Wear,2.01,35.65
5933,5.31,2634.17,70,10.34,90.92,2970,0,Valve Sticking,3.85,27.25
5934,5.11,2634.31,60,11.44,101.01,2970,0,Air Leakage,0.86,43.75
5935,5.55,2635.17,50,10.44,120.6,2970,0,Seal Wear,2.08,11.3
5936,4.6,2635.3,40,11.56,112.59,2970,0,Air Leakage,0.89,7.44
5937,5.33,2635.38,30,11.21,100.21,2970,0,Air Leakage,0.82,48.13
5938,5.19,2635.4,20,11.58,99.75,2970,0,Air Leakage,0.9,49.45
5939,5.49,2635.46,10,9.53,93.54,2970,0,Valve Sticking,2.55,34.71
5940,5.56,2636.29,0,9.67,123.78,2970,0,Seal Wear,1.77,8.22
5941,5.76,2637.23,10,10.23,116.37,2971,0,Seal Wear,1.55,20.66
5942,4.84,2637.37,20,11.37,111.38,2972,0,Air Leakage,0.98,16.31
5943,5.23,2637.39,30,10.14,103.38,2973,0,Valve Sticking,3.63,7.83
5944,5.28,2637.41,40,11.17,111.92,2974,0,Air Leakage,0.99,20.81
5945,5.2,2637.51,50,11.7,108.62,2975,0,Air Leakage,1.14,40.07
5946,4.82,2637.52,60,12.33,112.69,2976,0,Air Leakage,0.95,10.05
5947,4.83,2637.58,70,11.89,106.33,2977,0,Air Leakage,1.08,23.98
5948,5.78,2638.42,80,9.72,114.44,2978,0,Seal Wear,2.0,27.17
5949,5.55,2638.44,90,10.0,89.09,2979,0,Valve Sticking,2.93,44.86
5950,5.2,2638.49,100,10.46,104.58,2980,0,Valve Sticking,2.82,16.55
5951,5.27,2638.55,90,11.29,102.5,2980,0,Air Leakage,1.01,30.0
5952,5.65,2638.67,80,10.42,98.66,2980,0,Valve Sticking,2.95,47.56
5953,6.02,2639.68,70,10.46,112.59,2980,0,Seal Wear,2.2,42.97
5954,5.93,2641.29,60,10.4,115.43,2980,0,Seal Wear,2.48,47.48
5955,5.91,2642.38,50,9.82,116.22,2980,0,Seal Wear,1.73,35.13
5956,5.02,2642.55,40,11.56,103.85,2980,0,Air Leakage,0.97,38.61
5957,5.5,2643.32,30,10.32,121.88,2980,0,Seal Wear,2.17,7.2
5958,5.89,2644.73,20,9.98,112.91,2980,0,Seal Wear,2.37,48.61
5959,5.64,2645.5,10,10.19,120.18,2980,0,Seal Wear,2.14,21.55
5960,5.73,2645.61,0,9.58,92.27,2980,0,Valve Sticking,3.88,43.54
5961,5.79,2646.36,10,10.14,114.17,2981,0,Seal Wear,2.11,30.82
5962,5.53,2646.46,20,10.35,97.28,2982,0,Valve Sticking,2.89,44.69
5963,5.34,2646.58,30,10.07,86.7,2983,0,Valve Sticking,3.24,37.25
5964,5.12,2646.75,40,11.48,104.15,2984,0,Air Leakage,0.93,46.24
5965,5.31,2646.87,50,10.1,100.48,2985,0,Valve Sticking,3.77,12.69
5966,5.78,2648.23,60,10.07,117.12,2986,0,Seal Wear,2.06,26.17
5967,5.75,2648.99,70,10.14,117.96,2987,0,Seal Wear,1.79,17.26
5968,5.07,2649.18,80,12.15,113.52,2988,0,Air Leakage,0.83,12.07
5969,5.39,2649.35,90,9.93,94.37,2989,0,Valve Sticking,3.58,23.92
5970,5.48,2649.38,100,10.05,90.51,2990,0,Valve Sticking,3.97,33.1
5971,5.7,2650.69,90,9.51,120.14,2990,0,Seal Wear,2.5,19.5
5972,5.6,2651.35,80,10.03,118.65,2990,0,Seal Wear,2.19,9.49
5973,5.65,2651.48,70,10.26,92.14,2990,0,Valve Sticking,3.16,43.85
5974,5.77,2652.52,60,9.97,116.3,2990,0,Seal Wear,1.97,29.25
5975,5.18,2652.63,50,11.43,108.85,2990,0,Air Leakage,1.16,28.11
5976,5.32,2652.66,40,9.81,103.2,2990,0,Valve Sticking,3.77,24.0
5977,5.51,2652.68,30,9.75,92.74,2990,0,Valve Sticking,3.51,46.55
5978,5.62,2654.17,20,10.36,117.45,2990,0,Seal Wear,1.96,12.02
5979,5.57,2655.16,10,10.2,115.68,2990,0,Seal Wear,2.05,16.6
5980,5.34,2655.29,0,10.05,101.7,2990,0,Valve Sticking,4.0,6.6
5981,5.65,2655.95,10,9.74,124.8,2991,0,Seal Wear,2.23,5.99
5982,4.98,2656.0,20,12.03,105.32,2992,0,Air Leakage,0.86,32.08
5983,5.09,2656.1,30,11.46,112.66,2993,0,Air Leakage,1.03,28.41
5984,5.47,2656.13,40,9.91,96.03,2994,0,Valve Sticking,3.84,26.59
5985,5.55,2656.18,50,10.09,88.72,2995,0,Valve Sticking,3.99,40.84
5986,5.04,2656.35,60,11.64,106.65,2996,0,Air Leakage,0.88,26.39
5987,5.72,2657.15,70,10.43,119.54,2997,0,Seal Wear,1.94,21.21
5988,5.44,2657.2,80,9.91,94.39,2998,0,Valve Sticking,3.35,34.42
5989,5.14,2657.29,90,11.53,106.42,2999,0,Air Leakage,0.97,18.74
5990,5.38,2657.41,100,9.51,96.52,3000,0,Valve Sticking,2.67,17.91
5991,5.82,2658.82,90,10.21,114.1,3000,0,Seal Wear,1.71,36.25
5992,5.48,2660.04,80,9.73,118.56,3000,0,Seal Wear,2.35,5.17
5993,4.81,2660.11,70,11.44,116.02,3000,0,Air Leakage,1.11,9.27
5994,5.67,2660.19,60,9.77,87.43,3000,0,Valve Sticking,3.04,38.19
5995,5.69,2660.37,50,9.66,91.67,3000,0,Valve Sticking,3.13,44.71
5996,5.19,2660.46,40,11.65,108.9,3000,0,Air Leakage,1.05,37.5
5997,5.74,2660.6,30,10.23,85.6,3000,0,Valve Sticking,3.41,47.65
5998,5.57,2660.75,20,9.55,86.53,3000,0,Valve Sticking,3.62,43.58
5999,5.89,2661.82,10,10.24,115.86,3000,0,Seal Wear,1.79,31.99
6000,4.62,2661.86,0,11.5,117.23,3000,0,Air Leakage,0.82,5.47
6001,5.79,2662.06,10,9.6,93.87,3001,0,Valve Sticking,2.8,48.53
6002,5.08,2662.1,20,11.08,104.88,3002,0,Air Leakage,1.03,46.08
6003,5.84,2663.65,30,9.65,113.22,3003,0,Seal Wear,1.85,38.48
6004,5.69,2664.41,40,10.19,117.26,3004,0,Seal Wear,1.79,16.25
6005,5.18,2664.55,50,9.77,99.86,3005,0,Valve Sticking,2.98,15.88
6006,5.41,2664.63,60,9.96,97.01,3006,0,Valve Sticking,2.9,25.24
6007,5.65,2665.81,70,10.44,120.09,3007,0,Seal Wear,1.71,9.08
6008,5.13,2665.94,80,11.87,104.48,3008,0,Air Leakage,1.11,23.47
6009,5.13,2666.08,90,11.6,107.4,3009,0,Air Leakage,1.1,38.59
6010,5.36,2666.27,100,10.03,99.69,3010,0,Valve Sticking,2.58,13.86
6011,5.27,2666.37,90,12.36,106.5,3010,0,Air Leakage,0.85,47.9
6012,5.77,2667.62,80,10.36,116.88,3010,0,Seal Wear,1.92,36.76
6013,5.79,2668.4,70,10.34,115.71,3010,0,Seal Wear,2.32,26.5
6014,4.98,2668.41,60,11.5,106.48,3010,0,Air Leakage,0.81,23.62
6015,4.75,2668.42,50,11.68,106.62,3010,0,Air Leakage,0.9,10.49
6016,5.93,2669.65,40,9.82,111.95,3010,0,Seal Wear,1.54,37.1
6017,5.31,2669.66,30,10.37,99.28,3010,0,Valve Sticking,2.8,29.26
6018,5.07,2669.76,20,12.44,107.72,3010,0,Air Leakage,0.93,14.59
6019,5.09,2669.77,10,12.06,109.91,3010,0,Air Leakage,1.12,5.57
6020,4.91,2669.83,0,11.92,108.07,3010,0,Air Leakage,1.09,7.89
6021,5.96,2670.46,10,10.44,108.83,3011,0,Seal Wear,2.2,48.42
6022,5.14,2670.6,20,11.14,112.27,3012,0,Air Leakage,1.19,29.83
6023,5.18,2670.66,30,12.16,104.0,3013,0,Air Leakage,0.88,35.55
6024,5.76,2671.61,40,10.34,117.63,3014,0,Seal Wear,2.02,27.27
6025,5.61,2672.69,50,9.8,123.34,3015,0,Seal Wear,2.26,9.72
6026,5.16,2672.88,60,11.64,112.75,3016,0,Air Leakage,1.02,30.01
6027,5.32,2672.92,70,10.19,93.1,3017,0,Valve Sticking,3.35,26.45
6028,5.0,2673.07,80,11.7,114.65,3018,0,Air Leakage,1.12,13.85
6029,5.58,2673.13,90,9.53,99.03,3019,0,Valve Sticking,3.57,36.4
6030,5.9,2674.5,100,9.76,111.52,3020,0,Seal Wear,1.64,47.6
6031,5.03,2674.62,90,11.5,100.97,3020,0,Air Leakage,0.96,47.73
6032,5.63,2676.18,80,10.16,117.53,3020,0,Seal Wear,2.12,13.57
6033,5.34,2676.2,70,11.86,100.03,3020,0,Air Leakage,1.09,44.03
6034,5.9,2676.77,60,9.95,111.33,3020,0,Seal Wear,1.53,47.13
6035,5.06,2676.85,50,11.26,105.67,3020,0,Air Leakage,1.17,30.93
6036,4.88,2676.88,40,12.22,111.2,3020,0,Air Leakage,0.94,33.9
6037,5.43,2676.89,30,11.21,105.86,3020,0,Air Leakage,1.11,38.37
6038,5.27,2676.92,20,9.58,89.17,3020,0,Valve Sticking,2.99,23.66
6039,5.53,2677.63,10,9.79,120.94,3020,0,Seal Wear,1.78,12.94
6040,4.89,2677.67,0,11.28,109.22,3020,0,Air Leakage,0.85,14.33
6041,4.97,2677.8,10,11.49,104.12,3021,0,Air Leakage,1.02,22.08
6042,4.67,2677.89,20,12.05,111.35,3022,0,Air Leakage,0.92,9.26
6043,5.08,2677.92,30,10.8,109.89,3023,0,Air Leakage,1.15,16.67
6044,5.28,2678.07,40,9.96,95.24,3024,0,Valve Sticking,2.64,30.11
6045,5.77,2679.07,50,10.4,116.62,3025,0,Seal Wear,2.1,23.67
6046,5.67,2680.01,60,9.74,115.2,3026,0,Seal Wear,2.28,25.68
6047,5.18,2680.16,70,11.64,103.82,3027,0,Air Leakage,1.16,47.39
6048,5.86,2681.07,80,9.63,112.02,3028,0,Seal Wear,2.07,27.83
6049,5.81,2681.9,90,9.95,114.1,3029,0,Seal Wear,2.2,34.42
6050,5.25,2682.04,100,10.25,98.42,3030,0,Valve Sticking,3.04,8.25
6051,5.52,2682.78,90,9.88,120.53,3030,0,Seal Wear,1.97,9.31
6052,5.78,2684.23,80,10.19,113.76,3030,0,Seal Wear,1.91,33.16
6053,4.94,2684.27,70,11.25,115.42,3030,0,Air Leakage,0.82,6.28
6054,5.56,2684.41,60,10.05,97.72,3030,0,Valve Sticking,2.69,29.67
6055,5.13,2684.54,50,11.69,103.55,3030,0,Air Leakage,1.06,24.1
6056,5.65,2685.11,40,10.29,115.98,3030,0,Seal Wear,2.41,25.12
6057,5.02,2685.13,30,11.33,107.32,3030,0,Air Leakage,0.81,31.74
6058,5.33,2685.14,20,10.19,91.71,3030,0,Valve Sticking,3.39,33.68
6059,5.72,2685.26,10,10.28,89.02,3030,0,Valve Sticking,3.09,41.91
6060,6.0,2686.59,0,9.53,113.88,3030,0,Seal Wear,1.71,44.65
6061,5.21,2686.76,10,10.01,94.23,3031,0,Valve Sticking,3.68,14.34
6062,4.91,2686.95,20,12.33,110.11,3032,0,Air Leakage,1.14,6.47
6063,4.77,2687.01,30,11.57,116.65,3033,0,Air Leakage,1.05,6.47
6064,5.51,2687.04,40,9.81,97.74,3034,0,Valve Sticking,3.97,41.43
6065,5.03,2687.04,50,11.4,102.03,3035,0,Air Leakage,0.92,45.81
6066,4.96,2687.08,60,10.95,112.24,3036,0,Air Leakage,1.17,6.29
6067,4.95,2687.28,70,11.9,106.99,3037,0,Air Leakage,0.95,7.02
6068,5.5,2688.02,80,9.67,122.58,3038,0,Seal Wear,2.1,9.86
6069,5.63,2688.7,90,9.64,121.18,3039,0,Seal Wear,1.9,22.69
6070,4.9,2688.73,100,11.24,106.15,3040,0,Air Leakage,0.81,18.6
6071,5.45,2688.8,90,10.17,93.43,3040,0,Valve Sticking,2.68,37.82
6072,4.97,2688.89,80,12.14,110.3,3040,0,Air Leakage,1.11,35.81
6073,5.31,2689.04,70,10.14,93.4,3040,0,Valve Sticking,3.01,19.93
6074,5.12,2689.04,60,10.44,101.13,3040,0,Valve Sticking,3.01,13.6
6075,5.45,2689.11,50,10.18,92.66,3040,0,Valve Sticking,3.97,31.35
6076,5.26,2689.29,40,11.51,110.25,3040,0,Air Leakage,0.86,23.22
6077,5.26,2689.42,30,10.11,103.56,3040,0,Valve Sticking,3.03,23.45
6078,4.79,2689.44,20,11.54,105.93,3040,0,Air Leakage,0.88,32.64
6079,5.02,2689.52,10,11.31,113.93,3040,0,Air Leakage,0.9,18.67
6080,5.29,2689.6,0,11.04,101.89,3040,0,Air Leakage,0.9,29.15
6081,5.87,2690.6,10,9.97,118.54,3041,0,Seal Wear,1.87,28.23
6082,4.73,2690.75,20,11.3,113.03,3042,0,Air Leakage,0.85,10.93
6083,5.89,2691.55,30,9.76,113.15,3043,0,Seal Wear,1.93,29.7
6084,5.0,2691.69,40,11.52,109.12,3044,0,Air Leakage,1.05,29.34
6085,6.01,2692.61,50,10.24,110.08,3045,0,Seal Wear,2.16,42.8
6086,5.68,2692.61,60,10.41,85.97,3046,0,Valve Sticking,2.57,48.41
6087,5.51,2694.13,70,10.39,122.78,3047,0,Seal Wear,1.58,5.77
6088,5.21,2694.22,80,11.08,113.55,3048,0,Air Leakage,1.08,26.83
6089,5.27,2694.29,90,11.88,110.31,3049,0,Air Leakage,1.17,33.44
6090,5.18,2694.42,100,10.95,103.69,3050,0,Air Leakage,0.92,36.81
6091,5.94,2695.55,90,10.13,112.78,3050,0,Seal Wear,2.19,44.25
6092,5.73,2696.54,80,9.54,114.66,3050,0,Seal Wear,2.27,29.85
6093,5.24,2696.66,70,10.47,92.9,3050,0,Valve Sticking,3.14,16.96
6094,5.49,2696.74,60,10.29,93.83,3050,0,Valve Sticking,2.69,33.52
6095,5.35,2696.8,50,10.29,101.12,3050,0,Valve Sticking,3.85,34.37
6096,5.25,2696.88,40,10.33,100.72,3050,0,Valve Sticking,3.57,24.39
6097,5.44,2697.01,30,9.64,97.19,3050,0,Valve Sticking,3.03,27.92
6098,5.72,2697.7,20,9.57,117.35,3050,0,Seal Wear,2.16,20.02
6099,5.48,2697.75,10,10.23,101.5,3050,0,Valve Sticking,2.75,40.01
6100,5.74,2699.25,0,9.98,121.1,3050,0,Seal Wear,1.65,15.75
6101,4.99,2699.41,10,11.43,117.09,3051,0,Air Leakage,1.06,7.9
6102,5.45,2699.47,20,9.51,98.65,3052,0,Valve Sticking,3.45,22.01
6103,4.81,2699.53,30,11.56,110.83,3053,0,Air Leakage,0.82,26.46
6104,5.44,2699.69,40,10.9,108.88,3054,0,Air Leakage,1.04,45.12
6105,5.31,2699.81,50,9.71,103.07,3055,0,Valve Sticking,3.42,6.66
6106,5.48,2700.46,60,10.29,120.9,3056,0,Seal Wear,2.07,5.07
6107,5.87,2701.3,70,10.49,114.09,3057,0,Seal Wear,1.97,43.57
6108,5.21,2701.48,80,10.21,104.76,3058,0,Valve Sticking,3.24,16.07
6109,5.6,2702.28,90,9.68,115.82,3059,0,Seal Wear,2.23,19.03
6110,4.97,2702.42,100,11.64,111.33,3060,0,Air Leakage,0.93,27.33
6111,5.88,2703.96,90,9.75,111.12,3060,0,Seal Wear,2.38,46.11
6112,5.52,2704.13,80,9.56,92.46,3060,0,Valve Sticking,3.35,22.6
6113,5.22,2704.16,70,10.12,106.34,3060,0,Valve Sticking,3.33,8.77
6114,5.87,2705.69,60,10.21,113.59,3060,0,Seal Wear,2.09,42.18
6115,5.7,2705.79,50,9.61,91.07,3060,0,Valve Sticking,3.77,48.63
6116,5.95,2706.4,40,10.36,112.54,3060,0,Seal Wear,2.12,46.37
6117,5.43,2706.41,30,10.46,98.27,3060,0,Valve Sticking,2.72,22.62
6118,5.87,2707.88,20,9.98,112.97,3060,0,Seal Wear,1.93,44.79
6119,5.55,2707.97,10,10.43,89.63,3060,0,Valve Sticking,3.0,33.95
6120,4.86,2708.1,0,11.38,106.18,3060,0,Air Leakage,0.93,35.89
6121,4.92,2708.1,10,11.07,109.01,3061,0,Air Leakage,0.9,8.22
6122,5.81,2709.0,20,9.79,115.42,3062,0,Seal Wear,2.06,30.47
6123,5.67,2709.18,30,9.66,103.53,3063,0,Valve Sticking,2.99,29.49
6124,4.72,2709.37,40,11.52,113.19,3064,0,Air Leakage,1.07,5.53
6125,5.64,2710.48,50,9.56,117.87,3065,0,Seal Wear,2.38,23.8
6126,5.69,2711.28,60,10.16,120.45,3066,0,Seal Wear,2.39,8.81
6127,5.35,2711.46,70,9.83,92.29,3067,0,Valve Sticking,3.87,17.17
6128,5.89,2712.51,80,10.34,111.61,3068,0,Seal Wear,1.81,29.84
6129,5.56,2714.11,90,10.06,121.56,3069,0,Seal Wear,1.92,13.65
6130,6.03,2714.74,100,9.56,110.08,3070,0,Seal Wear,1.63,44.78
6131,4.79,2714.81,90,10.82,109.2,3070,0,Air Leakage,0.84,10.06
6132,5.73,2716.11,80,10.34,116.65,3070,0,Seal Wear,2.07,28.99
6133,5.46,2716.15,70,10.44,100.31,3070,0,Valve Sticking,3.89,19.58
6134,5.46,2716.31,60,10.24,96.14,3070,0,Valve Sticking,3.92,17.74
6135,4.67,2716.4,50,11.58,110.03,3070,0,Air Leakage,1.09,14.69
6136,5.4,2716.59,40,10.22,94.83,3070,0,Valve Sticking,2.75,22.46
6137,4.82,2716.7,30,11.05,115.5,3070,0,Air Leakage,0.89,5.95
6138,5.3,2716.86,20,11.52,111.19,3070,0,Air Leakage,1.16,33.17
6139,5.35,2716.89,10,10.04,90.66,3070,0,Valve Sticking,3.78,21.38
6140,5.92,2718.06,0,9.83,110.0,3070,0,Seal Wear,1.88,48.03
6141,5.29,2718.06,10,10.4,105.32,3071,0,Valve Sticking,3.98,21.04
6142,5.1,2718.11,20,11.95,110.94,3072,0,Air Leakage,0.98,32.6
6143,5.44,2718.24,30,10.44,89.53,3073,0,Valve Sticking,3.77,19.47
6144,5.21,2718.32,40,11.4,110.67,3074,0,Air Leakage,0.9,29.62
6145,4.89,2718.48,50,11.21,101.24,3075,0,Air Leakage,1.17,43.41
6146,5.43,2718.55,60,9.65,94.96,3076,0,Valve Sticking,3.22,38.8
6147,5.88,2719.58,70,9.9,111.23,3077,0,Seal Wear,1.85,38.67
6148,5.88,2720.92,80,9.65,117.01,3078,0,Seal Wear,1.59,29.52
6149,5.18,2721.11,90,11.85,102.85,3079,0,Air Leakage,0.92,46.93
6150,5.8,2722.26,100,9.54,115.92,3080,0,Seal Wear,1.83,26.38
6151,4.94,2722.31,90,11.9,107.43,3080,0,Air Leakage,1.0,28.15
6152,5.18,2722.35,80,10.04,101.32,3080,0,Valve Sticking,2.73,7.73
6153,5.91,2723.7,70,10.26,114.05,3080,0,Seal Wear,1.81,37.97
6154,5.71,2724.86,60,10.24,118.78,3080,0,Seal Wear,2.1,23.13
6155,5.47,2724.95,50,10.12,93.5,3080,0,Valve Sticking,3.37,19.51
6156,5.4,2725.03,40,11.43,102.32,3080,0,Air Leakage,1.03,49.6
6157,5.94,2726.51,30,10.33,113.16,3080,0,Seal Wear,2.21,38.87
6158,4.98,2726.65,20,10.99,104.82,3080,0,Air Leakage,0.92,44.77
6159,5.48,2726.68,10,10.3,94.26,3080,0,Valve Sticking,3.74,28.73
6160,5.0,2726.75,0,11.42,106.84,3080,0,Air Leakage,0.8,47.73
6161,5.7,2726.85,10,9.83,92.8,3081,0,Valve Sticking,3.62,47.54
6162,5.61,2727.62,20,9.98,118.87,3082,0,Seal Wear,2.12,5.73
6163,5.1,2727.62,30,11.68,107.82,3083,0,Air Leakage,1.01,18.88
6164,5.28,2727.72,40,10.22,98.84,3084,0,Valve Sticking,2.8,10.07
6165,5.47,2727.78,50,9.56,99.84,3085,0,Valve Sticking,3.14,32.76
6166,4.75,2727.94,60,11.71,108.0,3086,0,Air Leakage,0.88,31.19
6167,5.57,2729.05,70,10.16,119.64,3087,0,Seal Wear,2.34,7.15
6168,6.06,2729.65,80,9.62,114.89,3088,0,Seal Wear,2.47,47.94
6169,5.62,2730.75,90,9.57,121.04,3089,0,Seal Wear,1.92,8.31
6170,5.51,2730.82,100,9.56,97.03,3090,0,Valve Sticking,3.6,29.17
6171,5.63,2731.87,90,9.87,117.85,3090,0,Seal Wear,2.23,22.12
6172,5.19,2732.01,80,11.76,107.48,3090,0,Air Leakage,0.86,48.61
6173,4.79,2732.2,70,11.52,113.56,3090,0,Air Leakage,0.92,9.49
6174,5.85,2733.03,60,9.72,117.68,3090,0,Seal Wear,2.21,29.52
6175,5.27,2733.16,50,10.38,102.75,3090,0,Valve Sticking,3.76,20.06
6176,5.47,2733.34,40,9.92,93.59,3090,0,Valve Sticking,3.83,27.05
6177,5.68,2733.48,30,10.11,91.28,3090,0,Valve Sticking,2.77,49.46
6178,5.93,2735.04,20,9.97,114.04,3090,0,Seal Wear,1.84,38.12
6179,5.97,2735.76,10,9.81,111.84,3090,0,Seal Wear,2.04,40.4
6180,5.34,2735.81,0,10.45,91.11,3090,0,Valve Sticking,3.8,35.5
6181,5.12,2735.99,10,11.4,109.49,3091,0,Air Leakage,1.02,22.15
6182,5.36,2736.11,20,11.04,101.43,3092,0,Air Leakage,0.84,40.84
6183,5.25,2736.3,30,11.63,102.68,3093,0,Air Leakage,1.07,33.61
6184,5.32,2736.44,40,9.51,99.28,3094,0,Valve Sticking,3.41,9.97
6185,5.65,2736.44,50,10.09,85.03,3095,0,Valve Sticking,3.07,43.65
6186,5.11,2736.58,60,11.13,106.23,3096,0,Air Leakage,0.82,28.64
6187,5.65,2737.48,70,10.45,115.9,3097,0,Seal Wear,1.75,10.81
6188,5.05,2737.59,80,12.18,99.55,3098,0,Air Leakage,0.9,40.16
6189,5.75,2739.09,90,9.58,115.62,3099,0,Seal Wear,1.76,29.4
6190,4.99,2739.17,100,11.77,107.36,3100,0,Air Leakage,0.81,44.42
6191,5.95,2740.12,90,9.82,115.23,3100,0,Seal Wear,2.41,35.25
6192,5.51,2740.2,80,10.13,96.89,3100,0,Valve Sticking,3.16,30.09
6193,5.05,2740.24,70,11.1,106.27,3100,0,Air Leakage,0.88,33.31
6194,5.52,2740.36,60,9.62,99.66,3100,0,Valve Sticking,3.08,24.15
6195,5.85,2741.82,50,10.47,110.77,3100,0,Seal Wear,2.18,44.6
6196,5.94,2743.25,40,9.68,113.45,3100,0,Seal Wear,2.35,38.92
6197,5.28,2743.35,30,10.32,92.64,3100,0,Valve Sticking,3.92,22.49
6198,5.86,2744.18,20,9.97,113.84,3100,0,Seal Wear,1.92,35.65
6199,5.04,2744.33,10,11.68,111.62,3100,0,Air Leakage,1.15,28.47
6200,5.53,2745.45,0,9.69,120.51,3100,0,Seal Wear,1.93,8.14
6201,5.05,2745.55,10,9.56,103.59,3101,0,Valve Sticking,2.52,6.52
6202,5.54,2746.64,20,9.78,117.46,3102,0,Seal Wear,2.21,13.83
6203,5.85,2748.05,30,9.53,116.54,3103,0,Seal Wear,1.66,37.67
6204,5.66,2749.22,40,10.38,118.06,3104,0,Seal Wear,2.49,23.58
6205,5.12,2749.42,50,10.44,98.99,3105,0,Valve Sticking,3.53,11.69
6206,5.75,2749.45,60,10.5,90.62,3106,0,Valve Sticking,2.71,44.87
6207,5.62,2750.47,70,10.33,120.18,3107,0,Seal Wear,2.11,10.07
6208,4.88,2750.51,80,10.9,111.63,3108,0,Air Leakage,1.2,7.79
6209,5.23,2750.63,90,10.43,99.28,3109,0,Valve Sticking,3.1,12.33
6210,5.95,2752.25,100,9.82,114.6,3110,0,Seal Wear,2.48,35.19
6211,5.82,2753.32,90,10.35,113.38,3110,0,Seal Wear,1.71,29.05
6212,4.94,2753.41,80,11.45,106.19,3110,0,Air Leakage,0.85,34.54
6213,4.97,2753.61,70,11.18,108.37,3110,0,Air Leakage,1.17,6.56
6214,4.96,2753.71,60,11.71,113.34,3110,0,Air Leakage,0.9,8.47
6215,5.71,2754.67,50,10.32,116.27,3110,0,Seal Wear,1.95,28.16
6216,5.48,2754.72,40,12.15,106.51,3110,0,Air Leakage,1.01,44.49
6217,5.05,2754.77,30,11.6,101.84,3110,0,Air Leakage,1.02,41.56
6218,5.69,2755.54,20,10.3,117.6,3110,0,Seal Wear,2.41,10.74
6219,5.5,2756.32,10,9.79,121.45,3110,0,Seal Wear,1.92,8.13
6220,4.66,2756.36,0,11.72,118.33,3110,0,Air Leakage,1.16,11.07
6221,5.88,2757.34,10,9.89,111.82,3111,0,Seal Wear,1.97,41.57
6222,5.38,2757.51,20,9.82,100.25,3112,0,Valve Sticking,3.36,9.35
6223,5.21,2757.59,30,11.77,104.09,3113,0,Air Leakage,1.18,29.32
6224,5.55,2757.74,40,9.71,101.71,3114,0,Valve Sticking,3.17,35.26
6225,5.0,2757.94,50,10.76,102.33,3115,0,Air Leakage,0.82,28.82
6226,5.68,2758.1,60,10.29,97.68,3116,0,Valve Sticking,3.73,48.41
6227,5.02,2758.14,70,12.14,99.04,3117,0,Air Leakage,0.81,48.73
6228,5.86,2758.84,80,10.48,117.17,3118,0,Seal Wear,1.59,33.23
6229,5.03,2758.88,90,11.75,108.75,3119,0,Air Leakage,1.17,8.08
6230,5.59,2758.93,100,10.5,89.81,3120,0,Valve Sticking,3.29,37.9
6231,5.12,2759.03,90,11.32,112.9,3120,0,Air Leakage,1.18,16.86
6232,4.84,2759.1,80,10.76,105.69,3120,0,Air Leakage,0.98,31.23
6233,5.12,2759.16,70,11.46,101.99,3120,0,Air Leakage,1.0,49.78
6234,5.28,2759.27,60,9.54,97.98,3120,0,Valve Sticking,2.94,5.52
6235,5.35,2759.43,50,9.6,98.95,3120,0,Valve Sticking,3.48,28.23
6236,5.83,2760.63,40,9.7,113.99,3120,0,Seal Wear,1.71,42.84
6237,5.56,2760.8,30,10.1,94.99,3120,0,Valve Sticking,2.95,48.86
6238,5.61,2762.18,20,9.79,117.03,3120,0,Seal Wear,1.8,8.86
6239,5.59,2762.31,10,9.52,85.11,3120,0,Valve Sticking,3.48,47.4
6240,5.73,2762.35,0,9.71,97.99,3120,0,Valve Sticking,2.55,40.14
6241,5.72,2763.23,10,9.95,119.66,3121,0,Seal Wear,2.1,25.5
6242,5.11,2763.26,20,11.88,108.53,3122,0,Air Leakage,0.96,15.73
6243,5.24,2763.37,30,10.17,103.29,3123,0,Valve Sticking,3.61,13.89
6244,5.94,2765.0,40,10.07,113.97,3124,0,Seal Wear,2.3,43.56
6245,5.56,2766.06,50,10.34,117.36,3125,0,Seal Wear,1.61,14.66
6246,5.8,2767.03,60,10.12,116.49,3126,0,Seal Wear,1.92,25.04
6247,5.75,2767.68,70,9.53,116.2,3127,0,Seal Wear,1.63,23.22
6248,4.82,2767.84,80,11.56,114.33,3128,0,Air Leakage,0.84,12.61
6249,5.24,2767.9,90,11.85,108.41,3129,0,Air Leakage,0.84,25.0
6250,4.88,2768.0,100,11.54,111.49,3130,0,Air Leakage,1.09,22.88
6251,6.04,2768.81,90,10.15,112.46,3130,0,Seal Wear,1.86,44.38
6252,5.27,2769.01,80,9.89,97.44,3130,0,Valve Sticking,2.98,6.21
6253,5.62,2769.13,70,9.68,84.54,3130,0,Valve Sticking,3.72,47.87
6254,5.28,2769.2,60,11.21,104.48,3130,0,Air Leakage,0.93,22.49
6255,4.68,2769.39,50,11.71,106.19,3130,0,Air Leakage,1.01,12.55
6256,5.38,2769.54,40,9.7,93.65,3130,0,Valve Sticking,3.3,12.17
6257,5.71,2770.43,30,10.23,112.89,3130,0,Seal Wear,1.65,26.73
6258,4.97,2770.57,20,10.79,109.57,3130,0,Air Leakage,0.94,24.15
6259,5.46,2770.66,10,10.18,100.84,3130,0,Valve Sticking,3.34,34.5
6260,5.31,2770.68,0,11.95,103.54,3130,0,Air Leakage,0.8,35.89
6261,5.74,2771.32,10,10.4,118.28,3131,0,Seal Wear,2.47,17.7
6262,6.02,2772.61,20,10.03,112.08,3132,0,Seal Wear,2.49,43.69
6263,5.52,2772.65,30,10.46,95.16,3133,0,Valve Sticking,2.52,27.81
6264,4.67,2772.85,40,11.81,106.95,3134,0,Air Leakage,0.92,9.67
6265,5.51,2772.88,50,9.97,90.81,3135,0,Valve Sticking,3.66,37.17
6266,5.94,2774.16,60,9.98,111.89,3136,0,Seal Wear,2.45,38.47
6267,5.16,2774.27,70,10.85,108.49,3137,0,Air Leakage,1.14,25.23
6268,5.09,2774.28,80,11.91,103.06,3138,0,Air Leakage,0.97,23.39
6269,5.51,2774.86,90,10.48,121.26,3139,0,Seal Wear,1.67,5.69
6270,5.03,2774.87,100,11.96,108.83,3140,0,Air Leakage,1.08,30.11
6271,5.49,2774.89,90,9.81,94.16,3140,0,Valve Sticking,3.58,26.39
6272,5.27,2775.08,80,11.84,107.76,3140,0,Air Leakage,0.95,35.54
6273,5.48,2776.18,70,10.42,119.63,3140,0,Seal Wear,2.19,5.64
6274,4.94,2776.2,60,11.01,111.28,3140,0,Air Leakage,1.18,20.07
6275,5.76,2776.76,50,9.53,115.55,3140,0,Seal Wear,1.67,22.09
6276,5.06,2776.94,40,11.35,107.03,3140,0,Air Leakage,0.93,31.92
6277,5.4,2777.13,30,10.4,97.71,3140,0,Valve Sticking,3.5,34.24
6278,4.95,2777.26,20,11.36,110.15,3140,0,Air Leakage,0.85,31.95
6279,5.89,2778.45,10,10.19,108.83,3140,0,Seal Wear,1.59,41.84
6280,5.32,2778.59,0,9.66,92.15,3140,0,Valve Sticking,2.84,34.44
6281,4.99,2778.79,10,10.87,105.79,3141,0,Air Leakage,1.18,16.19
6282,5.98,2779.61,20,10.01,112.86,3142,0,Seal Wear,2.35,44.67
6283,5.79,2780.28,30,9.79,117.77,3143,0,Seal Wear,2.36,23.83
6284,5.63,2781.0,40,10.11,119.78,3144,0,Seal Wear,2.42,9.07
6285,5.39,2781.14,50,9.73,88.96,3145,0,Valve Sticking,2.52,39.29
6286,5.11,2781.26,60,11.04,108.89,3146,0,Air Leakage,1.15,35.43
6287,5.36,2781.26,70,10.25,92.56,3147,0,Valve Sticking,3.95,26.48
6288,5.19,2781.34,80,10.36,90.62,3148,0,Valve Sticking,3.12,24.94
6289,5.31,2781.47,90,10.34,95.37,3149,0,Valve Sticking,3.78,23.34
6290,5.36,2781.61,100,11.76,110.57,3150,0,Air Leakage,0.82,39.43
6291,5.68,2782.79,90,10.35,119.06,3150,0,Seal Wear,2.21,13.72
6292,5.37,2782.84,80,11.42,104.94,3150,0,Air Leakage,0.89,35.45
6293,5.11,2782.97,70,10.83,115.27,3150,0,Air Leakage,0.9,25.9
6294,5.33,2783.0,60,11.83,108.01,3150,0,Air Leakage,0.86,48.12
6295,5.05,2783.15,50,11.58,105.49,3150,0,Air Leakage,0.8,35.32
6296,5.3,2783.2,40,10.17,99.65,3150,0,Valve Sticking,3.6,10.52
6297,5.82,2784.56,30,9.56,111.55,3150,0,Seal Wear,1.52,39.58
6298,5.76,2785.86,20,9.76,117.07,3150,0,Seal Wear,2.24,15.87
6299,5.35,2785.98,10,10.48,99.1,3150,0,Valve Sticking,3.38,23.42
6300,4.68,2786.0,0,11.59,111.45,3150,0,Air Leakage,0.87,14.64
6301,5.29,2786.0,10,9.83,101.94,3151,0,Valve Sticking,3.57,13.35
6302,5.55,2787.44,20,9.82,121.5,3152,0,Seal Wear,1.77,8.24
6303,5.7,2789.04,30,9.96,112.99,3153,0,Seal Wear,1.77,27.59
6304,5.9,2790.46,40,10.02,110.83,3154,0,Seal Wear,2.5,44.3
6305,5.63,2791.52,50,9.81,122.65,3155,0,Seal Wear,2.21,15.09
6306,5.25,2791.66,60,9.89,94.45,3156,0,Valve Sticking,3.38,12.14
6307,5.41,2791.71,70,10.45,87.07,3157,0,Valve Sticking,3.96,45.04
6308,4.74,2791.71,80,11.54,118.01,3158,0,Air Leakage,1.14,5.96
6309,5.83,2792.4,90,9.51,114.4,3159,0,Seal Wear,1.86,28.97
6310,5.86,2793.32,100,9.81,113.49,3160,0,Seal Wear,1.67,37.83
6311,4.79,2793.41,90,11.79,112.69,3160,0,Air Leakage,1.08,13.66
6312,5.33,2793.54,80,10.69,103.18,3160,0,Air Leakage,0.96,49.47
6313,5.58,2793.74,70,10.17,85.62,3160,0,Valve Sticking,2.94,47.57
6314,5.11,2793.9,60,10.81,100.39,3160,0,Air Leakage,1.09,42.78
6315,4.98,2793.98,50,11.9,106.99,3160,0,Air Leakage,0.84,23.66
6316,4.79,2794.14,40,10.82,112.04,3160,0,Air Leakage,1.04,12.4
6317,5.6,2794.8,30,10.01,120.63,3160,0,Seal Wear,1.8,19.71
6318,5.13,2794.94,20,9.75,98.7,3160,0,Valve Sticking,3.35,18.02
6319,5.7,2795.88,10,10.39,119.2,3160,0,Seal Wear,2.34,11.48
6320,4.96,2796.03,0,12.0,104.23,3160,0,Air Leakage,0.89,40.44
6321,5.81,2797.67,10,9.86,115.17,3161,0,Seal Wear,2.38,24.81
6322,6.01,2798.62,20,9.99,115.47,3162,0,Seal Wear,2.36,46.26
6323,5.83,2799.92,30,10.08,113.07,3163,0,Seal Wear,2.34,38.59
6324,5.38,2799.95,40,10.18,92.36,3164,0,Valve Sticking,3.74,23.99
6325,5.66,2799.99,50,10.03,86.69,3165,0,Valve Sticking,3.06,49.91
6326,5.93,2801.31,60,10.15,113.43,3166,0,Seal Wear,1.63,33.92
6327,5.63,2801.47,70,10.28,85.18,3167,0,Valve Sticking,3.72,39.28
6328,5.32,2801.59,80,9.66,99.64,3168,0,Valve Sticking,3.42,24.16
6329,5.63,2802.65,90,9.64,119.22,3169,0,Seal Wear,2.46,9.91
6330,5.7,2803.58,100,10.42,119.56,3170,0,Seal Wear,1.92,15.25
6331,5.57,2805.08,90,10.09,120.53,3170,0,Seal Wear,1.87,14.13
6332,5.72,2806.47,80,9.92,115.08,3170,0,Seal Wear,2.15,24.59
6333,5.5,2806.63,70,10.07,83.31,3170,0,Valve Sticking,3.71,46.47
6334,5.66,2808.05,60,9.63,121.2,3170,0,Seal Wear,2.13,6.61
6335,4.6,2808.11,50,11.1,109.54,3170,0,Air Leakage,0.96,14.06
6336,5.3,2808.2,40,10.39,92.91,3170,0,Valve Sticking,3.27,12.06
6337,5.76,2809.21,30,10.18,113.17,3170,0,Seal Wear,2.01,35.06
6338,5.8,2810.74,20,9.97,117.85,3170,0,Seal Wear,2.22,20.25
6339,5.75,2811.6,10,10.14,119.27,3170,0,Seal Wear,1.83,20.39
6340,5.16,2811.61,0,11.85,105.12,3170,0,Air Leakage,1.06,39.53
6341,5.52,2811.8,10,9.99,103.98,3171,0,Valve Sticking,3.73,18.91
6342,5.27,2811.88,20,10.37,102.0,3172,0,Valve Sticking,2.94,13.42
6343,5.46,2812.06,30,10.06,91.05,3173,0,Valve Sticking,2.51,12.88
6344,5.41,2812.23,40,9.66,98.09,3174,0,Valve Sticking,3.35,13.44
6345,5.41,2812.42,50,11.99,104.58,3175,0,Air Leakage,0.85,41.59
6346,5.46,2812.56,60,9.81,86.85,3176,0,Valve Sticking,2.58,47.35
6347,5.91,2813.41,70,10.12,113.09,3177,0,Seal Wear,2.46,42.36
6348,5.24,2813.59,80,11.34,106.05,3178,0,Air Leakage,0.81,37.09
6349,5.79,2815.17,90,10.47,116.58,3179,0,Seal Wear,1.52,30.03
6350,5.36,2815.28,100,9.6,101.31,3180,0,Valve Sticking,3.15,25.13
6351,5.3,2815.4,90,9.92,95.54,3180,0,Valve Sticking,3.76,26.58
6352,5.11,2815.45,80,11.65,106.68,3180,0,Air Leakage,1.06,32.56
6353,4.92,2815.53,70,11.73,108.99,3180,0,Air Leakage,1.03,30.75
6354,5.75,2816.71,60,9.78,118.04,3180,0,Seal Wear,1.71,21.45
6355,5.56,2816.74,50,9.77,96.94,3180,0,Valve Sticking,3.63,37.49
6356,5.75,2817.46,40,10.37,122.05,3180,0,Seal Wear,1.86,18.13
6357,5.49,2817.56,30,10.3,94.37,3180,0,Valve Sticking,3.36,24.09
6358,5.08,2817.7,20,10.58,101.93,3180,0,Air Leakage,1.09,49.27
6359,4.76,2817.81,10,11.18,111.11,3180,0,Air Leakage,1.16,16.66
6360,5.22,2817.92,0,11.57,108.07,3180,0,Air Leakage,0.97,33.52
6361,5.1,2817.93,10,11.38,102.42,3181,0,Air Leakage,1.19,46.85
6362,4.97,2818.04,20,11.18,112.19,3182,0,Air Leakage,0.87,18.81
6363,5.79,2819.23,30,9.58,115.14,3183,0,Seal Wear,1.52,32.98
6364,6.02,2819.91,40,10.13,114.18,3184,0,Seal Wear,2.1,45.95
6365,5.07,2820.0,50,11.69,105.65,3185,0,Air Leakage,1.05,39.37
6366,5.57,2821.34,60,9.73,118.68,3186,0,Seal Wear,2.4,6.38
6367,5.94,2822.72,70,10.39,109.24,3187,0,Seal Wear,2.39,46.93
6368,5.56,2822.86,80,9.97,89.31,3188,0,Valve Sticking,3.57,46.75
6369,4.96,2822.97,90,11.22,110.9,3189,0,Air Leakage,1.09,7.16
6370,5.16,2823.04,100,11.26,106.9,3190,0,Air Leakage,1.05,43.42
6371,5.82,2824.58,90,9.54,114.15,3190,0,Seal Wear,1.66,35.93
6372,5.97,2826.21,80,10.26,109.82,3190,0,Seal Wear,2.12,40.84
6373,5.77,2827.03,70,10.34,115.45,3190,0,Seal Wear,1.77,26.93
6374,4.72,2827.13,60,11.95,110.11,3190,0,Air Leakage,0.8,10.18
6375,4.85,2827.14,50,11.83,116.19,3190,0,Air Leakage,1.19,10.53
6376,5.6,2827.69,40,9.68,118.45,3190,0,Seal Wear,1.57,11.62
6377,5.72,2828.83,30,10.25,115.1,3190,0,Seal Wear,2.24,25.59
6378,5.64,2830.41,20,10.08,119.78,3190,0,Seal Wear,2.03,17.41
6379,5.52,2830.57,10,10.1,87.88,3190,0,Valve Sticking,3.78,38.99
6380,4.66,2830.6,0,10.81,118.93,3190,0,Air Leakage,1.0,8.54
6381,5.02,2830.67,10,9.69,102.56,3191,0,Valve Sticking,2.52,5.25
6382,5.01,2830.74,20,11.78,111.99,3192,0,Air Leakage,1.17,36.64
6383,5.53,2830.93,30,10.08,93.26,3193,0,Valve Sticking,3.55,34.88
6384,5.03,2831.11,40,11.45,110.06,3194,0,Air Leakage,0.82,17.53
6385,5.6,2832.78,50,9.51,120.63,3195,0,Seal Wear,2.21,7.01
6386,5.26,2832.83,60,11.21,101.95,3196,0,Air Leakage,0.94,45.95
6387,5.36,2832.88,70,11.9,100.64,3197,0,Air Leakage,1.18,48.65
6388,5.51,2834.1,80,9.76,118.4,3198,0,Seal Wear,1.97,7.29
6389,5.93,2835.61,90,9.83,111.03,3199,0,Seal Wear,1.92,35.78
6390,5.61,2836.28,100,9.79,121.2,3200,0,Seal Wear,1.56,6.64
6391,5.24,2836.39,90,9.78,99.84,3200,0,Valve Sticking,3.7,12.85
6392,5.36,2836.49,80,10.35,105.38,3200,0,Valve Sticking,3.17,23.63
6393,5.51,2837.53,70,10.33,122.37,3200,0,Seal Wear,2.43,6.07
6394,5.33,2837.62,60,10.32,107.44,3200,0,Valve Sticking,2.77,9.69
6395,5.96,2839.15,50,9.76,112.62,3200,0,Seal Wear,1.94,43.2
6396,5.08,2839.3,40,11.1,106.88,3200,0,Air Leakage,1.01,33.82
6397,5.22,2839.33,30,11.25,102.02,3200,0,Air Leakage,0.97,44.9
6398,5.79,2839.45,20,10.01,91.17,3200,0,Valve Sticking,3.57,46.72
6399,5.68,2839.59,10,10.03,83.29,3200,0,Valve Sticking,3.03,48.32
6400,5.69,2840.33,0,10.41,118.3,3200,0,Seal Wear,1.76,9.8
6401,5.66,2840.33,10,9.84,87.25,3201,0,Valve Sticking,2.55,49.13
6402,6.04,2841.46,20,10.31,111.43,3202,0,Seal Wear,2.26,48.39
6403,5.16,2841.63,30,11.15,101.93,3203,0,Air Leakage,1.13,49.54
6404,5.89,2842.25,40,10.3,107.38,3204,0,Seal Wear,1.58,48.85
6405,4.67,2842.39,50,11.04,116.16,3205,0,Air Leakage,1.18,17.3
6406,5.15,2842.53,60,11.36,100.91,3206,0,Air Leakage,1.14,35.84
6407,5.67,2842.66,70,9.51,100.97,3207,0,Valve Sticking,2.85,41.63
6408,5.58,2844.25,80,9.87,121.46,3208,0,Seal Wear,1.99,8.95
6409,5.91,2845.73,90,9.51,109.96,3209,0,Seal Wear,1.73,42.28
6410,6.04,2846.53,100,9.89,108.31,3210,0,Seal Wear,2.23,46.63
6411,5.06,2846.59,90,10.39,99.63,3210,0,Valve Sticking,3.44,6.72
6412,5.67,2847.77,80,9.82,114.18,3210,0,Seal Wear,1.72,22.53
6413,4.78,2847.93,70,11.58,105.83,3210,0,Air Leakage,0.95,19.36
6414,5.64,2848.1,60,9.7,90.62,3210,0,Valve Sticking,2.97,36.83
6415,4.94,2848.13,50,11.92,109.84,3210,0,Air Leakage,0.94,25.71
6416,4.96,2848.22,40,11.96,101.59,3210,0,Air Leakage,0.88,45.53
6417,5.91,2849.5,30,10.3,114.54,3210,0,Seal Wear,1.96,31.38
6418,5.38,2849.55,20,12.13,101.92,3210,0,Air Leakage,0.88,42.31
6419,5.08,2849.69,10,11.48,107.21,3210,0,Air Leakage,0.82,40.31
6420,5.06,2849.69,0,11.36,111.59,3210,0,Air Leakage,1.17,24.65
6421,5.96,2850.54,10,9.9,115.27,3211,0,Seal Wear,2.44,39.28
6422,5.73,2852.09,20,10.06,116.47,3212,0,Seal Wear,1.79,26.0
6423,5.49,2852.89,30,10.0,118.83,3213,0,Seal Wear,2.29,5.44
6424,5.35,2852.93,40,9.68,90.39,3214,0,Valve Sticking,2.76,21.05
6425,5.34,2853.11,50,11.88,101.77,3215,0,Air Leakage,1.07,41.96
6426,5.03,2853.15,60,11.0,108.75,3216,0,Air Leakage,0.88,28.35
6427,5.36,2853.3,70,9.6,90.85,3217,0,Valve Sticking,3.5,29.57
6428,4.77,2853.32,80,11.94,113.72,3218,0,Air Leakage,1.04,10.71
6429,5.71,2854.71,90,9.74,120.89,3219,0,Seal Wear,1.89,16.22
6430,5.44,2854.8,100,10.33,94.86,3220,0,Valve Sticking,3.78,22.74
6431,5.68,2856.19,90,10.25,118.08,3220,0,Seal Wear,2.16,21.99
6432,5.87,2857.4,80,9.89,113.27,3220,0,Seal Wear,1.77,33.68
6433,4.93,2857.56,70,12.19,108.92,3220,0,Air Leakage,1.15,32.94
6434,5.03,2857.73,60,11.03,110.87,3220,0,Air Leakage,0.84,39.04
6435,5.24,2857.82,50,10.24,101.68,3220,0,Valve Sticking,2.53,15.93
6436,5.4,2857.9,40,12.03,110.54,3220,0,Air Leakage,1.18,40.95
6437,5.08,2857.96,30,10.58,111.02,3220,0,Air Leakage,1.0,12.62
6438,5.63,2858.95,20,9.96,123.84,3220,0,Seal Wear,2.07,8.48
6439,5.5,2859.02,10,10.21,98.77,3220,0,Valve Sticking,3.44,23.06
6440,5.31,2859.11,0,10.35,89.68,3220,0,Valve Sticking,2.56,21.19
6441,5.1,2859.18,10,11.57,106.07,3221,0,Air Leakage,1.0,38.24
6442,6.09,2860.74,20,10.15,112.44,3222,0,Seal Wear,2.44,49.36
6443,5.02,2860.75,30,11.34,107.36,3223,0,Air Leakage,0.85,26.51
6444,5.7,2861.54,40,10.11,120.3,3224,0,Seal Wear,2.05,17.73
6445,5.52,2861.63,50,9.51,82.25,3225,0,Valve Sticking,2.63,45.92
6446,5.42,2861.7,60,10.09,98.14,3226,0,Valve Sticking,2.72,40.1
6447,5.1,2861.89,70,11.87,114.23,3227,0,Air Leakage,1.01,26.33
6448,6.02,2862.51,80,9.66,109.0,3228,0,Seal Wear,1.74,47.58
6449,5.73,2863.55,90,10.05,119.71,3229,0,Seal Wear,2.19,21.43
6450,4.83,2863.68,100,11.41,109.57,3230,0,Air Leakage,1.1,29.72
6451,5.56,2863.73,90,10.09,98.88,3230,0,Valve Sticking,3.57,40.6
6452,5.62,2863.9,80,9.78,102.14,3230,0,Valve Sticking,2.87,27.92
6453,5.09,2864.08,70,12.0,105.54,3230,0,Air Leakage,1.17,34.18
6454,4.93,2864.12,60,11.83,106.86,3230,0,Air Leakage,1.15,22.53
6455,5.23,2864.14,50,10.38,101.51,3230,0,Valve Sticking,3.96,12.61
6456,5.21,2864.18,40,9.65,101.08,3230,0,Valve Sticking,2.92,10.43
6457,5.99,2865.3,30,10.15,114.4,3230,0,Seal Wear,2.06,43.92
6458,5.78,2866.3,20,10.25,117.5,3230,0,Seal Wear,1.62,22.23
6459,5.41,2866.34,10,10.33,91.35,3230,0,Valve Sticking,3.48,18.25
6460,5.99,2867.52,0,9.55,112.9,3230,0,Seal Wear,1.6,39.66
6461,5.96,2868.36,10,9.71,109.29,3231,0,Seal Wear,1.57,48.54
6462,5.13,2868.51,20,12.11,112.4,3232,0,Air Leakage,1.08,23.84
6463,5.1,2868.6,30,12.28,113.09,3233,0,Air Leakage,1.06,23.03
6464,5.51,2868.7,40,10.34,89.59,3234,0,Valve Sticking,2.56,23.27
6465,5.94,2869.83,50,9.81,114.6,3235,0,Seal Wear,2.45,40.97
6466,5.26,2869.98,60,12.16,101.41,3236,0,Air Leakage,1.12,35.56
6467,5.09,2870.03,70,11.8,98.98,3237,0,Air Leakage,0.83,46.18
6468,5.86,2871.21,80,10.36,114.97,3238,0,Seal Wear,1.65,38.77
6469,5.47,2871.25,90,10.36,94.97,3239,0,Valve Sticking,3.32,10.87
6470,5.41,2871.36,100,11.5,100.16,3240,0,Air Leakage,0.95,48.56
6471,5.17,2871.51,90,12.04,104.93,3240,0,Air Leakage,1.05,20.31
6472,4.83,2871.58,80,12.23,110.01,3240,0,Air Leakage,1.03,10.48
6473,5.92,2872.22,70,9.8,112.34,3240,0,Seal Wear,2.28,34.43
6474,5.57,2873.5,60,9.84,123.49,3240,0,Seal Wear,1.79,9.46
6475,5.16,2873.7,50,10.32,99.6,3240,0,Valve Sticking,2.99,15.93
6476,5.25,2873.88,40,10.08,99.78,3240,0,Valve Sticking,2.8,16.12
6477,5.75,2874.65,30,10.45,117.97,3240,0,Seal Wear,1.86,17.37
6478,5.31,2874.71,20,10.21,100.65,3240,0,Valve Sticking,2.64,18.12
6479,5.65,2875.29,10,10.44,121.61,3240,0,Seal Wear,2.17,9.66
6480,5.18,2875.38,0,10.05,102.86,3240,0,Valve Sticking,3.15,5.53
6481,5.16,2875.4,10,11.66,106.87,3241,0,Air Leakage,1.07,25.83
6482,5.56,2875.59,20,9.85,87.68,3242,0,Valve Sticking,3.59,47.79
6483,5.85,2876.9,30,9.82,118.44,3243,0,Seal Wear,2.45,26.57
6484,5.9,2878.14,40,10.27,116.18,3244,0,Seal Wear,2.49,36.42
6485,5.65,2878.81,50,9.92,116.36,3245,0,Seal Wear,2.19,15.18
6486,5.84,2879.55,60,10.1,115.02,3246,0,Seal Wear,1.54,31.01
6487,5.82,2880.23,70,9.6,113.81,3247,0,Seal Wear,2.3,40.17
6488,5.82,2880.97,80,10.2,115.0,3248,0,Seal Wear,1.83,34.13
6489,5.35,2881.16,90,11.74,99.37,3249,0,Air Leakage,0.97,37.78
6490,5.54,2881.2,100,10.46,96.4,3250,0,Valve Sticking,3.34,48.28
6491,4.84,2881.32,90,11.7,113.66,3250,0,Air Leakage,0.85,25.63
6492,5.83,2882.67,80,10.18,119.17,3250,0,Seal Wear,1.67,27.63
6493,5.73,2882.81,70,10.35,95.77,3250,0,Valve Sticking,3.26,45.37
6494,5.54,2882.94,60,10.22,94.23,3250,0,Valve Sticking,3.92,44.35
6495,5.6,2883.07,50,9.7,91.54,3250,0,Valve Sticking,3.46,44.26
6496,5.66,2884.42,40,10.26,122.01,3250,0,Seal Wear,2.0,15.57
6497,4.86,2884.47,30,11.09,111.2,3250,0,Air Leakage,1.14,13.46
6498,5.69,2885.68,20,10.17,117.67,3250,0,Seal Wear,1.52,21.74
6499,4.71,2885.83,10,11.44,111.01,3250,0,Air Leakage,1.14,17.96
6500,4.96,2885.84,0,12.03,115.08,3250,0,Air Leakage,1.17,9.73
6501,4.88,2885.95,10,11.81,107.84,3251,0,Air Leakage,0.85,8.47
6502,5.48,2886.01,20,11.66,105.4,3252,0,Air Leakage,1.15,48.21
6503,5.82,2887.01,30,9.7,112.32,3253,0,Seal Wear,1.87,41.1
6504,5.85,2888.33,40,9.69,115.6,3254,0,Seal Wear,2.43,29.69
6505,5.61,2888.37,50,10.27,85.64,3255,0,Valve Sticking,3.06,37.5
6506,5.61,2889.0,60,9.62,118.05,3256,0,Seal Wear,2.44,17.94
6507,4.76,2889.14,70,10.91,112.85,3257,0,Air Leakage,1.13,14.55
6508,5.25,2889.2,80,10.27,94.76,3258,0,Valve Sticking,3.59,7.01
6509,5.59,2890.08,90,9.68,122.46,3259,0,Seal Wear,1.56,7.0
6510,5.34,2890.28,100,10.19,106.87,3260,0,Valve Sticking,3.33,17.86
6511,5.51,2890.39,90,10.22,83.35,3260,0,Valve Sticking,3.3,43.47
6512,5.44,2890.48,80,10.01,101.74,3260,0,Valve Sticking,3.85,12.88
6513,5.56,2890.61,70,10.48,85.21,3260,0,Valve Sticking,3.5,44.21
6514,5.36,2890.71,60,9.67,87.8,3260,0,Valve Sticking,3.84,43.19
6515,5.05,2890.74,50,11.57,108.98,3260,0,Air Leakage,0.8,47.92
6516,5.34,2890.83,40,9.58,90.07,3260,0,Valve Sticking,3.5,31.8
6517,5.4,2890.91,30,9.86,90.19,3260,0,Valve Sticking,2.81,35.9
6518,5.62,2890.92,20,10.37,100.98,3260,0,Valve Sticking,2.65,30.33
6519,5.98,2891.96,10,10.37,111.54,3260,0,Seal Wear,1.94,44.3
6520,5.67,2892.03,0,9.87,98.22,3260,0,Valve Sticking,2.94,49.44
6521,5.88,2893.02,10,9.57,113.67,3261,0,Seal Wear,2.0,28.23
6522,5.14,2893.07,20,11.69,104.94,3262,0,Air Leakage,0.96,40.27
6523,5.84,2894.13,30,9.97,113.77,3263,0,Seal Wear,1.75,36.67
6524,5.74,2895.58,40,9.95,115.42,3264,0,Seal Wear,1.67,21.44
6525,4.99,2895.78,50,11.85,109.51,3265,0,Air Leakage,0.99,45.59
6526,5.21,2895.96,60,10.33,96.81,3266,0,Valve Sticking,2.76,22.91
6527,4.92,2896.06,70,11.19,110.96,3267,0,Air Leakage,1.19,12.07
6528,4.98,2896.18,80,11.3,109.78,3268,0,Air Leakage,0.83,14.81
6529,5.95,2897.53,90,9.68,109.31,3269,0,Seal Wear,1.92,42.07
6530,5.36,2897.68,100,10.44,96.48,3270,0,Valve Sticking,3.03,28.22
6531,4.78,2897.75,90,11.41,110.76,3270,0,Air Leakage,0.93,6.19
6532,5.58,2898.54,80,10.3,122.83,3270,0,Seal Wear,1.85,8.95
6533,5.45,2898.72,70,9.99,92.06,3270,0,Valve Sticking,3.98,24.7
6534,4.63,2898.74,60,11.96,110.45,3270,0,Air Leakage,0.97,12.12
6535,5.52,2900.33,50,9.91,123.08,3270,0,Seal Wear,2.04,9.54
6536,5.31,2900.47,40,9.61,98.84,3270,0,Valve Sticking,3.68,30.72
6537,5.05,2900.52,30,11.92,106.4,3270,0,Air Leakage,0.87,25.46
6538,5.38,2900.68,20,9.69,98.96,3270,0,Valve Sticking,2.7,31.11
6539,5.01,2900.86,10,11.5,111.17,3270,0,Air Leakage,1.2,26.28
6540,5.6,2902.01,0,9.71,120.3,3270,0,Seal Wear,2.31,17.04
6541,5.68,2903.24,10,10.01,116.77,3271,0,Seal Wear,2.43,17.36
6542,4.99,2903.31,20,10.58,106.54,3272,0,Air Leakage,0.83,39.13
6543,4.99,2903.35,30,10.78,111.39,3273,0,Air Leakage,1.12,18.9
6544,5.43,2903.51,40,9.6,95.53,3274,0,Valve Sticking,3.4,29.85
6545,4.75,2903.54,50,11.88,114.7,3275,0,Air Leakage,1.15,15.52
6546,5.28,2903.65,60,11.57,107.75,3276,0,Air Leakage,0.89,32.2
6547,5.26,2903.84,70,9.58,88.18,3277,0,Valve Sticking,3.13,23.22
6548,5.14,2903.93,80,11.23,102.17,3278,0,Air Leakage,0.82,46.77
6549,5.56,2903.93,90,10.23,98.69,3279,0,Valve Sticking,3.77,37.81
6550,5.51,2905.18,100,10.45,120.79,3280,0,Seal Wear,2.1,5.29
6551,5.19,2905.34,90,9.78,92.97,3280,0,Valve Sticking,2.58,11.31
6552,5.87,2906.0,80,10.04,113.11,3280,0,Seal Wear,2.27,45.09
6553,5.41,2906.19,70,10.06,85.97,3280,0,Valve Sticking,3.9,34.84
6554,5.63,2907.35,60,10.13,120.31,3280,0,Seal Wear,1.64,8.21
6555,5.79,2908.44,50,9.54,118.17,3280,0,Seal Wear,2.35,28.18
6556,5.78,2909.24,40,9.77,114.76,3280,0,Seal Wear,2.29,29.64
6557,5.69,2910.64,30,9.8,119.76,3280,0,Seal Wear,2.17,15.49
6558,5.98,2911.64,20,10.0,110.37,3280,0,Seal Wear,1.87,46.95
6559,5.27,2911.69,10,10.15,95.74,3280,0,Valve Sticking,2.94,9.35
6560,5.37,2911.75,0,9.95,88.02,3280,0,Valve Sticking,3.21,38.26
6561,5.55,2912.89,10,10.17,119.54,3281,0,Seal Wear,2.14,10.49
6562,5.68,2913.88,20,9.66,121.05,3282,0,Seal Wear,2.35,8.67
6563,4.94,2913.93,30,11.62,109.12,3283,0,Air Leakage,1.0,16.83
6564,5.73,2914.74,40,9.73,114.21,3284,0,Seal Wear,1.75,19.82
6565,5.29,2914.92,50,9.68,101.81,3285,0,Valve Sticking,3.73,27.07
6566,5.35,2915.07,60,10.28,91.59,3286,0,Valve Sticking,3.11,16.25
6567,4.87,2915.09,70,11.64,107.25,3287,0,Air Leakage,1.0,11.61
6568,5.13,2915.15,80,11.23,105.14,3288,0,Air Leakage,1.18,47.64
6569,5.13,2915.25,90,9.68,94.14,3289,0,Valve Sticking,3.38,6.95
6570,5.78,2916.91,100,10.36,115.7,3290,0,Seal Wear,2.17,28.01
6571,5.24,2917.08,90,11.63,104.64,3290,0,Air Leakage,1.04,46.32
6572,5.57,2917.27,80,10.3,95.08,3290,0,Valve Sticking,3.53,37.1
6573,5.3,2917.41,70,9.68,102.4,3290,0,Valve Sticking,3.87,9.56
6574,5.47,2917.46,60,10.48,96.45,3290,0,Valve Sticking,3.99,33.57
6575,5.33,2917.65,50,9.75,104.53,3290,0,Valve Sticking,2.8,9.33
6576,5.68,2919.07,40,9.8,118.11,3290,0,Seal Wear,1.69,22.28
6577,5.34,2919.16,30,10.02,99.57,3290,0,Valve Sticking,3.54,39.88
6578,5.16,2919.29,20,11.6,116.65,3290,0,Air Leakage,1.11,16.88
6579,5.38,2919.34,10,10.99,111.27,3290,0,Air Leakage,0.96,31.74
6580,4.75,2919.36,0,11.23,108.39,3290,0,Air Leakage,0.81,12.87
6581,4.83,2919.55,10,11.96,106.21,3291,0,Air Leakage,1.11,15.75
6582,5.93,2920.96,20,10.37,114.87,3292,0,Seal Wear,1.92,41.48
6583,5.49,2921.02,30,9.72,90.08,3293,0,Valve Sticking,3.55,25.43
6584,5.25,2921.03,40,11.48,107.81,3294,0,Air Leakage,0.86,22.01
6585,5.36,2921.12,50,10.11,105.42,3295,0,Valve Sticking,3.27,12.67
6586,5.89,2922.07,60,9.63,114.67,3296,0,Seal Wear,1.53,34.62
6587,5.34,2922.19,70,9.74,103.94,3297,0,Valve Sticking,3.14,6.09
6588,5.68,2923.63,80,9.66,119.02,3298,0,Seal Wear,2.26,18.7
6589,5.01,2923.72,90,10.45,104.36,3299,0,Valve Sticking,3.5,9.01
6590,5.04,2923.73,100,11.58,108.93,3300,0,Air Leakage,1.16,31.54
6591,5.62,2924.67,90,10.19,119.2,3300,0,Seal Wear,2.27,18.24
6592,5.47,2924.68,80,11.68,99.06,3300,0,Air Leakage,1.08,47.53
6593,5.15,2924.76,70,11.88,102.18,3300,0,Air Leakage,1.02,42.72
6594,5.13,2924.87,60,11.14,110.84,3300,0,Air Leakage,0.86,13.23
6595,5.63,2925.04,50,9.6,89.07,3300,0,Valve Sticking,2.68,35.35
6596,4.92,2925.15,40,11.93,106.58,3300,0,Air Leakage,1.16,24.69
6597,5.65,2926.05,30,9.7,116.25,3300,0,Seal Wear,1.6,23.61
6598,4.8,2926.08,20,10.6,108.47,3300,0,Air Leakage,1.15,34.73
6599,5.1,2926.27,10,11.27,108.84,3300,0,Air Leakage,1.19,24.54
6600,5.84,2927.56,0,10.23,115.64,3300,0,Seal Wear,2.1,31.87
6601,5.79,2928.45,10,9.69,116.54,3301,0,Seal Wear,1.99,29.25
6602,5.24,2928.51,20,9.58,103.74,3302,0,Valve Sticking,3.79,12.81
6603,5.84,2929.63,30,9.74,112.99,3303,0,Seal Wear,2.15,26.46
6604,4.76,2929.79,40,11.67,120.11,3304,0,Air Leakage,0.95,5.11
6605,5.27,2929.95,50,10.43,97.8,3305,0,Valve Sticking,2.92,14.05
6606,5.12,2929.95,60,11.7,108.4,3306,0,Air Leakage,0.83,23.91
6607,5.2,2930.1,70,9.75,97.47,3307,0,Valve Sticking,3.65,17.75
6608,5.04,2930.19,80,11.66,109.63,3308,0,Air Leakage,1.19,28.65
6609,5.44,2930.26,90,9.68,90.88,3309,0,Valve Sticking,3.37,33.45
6610,5.92,2931.46,100,10.49,115.55,3310,0,Seal Wear,2.33,32.46
6611,5.9,2932.23,90,9.83,114.68,3310,0,Seal Wear,1.66,34.46
6612,5.0,2932.24,80,11.12,115.58,3310,0,Air Leakage,0.86,16.4
6613,5.04,2932.36,70,11.87,104.95,3310,0,Air Leakage,0.86,22.29
6614,5.61,2933.17,60,9.97,123.54,3310,0,Seal Wear,1.94,7.91
6615,5.55,2933.31,50,9.95,94.68,3310,0,Valve Sticking,3.43,33.04
6616,5.32,2933.44,40,11.19,107.15,3310,0,Air Leakage,1.07,43.05
6617,5.69,2933.46,30,9.61,94.99,3310,0,Valve Sticking,3.48,49.79
6618,5.64,2933.49,20,9.84,87.34,3310,0,Valve Sticking,2.74,36.76
6619,5.7,2935.17,10,9.68,119.85,3310,0,Seal Wear,2.22,14.27
6620,4.74,2935.34,0,11.86,107.99,3310,0,Air Leakage,0.99,13.0
6621,5.35,2935.38,10,9.7,94.39,3311,0,Valve Sticking,3.72,15.87
6622,5.8,2936.82,20,10.25,114.8,3312,0,Seal Wear,2.31,21.65
6623,5.63,2937.68,30,10.05,118.4,3313,0,Seal Wear,1.85,9.67
6624,5.63,2938.65,40,9.81,117.28,3314,0,Seal Wear,1.81,12.77
6625,5.72,2938.8,50,9.72,89.37,3315,0,Valve Sticking,3.42,35.16
6626,4.75,2938.87,60,11.48,112.66,3316,0,Air Leakage,0.84,13.77
6627,5.24,2938.92,70,10.42,107.57,3317,0,Valve Sticking,3.26,6.86
6628,5.31,2938.99,80,9.56,94.16,3318,0,Valve Sticking,2.55,13.11
6629,4.78,2939.1,90,11.32,108.46,3319,0,Air Leakage,1.11,16.53
6630,5.73,2940.04,100,9.59,118.44,3320,0,Seal Wear,2.18,13.97
6631,4.99,2940.14,90,11.99,110.34,3320,0,Air Leakage,0.97,30.67
6632,5.98,2941.69,80,9.63,111.24,3320,0,Seal Wear,1.87,49.86
6633,4.77,2941.79,70,10.95,107.18,3320,0,Air Leakage,1.01,34.23
6634,5.61,2942.72,60,9.94,115.73,3320,0,Seal Wear,1.71,17.53
6635,5.45,2942.9,50,10.03,101.34,3320,0,Valve Sticking,3.48,11.87
6636,5.31,2942.92,40,9.66,93.7,3320,0,Valve Sticking,3.42,13.0
6637,5.58,2942.95,30,10.18,97.96,3320,0,Valve Sticking,3.56,37.24
6638,5.04,2943.09,20,12.17,112.82,3320,0,Air Leakage,0.9,24.12
6639,4.87,2943.18,10,10.8,117.97,3320,0,Air Leakage,0.99,11.98
6640,5.76,2944.1,0,10.42,113.85,3320,0,Seal Wear,2.22,30.63
6641,6.02,2944.96,10,10.11,109.07,3321,0,Seal Wear,2.49,49.72
6642,5.78,2946.2,20,10.24,116.3,3322,0,Seal Wear,2.46,29.02
6643,5.72,2947.18,30,10.01,116.34,3323,0,Seal Wear,1.69,20.63
6644,5.5,2947.22,40,9.7,101.29,3324,0,Valve Sticking,2.89,12.54
6645,5.13,2947.37,50,11.63,105.85,3325,0,Air Leakage,0.86,45.15
6646,5.58,2947.4,60,10.17,92.62,3326,0,Valve Sticking,2.75,45.43
6647,5.58,2948.42,70,9.79,119.28,3327,0,Seal Wear,1.54,10.05
6648,6.0,2949.42,80,10.0,107.84,3328,0,Seal Wear,2.13,49.11
6649,6.0,2950.65,90,10.09,109.12,3329,0,Seal Wear,1.86,43.25
6650,5.54,2950.75,100,10.22,93.01,3330,0,Valve Sticking,2.61,33.53
6651,5.61,2950.94,90,10.32,98.18,3330,0,Valve Sticking,3.3,28.15
6652,5.07,2951.03,80,11.72,110.08,3330,0,Air Leakage,0.98,41.66
6653,5.78,2952.48,70,9.77,115.74,3330,0,Seal Wear,1.57,29.63
6654,4.79,2952.58,60,11.88,110.72,3330,0,Air Leakage,1.06,19.04
6655,5.26,2952.65,50,10.31,92.26,3330,0,Valve Sticking,2.98,6.91
6656,5.21,2952.7,40,11.6,98.19,3330,0,Air Leakage,1.12,48.61
6657,5.09,2952.7,30,11.91,112.01,3330,0,Air Leakage,0.93,18.52
6658,5.29,2952.85,20,10.38,93.93,3330,0,Valve Sticking,3.99,19.55
6659,5.24,2952.87,10,10.06,99.38,3330,0,Valve Sticking,2.55,5.54
6660,5.1,2952.89,0,11.48,107.08,3330,0,Air Leakage,1.2,19.91
6661,5.08,2952.92,10,11.08,106.82,3331,0,Air Leakage,0.85,21.63
6662,5.63,2954.34,20,9.87,119.83,3332,0,Seal Wear,1.93,6.12
6663,5.32,2954.35,30,9.83,99.34,3333,0,Valve Sticking,3.53,12.65
6664,5.66,2954.52,40,10.0,96.86,3334,0,Valve Sticking,2.53,43.81
6665,4.82,2954.62,50,11.17,113.69,3335,0,Air Leakage,1.02,10.9
6666,5.99,2955.3,60,10.49,110.16,3336,0,Seal Wear,1.6,45.5
6667,5.16,2955.44,70,10.94,113.02,3337,0,Air Leakage,0.93,11.95
6668,6.05,2956.49,80,9.73,113.74,3338,0,Seal Wear,2.14,48.17
6669,5.82,2957.97,90,9.97,114.07,3339,0,Seal Wear,2.09,31.98
6670,5.88,2958.71,100,10.03,112.32,3340,0,Seal Wear,2.01,41.68
6671,5.17,2958.88,90,10.39,104.66,3340,0,Valve Sticking,2.52,11.54
6672,5.48,2958.95,80,9.82,87.19,3340,0,Valve Sticking,2.87,46.46
6673,5.55,2959.09,70,9.71,102.62,3340,0,Valve Sticking,3.52,21.71
6674,4.6,2959.17,60,11.11,111.05,3340,0,Air Leakage,1.13,16.94
6675,5.27,2959.28,50,9.7,99.75,3340,0,Valve Sticking,2.83,14.42
6676,5.37,2959.31,40,9.6,98.09,3340,0,Valve Sticking,2.91,34.59
6677,5.3,2959.5,30,11.53,103.37,3340,0,Air Leakage,0.93,39.02
6678,5.13,2959.68,20,11.24,112.08,3340,0,Air Leakage,0.94,35.32
6679,5.6,2959.69,10,9.8,99.57,3340,0,Valve Sticking,3.26,32.34
6680,5.74,2960.55,0,9.7,118.46,3340,0,Seal Wear,1.72,15.36
6681,5.03,2960.56,10,11.32,114.9,3341,0,Air Leakage,0.93,8.62
6682,4.99,2960.58,20,11.76,116.42,3342,0,Air Leakage,1.2,5.29
6683,5.81,2962.24,30,10.09,111.04,3343,0,Seal Wear,1.67,41.29
6684,5.7,2963.13,40,10.48,122.46,3344,0,Seal Wear,1.8,11.9
6685,4.92,2963.2,50,11.87,110.23,3345,0,Air Leakage,0.95,16.16
6686,5.44,2963.29,60,9.96,104.25,3346,0,Valve Sticking,3.25,14.53
6687,4.88,2963.36,70,11.76,111.24,3347,0,Air Leakage,1.08,30.14
6688,5.69,2965.03,80,9.63,120.41,3348,0,Seal Wear,1.71,18.52
6689,5.37,2965.09,90,9.96,89.65,3349,0,Valve Sticking,2.74,33.48
6690,5.53,2966.47,100,10.11,115.72,3350,0,Seal Wear,1.54,10.34
6691,5.14,2966.48,90,10.26,98.74,3350,0,Valve Sticking,3.92,20.59
6692,4.78,2966.49,80,11.87,115.16,3350,0,Air Leakage,1.13,9.06
6693,5.03,2966.6,70,11.26,113.93,3350,0,Air Leakage,0.99,16.18
6694,5.67,2967.83,60,10.13,119.07,3350,0,Seal Wear,2.37,21.26
6695,5.6,2968.84,50,9.59,119.65,3350,0,Seal Wear,1.88,6.32
6696,5.53,2968.9,40,10.31,95.7,3350,0,Valve Sticking,3.23,40.47
6697,5.84,2970.26,30,10.41,114.16,3350,0,Seal Wear,1.6,43.3
6698,5.09,2970.44,20,11.34,109.73,3350,0,Air Leakage,0.92,20.16
6699,5.59,2971.44,10,10.18,119.39,3350,0,Seal Wear,2.33,11.08
6700,5.94,2972.52,0,10.14,110.29,3350,0,Seal Wear,2.1,39.7
6701,5.33,2972.62,10,9.88,99.56,3351,0,Valve Sticking,2.96,19.69
6702,5.83,2972.66,20,9.59,94.98,3352,0,Valve Sticking,3.32,48.45
6703,4.81,2972.81,30,12.22,109.8,3353,0,Air Leakage,0.85,10.01
6704,4.87,2972.83,40,11.79,120.31,3354,0,Air Leakage,0.81,5.54
6705,5.57,2972.94,50,9.52,97.35,3355,0,Valve Sticking,2.83,25.69
6706,5.13,2973.06,60,11.58,105.72,3356,0,Air Leakage,0.9,26.95
6707,5.0,2973.15,70,11.58,104.26,3357,0,Air Leakage,0.95,49.53
6708,5.42,2973.33,80,10.45,101.31,3358,0,Valve Sticking,2.97,18.45
6709,5.56,2973.95,90,10.47,117.88,3359,0,Seal Wear,2.28,13.32
6710,5.66,2974.64,100,9.57,120.29,3360,0,Seal Wear,1.52,7.39
6711,5.96,2975.9,90,10.3,109.41,3360,0,Seal Wear,2.23,46.39
6712,4.99,2976.0,80,11.28,112.43,3360,0,Air Leakage,0.9,34.06
6713,5.05,2976.09,70,11.07,104.67,3360,0,Air Leakage,1.03,48.69
6714,5.67,2977.28,60,9.87,119.71,3360,0,Seal Wear,1.55,10.49
6715,4.98,2977.38,50,11.21,105.16,3360,0,Air Leakage,0.91,45.14
6716,6.0,2978.55,40,9.78,115.74,3360,0,Seal Wear,1.99,45.42
6717,5.66,2979.81,30,10.48,117.39,3360,0,Seal Wear,2.13,17.28
6718,5.47,2979.81,20,10.13,97.42,3360,0,Valve Sticking,3.57,38.34
6719,5.61,2980.95,10,9.95,120.54,3360,0,Seal Wear,2.47,8.94
6720,5.37,2981.01,0,11.41,102.39,3360,0,Air Leakage,1.07,42.17
6721,4.76,2981.21,10,11.84,111.97,3361,0,Air Leakage,0.93,11.14
6722,5.49,2981.36,20,9.9,99.32,3362,0,Valve Sticking,3.9,33.84
6723,4.76,2981.54,30,11.23,114.57,3363,0,Air Leakage,1.06,20.52
6724,5.91,2982.45,40,10.23,114.75,3364,0,Seal Wear,1.54,31.54
6725,5.2,2982.5,50,11.28,104.63,3365,0,Air Leakage,1.13,39.38
6726,5.07,2982.55,60,9.76,98.51,3366,0,Valve Sticking,3.42,8.58
6727,5.29,2982.69,70,10.45,94.26,3367,0,Valve Sticking,3.93,30.09
6728,5.99,2983.24,80,9.71,108.58,3368,0,Seal Wear,2.06,48.61
6729,5.35,2983.29,90,9.95,94.41,3369,0,Valve Sticking,2.51,17.29
6730,5.56,2983.33,100,9.86,84.6,3370,0,Valve Sticking,3.71,44.41
6731,5.11,2983.46,90,11.63,108.77,3370,0,Air Leakage,0.91,24.05
6732,5.9,2984.61,80,10.35,111.01,3370,0,Seal Wear,1.99,38.77
6733,5.52,2984.8,70,10.45,87.13,3370,0,Valve Sticking,3.01,39.38
6734,5.5,2984.84,60,10.32,98.07,3370,0,Valve Sticking,2.6,23.0
6735,5.43,2984.92,50,11.79,103.76,3370,0,Air Leakage,1.15,46.76
6736,5.2,2984.96,40,11.38,103.08,3370,0,Air Leakage,0.82,49.7
6737,5.04,2985.14,30,11.75,103.35,3370,0,Air Leakage,0.8,49.99
6738,5.77,2985.98,20,10.31,118.04,3370,0,Seal Wear,2.21,28.55
6739,5.95,2986.64,10,9.91,112.6,3370,0,Seal Wear,1.6,35.87
6740,5.51,2986.73,0,10.1,100.99,3370,0,Valve Sticking,2.54,28.77
6741,5.51,2987.9,10,10.06,118.21,3371,0,Seal Wear,1.72,6.6
6742,5.81,2988.94,20,10.08,113.25,3372,0,Seal Wear,1.85,40.61
6743,5.11,2988.99,30,11.17,105.19,3373,0,Air Leakage,0.99,43.26
6744,4.95,2989.09,40,11.71,110.66,3374,0,Air Leakage,0.87,20.62
6745,5.04,2989.19,50,11.75,110.87,3375,0,Air Leakage,1.07,19.76
6746,5.49,2989.26,60,9.91,88.74,3376,0,Valve Sticking,3.48,34.25
6747,5.17,2989.28,70,10.28,100.6,3377,0,Valve Sticking,3.04,25.94
6748,5.84,2990.02,80,10.31,117.65,3378,0,Seal Wear,2.32,32.77
6749,5.32,2990.19,90,11.31,111.13,3379,0,Air Leakage,0.93,32.75
6750,5.41,2990.31,100,9.67,98.35,3380,0,Valve Sticking,2.68,40.95
6751,5.63,2990.92,90,10.17,123.19,3380,0,Seal Wear,2.45,8.59
6752,5.15,2991.12,80,10.29,92.86,3380,0,Valve Sticking,2.8,14.54
6753,5.21,2991.18,70,12.17,110.83,3380,0,Air Leakage,1.09,29.1
6754,5.75,2992.1,60,10.46,114.39,3380,0,Seal Wear,2.45,23.74
6755,5.45,2992.1,50,9.97,87.04,3380,0,Valve Sticking,3.96,28.85
6756,5.71,2993.51,40,9.81,116.09,3380,0,Seal Wear,1.9,25.83
6757,4.99,2993.54,30,10.9,115.91,3380,0,Air Leakage,0.88,11.98
6758,5.88,2995.06,20,10.31,108.09,3380,0,Seal Wear,1.57,44.02
6759,5.2,2995.1,10,11.15,113.39,3380,0,Air Leakage,0.96,31.04
6760,5.87,2996.37,0,9.91,115.21,3380,0,Seal Wear,1.53,36.58
6761,4.5,2996.51,10,11.69,117.33,3381,0,Air Leakage,1.04,5.26
6762,5.12,2996.57,20,11.3,103.15,3382,0,Air Leakage,0.91,31.34
6763,5.34,2996.67,30,10.21,91.88,3383,0,Valve Sticking,3.09,17.89
6764,4.79,2996.74,40,11.04,109.9,3384,0,Air Leakage,1.07,16.67
6765,5.72,2997.76,50,9.66,117.62,3385,0,Seal Wear,2.27,16.07
6766,5.88,2998.72,60,10.04,115.54,3386,0,Seal Wear,1.67,33.76
6767,5.37,2998.79,70,11.12,100.47,3387,0,Air Leakage,1.12,46.75
6768,5.71,3000.38,80,9.51,118.07,3388,0,Seal Wear,1.97,25.95
6769,5.89,3001.04,90,10.21,112.92,3389,0,Seal Wear,2.35,43.75
6770,5.95,3002.38,100,9.9,110.95,3390,0,Seal Wear,2.46,35.33
6771,5.45,3002.54,90,10.27,92.4,3390,0,Valve Sticking,2.76,27.32
6772,5.59,3003.4,80,10.42,123.75,3390,0,Seal Wear,1.99,5.82
6773,5.29,3003.53,70,11.36,101.53,3390,0,Air Leakage,0.97,47.14
6774,5.6,3003.56,60,9.58,85.01,3390,0,Valve Sticking,3.71,47.79
6775,5.18,3003.66,50,10.86,104.89,3390,0,Air Leakage,1.01,46.97
6776,5.7,3004.79,40,9.6,115.68,3390,0,Seal Wear,2.36,23.38
6777,5.58,3004.83,30,9.54,97.7,3390,0,Valve Sticking,2.52,28.36
6778,4.95,3004.89,20,10.8,103.01,3390,0,Air Leakage,0.86,32.24
6779,5.36,3004.97,10,9.7,93.61,3390,0,Valve Sticking,2.92,16.69
6780,5.28,3005.14,0,10.0,92.28,3390,0,Valve Sticking,2.89,29.9
6781,5.6,3005.94,10,9.96,120.43,3391,0,Seal Wear,1.61,8.57
6782,5.66,3007.32,20,9.8,120.87,3392,0,Seal Wear,2.34,6.6
6783,5.17,3007.38,30,11.35,102.83,3393,0,Air Leakage,1.0,30.39
6784,5.34,3007.53,40,9.75,95.97,3394,0,Valve Sticking,3.68,21.8
6785,5.08,3007.58,50,10.07,97.81,3395,0,Valve Sticking,3.43,11.93
6786,5.34,3007.74,60,9.58,94.57,3396,0,Valve Sticking,3.21,22.7
6787,5.89,3008.53,70,10.1,111.61,3397,0,Seal Wear,2.03,46.86
6788,5.92,3009.7,80,10.45,109.13,3398,0,Seal Wear,1.96,46.32
6789,5.1,3009.78,90,11.78,108.03,3399,0,Air Leakage,1.18,28.05
6790,4.67,3009.79,100,12.11,117.07,3400,0,Air Leakage,1.07,8.54
6791,5.87,3010.63,90,10.45,113.4,3400,0,Seal Wear,1.6,37.99
6792,5.0,3010.73,80,11.24,112.58,3400,0,Air Leakage,1.12,10.4
6793,5.75,3012.11,70,10.05,117.69,3400,0,Seal Wear,2.09,17.99
6794,5.9,3012.83,60,10.16,112.59,3400,0,Seal Wear,1.99,46.58
6795,5.31,3012.87,50,11.13,111.04,3400,0,Air Leakage,1.11,36.14
6796,4.81,3012.94,40,11.53,114.93,3400,0,Air Leakage,1.04,18.03
6797,5.78,3012.96,30,9.55,86.83,3400,0,Valve Sticking,2.58,48.43
6798,5.92,3013.69,20,10.01,109.73,3400,0,Seal Wear,2.1,49.4
6799,5.48,3013.88,10,9.54,100.91,3400,0,Valve Sticking,3.53,16.59
6800,5.66,3015.21,0,9.59,119.59,3400,0,Seal Wear,2.35,12.79
6801,5.4,3015.28,10,9.71,94.65,3401,0,Valve Sticking,2.85,30.38
6802,5.08,3015.33,20,11.2,104.52,3402,0,Air Leakage,0.9,47.09
6803,5.12,3015.5,30,12.18,105.75,3403,0,Air Leakage,1.11,49.87
6804,4.91,3015.51,40,11.1,110.27,3404,0,Air Leakage,1.1,9.62
6805,6.01,3016.87,50,9.7,114.3,3405,0,Seal Wear,2.17,42.12
6806,5.56,3016.99,60,9.62,87.7,3406,0,Valve Sticking,3.91,38.58
6807,5.43,3017.01,70,9.65,100.42,3407,0,Valve Sticking,3.69,40.88
6808,4.64,3017.05,80,11.86,111.22,3408,0,Air Leakage,1.08,8.18
6809,4.91,3017.12,90,11.4,104.86,3409,0,Air Leakage,0.88,31.21
6810,5.25,3017.19,100,10.12,98.94,3410,0,Valve Sticking,3.55,10.95
6811,5.66,3018.6,90,10.09,120.74,3410,0,Seal Wear,2.43,8.83
6812,4.92,3018.64,80,11.54,117.26,3410,0,Air Leakage,1.16,10.43
6813,5.73,3019.4,70,10.21,120.65,3410,0,Seal Wear,2.24,13.46
6814,5.84,3020.83,60,10.01,110.03,3410,0,Seal Wear,1.66,35.59
6815,5.04,3020.96,50,11.28,115.41,3410,0,Air Leakage,0.97,9.88
6816,4.95,3020.99,40,11.6,107.55,3410,0,Air Leakage,1.0,37.71
6817,5.96,3021.89,30,9.88,113.3,3410,0,Seal Wear,2.13,38.51
6818,4.76,3022.06,20,11.43,115.48,3410,0,Air Leakage,0.84,9.14
6819,5.89,3023.22,10,9.58,111.27,3410,0,Seal Wear,2.28,39.98
6820,5.39,3023.28,0,12.05,106.78,3410,0,Air Leakage,0.8,45.21
6821,5.8,3024.54,10,9.84,114.13,3411,0,Seal Wear,1.57,37.93
6822,5.64,3024.64,20,9.92,85.83,3412,0,Valve Sticking,3.35,44.2
6823,5.01,3024.74,30,12.12,113.79,3413,0,Air Leakage,1.16,9.54
6824,5.6,3025.65,40,9.58,115.73,3414,0,Seal Wear,2.3,17.83
6825,5.31,3025.81,50,9.87,92.65,3415,0,Valve Sticking,3.74,40.21
6826,5.1,3025.94,60,11.68,104.67,3416,0,Air Leakage,0.98,49.43
6827,5.92,3027.14,70,9.59,115.89,3417,0,Seal Wear,1.53,37.16
6828,5.78,3028.8,80,9.69,112.49,3418,0,Seal Wear,2.47,23.9
6829,5.32,3028.96,90,10.18,96.04,3419,0,Valve Sticking,2.72,24.76
6830,5.04,3029.09,100,10.91,100.12,3420,0,Air Leakage,0.85,45.21
6831,5.11,3029.14,90,10.45,104.43,3420,0,Valve Sticking,3.15,19.49
6832,5.57,3030.49,80,10.27,117.19,3420,0,Seal Wear,2.06,11.07
6833,5.71,3031.7,70,9.99,120.62,3420,0,Seal Wear,2.23,19.86
6834,5.74,3033.05,60,9.98,115.25,3420,0,Seal Wear,1.57,26.81
6835,5.12,3033.1,50,10.48,95.66,3420,0,Valve Sticking,2.53,8.31
6836,5.3,3033.14,40,10.5,91.85,3420,0,Valve Sticking,3.24,16.83
6837,5.06,3033.25,30,11.12,105.98,3420,0,Air Leakage,0.88,37.85
6838,5.61,3034.08,20,9.59,124.27,3420,0,Seal Wear,1.69,8.13
6839,5.28,3034.19,10,9.91,100.76,3420,0,Valve Sticking,3.33,29.2
6840,5.74,3035.25,0,9.6,117.2,3420,0,Seal Wear,2.32,19.69
6841,5.34,3035.41,10,11.34,109.16,3421,0,Air Leakage,0.98,37.19
6842,5.07,3035.6,20,10.12,101.94,3422,0,Valve Sticking,2.58,5.1
6843,5.13,3035.74,30,10.68,102.02,3423,0,Air Leakage,1.03,30.89
6844,5.64,3037.05,40,10.29,120.78,3424,0,Seal Wear,2.17,5.49
6845,5.28,3037.12,50,10.27,100.13,3425,0,Valve Sticking,3.76,29.5
6846,4.95,3037.2,60,11.99,111.42,3426,0,Air Leakage,0.9,19.68
6847,5.68,3037.86,70,9.97,120.88,3427,0,Seal Wear,1.81,14.49
6848,4.78,3037.86,80,12.06,116.01,3428,0,Air Leakage,0.98,19.19
6849,5.09,3037.9,90,11.32,108.85,3429,0,Air Leakage,1.03,23.42
6850,4.7,3037.95,100,10.86,113.94,3430,0,Air Leakage,1.05,9.13
6851,5.83,3039.05,90,9.93,116.96,3430,0,Seal Wear,1.58,35.75
6852,4.78,3039.11,80,11.67,114.52,3430,0,Air Leakage,0.85,11.06
6853,5.69,3039.18,70,9.71,99.91,3430,0,Valve Sticking,3.59,32.31
6854,4.61,3039.19,60,11.25,119.34,3430,0,Air Leakage,1.18,5.26
6855,5.19,3039.38,50,10.65,102.92,3430,0,Air Leakage,1.1,27.07
6856,4.98,3039.52,40,11.32,111.56,3430,0,Air Leakage,0.86,10.27
6857,5.09,3039.55,30,9.64,97.52,3430,0,Valve Sticking,2.55,5.0
6858,5.39,3039.69,20,11.59,108.42,3430,0,Air Leakage,1.19,36.58
6859,5.97,3040.69,10,10.4,116.28,3430,0,Seal Wear,2.01,39.83
6860,5.55,3040.8,0,11.83,103.64,3430,0,Air Leakage,0.97,49.04
6861,4.9,3040.84,10,11.85,110.68,3431,0,Air Leakage,1.13,34.96
6862,5.74,3041.51,20,10.29,117.12,3432,0,Seal Wear,2.31,24.03
6863,5.12,3041.66,30,11.02,111.13,3433,0,Air Leakage,1.13,11.43
6864,5.78,3042.56,40,10.33,114.24,3434,0,Seal Wear,1.86,28.71
6865,5.47,3042.61,50,9.93,94.11,3435,0,Valve Sticking,2.64,29.91
6866,5.57,3042.8,60,10.35,94.73,3436,0,Valve Sticking,3.86,47.84
6867,5.0,3042.85,70,11.08,101.59,3437,0,Air Leakage,0.81,43.47
6868,5.86,3044.42,80,9.99,116.75,3438,0,Seal Wear,2.07,36.56
6869,5.26,3044.49,90,10.3,91.44,3439,0,Valve Sticking,3.4,15.33
6870,5.72,3044.62,100,10.29,93.04,3440,0,Valve Sticking,2.81,48.86
6871,5.25,3044.66,90,10.31,99.66,3440,0,Valve Sticking,3.78,9.54
6872,5.94,3045.27,80,10.28,114.13,3440,0,Seal Wear,2.23,40.1
6873,5.64,3045.44,70,9.52,91.63,3440,0,Valve Sticking,3.07,37.69
6874,5.61,3046.17,60,10.22,117.69,3440,0,Seal Wear,2.48,17.09
6875,5.36,3046.31,50,9.66,97.87,3440,0,Valve Sticking,3.09,18.51
6876,5.84,3047.28,40,10.45,112.63,3440,0,Seal Wear,1.66,42.86
6877,6.05,3048.36,30,10.01,113.84,3440,0,Seal Wear,1.54,46.32
6878,5.15,3048.37,20,11.01,104.99,3440,0,Air Leakage,0.84,49.28
6879,5.38,3048.49,10,10.38,93.41,3440,0,Valve Sticking,3.0,29.09
6880,5.33,3048.54,0,10.22,99.98,3440,0,Valve Sticking,3.01,11.44
6881,5.38,3048.73,10,9.75,101.36,3441,0,Valve Sticking,2.78,27.21
6882,5.34,3048.87,20,9.53,90.72,3442,0,Valve Sticking,3.13,27.12
6883,5.59,3049.68,30,9.86,117.3,3443,0,Seal Wear,1.63,18.65
6884,5.82,3050.79,40,10.3,116.02,3444,0,Seal Wear,2.4,32.81
6885,4.72,3050.8,50,11.47,115.68,3445,0,Air Leakage,0.88,8.52
6886,5.23,3050.83,60,11.17,107.54,3446,0,Air Leakage,0.89,44.27
6887,5.75,3051.86,70,10.36,116.33,3447,0,Seal Wear,1.75,21.95
6888,5.28,3051.99,80,11.65,109.56,3448,0,Air Leakage,0.85,30.12
6889,5.71,3053.36,90,9.67,112.65,3449,0,Seal Wear,2.4,30.37
6890,5.56,3053.43,100,10.28,88.47,3450,0,Valve Sticking,3.83,41.44
6891,5.39,3053.62,90,10.17,96.96,3450,0,Valve Sticking,3.59,36.35
6892,4.83,3053.67,80,11.48,113.19,3450,0,Air Leakage,0.92,22.21
6893,5.48,3053.75,70,9.68,90.16,3450,0,Valve Sticking,3.97,36.95
6894,5.56,3055.0,60,9.77,119.89,3450,0,Seal Wear,2.28,15.29
6895,5.92,3055.7,50,9.9,109.0,3450,0,Seal Wear,1.99,44.58
6896,5.48,3055.74,40,9.96,93.4,3450,0,Valve Sticking,3.29,26.53
6897,5.12,3055.76,30,9.96,95.58,3450,0,Valve Sticking,3.46,14.68
6898,5.71,3056.6,20,10.13,122.61,3450,0,Seal Wear,1.92,14.09
6899,5.06,3056.64,10,11.72,106.68,3450,0,Air Leakage,0.86,42.02
6900,5.69,3058.22,0,10.29,113.09,3450,0,Seal Wear,1.75,27.36
6901,5.19,3058.38,10,12.26,111.33,3451,0,Air Leakage,1.17,24.11
6902,5.51,3058.58,20,10.25,97.17,3452,0,Valve Sticking,3.72,26.61
6903,5.51,3058.62,30,10.42,86.72,3453,0,Valve Sticking,3.12,47.49
6904,5.8,3059.42,40,9.53,115.04,3454,0,Seal Wear,2.14,35.65
6905,5.71,3059.49,50,10.24,86.41,3455,0,Valve Sticking,3.97,49.82
6906,5.58,3059.59,60,10.41,97.65,3456,0,Valve Sticking,3.82,37.86
6907,5.6,3059.71,70,9.58,95.12,3457,0,Valve Sticking,3.44,48.94
6908,5.7,3060.3,80,10.44,114.64,3458,0,Seal Wear,2.27,29.1
6909,4.88,3060.37,90,12.13,110.67,3459,0,Air Leakage,0.89,9.1
6910,5.33,3060.46,100,10.12,102.06,3460,0,Valve Sticking,2.76,19.54
6911,5.31,3060.66,90,9.65,102.62,3460,0,Valve Sticking,2.69,29.6
6912,5.65,3062.26,80,10.02,114.85,3460,0,Seal Wear,1.72,19.6
6913,5.17,3062.36,70,11.01,116.1,3460,0,Air Leakage,0.8,14.73
6914,5.77,3063.32,60,10.06,111.58,3460,0,Seal Wear,1.59,36.48
6915,5.6,3064.12,50,9.62,122.63,3460,0,Seal Wear,1.96,11.36
6916,5.8,3065.46,40,9.78,114.6,3460,0,Seal Wear,2.17,32.62
6917,5.9,3066.42,30,9.57,115.22,3460,0,Seal Wear,2.0,30.41
6918,5.56,3067.83,20,9.56,121.39,3460,0,Seal Wear,1.65,7.07
6919,5.81,3068.64,10,10.32,112.41,3460,0,Seal Wear,2.4,33.12
6920,5.71,3069.47,0,10.05,116.96,3460,0,Seal Wear,1.93,28.35
6921,5.1,3069.52,10,12.24,106.67,3461,0,Air Leakage,0.9,31.03
6922,5.58,3070.31,20,9.6,121.86,3462,0,Seal Wear,1.52,6.58
6923,5.48,3070.47,30,11.65,105.41,3463,0,Air Leakage,0.96,49.61
6924,5.91,3072.01,40,10.32,114.42,3464,0,Seal Wear,2.16,33.05
6925,5.63,3072.13,50,9.82,93.09,3465,0,Valve Sticking,2.66,40.88
6926,5.54,3072.25,60,9.65,94.53,3466,0,Valve Sticking,3.31,45.85
6927,5.02,3072.27,70,10.92,108.43,3467,0,Air Leakage,0.97,41.1
6928,5.49,3072.45,80,10.42,95.1,3468,0,Valve Sticking,2.88,39.5
6929,4.79,3072.47,90,11.47,114.27,3469,0,Air Leakage,0.9,24.82
6930,5.61,3073.45,100,10.18,117.63,3470,0,Seal Wear,2.24,5.42
6931,5.81,3074.6,90,10.36,117.18,3470,0,Seal Wear,2.43,23.16
6932,5.66,3075.59,80,10.37,121.63,3470,0,Seal Wear,1.91,18.73
6933,5.89,3077.0,70,10.27,110.97,3470,0,Seal Wear,2.16,36.12
6934,5.88,3078.07,60,9.52,113.85,3470,0,Seal Wear,2.38,46.08
6935,5.72,3078.76,50,10.14,114.47,3470,0,Seal Wear,1.7,24.91
6936,5.75,3079.93,40,9.81,117.79,3470,0,Seal Wear,1.61,24.3
6937,5.33,3080.08,30,9.7,103.9,3470,0,Valve Sticking,3.11,16.93
6938,5.43,3080.11,20,9.73,93.55,3470,0,Valve Sticking,3.96,22.53
6939,6.0,3081.72,10,10.44,108.94,3470,0,Seal Wear,2.2,49.8
6940,4.72,3081.73,0,11.82,114.08,3470,0,Air Leakage,1.01,7.32
6941,5.79,3083.38,10,10.26,121.15,3471,0,Seal Wear,1.6,21.43
6942,5.55,3084.17,20,10.45,120.3,3472,0,Seal Wear,1.72,15.06
6943,5.66,3084.35,30,9.63,89.9,3473,0,Valve Sticking,3.73,37.87
6944,5.84,3085.17,40,10.25,115.61,3474,0,Seal Wear,1.55,36.41
6945,5.27,3085.28,50,12.17,105.58,3475,0,Air Leakage,0.91,39.17
6946,5.35,3085.31,60,9.79,101.1,3476,0,Valve Sticking,2.58,29.16
6947,5.96,3086.99,70,9.63,115.12,3477,0,Seal Wear,2.37,37.52
6948,5.42,3087.04,80,10.45,92.94,3478,0,Valve Sticking,3.22,44.11
6949,5.09,3087.19,90,10.12,96.24,3479,0,Valve Sticking,2.52,6.96
6950,5.48,3087.24,100,9.88,96.66,3480,0,Valve Sticking,3.36,36.42
6951,5.21,3087.27,90,9.55,95.34,3480,0,Valve Sticking,3.41,28.0
6952,5.87,3088.2,80,9.96,114.0,3480,0,Seal Wear,2.36,35.55
6953,5.93,3089.73,70,10.09,111.7,3480,0,Seal Wear,1.61,44.33
6954,5.45,3089.79,60,9.62,97.63,3480,0,Valve Sticking,2.71,36.41
6955,5.29,3089.85,50,10.17,105.09,3480,0,Valve Sticking,3.96,6.56
6956,5.32,3089.91,40,9.98,97.48,3480,0,Valve Sticking,3.78,21.03
6957,5.67,3090.07,30,9.83,84.14,3480,0,Valve Sticking,3.77,47.28
6958,5.77,3091.37,20,10.44,118.29,3480,0,Seal Wear,2.09,17.46
6959,5.52,3091.38,10,10.23,100.26,3480,0,Valve Sticking,3.65,32.79
6960,5.27,3091.57,0,9.97,98.5,3480,0,Valve Sticking,2.65,29.06
6961,4.89,3091.73,10,11.02,106.63,3481,0,Air Leakage,0.83,31.88
6962,5.68,3092.99,20,9.87,120.22,3482,0,Seal Wear,2.17,8.22
6963,5.4,3093.06,30,11.72,100.71,3483,0,Air Leakage,1.14,49.8
6964,5.96,3093.7,40,9.59,110.09,3484,0,Seal Wear,2.15,41.66
6965,5.67,3093.71,50,10.43,92.65,3485,0,Valve Sticking,3.9,38.63
6966,5.38,3093.74,60,11.15,105.02,3486,0,Air Leakage,1.07,49.8
6967,5.82,3095.32,70,10.42,116.62,3487,0,Seal Wear,1.81,34.88
6968,5.56,3096.43,80,10.25,117.65,3488,0,Seal Wear,1.56,5.25
6969,5.29,3096.52,90,9.78,93.14,3489,0,Valve Sticking,3.86,12.95
6970,5.24,3096.63,100,10.02,106.44,3490,0,Valve Sticking,2.55,5.17
6971,5.86,3097.71,90,9.92,108.97,3490,0,Seal Wear,1.88,44.03
6972,5.57,3098.43,80,9.9,115.95,3490,0,Seal Wear,2.49,11.11
6973,5.25,3098.54,70,12.27,100.88,3490,0,Air Leakage,0.96,42.21
6974,5.0,3098.71,60,11.54,110.3,3490,0,Air Leakage,0.98,44.87
6975,5.12,3098.88,50,11.63,102.47,3490,0,Air Leakage,1.1,30.79
6976,5.72,3099.06,40,9.79,89.36,3490,0,Valve Sticking,3.9,35.24
6977,5.68,3099.76,30,9.74,121.82,3490,0,Seal Wear,1.51,12.65
6978,5.24,3099.81,20,9.92,91.28,3490,0,Valve Sticking,3.85,15.78
6979,5.7,3099.83,10,10.17,87.03,3490,0,Valve Sticking,3.79,41.94
6980,5.44,3099.94,0,9.64,94.25,3490,0,Valve Sticking,2.83,20.91
6981,5.79,3100.61,10,10.22,118.29,3491,0,Seal Wear,1.92,21.53
6982,6.0,3101.77,20,10.04,110.38,3492,0,Seal Wear,1.59,44.66
6983,5.44,3101.96,30,9.74,90.93,3493,0,Valve Sticking,2.64,30.36
6984,5.74,3102.12,40,9.77,84.53,3494,0,Valve Sticking,3.0,42.28
6985,5.73,3103.67,50,9.55,116.5,3495,0,Seal Wear,2.08,19.13
6986,4.77,3103.76,60,11.79,106.9,3496,0,Air Leakage,0.92,13.96
6987,5.71,3104.58,70,10.16,113.74,3497,0,Seal Wear,1.94,27.78
6988,5.72,3105.3,80,9.63,114.99,3498,0,Seal Wear,2.03,29.68
6989,4.95,3105.3,90,12.07,116.6,3499,0,Air Leakage,1.03,5.34
6990,5.21,3105.44,100,10.18,105.26,3500,0,Valve Sticking,3.09,6.86
6991,5.54,3106.06,90,9.63,124.48,3500,0,Seal Wear,1.87,6.86
6992,4.93,3106.07,80,11.94,115.63,3500,0,Air Leakage,0.88,13.27
6993,5.74,3106.23,70,10.29,88.62,3500,0,Valve Sticking,2.99,44.46
6994,5.8,3107.08,60,10.21,118.06,3500,0,Seal Wear,1.98,21.03
6995,5.83,3108.17,50,9.73,114.98,3500,0,Seal Wear,2.27,31.55
6996,5.45,3108.26,40,9.51,88.36,3500,0,Valve Sticking,2.8,27.5
6997,5.39,3108.32,30,9.83,96.98,3500,0,Valve Sticking,2.99,33.97
6998,5.69,3109.16,20,10.06,122.01,3500,0,Seal Wear,2.44,16.03
6999,5.57,3109.24,10,10.17,93.82,3500,0,Valve Sticking,2.84,37.62
7000,5.19,3109.39,0,11.74,109.28,3500,0,Air Leakage,0.96,33.55
7001,5.88,3110.14,10,9.88,118.08,3501,0,Seal Wear,1.94,30.47
7002,5.67,3111.08,20,10.24,117.27,3502,0,Seal Wear,2.1,16.24
7003,5.35,3111.1,30,10.22,102.33,3503,0,Valve Sticking,3.32,14.61
7004,5.25,3111.22,40,11.25,112.3,3504,0,Air Leakage,1.12,34.4
7005,5.88,3112.41,50,10.3,113.14,3505,0,Seal Wear,1.89,28.77
7006,5.4,3112.6,60,9.77,85.14,3506,0,Valve Sticking,3.65,49.28
7007,5.11,3112.74,70,11.45,105.75,3507,0,Air Leakage,1.01,20.53
7008,5.27,3112.84,80,10.17,103.59,3508,0,Valve Sticking,2.75,6.97
7009,5.14,3112.85,90,9.63,96.05,3509,0,Valve Sticking,3.17,8.06
7010,5.53,3113.02,100,10.29,101.8,3510,0,Valve Sticking,3.15,18.57
7011,4.99,3113.04,90,10.8,112.83,3510,0,Air Leakage,0.91,11.41
7012,5.74,3113.94,80,10.48,112.91,3510,0,Seal Wear,1.66,32.44
7013,5.02,3114.08,70,11.57,104.01,3510,0,Air Leakage,1.14,43.55
7014,5.73,3114.9,60,10.32,113.47,3510,0,Seal Wear,2.03,23.91
7015,5.44,3114.98,50,10.44,87.56,3510,0,Valve Sticking,2.51,31.36
7016,4.98,3115.08,40,11.71,108.84,3510,0,Air Leakage,1.17,40.96
7017,5.42,3115.17,30,10.23,97.9,3510,0,Valve Sticking,3.64,33.35
7018,5.89,3116.69,20,9.76,115.41,3510,0,Seal Wear,2.07,42.52
7019,5.61,3116.72,10,10.04,95.6,3510,0,Valve Sticking,2.52,24.91
7020,5.26,3116.88,0,11.29,105.08,3510,0,Air Leakage,1.02,24.08
7021,5.38,3117.01,10,9.52,96.16,3511,0,Valve Sticking,3.75,31.53
7022,5.11,3117.08,20,11.86,113.7,3512,0,Air Leakage,1.09,18.07
7023,5.36,3117.2,30,10.11,88.41,3513,0,Valve Sticking,2.78,27.91
7024,6.07,3118.69,40,10.38,109.57,3514,0,Seal Wear,1.86,47.86
7025,5.37,3118.85,50,9.72,103.91,3515,0,Valve Sticking,3.49,13.13
7026,5.64,3120.48,60,9.64,116.8,3516,0,Seal Wear,2.24,20.77
7027,5.86,3122.1,70,9.96,114.13,3517,0,Seal Wear,1.63,34.63
7028,5.02,3122.23,80,11.04,111.29,3518,0,Air Leakage,0.84,19.46
7029,5.1,3122.28,90,11.09,114.92,3519,0,Air Leakage,0.85,17.2
7030,5.47,3122.33,100,10.37,97.41,3520,0,Valve Sticking,3.97,49.01
7031,5.84,3123.33,90,9.51,116.26,3520,0,Seal Wear,1.91,35.44
7032,5.46,3123.35,80,10.01,96.07,3520,0,Valve Sticking,2.93,13.71
7033,5.61,3124.18,70,10.24,119.09,3520,0,Seal Wear,2.36,16.81
7034,5.93,3124.73,60,10.24,108.08,3520,0,Seal Wear,1.73,43.99
7035,4.73,3124.77,50,11.83,110.4,3520,0,Air Leakage,1.12,25.21
7036,5.5,3124.83,40,9.7,97.08,3520,0,Valve Sticking,3.5,34.27
7037,4.94,3125.0,30,10.88,103.98,3520,0,Air Leakage,1.05,40.15
7038,5.35,3125.01,20,9.99,97.44,3520,0,Valve Sticking,2.67,24.13
7039,5.98,3126.06,10,9.55,109.66,3520,0,Seal Wear,1.92,49.32
7040,5.58,3126.99,0,9.9,119.35,3520,0,Seal Wear,1.85,13.87
7041,5.44,3127.09,10,10.17,92.46,3521,0,Valve Sticking,3.23,23.89
7042,5.92,3127.77,20,10.28,113.36,3522,0,Seal Wear,2.38,33.47
7043,5.52,3127.86,30,10.41,97.13,3523,0,Valve Sticking,3.59,42.43
7044,5.54,3127.94,40,9.51,91.47,3524,0,Valve Sticking,3.68,40.87
7045,6.04,3129.06,50,9.6,107.98,3525,0,Seal Wear,2.17,49.16
7046,5.66,3129.12,60,9.89,96.75,3526,0,Valve Sticking,3.59,39.83
7047,5.31,3129.23,70,10.4,92.72,3527,0,Valve Sticking,2.74,13.44
7048,5.99,3130.43,80,9.99,114.31,3528,0,Seal Wear,2.37,42.39
7049,5.14,3130.59,90,10.83,108.22,3529,0,Air Leakage,0.99,36.68
7050,5.48,3130.72,100,10.47,91.55,3530,0,Valve Sticking,3.06,37.44
7051,5.54,3130.78,90,9.75,95.89,3530,0,Valve Sticking,2.59,28.69
7052,5.27,3130.84,80,12.2,100.53,3530,0,Air Leakage,0.82,44.77
7053,4.98,3130.9,70,12.14,102.83,3530,0,Air Leakage,1.18,33.59
7054,5.84,3131.91,60,10.46,115.74,3530,0,Seal Wear,1.84,24.89
7055,5.5,3131.98,50,9.51,84.57,3530,0,Valve Sticking,3.92,48.5
7056,5.67,3132.04,40,9.6,90.41,3530,0,Valve Sticking,2.97,39.79
7057,5.96,3132.8,30,9.68,115.71,3530,0,Seal Wear,1.9,38.73
7058,5.67,3133.56,20,9.54,113.45,3530,0,Seal Wear,1.68,23.84
7059,5.81,3133.63,10,9.73,86.78,3530,0,Valve Sticking,3.19,50.0
7060,5.72,3133.78,0,10.0,90.14,3530,0,Valve Sticking,3.6,44.53
7061,4.89,3133.83,10,10.64,107.39,3531,0,Air Leakage,1.14,35.45
7062,4.9,3133.94,20,11.78,105.42,3532,0,Air Leakage,0.81,33.42
7063,5.57,3133.99,30,10.13,95.16,3533,0,Valve Sticking,3.92,31.91
7064,5.76,3134.88,40,9.61,116.41,3534,0,Seal Wear,2.12,24.89
7065,5.93,3135.95,50,10.0,112.91,3535,0,Seal Wear,1.95,44.67
7066,5.24,3136.08,60,9.92,100.73,3536,0,Valve Sticking,2.82,30.59
7067,5.03,3136.1,70,11.36,108.61,3537,0,Air Leakage,0.99,24.7
7068,5.49,3136.23,80,10.25,87.4,3538,0,Valve Sticking,3.24,39.55
7069,4.91,3136.25,90,11.33,107.28,3539,0,Air Leakage,0.87,21.14
7070,5.19,3136.42,100,11.72,110.69,3540,0,Air Leakage,1.01,29.52
7071,5.62,3137.55,90,10.0,117.31,3540,0,Seal Wear,1.96,11.49
7072,5.93,3138.59,80,9.98,108.64,3540,0,Seal Wear,1.79,49.47
7073,5.89,3140.12,70,10.27,110.29,3540,0,Seal Wear,1.55,39.1
7074,5.77,3141.44,60,9.64,115.61,3540,0,Seal Wear,1.78,22.26
7075,5.45,3141.59,50,9.67,97.16,3540,0,Valve Sticking,3.57,20.42
7076,5.94,3142.61,40,10.16,110.93,3540,0,Seal Wear,1.54,45.45
7077,5.83,3143.37,30,10.5,115.48,3540,0,Seal Wear,1.51,27.47
7078,5.87,3144.81,20,9.8,114.45,3540,0,Seal Wear,1.76,39.33
7079,5.27,3144.83,10,11.13,105.48,3540,0,Air Leakage,1.09,43.12
7080,5.99,3145.45,0,9.82,109.01,3540,0,Seal Wear,1.67,47.27
7081,5.65,3146.31,10,10.06,116.77,3541,0,Seal Wear,2.07,22.86
7082,5.8,3147.09,20,9.57,116.76,3542,0,Seal Wear,2.44,25.28
7083,5.47,3147.16,30,10.35,90.17,3543,0,Valve Sticking,3.01,48.07
7084,5.74,3148.5,40,10.29,117.15,3544,0,Seal Wear,1.87,16.77
7085,5.53,3148.57,50,10.35,87.76,3545,0,Valve Sticking,3.03,48.96
7086,5.02,3148.73,60,10.96,108.62,3546,0,Air Leakage,1.07,43.16
7087,5.83,3149.66,70,10.38,118.74,3547,0,Seal Wear,2.25,31.56
7088,5.88,3150.49,80,10.15,114.74,3548,0,Seal Wear,1.93,38.87
7089,5.6,3150.62,90,9.95,83.01,3549,0,Valve Sticking,3.06,49.26
7090,4.85,3150.77,100,11.68,102.44,3550,0,Air Leakage,0.99,38.2
7091,5.28,3150.87,90,9.96,102.42,3550,0,Valve Sticking,2.59,21.7
7092,5.69,3151.52,80,10.46,120.02,3550,0,Seal Wear,2.02,9.17
7093,5.69,3152.78,70,9.92,121.69,3550,0,Seal Wear,1.89,13.98
7094,5.99,3153.99,60,9.58,111.06,3550,0,Seal Wear,2.5,48.63
7095,4.86,3154.15,50,11.68,110.33,3550,0,Air Leakage,0.98,37.12
7096,5.62,3155.58,40,9.53,119.21,3550,0,Seal Wear,1.86,11.06
7097,5.07,3155.66,30,11.82,97.5,3550,0,Air Leakage,1.03,49.27
7098,5.03,3155.69,20,11.32,115.77,3550,0,Air Leakage,1.0,6.57
7099,5.79,3156.84,10,10.08,119.0,3550,0,Seal Wear,1.78,25.94
7100,5.45,3156.92,0,10.08,99.71,3550,0,Valve Sticking,2.73,35.6
7101,5.67,3157.05,10,9.96,83.54,3551,0,Valve Sticking,3.34,48.35
7102,6.0,3158.55,20,10.34,113.0,3552,0,Seal Wear,2.44,43.35
7103,5.98,3159.6,30,10.11,113.61,3553,0,Seal Wear,1.64,39.34
7104,5.96,3160.53,40,9.5,114.25,3554,0,Seal Wear,2.1,37.89
7105,5.59,3162.03,50,10.22,120.76,3555,0,Seal Wear,1.51,5.12
7106,5.26,3162.07,60,11.34,102.55,3556,0,Air Leakage,1.02,43.48
7107,6.01,3162.97,70,10.01,113.63,3557,0,Seal Wear,1.54,40.84
7108,5.41,3163.07,80,9.88,93.05,3558,0,Valve Sticking,3.55,36.03
7109,5.17,3163.21,90,9.97,93.87,3559,0,Valve Sticking,2.81,21.2
7110,5.9,3164.5,100,9.7,115.65,3560,0,Seal Wear,1.92,31.27
7111,4.8,3164.68,90,11.54,105.3,3560,0,Air Leakage,0.99,25.54
7112,5.67,3165.71,80,10.44,117.56,3560,0,Seal Wear,2.44,11.58
7113,5.09,3165.89,70,10.3,100.35,3560,0,Valve Sticking,3.68,6.93
7114,5.15,3166.04,60,10.44,109.14,3560,0,Valve Sticking,3.77,7.42
7115,5.38,3166.21,50,10.04,98.96,3560,0,Valve Sticking,3.8,14.97
7116,4.76,3166.33,40,11.35,107.37,3560,0,Air Leakage,1.09,13.62
7117,5.63,3167.41,30,10.11,116.86,3560,0,Seal Wear,1.79,17.59
7118,5.29,3167.42,20,9.91,95.46,3560,0,Valve Sticking,3.73,10.65
7119,4.72,3167.6,10,10.77,113.49,3560,0,Air Leakage,1.16,8.87
7120,4.93,3167.77,0,11.82,110.4,3560,0,Air Leakage,0.96,19.57
7121,5.16,3167.86,10,10.87,106.68,3561,0,Air Leakage,1.01,37.74
7122,5.38,3168.04,20,11.42,102.08,3562,0,Air Leakage,0.98,37.89
7123,5.0,3168.13,30,11.57,109.6,3563,0,Air Leakage,0.87,22.21
7124,5.34,3168.28,40,9.65,105.47,3564,0,Valve Sticking,2.63,6.64
7125,5.44,3168.29,50,9.51,90.44,3565,0,Valve Sticking,2.62,19.91
7126,5.82,3169.04,60,9.54,116.21,3566,0,Seal Wear,2.12,24.77
7127,5.66,3170.5,70,9.62,121.34,3567,0,Seal Wear,2.38,17.57
7128,5.2,3170.57,80,9.91,101.83,3568,0,Valve Sticking,3.59,13.5
7129,5.77,3171.65,90,10.44,117.67,3569,0,Seal Wear,1.68,34.47
7130,6.07,3172.67,100,10.21,109.19,3570,0,Seal Wear,2.13,49.26
7131,5.9,3173.81,90,10.37,110.03,3570,0,Seal Wear,2.23,37.41
7132,4.84,3173.99,80,11.52,102.94,3570,0,Air Leakage,1.2,32.04
7133,5.22,3174.09,70,10.33,97.17,3570,0,Valve Sticking,2.73,8.92
7134,5.81,3174.91,60,9.72,117.67,3570,0,Seal Wear,1.82,21.54
7135,5.8,3175.97,50,9.89,114.91,3570,0,Seal Wear,2.02,28.74
7136,4.8,3175.99,40,11.99,111.04,3570,0,Air Leakage,1.1,16.74
7137,4.99,3176.15,30,10.79,110.98,3570,0,Air Leakage,1.03,20.5
7138,5.57,3177.14,20,9.85,119.04,3570,0,Seal Wear,2.37,10.45
7139,5.07,3177.22,10,11.93,113.21,3570,0,Air Leakage,1.13,12.71
7140,5.89,3178.68,0,9.83,114.67,3570,0,Seal Wear,2.21,30.19
7141,5.7,3179.94,10,10.14,120.25,3571,0,Seal Wear,2.39,14.01
7142,5.63,3181.51,20,9.58,115.87,3572,0,Seal Wear,2.27,22.44
7143,5.24,3181.68,30,11.2,106.46,3573,0,Air Leakage,1.09,39.5
7144,5.41,3181.83,40,9.89,89.04,3574,0,Valve Sticking,3.89,39.95
7145,5.31,3181.95,50,9.5,99.44,3575,0,Valve Sticking,3.9,16.21
7146,5.66,3182.87,60,9.88,118.23,3576,0,Seal Wear,1.85,13.7
7147,5.06,3183.04,70,11.55,117.47,3577,0,Air Leakage,0.92,11.17
7148,5.47,3183.05,80,10.05,98.81,3578,0,Valve Sticking,3.55,22.68
7149,5.59,3184.4,90,10.4,121.28,3579,0,Seal Wear,2.18,7.65
7150,5.61,3184.5,100,9.51,90.92,3580,0,Valve Sticking,3.03,41.39
7151,5.23,3184.67,90,10.13,105.21,3580,0,Valve Sticking,3.85,16.28
7152,5.0,3184.72,80,10.77,107.96,3580,0,Air Leakage,1.04,46.43
7153,5.23,3184.9,70,10.08,91.72,3580,0,Valve Sticking,3.27,18.85
7154,5.14,3185.05,60,11.43,102.32,3580,0,Air Leakage,0.98,39.06
7155,5.81,3185.83,50,9.61,112.87,3580,0,Seal Wear,2.47,38.81
7156,6.03,3186.92,40,10.33,110.54,3580,0,Seal Wear,2.08,48.33
7157,5.41,3186.96,30,9.53,101.82,3580,0,Valve Sticking,2.74,7.66
7158,4.69,3187.11,20,12.07,111.14,3580,0,Air Leakage,1.03,13.97
7159,5.66,3187.22,10,9.58,86.17,3580,0,Valve Sticking,3.26,46.73
7160,5.55,3187.37,0,9.63,99.81,3580,0,Valve Sticking,3.53,32.1
7161,5.7,3188.51,10,10.07,117.88,3581,0,Seal Wear,2.4,21.76
7162,6.0,3189.68,20,10.3,113.84,3582,0,Seal Wear,2.01,48.2
7163,4.61,3189.71,30,11.73,110.81,3583,0,Air Leakage,0.81,16.94
7164,5.72,3190.46,40,10.19,114.52,3584,0,Seal Wear,1.87,20.69
7165,5.03,3190.5,50,10.86,106.33,3585,0,Air Leakage,0.9,46.78
7166,5.53,3190.55,60,9.61,88.88,3586,0,Valve Sticking,3.73,27.99
7167,5.08,3190.75,70,10.5,97.85,3587,0,Valve Sticking,3.01,9.11
7168,5.39,3190.95,80,9.88,87.92,3588,0,Valve Sticking,3.12,30.23
7169,4.94,3191.0,90,11.61,111.45,3589,0,Air Leakage,0.83,24.69
7170,4.9,3191.1,100,11.9,110.01,3590,0,Air Leakage,1.12,28.03
7171,5.88,3192.12,90,9.98,112.43,3590,0,Seal Wear,2.37,43.82
7172,4.93,3192.31,80,11.47,109.81,3590,0,Air Leakage,0.9,15.61
7173,5.22,3192.47,70,11.36,99.69,3590,0,Air Leakage,1.0,46.89
7174,5.53,3192.51,60,10.14,94.46,3590,0,Valve Sticking,3.43,29.22
7175,4.98,3192.68,50,11.49,114.68,3590,0,Air Leakage,1.08,22.41
7176,5.82,3194.15,40,10.06,114.81,3590,0,Seal Wear,1.68,34.95
7177,4.96,3194.35,30,11.18,111.66,3590,0,Air Leakage,0.98,22.01
7178,5.88,3195.31,20,9.81,113.68,3590,0,Seal Wear,1.66,40.39
7179,5.2,3195.5,10,10.31,95.67,3590,0,Valve Sticking,3.99,17.19
7180,5.07,3195.54,0,12.0,114.67,3590,0,Air Leakage,0.95,21.27
7181,4.89,3195.63,10,11.6,107.44,3591,0,Air Leakage,0.89,20.49
7182,5.25,3195.77,20,9.78,99.69,3592,0,Valve Sticking,3.58,18.12
7183,5.62,3196.36,30,10.49,119.47,3593,0,Seal Wear,2.23,11.87
7184,5.28,3196.43,40,10.06,87.58,3594,0,Valve Sticking,3.21,26.77
7185,5.12,3196.58,50,10.84,113.44,3595,0,Air Leakage,1.11,27.38
7186,4.96,3196.62,60,10.94,113.16,3596,0,Air Leakage,1.11,18.41
7187,5.09,3196.65,70,11.85,102.78,3597,0,Air Leakage,0.92,34.85
7188,5.06,3196.77,80,11.37,110.99,3598,0,Air Leakage,1.12,11.65
7189,5.35,3196.81,90,10.39,98.66,3599,0,Valve Sticking,3.51,14.86
7190,5.26,3196.84,100,11.8,101.46,3600,0,Air Leakage,1.09,41.49
7191,5.64,3196.88,90,10.03,89.89,3600,0,Valve Sticking,2.88,49.15
7192,5.66,3198.25,80,10.21,115.16,3600,0,Seal Wear,2.31,15.92
7193,5.52,3198.32,70,9.95,92.15,3600,0,Valve Sticking,2.87,31.69
7194,5.21,3198.36,60,11.56,109.58,3600,0,Air Leakage,0.83,39.5
7195,4.7,3198.42,50,11.89,109.91,3600,0,Air Leakage,0.84,6.48
7196,5.02,3198.54,40,12.3,107.94,3600,0,Air Leakage,0.9,29.02
7197,5.47,3200.06,30,10.09,119.34,3600,0,Seal Wear,2.25,6.53
7198,5.96,3200.96,20,9.58,112.1,3600,0,Seal Wear,2.2,42.92
7199,5.68,3202.36,10,9.76,117.5,3600,0,Seal Wear,2.32,21.91
7200,5.73,3203.76,0,10.46,118.46,3600,0,Seal Wear,1.69,19.49
7201,5.34,3203.91,10,10.2,92.55,3601,0,Valve Sticking,3.11,13.35
7202,4.93,3204.06,20,10.91,104.7,3602,0,Air Leakage,0.94,31.71
7203,4.78,3204.11,30,11.17,113.69,3603,0,Air Leakage,0.93,5.22
7204,5.48,3204.16,40,9.5,100.93,3604,0,Valve Sticking,3.38,19.28
7205,5.22,3204.24,50,10.07,104.19,3605,0,Valve Sticking,3.32,6.79
7206,5.58,3205.0,60,10.31,118.61,3606,0,Seal Wear,2.38,13.48
7207,5.34,3205.03,70,11.35,102.08,3607,0,Air Leakage,0.86,46.4
7208,5.84,3205.84,80,10.35,112.0,3608,0,Seal Wear,2.26,43.0
7209,5.66,3206.86,90,10.47,116.25,3609,0,Seal Wear,2.21,16.83
7210,5.01,3207.0,100,11.2,116.64,3610,0,Air Leakage,0.87,15.71
7211,5.83,3208.46,90,10.01,109.36,3610,0,Seal Wear,1.55,40.96
7212,5.42,3208.64,80,10.41,87.3,3610,0,Valve Sticking,3.73,31.31
7213,4.88,3208.82,70,11.3,105.3,3610,0,Air Leakage,1.05,23.69
7214,5.68,3209.55,60,9.97,119.89,3610,0,Seal Wear,1.6,19.8
7215,4.82,3209.6,50,11.69,107.96,3610,0,Air Leakage,0.93,15.96
7216,5.67,3210.24,40,10.16,121.6,3610,0,Seal Wear,2.05,12.35
7217,5.25,3210.37,30,11.46,100.86,3610,0,Air Leakage,1.07,39.27
7218,5.74,3211.21,20,9.75,118.39,3610,0,Seal Wear,1.71,19.71
7219,5.34,3211.37,10,11.21,103.09,3610,0,Air Leakage,0.92,49.93
7220,5.58,3211.51,0,10.03,94.8,3610,0,Valve Sticking,2.68,40.9
7221,4.83,3211.52,10,10.67,106.97,3611,0,Air Leakage,1.18,9.75
7222,5.89,3212.83,20,10.22,119.19,3612,0,Seal Wear,2.17,29.48
7223,5.5,3212.97,30,9.89,97.89,3613,0,Valve Sticking,3.7,19.42
7224,5.1,3213.08,40,11.35,102.46,3614,0,Air Leakage,0.92,38.02
7225,5.61,3214.54,50,9.79,120.07,3615,0,Seal Wear,1.64,15.07
7226,4.68,3214.56,60,11.1,112.89,3616,0,Air Leakage,1.06,11.16
7227,5.73,3215.5,70,9.55,120.12,3617,0,Seal Wear,1.92,21.61
7228,5.13,3215.52,80,11.59,115.42,3618,0,Air Leakage,1.04,17.82
7229,4.88,3215.65,90,11.9,104.24,3619,0,Air Leakage,0.99,32.27
7230,5.8,3216.77,100,10.46,115.89,3620,0,Seal Wear,2.34,21.44
7231,5.49,3217.93,90,10.3,120.87,3620,0,Seal Wear,2.0,5.09
7232,6.0,3218.84,80,9.75,112.5,3620,0,Seal Wear,1.79,46.58
7233,5.13,3218.95,70,11.4,115.62,3620,0,Air Leakage,0.93,13.66
7234,5.38,3219.01,60,10.26,92.77,3620,0,Valve Sticking,3.15,35.55
7235,4.79,3219.05,50,11.82,112.0,3620,0,Air Leakage,0.84,20.52
7236,5.76,3220.5,40,10.2,114.41,3620,0,Seal Wear,1.75,24.62
7237,4.92,3220.53,30,12.45,107.88,3620,0,Air Leakage,1.05,17.36
7238,5.09,3220.6,20,12.21,103.88,3620,0,Air Leakage,1.03,42.65
7239,5.87,3221.92,10,9.87,112.98,3620,0,Seal Wear,1.83,38.84
7240,5.53,3221.96,0,9.96,99.7,3620,0,Valve Sticking,2.57,37.13
7241,5.23,3222.04,10,9.9,105.17,3621,0,Valve Sticking,2.62,17.27
7242,5.07,3222.12,20,11.2,103.7,3622,0,Air Leakage,0.83,36.1
7243,5.1,3222.22,30,10.86,101.95,3623,0,Air Leakage,0.87,45.85
7244,5.35,3222.24,40,10.3,107.86,3624,0,Valve Sticking,2.65,10.22
7245,5.33,3222.25,50,10.29,89.77,3625,0,Valve Sticking,3.16,29.77
7246,5.3,3222.43,60,10.12,94.91,3626,0,Valve Sticking,3.37,19.12
7247,5.96,3223.62,70,10.47,110.64,3627,0,Seal Wear,1.62,41.21
7248,5.65,3223.65,80,9.58,97.0,3628,0,Valve Sticking,2.88,37.86
7249,5.85,3224.54,90,9.82,114.43,3629,0,Seal Wear,1.53,40.67
7250,5.72,3224.62,100,9.8,94.81,3630,0,Valve Sticking,2.93,39.04
7251,5.64,3224.73,90,10.28,96.64,3630,0,Valve Sticking,3.27,36.24
7252,5.6,3224.91,80,9.74,88.37,3630,0,Valve Sticking,2.6,36.38
7253,5.8,3226.15,70,9.52,115.73,3630,0,Seal Wear,2.4,29.57
7254,5.5,3227.63,60,10.33,118.82,3630,0,Seal Wear,2.04,9.72
7255,5.14,3227.81,50,10.81,103.61,3630,0,Air Leakage,1.04,44.56
7256,5.64,3227.93,40,9.8,93.59,3630,0,Valve Sticking,3.69,47.23
7257,5.05,3227.97,30,11.49,109.71,3630,0,Air Leakage,1.09,20.65
7258,5.59,3228.08,20,10.25,95.36,3630,0,Valve Sticking,3.7,21.14
7259,5.89,3228.77,10,9.87,110.58,3630,0,Seal Wear,2.5,46.36
7260,5.6,3228.81,0,9.8,99.38,3630,0,Valve Sticking,3.06,39.34
7261,5.01,3228.93,10,11.5,107.49,3631,0,Air Leakage,1.0,21.22
7262,5.51,3229.02,20,9.53,85.68,3632,0,Valve Sticking,2.61,42.16
7263,5.04,3229.21,30,11.54,101.85,3633,0,Air Leakage,0.95,43.5
7264,5.08,3229.36,40,11.24,105.44,3634,0,Air Leakage,0.96,49.33
7265,5.02,3229.43,50,11.08,103.2,3635,0,Air Leakage,0.87,42.52
7266,5.31,3229.47,60,10.08,99.41,3636,0,Valve Sticking,3.76,10.27
7267,5.29,3229.5,70,9.88,107.82,3637,0,Valve Sticking,2.66,7.43
7268,5.33,3229.56,80,11.6,106.51,3638,0,Air Leakage,0.89,36.03
7269,5.64,3230.37,90,9.87,120.41,3639,0,Seal Wear,1.52,11.98
7270,4.81,3230.49,100,11.58,110.44,3640,0,Air Leakage,1.05,16.43
7271,5.3,3230.57,90,9.51,103.48,3640,0,Valve Sticking,2.74,12.91
7272,5.13,3230.77,80,9.87,102.27,3640,0,Valve Sticking,3.13,8.2
7273,5.56,3230.92,70,10.43,89.11,3640,0,Valve Sticking,3.82,27.81
7274,5.46,3231.01,60,10.39,101.22,3640,0,Valve Sticking,3.85,18.69
7275,5.1,3231.16,50,11.09,101.06,3640,0,Air Leakage,1.0,39.14
7276,5.04,3231.25,40,10.71,113.92,3640,0,Air Leakage,1.04,5.46
7277,5.21,3231.31,30,11.39,107.57,3640,0,Air Leakage,1.15,43.18
7278,5.01,3231.5,20,11.51,111.34,3640,0,Air Leakage,0.84,7.61
7279,5.66,3232.21,10,9.52,120.01,3640,0,Seal Wear,2.42,9.79
7280,5.25,3232.36,0,9.97,91.4,3640,0,Valve Sticking,3.54,12.01
7281,5.01,3232.41,10,11.18,110.04,3641,0,Air Leakage,0.82,36.64
7282,6.07,3233.43,20,10.13,112.99,3642,0,Seal Wear,1.57,49.82
7283,5.83,3234.81,30,9.62,112.87,3643,0,Seal Wear,1.95,32.03
7284,5.38,3234.9,40,10.04,90.36,3644,0,Valve Sticking,2.93,23.34
7285,5.24,3234.97,50,10.42,96.72,3645,0,Valve Sticking,3.09,31.87
7286,5.73,3235.94,60,10.01,119.85,3646,0,Seal Wear,1.67,16.1
7287,5.67,3236.11,70,10.05,93.25,3647,0,Valve Sticking,3.29,46.38
7288,5.26,3236.19,80,10.06,104.61,3648,0,Valve Sticking,2.92,14.03
7289,5.48,3236.28,90,10.19,99.9,3649,0,Valve Sticking,2.93,42.79
7290,5.24,3236.3,100,10.28,105.09,3650,0,Valve Sticking,2.99,9.54
7291,5.62,3236.32,90,9.7,90.0,3650,0,Valve Sticking,3.58,46.46
7292,4.92,3236.47,80,11.87,107.3,3650,0,Air Leakage,1.13,40.91
7293,5.23,3236.55,70,11.28,100.8,3650,0,Air Leakage,1.01,45.22
7294,5.68,3237.69,60,10.13,119.47,3650,0,Seal Wear,1.64,10.02
7295,5.04,3237.8,50,11.41,103.98,3650,0,Air Leakage,1.08,43.78
7296,5.44,3237.91,40,9.85,92.03,3650,0,Valve Sticking,2.91,35.33
7297,5.15,3238.08,30,11.33,110.25,3650,0,Air Leakage,0.93,10.74
7298,5.11,3238.26,20,11.62,115.56,3650,0,Air Leakage,1.11,22.32
7299,5.08,3238.33,10,11.58,104.22,3650,0,Air Leakage,0.91,48.86
7300,5.39,3238.34,0,9.62,94.16,3650,0,Valve Sticking,3.39,17.39
7301,5.7,3239.76,10,10.31,116.39,3651,0,Seal Wear,1.73,19.75
7302,5.12,3239.86,20,10.15,102.53,3652,0,Valve Sticking,2.53,6.91
7303,5.49,3239.94,30,9.83,91.27,3653,0,Valve Sticking,3.66,23.42
7304,4.81,3240.09,40,12.09,103.59,3654,0,Air Leakage,1.15,26.89
7305,5.47,3241.41,50,9.94,122.6,3655,0,Seal Wear,2.03,5.19
7306,4.83,3241.59,60,11.68,115.01,3656,0,Air Leakage,0.95,22.72
7307,5.84,3242.5,70,9.86,112.76,3657,0,Seal Wear,2.27,39.54
7308,5.19,3242.67,80,10.18,96.66,3658,0,Valve Sticking,3.27,19.74
7309,4.95,3242.81,90,11.35,110.78,3659,0,Air Leakage,1.04,35.46
7310,5.21,3242.89,100,9.86,98.01,3660,0,Valve Sticking,3.92,20.89
7311,4.94,3243.01,90,10.96,109.6,3660,0,Air Leakage,0.82,11.4
7312,5.75,3244.27,80,9.54,119.38,3660,0,Seal Wear,1.96,22.3
7313,5.02,3244.46,70,11.88,107.64,3660,0,Air Leakage,1.14,22.73
7314,5.9,3245.22,60,9.61,110.44,3660,0,Seal Wear,2.18,38.54
7315,5.41,3245.33,50,10.24,95.19,3660,0,Valve Sticking,3.09,25.19
7316,6.0,3246.57,40,9.54,108.4,3660,0,Seal Wear,1.69,49.98
7317,4.87,3246.68,30,12.41,115.37,3660,0,Air Leakage,1.1,5.06
7318,5.06,3246.71,20,11.14,101.37,3660,0,Air Leakage,0.81,48.38
7319,4.89,3246.81,10,11.45,111.08,3660,0,Air Leakage,0.95,11.9
7320,4.97,3246.98,0,11.81,106.43,3660,0,Air Leakage,1.18,34.66
7321,5.53,3247.15,10,10.05,87.8,3661,0,Valve Sticking,3.76,34.17
7322,4.87,3247.28,20,11.67,102.9,3662,0,Air Leakage,0.84,31.26
7323,4.99,3247.34,30,11.17,111.35,3663,0,Air Leakage,0.97,9.52
7324,5.75,3248.76,40,10.17,115.92,3664,0,Seal Wear,2.48,20.83
7325,4.87,3248.84,50,11.44,113.97,3665,0,Air Leakage,1.07,20.92
7326,5.67,3248.87,60,9.6,98.28,3666,0,Valve Sticking,3.69,45.19
7327,5.67,3250.18,70,9.55,118.46,3667,0,Seal Wear,1.92,9.61
7328,5.72,3250.28,80,10.24,94.32,3668,0,Valve Sticking,2.67,46.85
7329,5.74,3251.33,90,9.65,116.97,3669,0,Seal Wear,2.25,28.87
7330,5.32,3251.52,100,10.46,93.37,3670,0,Valve Sticking,3.26,26.66
7331,5.39,3251.71,90,10.45,92.9,3670,0,Valve Sticking,2.83,22.75
7332,4.91,3251.87,80,11.16,113.02,3670,0,Air Leakage,1.17,27.41
7333,5.5,3252.03,70,10.45,98.65,3670,0,Valve Sticking,2.53,30.35
7334,5.69,3253.44,60,9.71,118.15,3670,0,Seal Wear,1.68,11.8
7335,5.34,3253.5,50,10.83,104.29,3670,0,Air Leakage,0.91,45.59
7336,5.66,3253.59,40,9.55,98.66,3670,0,Valve Sticking,3.4,39.18
7337,5.47,3253.62,30,10.37,97.38,3670,0,Valve Sticking,3.52,41.76
7338,5.68,3255.01,20,9.99,122.65,3670,0,Seal Wear,1.61,12.21
7339,5.04,3255.07,10,9.76,99.38,3670,0,Valve Sticking,2.93,5.57
7340,5.75,3255.12,0,10.21,88.18,3670,0,Valve Sticking,3.14,39.5
7341,5.76,3256.55,10,9.74,116.64,3671,0,Seal Wear,2.36,26.38
7342,5.09,3256.61,20,11.16,106.52,3672,0,Air Leakage,0.83,45.08
7343,5.71,3257.35,30,10.21,117.76,3673,0,Seal Wear,1.54,13.82
7344,4.95,3257.47,40,11.17,109.12,3674,0,Air Leakage,0.98,30.15
7345,5.39,3257.51,50,9.88,101.69,3675,0,Valve Sticking,3.55,33.79
7346,5.4,3257.53,60,10.35,93.71,3676,0,Valve Sticking,3.84,21.34
7347,5.5,3257.61,70,9.98,99.56,3677,0,Valve Sticking,3.97,31.51
7348,5.6,3258.46,80,9.65,121.26,3678,0,Seal Wear,1.89,14.04
7349,4.9,3258.58,90,11.43,101.93,3679,0,Air Leakage,1.18,45.91
7350,5.89,3259.6,100,10.38,115.48,3680,0,Seal Wear,2.08,32.87
7351,5.84,3260.3,90,10.22,113.37,3680,0,Seal Wear,2.33,35.21
7352,5.25,3260.41,80,9.7,101.89,3680,0,Valve Sticking,2.99,8.05
7353,5.54,3261.86,70,9.74,121.54,3680,0,Seal Wear,1.76,8.74
7354,6.0,3263.1,60,10.11,111.17,3680,0,Seal Wear,2.16,40.94
7355,5.82,3264.22,50,9.65,116.69,3680,0,Seal Wear,1.63,31.47
7356,5.75,3264.8,40,9.89,114.21,3680,0,Seal Wear,2.1,23.9
7357,5.23,3264.89,30,10.7,100.21,3680,0,Air Leakage,1.12,49.65
7358,4.81,3264.97,20,11.65,106.1,3680,0,Air Leakage,0.93,27.18
7359,5.38,3264.97,10,10.49,93.37,3680,0,Valve Sticking,2.62,40.16
7360,5.2,3265.06,0,10.11,91.9,3680,0,Valve Sticking,3.26,16.31
7361,4.84,3265.08,10,11.18,107.41,3681,0,Air Leakage,0.93,17.92
7362,5.26,3265.25,20,12.29,107.28,3682,0,Air Leakage,1.1,31.87
7363,5.9,3266.29,30,10.48,113.86,3683,0,Seal Wear,2.29,32.42
7364,5.31,3266.32,40,10.14,91.29,3684,0,Valve Sticking,3.21,26.09
7365,5.13,3266.49,50,12.31,111.79,3685,0,Air Leakage,0.85,11.9
7366,5.88,3267.13,60,10.19,110.08,3686,0,Seal Wear,1.57,42.22
7367,5.86,3268.24,70,9.55,114.73,3687,0,Seal Wear,1.58,34.86
7368,5.65,3269.37,80,10.1,119.27,3688,0,Seal Wear,1.83,20.27
7369,5.2,3269.38,90,11.53,107.7,3689,0,Air Leakage,1.18,41.45
7370,4.98,3269.52,100,11.41,111.63,3690,0,Air Leakage,1.12,29.99
7371,4.76,3269.55,90,10.94,113.17,3690,0,Air Leakage,1.14,11.08
7372,5.25,3269.56,80,10.28,100.91,3690,0,Valve Sticking,3.61,13.88
7373,5.07,3269.64,70,11.51,108.43,3690,0,Air Leakage,1.14,24.29
7374,5.97,3270.77,60,9.51,110.67,3690,0,Seal Wear,1.95,40.31
7375,5.22,3270.83,50,10.7,103.58,3690,0,Air Leakage,0.88,39.17
7376,5.64,3270.95,40,10.17,100.42,3690,0,Valve Sticking,3.73,34.93
7377,5.54,3271.05,30,9.78,91.87,3690,0,Valve Sticking,2.9,33.94
7378,5.99,3272.07,20,10.05,114.95,3690,0,Seal Wear,2.47,40.34
7379,5.46,3272.15,10,9.62,90.36,3690,0,Valve Sticking,3.26,26.27
7380,5.86,3273.39,0,10.47,112.83,3690,0,Seal Wear,2.26,42.07
7381,5.88,3274.8,10,10.15,115.0,3691,0,Seal Wear,1.85,29.93
7382,4.75,3274.89,20,11.39,110.24,3692,0,Air Leakage,0.98,9.75
7383,4.85,3275.0,30,12.11,115.36,3693,0,Air Leakage,1.0,6.74
7384,5.52,3276.28,40,10.29,117.93,3694,0,Seal Wear,2.22,11.66
7385,5.7,3277.54,50,9.9,118.15,3695,0,Seal Wear,1.89,14.81
7386,5.88,3278.87,60,9.68,109.8,3696,0,Seal Wear,1.88,44.48
7387,5.14,3278.96,70,11.39,104.92,3697,0,Air Leakage,1.15,30.49
7388,5.11,3279.11,80,11.99,103.19,3698,0,Air Leakage,1.03,47.18
7389,4.78,3279.18,90,11.92,105.96,3699,0,Air Leakage,0.98,34.41
7390,5.09,3279.23,100,11.11,107.88,3700,0,Air Leakage,0.95,28.51
7391,4.55,3279.39,90,11.2,109.56,3700,0,Air Leakage,1.13,8.87
7392,5.54,3279.5,80,10.03,92.75,3700,0,Valve Sticking,3.75,42.59
7393,5.3,3279.62,70,11.01,101.58,3700,0,Air Leakage,1.0,41.87
7394,4.95,3279.76,60,11.83,110.14,3700,0,Air Leakage,1.02,22.26
7395,5.96,3280.88,50,10.34,109.82,3700,0,Seal Wear,2.19,44.84
7396,5.37,3280.96,40,9.96,90.88,3700,0,Valve Sticking,3.86,30.29
7397,4.87,3281.03,30,11.5,106.16,3700,0,Air Leakage,1.13,25.68
7398,5.69,3282.19,20,10.25,120.01,3700,0,Seal Wear,2.43,9.04
7399,5.66,3282.36,10,9.96,90.26,3700,0,Valve Sticking,3.21,40.26
7400,5.04,3282.39,0,12.02,101.08,3700,0,Air Leakage,0.99,44.89
7401,5.9,3283.6,10,10.11,115.94,3701,0,Seal Wear,1.97,32.56
7402,4.83,3283.66,20,11.01,108.18,3702,0,Air Leakage,1.09,27.03
7403,5.55,3284.28,30,10.2,119.94,3703,0,Seal Wear,2.37,9.04
7404,4.96,3284.35,40,11.59,101.19,3704,0,Air Leakage,0.94,33.77
7405,5.46,3284.36,50,9.97,103.47,3705,0,Valve Sticking,3.46,20.73
7406,5.36,3284.44,60,9.92,97.97,3706,0,Valve Sticking,3.05,24.65
7407,5.08,3284.51,70,12.09,110.05,3707,0,Air Leakage,1.09,15.12
7408,5.58,3285.06,80,10.2,119.6,3708,0,Seal Wear,1.73,7.62
7409,4.81,3285.14,90,11.13,109.06,3709,0,Air Leakage,1.19,5.92
7410,5.7,3286.76,100,10.29,113.74,3710,0,Seal Wear,1.92,24.95
7411,5.51,3288.26,90,9.9,124.55,3710,0,Seal Wear,2.22,5.07
7412,5.31,3288.27,80,11.96,106.52,3710,0,Air Leakage,0.97,49.46
7413,5.07,3288.39,70,11.47,106.36,3710,0,Air Leakage,1.02,25.49
7414,5.95,3289.26,60,10.27,111.68,3710,0,Seal Wear,2.12,45.12
7415,5.92,3290.85,50,9.73,110.45,3710,0,Seal Wear,2.2,48.15
7416,5.24,3291.02,40,10.3,101.55,3710,0,Valve Sticking,2.72,7.77
7417,5.51,3291.81,30,9.84,118.61,3710,0,Seal Wear,1.71,10.41
7418,5.54,3291.93,20,10.43,93.74,3710,0,Valve Sticking,3.58,34.88
7419,5.65,3292.13,10,10.22,89.98,3710,0,Valve Sticking,3.07,47.9
7420,5.87,3293.52,0,9.97,111.64,3710,0,Seal Wear,2.5,44.56
7421,5.22,3293.58,10,12.07,113.61,3711,0,Air Leakage,1.19,24.55
7422,5.35,3293.72,20,10.3,99.36,3712,0,Valve Sticking,3.88,15.64
7423,4.93,3293.81,30,10.62,108.62,3713,0,Air Leakage,1.17,40.79
7424,5.6,3295.02,40,10.45,118.46,3714,0,Seal Wear,1.58,12.07
7425,5.28,3295.18,50,9.8,102.09,3715,0,Valve Sticking,3.57,9.6
7426,5.29,3295.27,60,11.0,101.79,3716,0,Air Leakage,1.1,43.9
7427,5.61,3296.01,70,9.87,119.24,3717,0,Seal Wear,2.37,10.04
7428,5.17,3296.08,80,11.24,108.5,3718,0,Air Leakage,0.93,25.11
7429,5.69,3296.09,90,10.45,91.54,3719,0,Valve Sticking,3.3,49.59
7430,5.78,3297.03,100,9.6,120.58,3720,0,Seal Wear,1.67,18.81
7431,5.07,3297.03,90,11.36,113.7,3720,0,Air Leakage,1.11,14.75
7432,5.73,3298.16,80,9.73,116.61,3720,0,Seal Wear,2.33,21.25
7433,5.27,3298.33,70,10.21,93.23,3720,0,Valve Sticking,2.77,13.92
7434,4.96,3298.51,60,11.04,102.38,3720,0,Air Leakage,0.89,30.27
7435,5.62,3298.66,50,10.22,96.63,3720,0,Valve Sticking,2.66,32.37
7436,5.75,3298.73,40,10.39,90.5,3720,0,Valve Sticking,3.34,47.47
7437,5.34,3298.83,30,11.73,107.42,3720,0,Air Leakage,1.18,48.84
7438,5.73,3299.89,20,10.29,115.78,3720,0,Seal Wear,1.5,28.04
7439,4.88,3299.9,10,11.34,106.26,3720,0,Air Leakage,0.84,24.65
7440,5.41,3300.1,0,9.82,85.08,3720,0,Valve Sticking,3.06,40.54
7441,5.9,3301.61,10,10.2,114.47,3721,0,Seal Wear,1.62,31.02
7442,5.59,3302.75,20,9.93,114.53,3722,0,Seal Wear,2.0,17.33
7443,5.58,3303.77,30,9.63,117.81,3723,0,Seal Wear,1.56,17.66
7444,5.23,3303.85,40,9.75,92.56,3724,0,Valve Sticking,3.0,23.53
7445,5.85,3304.89,50,9.59,114.95,3725,0,Seal Wear,2.02,43.11
7446,5.9,3306.37,60,9.87,112.3,3726,0,Seal Wear,1.96,36.92
7447,5.46,3306.4,70,10.29,92.08,3727,0,Valve Sticking,3.63,40.4
7448,5.28,3306.56,80,9.72,104.82,3728,0,Valve Sticking,2.53,7.91
7449,5.86,3307.95,90,10.3,114.28,3729,0,Seal Wear,1.97,40.2
7450,5.69,3308.07,100,9.96,86.1,3730,0,Valve Sticking,2.58,42.17
7451,5.3,3308.17,90,10.17,98.73,3730,0,Valve Sticking,3.02,26.95
7452,5.03,3308.37,80,11.39,107.66,3730,0,Air Leakage,1.17,33.91
7453,5.66,3309.86,70,10.08,119.23,3730,0,Seal Wear,2.2,17.4
7454,5.56,3311.41,60,9.52,119.7,3730,0,Seal Wear,1.95,14.72
7455,5.91,3312.42,50,9.55,115.1,3730,0,Seal Wear,1.69,47.15
7456,5.24,3312.51,40,10.21,104.63,3730,0,Valve Sticking,3.5,15.57
7457,4.79,3312.67,30,11.51,109.69,3730,0,Air Leakage,1.17,23.35
7458,5.9,3313.49,20,10.34,114.49,3730,0,Seal Wear,2.03,31.83
7459,4.98,3313.65,10,11.57,110.44,3730,0,Air Leakage,1.17,8.85
7460,5.35,3313.78,0,11.34,106.97,3730,0,Air Leakage,1.15,42.8
7461,5.98,3315.05,10,10.32,110.83,3731,0,Seal Wear,1.78,42.99
7462,4.71,3315.18,20,10.79,107.41,3732,0,Air Leakage,1.02,13.18
7463,5.16,3315.25,30,11.38,107.06,3733,0,Air Leakage,1.09,38.37
7464,5.57,3316.08,40,10.5,117.8,3734,0,Seal Wear,2.22,15.32
7465,4.89,3316.25,50,11.67,112.6,3735,0,Air Leakage,1.04,22.86
7466,5.48,3316.3,60,10.06,96.65,3736,0,Valve Sticking,3.55,25.4
7467,5.64,3316.42,70,9.91,96.36,3737,0,Valve Sticking,3.66,42.64
7468,5.16,3316.61,80,10.06,96.18,3738,0,Valve Sticking,3.96,11.87
7469,4.69,3316.75,90,11.92,107.21,3739,0,Air Leakage,1.1,21.02
7470,5.79,3318.12,100,10.39,112.99,3740,0,Seal Wear,2.23,33.16
7471,5.8,3319.17,90,10.21,115.26,3740,0,Seal Wear,1.53,38.67
7472,5.75,3320.23,80,9.77,118.18,3740,0,Seal Wear,1.96,20.99
7473,5.99,3321.74,70,9.56,111.0,3740,0,Seal Wear,2.18,42.38
7474,5.72,3322.91,60,10.09,117.8,3740,0,Seal Wear,1.88,30.5
7475,5.49,3323.09,50,11.44,105.57,3740,0,Air Leakage,1.13,48.32
7476,5.73,3324.43,40,10.04,121.35,3740,0,Seal Wear,2.37,16.73
7477,5.45,3324.54,30,9.62,93.72,3740,0,Valve Sticking,3.54,43.72
7478,5.49,3324.64,20,10.07,91.25,3740,0,Valve Sticking,3.09,33.29
7479,5.51,3324.83,10,11.1,101.83,3740,0,Air Leakage,0.86,49.67
7480,5.05,3324.97,0,11.12,111.42,3740,0,Air Leakage,0.94,17.34
7481,5.85,3325.74,10,10.08,116.21,3741,0,Seal Wear,2.45,39.67
7482,5.64,3326.67,20,10.46,117.4,3742,0,Seal Wear,1.63,16.62
7483,5.92,3328.22,30,10.28,111.02,3743,0,Seal Wear,2.47,44.96
7484,5.84,3329.49,40,10.44,110.99,3744,0,Seal Wear,1.52,30.48
7485,5.77,3330.43,50,10.2,114.23,3745,0,Seal Wear,2.05,34.99
7486,5.57,3330.51,60,10.4,92.35,3746,0,Valve Sticking,3.29,41.5
7487,5.72,3331.2,70,10.28,117.73,3747,0,Seal Wear,1.87,16.49
7488,5.01,3331.28,80,12.05,101.36,3748,0,Air Leakage,0.87,43.5
7489,4.69,3331.44,90,11.9,112.79,3749,0,Air Leakage,1.19,7.89
7490,5.8,3331.6,100,10.47,83.44,3750,0,Valve Sticking,3.19,47.56
7491,5.88,3332.49,90,10.01,112.35,3750,0,Seal Wear,2.31,37.52
7492,4.99,3332.55,80,11.14,107.52,3750,0,Air Leakage,1.1,18.81
7493,5.54,3332.62,70,10.24,97.93,3750,0,Valve Sticking,3.21,33.12
7494,4.81,3332.81,60,12.12,109.9,3750,0,Air Leakage,0.87,24.09
7495,5.98,3333.87,50,9.95,114.32,3750,0,Seal Wear,2.13,39.29
7496,5.41,3333.89,40,10.41,89.21,3750,0,Valve Sticking,3.58,38.39
7497,5.77,3335.39,30,9.77,115.48,3750,0,Seal Wear,2.05,24.26
7498,5.26,3335.47,20,9.52,101.84,3750,0,Valve Sticking,3.44,15.92
7499,5.29,3335.6,10,10.17,99.32,3750,0,Valve Sticking,2.83,25.71
7500,5.23,3335.69,0,12.15,98.14,3750,0,Air Leakage,0.85,44.3
7501,5.15,3335.7,10,11.78,97.58,3751,0,Air Leakage,1.02,45.44
7502,5.73,3336.68,20,10.32,115.83,3752,0,Seal Wear,2.3,23.13
7503,5.74,3336.84,30,10.01,84.68,3753,0,Valve Sticking,2.79,41.85
7504,5.67,3337.88,40,10.36,122.18,3754,0,Seal Wear,1.54,9.83
7505,4.83,3337.88,50,11.72,111.93,3755,0,Air Leakage,0.95,11.74
7506,5.5,3338.68,60,10.47,120.45,3756,0,Seal Wear,2.22,9.0
7507,5.49,3338.72,70,9.62,85.74,3757,0,Valve Sticking,2.57,47.08
7508,4.61,3338.89,80,11.71,106.51,3758,0,Air Leakage,1.12,14.09
7509,5.37,3338.94,90,9.99,102.7,3759,0,Valve Sticking,3.84,12.24
7510,5.77,3340.22,100,10.42,112.99,3760,0,Seal Wear,2.44,29.11
7511,5.97,3340.81,90,10.19,113.98,3760,0,Seal Wear,1.68,39.25
7512,5.89,3342.08,80,10.45,116.59,3760,0,Seal Wear,2.44,33.3
7513,4.96,3342.17,70,11.53,108.33,3760,0,Air Leakage,1.2,10.93
7514,5.28,3342.19,60,9.58,98.22,3760,0,Valve Sticking,3.5,21.69
7515,5.57,3342.35,50,9.81,93.98,3760,0,Valve Sticking,3.02,37.64
7516,5.13,3342.49,40,10.12,104.05,3760,0,Valve Sticking,3.06,19.09
7517,5.73,3343.36,30,10.08,114.25,3760,0,Seal Wear,1.8,27.57
7518,4.8,3343.53,20,11.54,107.87,3760,0,Air Leakage,0.86,28.92
7519,5.31,3343.72,10,10.41,100.84,3760,0,Valve Sticking,3.3,22.51
7520,4.66,3343.73,0,11.76,107.43,3760,0,Air Leakage,0.85,12.04
7521,5.83,3345.18,10,10.25,111.48,3761,0,Seal Wear,2.42,34.93
7522,5.28,3345.27,20,10.24,96.81,3762,0,Valve Sticking,3.67,7.57
7523,5.66,3346.01,30,10.47,120.76,3763,0,Seal Wear,1.99,10.33
7524,5.72,3346.04,40,10.42,85.52,3764,0,Valve Sticking,3.98,39.49
7525,5.15,3346.07,50,9.72,98.31,3765,0,Valve Sticking,2.55,7.43
7526,5.68,3346.16,60,9.73,96.67,3766,0,Valve Sticking,3.47,41.36
7527,5.47,3346.22,70,9.67,91.29,3767,0,Valve Sticking,3.71,33.65
7528,4.95,3346.39,80,11.52,104.14,3768,0,Air Leakage,0.83,33.4
7529,5.57,3347.64,90,10.41,120.41,3769,0,Seal Wear,2.26,13.83
7530,4.98,3347.65,100,11.52,114.74,3770,0,Air Leakage,0.97,11.4
7531,4.79,3347.79,90,11.74,110.63,3770,0,Air Leakage,0.85,18.93
7532,5.6,3348.64,80,10.36,121.94,3770,0,Seal Wear,2.07,17.5
7533,5.61,3350.19,70,9.58,120.67,3770,0,Seal Wear,2.23,14.68
7534,5.36,3350.3,60,10.66,103.14,3770,0,Air Leakage,1.11,45.68
7535,5.98,3351.86,50,9.72,113.27,3770,0,Seal Wear,1.63,41.29
7536,5.17,3351.95,40,9.75,98.32,3770,0,Valve Sticking,3.53,8.79
7537,5.48,3352.13,30,9.62,101.53,3770,0,Valve Sticking,2.76,29.21
7538,5.93,3352.72,20,9.53,109.98,3770,0,Seal Wear,1.68,45.5
7539,5.27,3352.74,10,11.7,97.24,3770,0,Air Leakage,0.94,48.92
7540,5.54,3352.91,0,10.23,85.12,3770,0,Valve Sticking,2.53,47.87
7541,4.9,3352.93,10,12.03,113.18,3771,0,Air Leakage,1.18,25.79
7542,5.32,3353.06,20,10.04,102.11,3772,0,Valve Sticking,2.95,29.98
7543,5.55,3354.08,30,10.34,119.23,3773,0,Seal Wear,2.22,11.42
7544,5.56,3354.18,40,9.75,94.63,3774,0,Valve Sticking,3.39,42.23
7545,5.55,3354.33,50,10.38,102.74,3775,0,Valve Sticking,3.49,33.08
7546,5.6,3355.4,60,9.82,120.67,3776,0,Seal Wear,2.03,11.64
7547,5.73,3356.38,70,9.87,117.81,3777,0,Seal Wear,2.31,30.99
7548,5.28,3356.41,80,12.0,104.29,3778,0,Air Leakage,1.13,44.17
7549,5.34,3356.43,90,12.26,101.29,3779,0,Air Leakage,0.96,35.41
7550,5.61,3357.7,100,10.46,119.16,3780,0,Seal Wear,1.73,18.63
7551,5.54,3357.73,90,10.01,96.64,3780,0,Valve Sticking,2.6,32.71
7552,4.88,3357.75,80,11.02,112.52,3780,0,Air Leakage,1.03,16.98
7553,5.5,3357.89,70,9.9,94.56,3780,0,Valve Sticking,3.82,26.04
7554,5.66,3359.31,60,9.92,122.85,3780,0,Seal Wear,1.74,7.36
7555,6.04,3360.15,50,10.09,115.65,3780,0,Seal Wear,2.07,44.37
7556,5.73,3360.25,40,10.05,90.94,3780,0,Valve Sticking,3.08,46.68
7557,5.98,3361.03,30,10.42,112.41,3780,0,Seal Wear,2.39,43.63
7558,5.69,3361.62,20,9.73,114.62,3780,0,Seal Wear,2.48,21.6
7559,5.21,3361.69,10,11.53,105.66,3780,0,Air Leakage,0.92,41.96
7560,5.2,3361.71,0,11.52,109.52,3780,0,Air Leakage,1.11,32.92
7561,5.62,3363.16,10,9.92,114.91,3781,0,Seal Wear,1.84,15.66
7562,6.03,3364.34,20,9.8,109.99,3782,0,Seal Wear,1.57,47.59
7563,5.88,3365.72,30,9.84,112.12,3783,0,Seal Wear,2.17,36.06
7564,5.32,3365.73,40,11.57,104.4,3784,0,Air Leakage,1.02,34.5
7565,4.81,3365.83,50,11.32,112.8,3785,0,Air Leakage,0.84,23.19
7566,5.63,3365.98,60,10.3,97.84,3786,0,Valve Sticking,3.29,46.31
7567,5.75,3366.01,70,10.44,94.97,3787,0,Valve Sticking,2.88,47.68
7568,4.93,3366.01,80,11.32,108.19,3788,0,Air Leakage,1.15,21.31
7569,5.2,3366.2,90,10.41,93.11,3789,0,Valve Sticking,2.51,17.33
7570,5.39,3366.39,100,10.14,99.59,3790,0,Valve Sticking,3.26,33.73
7571,5.73,3366.54,90,9.93,87.62,3790,0,Valve Sticking,2.63,47.64
7572,4.93,3366.7,80,11.09,115.15,3790,0,Air Leakage,1.09,14.66
7573,5.45,3366.76,70,9.61,89.66,3790,0,Valve Sticking,3.19,16.87
7574,5.39,3366.87,60,10.24,101.1,3790,0,Valve Sticking,3.77,22.37
7575,5.72,3367.38,50,9.91,120.21,3790,0,Seal Wear,2.49,26.52
7576,5.16,3367.51,40,9.56,107.27,3790,0,Valve Sticking,3.38,11.74
7577,5.2,3367.64,30,9.75,102.7,3790,0,Valve Sticking,2.72,10.68
7578,5.43,3367.79,20,10.17,98.81,3790,0,Valve Sticking,2.65,32.82
7579,5.39,3367.9,10,11.22,102.19,3790,0,Air Leakage,0.99,39.43
7580,5.42,3368.1,0,9.97,95.52,3790,0,Valve Sticking,3.99,31.1
7581,5.64,3369.37,10,10.07,119.89,3791,0,Seal Wear,2.06,14.37
7582,5.38,3369.4,20,11.73,99.98,3792,0,Air Leakage,1.14,35.43
7583,5.51,3369.52,30,10.4,97.22,3793,0,Valve Sticking,3.28,24.33
7584,5.13,3369.53,40,11.39,97.44,3794,0,Air Leakage,0.82,48.13
7585,5.27,3369.68,50,10.33,87.32,3795,0,Valve Sticking,2.89,28.99
7586,5.86,3370.76,60,10.16,115.62,3796,0,Seal Wear,2.08,26.92
7587,5.66,3372.39,70,10.43,118.51,3797,0,Seal Wear,2.12,19.86
7588,5.76,3373.41,80,9.65,117.36,3798,0,Seal Wear,2.41,24.68
7589,5.9,3374.63,90,10.07,112.34,3799,0,Seal Wear,2.12,38.73
7590,5.32,3374.68,100,10.36,98.79,3800,0,Valve Sticking,2.53,29.44
7591,5.52,3374.77,90,9.69,93.9,3800,0,Valve Sticking,3.13,37.36
7592,5.64,3375.91,80,10.14,114.43,3800,0,Seal Wear,2.43,19.74
7593,4.98,3375.93,70,11.26,104.18,3800,0,Air Leakage,1.07,37.41
7594,5.89,3376.75,60,9.78,113.44,3800,0,Seal Wear,2.41,36.95
7595,5.27,3376.75,50,10.09,96.64,3800,0,Valve Sticking,2.89,25.5
7596,5.81,3377.64,40,10.47,116.61,3800,0,Seal Wear,2.18,32.73
7597,5.07,3377.76,30,11.33,104.01,3800,0,Air Leakage,1.12,48.5
7598,5.65,3378.91,20,9.61,118.1,3800,0,Seal Wear,2.49,18.35
7599,5.59,3379.49,10,9.67,119.27,3800,0,Seal Wear,1.72,5.16
7600,5.59,3380.09,0,10.38,120.05,3800,0,Seal Wear,2.02,16.98
7601,5.58,3380.92,10,9.7,119.65,3801,0,Seal Wear,1.52,12.49
7602,5.39,3381.06,20,9.71,91.68,3802,0,Valve Sticking,3.99,27.55
7603,5.48,3381.17,30,9.7,89.56,3803,0,Valve Sticking,2.54,23.26
7604,4.83,3381.34,40,11.7,105.29,3804,0,Air Leakage,1.15,26.17
7605,5.82,3382.37,50,10.26,113.48,3805,0,Seal Wear,1.86,38.43
7606,5.83,3382.51,60,10.01,91.15,3806,0,Valve Sticking,2.67,47.68
7607,5.58,3382.54,70,10.39,96.83,3807,0,Valve Sticking,2.98,25.25
7608,5.95,3383.56,80,9.59,109.58,3808,0,Seal Wear,1.66,48.86
7609,5.61,3384.84,90,9.84,115.38,3809,0,Seal Wear,1.86,15.1
7610,5.29,3384.97,100,9.79,96.3,3810,0,Valve Sticking,3.94,23.94
7611,5.95,3386.23,90,9.99,115.37,3810,0,Seal Wear,1.92,44.33
7612,5.21,3386.37,80,11.58,108.4,3810,0,Air Leakage,1.11,26.56
7613,5.93,3387.52,70,9.86,106.97,3810,0,Seal Wear,1.55,49.24
7614,5.61,3388.9,60,9.97,117.52,3810,0,Seal Wear,2.02,19.78
7615,5.2,3389.1,50,9.86,91.87,3810,0,Valve Sticking,2.79,21.18
7616,5.01,3389.21,40,12.35,106.32,3810,0,Air Leakage,1.18,39.07
7617,5.63,3390.57,30,9.59,116.98,3810,0,Seal Wear,2.47,17.31
7618,6.06,3391.96,20,10.21,110.66,3810,0,Seal Wear,1.83,46.01
7619,5.25,3391.99,10,11.33,105.92,3810,0,Air Leakage,1.17,39.11
7620,5.42,3392.08,0,9.89,98.44,3810,0,Valve Sticking,3.13,26.15
7621,4.91,3392.15,10,11.9,106.6,3811,0,Air Leakage,0.8,41.59
7622,5.23,3392.27,20,10.02,102.41,3812,0,Valve Sticking,2.52,8.39
7623,5.08,3392.37,30,11.46,111.54,3813,0,Air Leakage,0.98,10.02
7624,5.23,3392.49,40,9.94,105.48,3814,0,Valve Sticking,3.98,13.54
7625,5.54,3393.83,50,10.36,122.65,3815,0,Seal Wear,1.65,6.32
7626,5.14,3393.87,60,11.24,110.1,3816,0,Air Leakage,0.98,37.19
7627,5.51,3394.0,70,10.12,95.5,3817,0,Valve Sticking,3.75,28.26
7628,5.9,3394.65,80,9.92,110.01,3818,0,Seal Wear,2.32,44.49
7629,5.33,3394.72,90,10.1,86.43,3819,0,Valve Sticking,2.71,37.54
7630,5.69,3395.62,100,10.16,114.68,3820,0,Seal Wear,1.71,25.43
7631,5.64,3395.64,90,10.29,86.78,3820,0,Valve Sticking,2.88,48.29
7632,5.29,3395.83,80,10.2,104.58,3820,0,Valve Sticking,2.99,15.01
7633,5.73,3397.33,70,9.81,116.94,3820,0,Seal Wear,1.6,32.36
7634,4.97,3397.35,60,11.49,108.35,3820,0,Air Leakage,1.02,28.6
7635,5.15,3397.38,50,11.07,105.64,3820,0,Air Leakage,0.82,38.75
7636,5.83,3398.42,40,10.09,115.7,3820,0,Seal Wear,2.24,31.34
7637,5.37,3398.46,30,10.42,104.46,3820,0,Valve Sticking,2.63,14.56
7638,5.37,3398.56,20,9.84,92.15,3820,0,Valve Sticking,2.94,34.46
7639,4.75,3398.64,10,11.37,112.75,3820,0,Air Leakage,0.93,18.6
7640,5.5,3398.73,0,10.15,95.62,3820,0,Valve Sticking,2.71,32.97
7641,5.62,3400.12,10,9.53,121.28,3821,0,Seal Wear,1.68,18.19
7642,5.27,3400.15,20,10.03,94.69,3822,0,Valve Sticking,2.74,19.38
7643,5.13,3400.17,30,11.66,105.55,3823,0,Air Leakage,0.87,31.4
7644,4.82,3400.36,40,11.54,114.92,3824,0,Air Leakage,0.85,19.46
7645,5.39,3400.45,50,10.49,90.43,3825,0,Valve Sticking,3.27,34.88
7646,5.67,3401.11,60,9.93,115.54,3826,0,Seal Wear,1.97,21.82
7647,5.68,3401.9,70,10.35,118.0,3827,0,Seal Wear,2.36,17.09
7648,4.93,3401.98,80,12.04,103.61,3828,0,Air Leakage,1.19,23.08
7649,5.56,3403.39,90,9.96,115.35,3829,0,Seal Wear,1.57,14.88
7650,5.22,3403.39,100,10.14,95.26,3830,0,Valve Sticking,3.1,16.44
7651,5.67,3404.93,90,9.68,120.01,3830,0,Seal Wear,2.12,12.07
7652,5.83,3406.1,80,9.7,116.84,3830,0,Seal Wear,2.4,25.43
7653,5.86,3407.2,70,9.66,112.82,3830,0,Seal Wear,1.92,41.99
7654,5.03,3407.24,60,11.21,105.18,3830,0,Air Leakage,0.86,28.73
7655,5.52,3408.1,50,9.88,119.46,3830,0,Seal Wear,2.2,5.34
7656,5.66,3408.76,40,9.84,119.37,3830,0,Seal Wear,1.55,25.47
7657,5.62,3410.01,30,9.81,121.57,3830,0,Seal Wear,1.9,18.49
7658,5.39,3410.15,20,10.18,104.48,3830,0,Valve Sticking,3.49,18.84
7659,5.38,3410.24,10,9.58,101.51,3830,0,Valve Sticking,2.68,10.23
7660,5.84,3411.51,0,9.72,111.89,3830,0,Seal Wear,1.67,39.29
7661,5.55,3411.66,10,10.34,101.15,3831,0,Valve Sticking,3.0,25.03
7662,5.32,3411.84,20,9.88,101.95,3832,0,Valve Sticking,3.79,14.05
7663,5.19,3411.89,30,11.27,107.86,3833,0,Air Leakage,1.08,44.24
7664,5.02,3412.02,40,11.33,107.68,3834,0,Air Leakage,1.0,44.82
7665,5.52,3412.12,50,10.25,96.1,3835,0,Valve Sticking,2.65,40.91
7666,4.67,3412.16,60,10.97,106.65,3836,0,Air Leakage,0.98,19.72
7667,4.97,3412.35,70,11.24,116.6,3837,0,Air Leakage,0.96,7.86
7668,4.86,3412.53,80,11.25,106.52,3838,0,Air Leakage,0.95,39.01
7669,5.23,3412.55,90,11.82,100.47,3839,0,Air Leakage,1.02,47.65
7670,5.57,3412.65,100,10.0,100.66,3840,0,Valve Sticking,2.61,36.74
7671,4.96,3412.67,90,11.74,103.81,3840,0,Air Leakage,0.9,21.66
7672,4.84,3412.7,80,12.03,110.29,3840,0,Air Leakage,1.03,11.67
7673,4.73,3412.78,70,11.45,112.78,3840,0,Air Leakage,0.9,15.78
7674,5.73,3413.65,60,9.77,116.9,3840,0,Seal Wear,1.96,17.62
7675,5.15,3413.67,50,10.04,100.81,3840,0,Valve Sticking,3.76,20.94
7676,5.23,3413.72,40,10.97,112.28,3840,0,Air Leakage,0.97,28.13
7677,5.17,3413.76,30,12.21,104.92,3840,0,Air Leakage,1.01,36.35
7678,5.78,3414.41,20,10.21,115.46,3840,0,Seal Wear,2.49,19.45
7679,5.78,3415.96,10,10.04,113.24,3840,0,Seal Wear,2.42,29.09
7680,5.66,3416.15,0,10.08,90.57,3840,0,Valve Sticking,3.98,47.09
7681,5.63,3417.75,10,10.39,118.02,3841,0,Seal Wear,1.81,17.2
7682,4.81,3417.83,20,10.65,111.81,3842,0,Air Leakage,1.04,15.8
7683,5.61,3418.8,30,9.79,118.21,3843,0,Seal Wear,2.01,20.84
7684,5.69,3419.55,40,9.95,119.33,3844,0,Seal Wear,2.01,11.33
7685,5.68,3421.1,50,9.68,120.59,3845,0,Seal Wear,1.77,18.06
7686,5.53,3421.13,60,9.77,97.59,3846,0,Valve Sticking,3.05,28.05
7687,4.76,3421.2,70,11.02,109.38,3847,0,Air Leakage,1.13,17.09
7688,5.3,3421.38,80,10.38,103.74,3848,0,Valve Sticking,3.17,19.3
7689,4.76,3421.5,90,10.91,110.05,3849,0,Air Leakage,1.03,18.48
7690,5.86,3422.25,100,9.81,116.07,3850,0,Seal Wear,1.79,36.29
7691,5.89,3423.05,90,10.18,113.56,3850,0,Seal Wear,1.79,40.45
7692,5.9,3424.27,80,9.58,115.54,3850,0,Seal Wear,1.71,33.69
7693,5.8,3425.02,70,10.38,115.99,3850,0,Seal Wear,2.08,24.94
7694,5.59,3426.52,60,9.58,116.87,3850,0,Seal Wear,1.82,18.18
7695,5.84,3427.17,50,10.2,113.85,3850,0,Seal Wear,2.12,24.35
7696,5.25,3427.29,40,10.34,97.69,3850,0,Valve Sticking,2.94,8.12
7697,5.26,3427.33,30,10.43,94.41,3850,0,Valve Sticking,3.27,8.42
7698,5.5,3427.4,20,10.16,88.85,3850,0,Valve Sticking,2.7,39.46
7699,5.6,3428.93,10,9.66,120.18,3850,0,Seal Wear,1.73,16.45
7700,5.34,3429.07,0,9.87,99.7,3850,0,Valve Sticking,3.35,14.92
7701,5.79,3430.04,10,9.85,116.06,3851,0,Seal Wear,2.44,30.39
7702,5.67,3431.23,20,10.0,120.4,3852,0,Seal Wear,1.76,8.79
7703,5.8,3432.23,30,9.73,116.02,3853,0,Seal Wear,1.83,29.42
7704,5.17,3432.4,40,9.58,106.61,3854,0,Valve Sticking,3.03,16.84
7705,5.07,3432.41,50,12.35,104.33,3855,0,Air Leakage,1.03,48.52
7706,5.41,3432.5,60,10.26,106.07,3856,0,Valve Sticking,3.87,10.87
7707,4.63,3432.63,70,11.18,112.68,3857,0,Air Leakage,1.08,6.64
7708,5.77,3433.96,80,10.24,118.15,3858,0,Seal Wear,2.22,18.26
7709,5.64,3435.08,90,9.71,121.36,3859,0,Seal Wear,2.26,12.82
7710,5.68,3436.3,100,10.36,116.19,3860,0,Seal Wear,1.84,21.2
7711,5.18,3436.38,90,11.35,111.24,3860,0,Air Leakage,1.03,37.45
7712,6.03,3437.17,80,9.96,112.67,3860,0,Seal Wear,1.58,44.03
7713,5.85,3437.87,70,9.63,108.7,3860,0,Seal Wear,1.66,43.51
7714,4.96,3437.88,60,11.19,104.17,3860,0,Air Leakage,0.97,32.64
7715,5.01,3438.06,50,11.69,106.12,3860,0,Air Leakage,1.01,33.85
7716,5.88,3438.76,40,9.71,111.38,3860,0,Seal Wear,1.57,39.25
7717,5.46,3438.94,30,9.59,101.52,3860,0,Valve Sticking,2.84,13.6
7718,4.83,3439.1,20,11.36,105.3,3860,0,Air Leakage,0.93,25.94
7719,5.31,3439.18,10,11.47,109.25,3860,0,Air Leakage,1.02,36.19
7720,5.76,3440.02,0,9.58,116.15,3860,0,Seal Wear,1.87,16.52
7721,5.66,3440.08,10,9.98,86.07,3861,0,Valve Sticking,3.01,42.98
7722,5.49,3441.03,20,9.77,120.5,3862,0,Seal Wear,2.1,5.49
7723,5.61,3442.3,30,10.37,121.68,3863,0,Seal Wear,2.11,10.92
7724,5.65,3443.46,40,10.07,118.18,3864,0,Seal Wear,2.22,14.16
7725,5.52,3444.79,50,9.85,122.38,3865,0,Seal Wear,2.27,5.27
7726,5.43,3444.9,60,9.66,90.73,3866,0,Valve Sticking,3.43,44.8
7727,5.89,3445.5,70,10.07,113.14,3867,0,Seal Wear,1.82,41.09
7728,5.78,3446.56,80,9.87,115.02,3868,0,Seal Wear,1.71,32.7
7729,5.34,3446.57,90,10.96,110.32,3869,0,Air Leakage,1.1,34.67
7730,5.5,3446.63,100,9.59,95.22,3870,0,Valve Sticking,3.91,37.55
7731,4.91,3446.71,90,10.93,107.37,3870,0,Air Leakage,1.1,15.76
7732,5.23,3446.76,80,10.1,89.63,3870,0,Valve Sticking,2.57,15.31
7733,4.75,3446.91,70,11.75,111.36,3870,0,Air Leakage,0.89,18.31
7734,5.06,3447.0,60,11.58,107.68,3870,0,Air Leakage,1.18,22.76
7735,4.58,3447.06,50,12.09,109.02,3870,0,Air Leakage,0.86,11.97
7736,5.14,3447.07,40,11.81,103.04,3870,0,Air Leakage,1.19,48.8
7737,4.69,3447.12,30,11.77,112.29,3870,0,Air Leakage,1.18,6.57
7738,5.34,3447.17,20,9.5,101.91,3870,0,Valve Sticking,3.26,33.49
7739,5.62,3447.98,10,10.39,117.97,3870,0,Seal Wear,1.81,11.57
7740,5.05,3448.05,0,9.64,107.6,3870,0,Valve Sticking,2.71,6.54
7741,4.69,3448.24,10,11.47,110.68,3871,0,Air Leakage,1.15,6.73
7742,5.77,3449.81,20,10.27,115.81,3872,0,Seal Wear,1.74,33.11
7743,5.89,3451.13,30,9.59,115.96,3873,0,Seal Wear,2.18,42.35
7744,5.64,3451.17,40,10.06,95.93,3874,0,Valve Sticking,2.83,32.92
7745,5.63,3451.3,50,9.87,92.74,3875,0,Valve Sticking,2.73,35.77
7746,5.75,3451.92,60,9.59,115.63,3876,0,Seal Wear,1.53,34.2
7747,5.7,3451.94,70,9.8,87.29,3877,0,Valve Sticking,3.32,48.73
7748,5.73,3451.95,80,10.47,86.27,3878,0,Valve Sticking,2.89,49.72
7749,4.92,3452.08,90,11.15,107.18,3879,0,Air Leakage,0.9,27.55
7750,5.15,3452.22,100,11.19,106.37,3880,0,Air Leakage,1.2,20.83
7751,5.14,3452.24,90,11.86,102.47,3880,0,Air Leakage,0.87,43.89
7752,5.66,3452.92,80,10.31,116.32,3880,0,Seal Wear,1.91,20.21
7753,5.27,3452.97,70,10.77,109.51,3880,0,Air Leakage,1.17,33.09
7754,5.38,3453.09,60,10.91,103.51,3880,0,Air Leakage,0.88,45.54
7755,5.53,3454.04,50,9.92,123.47,3880,0,Seal Wear,2.04,7.61
7756,4.99,3454.07,40,11.48,105.27,3880,0,Air Leakage,0.99,26.69
7757,5.43,3454.09,30,11.3,104.21,3880,0,Air Leakage,1.19,46.76
7758,5.77,3454.89,20,9.55,113.51,3880,0,Seal Wear,1.88,35.94
7759,5.15,3454.96,10,10.06,101.2,3880,0,Valve Sticking,2.74,6.48
7760,5.73,3456.45,0,10.42,116.62,3880,0,Seal Wear,2.29,32.24
7761,5.93,3457.17,10,9.54,114.75,3881,0,Seal Wear,2.23,39.04
7762,5.62,3458.44,20,10.29,117.71,3882,0,Seal Wear,1.94,21.72
7763,5.45,3458.45,30,9.58,93.91,3883,0,Valve Sticking,3.81,24.53
7764,5.2,3458.46,40,9.92,93.92,3884,0,Valve Sticking,3.36,13.37
7765,5.25,3458.62,50,9.58,91.08,3885,0,Valve Sticking,3.54,21.81
7766,5.45,3458.73,60,10.19,95.56,3886,0,Valve Sticking,3.92,34.07
7767,4.91,3458.89,70,11.92,106.98,3887,0,Air Leakage,0.91,39.45
7768,5.18,3458.96,80,10.99,106.72,3888,0,Air Leakage,0.8,36.06
7769,4.86,3459.1,90,10.92,104.69,3889,0,Air Leakage,0.91,34.59
7770,6.06,3459.94,100,10.35,110.14,3890,0,Seal Wear,1.82,48.13
7771,5.1,3460.07,90,9.75,103.19,3890,0,Valve Sticking,3.09,8.12
7772,5.73,3461.52,80,9.94,117.05,3890,0,Seal Wear,1.73,17.18
7773,5.61,3462.91,70,9.56,118.85,3890,0,Seal Wear,1.62,16.67
7774,5.91,3463.85,60,10.47,109.55,3890,0,Seal Wear,2.47,42.02
7775,4.91,3464.0,50,11.22,117.27,3890,0,Air Leakage,0.86,8.68
7776,4.54,3464.11,40,11.02,113.95,3890,0,Air Leakage,1.12,7.97
7777,5.51,3465.26,30,9.83,121.98,3890,0,Seal Wear,1.58,5.68
7778,5.58,3466.12,20,9.99,121.05,3890,0,Seal Wear,1.58,13.02
7779,5.76,3466.26,10,9.6,93.97,3890,0,Valve Sticking,3.18,48.99
7780,5.31,3466.45,0,10.42,94.82,3890,0,Valve Sticking,3.25,10.77
7781,5.77,3467.67,10,9.74,117.58,3891,0,Seal Wear,2.47,21.17
7782,5.78,3468.94,20,10.46,116.79,3892,0,Seal Wear,1.89,28.0
7783,6.08,3470.26,30,9.67,112.27,3893,0,Seal Wear,2.42,49.75
7784,5.88,3471.12,40,9.53,113.88,3894,0,Seal Wear,2.36,31.74
7785,4.65,3471.26,50,11.79,112.22,3895,0,Air Leakage,1.01,19.64
7786,5.77,3472.82,60,10.29,117.94,3896,0,Seal Wear,1.58,22.42
7787,5.08,3472.85,70,10.79,106.9,3897,0,Air Leakage,0.93,28.36
7788,5.27,3472.88,80,9.82,98.92,3898,0,Valve Sticking,2.83,20.48
7789,5.5,3472.93,90,10.33,99.06,3899,0,Valve Sticking,3.14,36.26
7790,5.22,3473.1,100,10.06,92.43,3900,0,Valve Sticking,3.33,15.85
7791,5.32,3473.29,90,9.98,94.82,3900,0,Valve Sticking,3.99,20.78
7792,5.66,3474.46,80,9.68,119.59,3900,0,Seal Wear,1.92,24.67
7793,5.4,3474.56,70,9.56,93.23,3900,0,Valve Sticking,3.66,26.01
7794,5.07,3474.71,60,11.56,103.48,3900,0,Air Leakage,0.93,32.45
7795,5.59,3474.85,50,10.35,91.54,3900,0,Valve Sticking,3.25,34.5
7796,5.5,3474.99,40,10.41,92.81,3900,0,Valve Sticking,3.29,48.96
7797,5.48,3475.83,30,9.96,119.58,3900,0,Seal Wear,2.38,6.76
7798,5.88,3477.02,20,9.73,109.18,3900,0,Seal Wear,2.1,46.14
7799,5.43,3477.09,10,9.75,89.85,3900,0,Valve Sticking,2.84,23.74
7800,4.83,3477.1,0,11.8,105.49,3900,0,Air Leakage,0.84,23.94
7801,5.84,3478.49,10,9.68,113.27,3901,0,Seal Wear,2.39,32.36
7802,5.41,3478.63,20,10.11,92.4,3902,0,Valve Sticking,2.59,26.87
7803,6.04,3479.36,30,9.53,111.22,3903,0,Seal Wear,2.25,46.22
7804,5.17,3479.53,40,11.44,108.82,3904,0,Air Leakage,1.1,20.31
7805,5.75,3480.27,50,9.72,117.08,3905,0,Seal Wear,2.38,16.62
7806,5.76,3481.36,60,9.62,115.69,3906,0,Seal Wear,1.81,32.87
7807,5.15,3481.46,70,11.65,102.53,3907,0,Air Leakage,0.97,39.16
7808,4.96,3481.63,80,12.18,110.73,3908,0,Air Leakage,0.84,29.85
7809,5.1,3481.71,90,11.57,107.08,3909,0,Air Leakage,0.86,45.28
7810,5.54,3483.06,100,10.16,117.6,3910,0,Seal Wear,2.46,9.27
7811,4.93,3483.18,90,10.95,110.0,3910,0,Air Leakage,0.99,14.66
7812,5.59,3483.35,80,10.07,92.06,3910,0,Valve Sticking,3.02,42.17
7813,5.84,3483.95,70,9.71,115.07,3910,0,Seal Wear,2.05,34.1
7814,5.74,3484.87,60,10.05,116.61,3910,0,Seal Wear,2.4,28.61
7815,5.95,3485.99,50,9.89,112.38,3910,0,Seal Wear,1.53,40.33
7816,5.5,3487.28,40,10.5,117.36,3910,0,Seal Wear,1.68,6.9
7817,5.4,3487.47,30,10.39,87.87,3910,0,Valve Sticking,3.35,35.96
7818,5.59,3487.51,20,10.21,105.12,3910,0,Valve Sticking,3.75,24.94
7819,5.81,3488.4,10,10.26,114.48,3910,0,Seal Wear,2.1,30.64
7820,4.85,3488.49,0,11.99,117.14,3910,0,Air Leakage,1.1,14.77
7821,5.53,3489.21,10,10.12,119.52,3911,0,Seal Wear,1.73,12.63
7822,5.25,3489.38,20,11.36,106.86,3912,0,Air Leakage,1.05,22.38
7823,5.78,3490.36,30,9.72,116.18,3913,0,Seal Wear,1.8,27.07
7824,5.13,3490.55,40,10.49,105.85,3914,0,Valve Sticking,3.35,8.28
7825,4.75,3490.7,50,11.3,111.17,3915,0,Air Leakage,1.19,26.81
7826,5.64,3491.88,60,9.81,120.41,3916,0,Seal Wear,1.84,6.22
7827,5.83,3491.92,70,9.79,88.19,3917,0,Valve Sticking,3.28,48.55
7828,5.84,3493.08,80,9.69,112.11,3918,0,Seal Wear,1.89,40.23
7829,5.53,3493.1,90,10.15,99.94,3919,0,Valve Sticking,3.67,40.41
7830,5.17,3493.18,100,10.17,96.73,3920,0,Valve Sticking,3.44,10.48
7831,5.5,3493.2,90,10.22,90.86,3920,0,Valve Sticking,3.17,39.83
7832,5.76,3494.52,80,10.39,119.71,3920,0,Seal Wear,2.44,15.51
7833,5.19,3494.58,70,11.55,101.73,3920,0,Air Leakage,1.0,40.96
7834,5.0,3494.6,60,11.23,112.91,3920,0,Air Leakage,1.19,5.19
7835,5.51,3495.52,50,9.89,120.84,3920,0,Seal Wear,1.7,10.39
7836,5.49,3495.53,40,9.63,83.18,3920,0,Valve Sticking,3.08,47.22
7837,5.76,3495.69,30,9.68,94.42,3920,0,Valve Sticking,3.78,49.11
7838,5.36,3495.88,20,9.98,97.5,3920,0,Valve Sticking,3.99,29.23
7839,5.17,3496.03,10,11.46,106.94,3920,0,Air Leakage,1.13,13.53
7840,5.68,3496.15,0,10.21,89.69,3920,0,Valve Sticking,3.53,46.3
7841,5.43,3496.22,10,10.27,94.5,3921,0,Valve Sticking,2.5,19.84
7842,5.92,3497.24,20,10.46,109.32,3922,0,Seal Wear,1.96,48.91
7843,5.03,3497.4,30,12.24,110.98,3923,0,Air Leakage,0.94,22.12
7844,5.67,3498.06,40,10.39,115.12,3924,0,Seal Wear,1.95,25.35
7845,4.79,3498.07,50,10.86,109.48,3925,0,Air Leakage,0.84,38.05
7846,5.01,3498.09,60,10.9,109.89,3926,0,Air Leakage,0.9,18.22
7847,5.31,3498.27,70,9.8,91.01,3927,0,Valve Sticking,3.59,21.95
7848,5.74,3499.75,80,9.97,115.82,3928,0,Seal Wear,2.12,22.16
7849,5.36,3499.88,90,11.95,110.27,3929,0,Air Leakage,1.04,29.76
7850,5.54,3499.9,100,10.37,100.84,3930,0,Valve Sticking,3.4,31.38
7851,5.8,3501.1,90,10.21,113.16,3930,0,Seal Wear,2.0,35.42
7852,5.08,3501.1,80,11.59,111.39,3930,0,Air Leakage,1.12,21.22
7853,4.79,3501.13,70,11.31,113.32,3930,0,Air Leakage,0.89,23.96
7854,5.97,3502.36,60,9.56,112.76,3930,0,Seal Wear,1.82,38.37
7855,5.18,3502.48,50,11.72,108.51,3930,0,Air Leakage,1.14,22.39
7856,5.38,3502.52,40,10.32,99.74,3930,0,Valve Sticking,2.63,43.29
7857,5.29,3502.59,30,11.65,109.26,3930,0,Air Leakage,1.13,27.67
7858,6.02,3503.54,20,10.22,111.47,3930,0,Seal Wear,2.3,44.9
7859,6.04,3504.81,10,10.12,110.29,3930,0,Seal Wear,2.21,47.62
7860,5.6,3504.96,0,10.43,86.57,3930,0,Valve Sticking,3.03,40.0
7861,5.39,3504.98,10,10.24,98.38,3931,0,Valve Sticking,3.98,22.09
7862,5.89,3505.83,20,10.26,112.89,3932,0,Seal Wear,1.98,32.95
7863,5.32,3505.98,30,10.48,96.44,3933,0,Valve Sticking,3.92,32.05
7864,5.76,3507.32,40,9.87,121.39,3934,0,Seal Wear,1.8,17.94
7865,5.42,3507.51,50,10.39,89.68,3935,0,Valve Sticking,2.83,34.28
7866,5.47,3507.64,60,10.36,93.04,3936,0,Valve Sticking,3.19,18.93
7867,5.64,3507.76,70,10.15,94.87,3937,0,Valve Sticking,2.53,43.87
7868,5.73,3508.84,80,9.67,115.86,3938,0,Seal Wear,1.84,18.7
7869,5.18,3509.01,90,11.36,103.33,3939,0,Air Leakage,0.86,31.77
7870,5.44,3509.15,100,9.59,94.19,3940,0,Valve Sticking,2.92,12.15
7871,5.44,3509.25,90,10.02,103.57,3940,0,Valve Sticking,3.82,9.91
7872,5.01,3509.3,80,11.74,107.86,3940,0,Air Leakage,0.94,16.25
7873,5.71,3510.42,70,9.62,115.77,3940,0,Seal Wear,1.74,25.35
7874,5.73,3511.15,60,9.55,118.55,3940,0,Seal Wear,1.56,15.61
7875,5.37,3511.32,50,9.58,103.85,3940,0,Valve Sticking,3.38,6.38
7876,4.96,3511.46,40,11.56,111.94,3940,0,Air Leakage,0.86,20.85
7877,4.82,3511.5,30,11.93,114.23,3940,0,Air Leakage,0.88,6.0
7878,5.6,3512.72,20,9.94,120.61,3940,0,Seal Wear,1.96,8.49
7879,5.58,3512.92,10,9.97,98.58,3940,0,Valve Sticking,3.05,41.64
7880,4.96,3513.09,0,12.07,109.2,3940,0,Air Leakage,1.17,43.14
7881,5.71,3514.29,10,10.0,116.14,3941,0,Seal Wear,1.75,15.88
7882,5.46,3514.43,20,10.23,97.99,3942,0,Valve Sticking,2.99,39.42
7883,5.66,3514.61,30,10.09,91.75,3943,0,Valve Sticking,2.69,45.78
7884,5.63,3515.35,40,10.2,116.17,3944,0,Seal Wear,1.97,18.43
7885,5.45,3515.42,50,10.25,93.37,3945,0,Valve Sticking,3.66,22.23
7886,5.23,3515.43,60,9.88,99.5,3946,0,Valve Sticking,3.17,25.85
7887,5.89,3516.77,70,10.37,114.3,3947,0,Seal Wear,1.95,35.7
7888,5.48,3516.84,80,10.22,96.22,3948,0,Valve Sticking,3.67,28.1
7889,5.44,3516.91,90,10.52,103.31,3949,0,Air Leakage,1.09,38.21
7890,4.89,3517.03,100,11.64,109.21,3950,0,Air Leakage,1.18,34.63
7891,5.79,3517.98,90,10.01,114.62,3950,0,Seal Wear,2.2,21.09
7892,5.13,3518.04,80,9.61,92.84,3950,0,Valve Sticking,3.8,12.02
7893,5.35,3518.1,70,10.41,98.83,3950,0,Valve Sticking,2.73,10.9
7894,5.14,3518.29,60,12.36,113.48,3950,0,Air Leakage,1.09,10.48
7895,5.31,3518.45,50,11.04,108.49,3950,0,Air Leakage,1.14,44.78
7896,5.33,3518.47,40,9.71,105.33,3950,0,Valve Sticking,3.09,8.41
7897,5.18,3518.64,30,12.11,106.41,3950,0,Air Leakage,0.87,40.2
7898,5.74,3520.05,20,10.15,115.19,3950,0,Seal Wear,2.2,16.14
7899,5.45,3520.17,10,10.28,92.21,3950,0,Valve Sticking,3.57,35.77
7900,5.2,3520.35,0,12.08,104.19,3950,0,Air Leakage,1.02,48.95
7901,5.18,3520.36,10,11.64,112.44,3951,0,Air Leakage,0.98,23.67
7902,5.85,3521.31,20,9.57,111.57,3952,0,Seal Wear,2.47,40.06
7903,5.21,3521.47,30,9.75,93.41,3953,0,Valve Sticking,2.67,15.17
7904,5.84,3522.86,40,10.25,112.81,3954,0,Seal Wear,2.22,34.04
7905,4.98,3522.96,50,11.34,108.58,3955,0,Air Leakage,0.93,5.9
7906,5.52,3524.57,60,9.54,119.44,3956,0,Seal Wear,2.44,7.7
7907,5.29,3524.76,70,9.64,106.32,3957,0,Valve Sticking,3.2,5.63
7908,5.52,3525.92,80,9.56,118.44,3958,0,Seal Wear,2.42,5.4
7909,5.74,3525.94,90,9.71,92.59,3959,0,Valve Sticking,3.44,48.61
7910,5.02,3526.0,100,12.15,109.16,3960,0,Air Leakage,0.84,32.71
7911,5.57,3526.13,90,10.01,95.09,3960,0,Valve Sticking,3.77,33.8
7912,4.67,3526.17,80,12.14,110.17,3960,0,Air Leakage,0.98,20.32
7913,5.68,3526.28,70,9.9,94.15,3960,0,Valve Sticking,2.88,36.88
7914,5.69,3526.34,60,10.49,94.3,3960,0,Valve Sticking,2.74,43.44
7915,5.42,3526.4,50,10.44,88.95,3960,0,Valve Sticking,3.08,25.85
7916,5.64,3527.59,40,9.65,118.77,3960,0,Seal Wear,2.47,22.68
7917,5.58,3527.77,30,9.83,85.83,3960,0,Valve Sticking,3.95,35.58
7918,5.4,3527.77,20,11.88,106.71,3960,0,Air Leakage,0.95,48.75
7919,5.42,3527.8,10,10.26,101.55,3960,0,Valve Sticking,3.5,30.27
7920,5.6,3529.23,0,9.68,115.05,3960,0,Seal Wear,1.6,16.44
7921,5.74,3530.01,10,9.79,118.44,3961,0,Seal Wear,1.53,25.08
7922,5.16,3530.12,20,9.57,107.39,3962,0,Valve Sticking,3.87,7.6
7923,5.57,3530.23,30,9.76,101.14,3963,0,Valve Sticking,3.74,39.7
7924,5.06,3530.27,40,11.28,104.74,3964,0,Air Leakage,0.87,36.19
7925,4.87,3530.36,50,11.3,115.41,3965,0,Air Leakage,0.99,11.06
7926,4.99,3530.56,60,11.2,111.22,3966,0,Air Leakage,0.89,31.0
7927,4.86,3530.66,70,11.98,107.7,3967,0,Air Leakage,1.13,6.37
7928,5.99,3531.89,80,9.51,110.03,3968,0,Seal Wear,2.04,48.43
7929,5.32,3531.99,90,10.09,103.78,3969,0,Valve Sticking,2.58,15.46
7930,4.83,3532.03,100,12.34,112.82,3970,0,Air Leakage,1.06,12.97
7931,5.73,3532.97,90,9.72,122.43,3970,0,Seal Wear,2.39,16.09
7932,5.39,3533.11,80,10.34,98.98,3970,0,Valve Sticking,2.56,14.24
7933,5.33,3533.22,70,9.61,95.76,3970,0,Valve Sticking,3.92,13.35
7934,5.58,3533.39,60,9.97,90.21,3970,0,Valve Sticking,3.57,28.72
7935,4.91,3533.59,50,11.29,107.68,3970,0,Air Leakage,1.11,42.89
7936,4.69,3533.62,40,11.24,110.34,3970,0,Air Leakage,1.06,17.26
7937,5.93,3534.74,30,9.59,112.54,3970,0,Seal Wear,1.61,40.7
7938,5.5,3534.91,20,9.61,92.47,3970,0,Valve Sticking,3.56,37.74
7939,4.68,3534.98,10,12.11,114.28,3970,0,Air Leakage,0.8,16.44
7940,5.33,3535.11,0,9.57,93.56,3970,0,Valve Sticking,3.33,22.6
7941,5.67,3536.51,10,10.37,117.91,3971,0,Seal Wear,1.76,22.71
7942,4.79,3536.68,20,11.91,114.03,3972,0,Air Leakage,1.0,16.63
7943,5.33,3536.77,30,10.33,94.45,3973,0,Valve Sticking,3.99,28.82
7944,5.4,3536.9,40,10.37,102.76,3974,0,Valve Sticking,3.03,33.23
7945,4.89,3537.1,50,11.25,108.7,3975,0,Air Leakage,0.92,20.78
7946,5.88,3537.88,60,9.7,115.88,3976,0,Seal Wear,2.04,31.12
7947,5.57,3538.4,70,10.39,124.66,3977,0,Seal Wear,2.23,6.57
7948,4.97,3538.57,80,11.79,109.22,3978,0,Air Leakage,0.83,22.48
7949,4.98,3538.65,90,11.25,107.01,3979,0,Air Leakage,1.14,45.36
7950,5.16,3538.74,100,11.93,106.44,3980,0,Air Leakage,1.2,29.5
7951,5.64,3538.84,90,9.78,98.24,3980,0,Valve Sticking,2.54,47.06
7952,4.91,3538.84,80,11.32,111.65,3980,0,Air Leakage,1.16,10.29
7953,5.81,3539.44,70,9.93,116.68,3980,0,Seal Wear,1.76,24.14
7954,5.45,3539.45,60,9.61,101.36,3980,0,Valve Sticking,3.56,22.71
7955,5.6,3540.52,50,9.92,119.68,3980,0,Seal Wear,2.31,8.1
7956,5.67,3541.96,40,9.52,119.36,3980,0,Seal Wear,2.38,11.14
7957,5.95,3543.16,30,10.13,114.64,3980,0,Seal Wear,1.57,35.76
7958,5.77,3543.72,20,9.89,119.0,3980,0,Seal Wear,2.04,31.88
7959,4.91,3543.9,10,11.41,113.68,3980,0,Air Leakage,1.05,26.39
7960,4.95,3544.05,0,10.99,107.39,3980,0,Air Leakage,0.83,26.56
7961,5.62,3544.1,10,9.75,88.13,3981,0,Valve Sticking,3.36,44.72
7962,5.59,3545.37,20,9.97,118.73,3982,0,Seal Wear,2.01,6.32
7963,5.74,3546.06,30,10.35,116.94,3983,0,Seal Wear,2.35,17.43
7964,5.7,3546.86,40,9.8,115.24,3984,0,Seal Wear,2.14,21.55
7965,5.27,3547.03,50,10.0,102.31,3985,0,Valve Sticking,2.55,23.98
7966,5.96,3547.9,60,10.4,116.65,3986,0,Seal Wear,2.09,39.5
7967,5.22,3548.08,70,11.38,108.35,3987,0,Air Leakage,1.01,32.98
7968,5.1,3548.23,80,10.36,105.82,3988,0,Valve Sticking,3.16,14.11
7969,5.52,3548.26,90,11.81,108.19,3989,0,Air Leakage,1.01,45.74
7970,5.09,3548.39,100,10.44,98.2,3990,0,Valve Sticking,3.16,14.77
7971,5.17,3548.55,90,10.7,101.87,3990,0,Air Leakage,1.06,49.88
7972,5.74,3549.22,80,9.52,114.51,3990,0,Seal Wear,2.28,31.18
7973,5.37,3549.34,70,10.22,92.0,3990,0,Valve Sticking,3.12,20.08
7974,5.68,3550.31,60,9.83,116.64,3990,0,Seal Wear,1.75,19.08
7975,4.92,3550.44,50,11.55,105.66,3990,0,Air Leakage,0.83,16.92
7976,5.03,3550.63,40,11.86,102.18,3990,0,Air Leakage,1.16,43.17
7977,4.81,3550.77,30,11.83,112.38,3990,0,Air Leakage,1.1,5.45
7978,5.85,3551.99,20,9.89,111.87,3990,0,Seal Wear,1.88,28.15
7979,5.56,3553.5,10,9.56,120.69,3990,0,Seal Wear,1.78,13.41
7980,6.0,3554.64,0,9.82,113.9,3990,0,Seal Wear,2.48,48.59
7981,5.8,3556.09,10,10.49,115.26,3991,0,Seal Wear,1.91,29.89
7982,5.75,3557.6,20,9.73,115.63,3992,0,Seal Wear,2.12,29.92
7983,5.15,3557.61,30,10.34,92.88,3993,0,Valve Sticking,3.91,8.75
7984,5.85,3558.36,40,10.06,115.77,3994,0,Seal Wear,2.09,35.05
7985,5.19,3558.44,50,12.02,107.9,3995,0,Air Leakage,1.05,20.01
7986,5.9,3559.49,60,9.91,114.16,3996,0,Seal Wear,2.45,34.29
7987,5.69,3560.22,70,9.76,119.16,3997,0,Seal Wear,2.46,13.12
7988,5.09,3560.32,80,11.19,109.51,3998,0,Air Leakage,0.94,30.36
7989,5.88,3560.85,90,10.44,111.94,3999,0,Seal Wear,2.1,43.8
7990,5.19,3561.03,100,10.01,100.12,4000,0,Valve Sticking,2.91,8.66
7991,4.97,3561.1,90,11.39,108.29,4000,0,Air Leakage,0.91,42.2
7992,4.87,3561.19,80,11.23,105.56,4000,0,Air Leakage,0.8,23.42
7993,5.7,3562.1,70,9.63,115.25,4000,0,Seal Wear,2.03,25.52
7994,5.9,3562.93,60,9.53,115.85,4000,0,Seal Wear,1.8,40.52
7995,5.27,3562.98,50,11.43,104.29,4000,0,Air Leakage,1.08,45.37
7996,4.84,3563.01,40,11.57,118.52,4000,0,Air Leakage,1.08,5.75
7997,5.22,3563.15,30,11.79,101.81,4000,0,Air Leakage,1.15,38.52
7998,4.96,3563.24,20,10.97,102.77,4000,0,Air Leakage,0.92,32.67
7999,5.89,3563.91,10,10.46,114.03,4000,0,Seal Wear,1.82,34.93
8000,5.2,3564.05,0,11.93,102.86,4000,0,Air Leakage,0.88,41.79
8001,5.83,3564.16,10,9.83,89.95,4001,0,Valve Sticking,2.58,46.6
8002,5.29,3564.22,20,12.19,98.18,4002,0,Air Leakage,1.0,49.36
8003,4.87,3564.33,30,11.44,108.86,4003,0,Air Leakage,1.01,16.9
8004,5.11,3564.51,40,11.74,103.44,4004,0,Air Leakage,0.83,41.72
8005,5.87,3565.42,50,9.86,117.5,4005,0,Seal Wear,1.88,32.9
8006,5.35,3565.54,60,12.08,103.81,4006,0,Air Leakage,0.99,44.04
8007,5.52,3566.75,70,10.3,118.16,4007,0,Seal Wear,2.09,9.54
8008,5.44,3566.8,80,9.85,103.57,4008,0,Valve Sticking,3.36,13.93
8009,5.01,3566.97,90,11.54,108.09,4009,0,Air Leakage,1.19,34.45
8010,4.93,3567.1,100,11.42,111.03,4010,0,Air Leakage,0.98,17.3
8011,5.16,3567.22,90,11.97,105.82,4010,0,Air Leakage,1.03,45.27
8012,5.89,3568.12,80,10.11,110.2,4010,0,Seal Wear,2.28,49.06
8013,5.82,3568.87,70,10.1,112.69,4010,0,Seal Wear,2.25,36.12
8014,5.23,3569.0,60,10.43,99.8,4010,0,Valve Sticking,3.31,25.08
8015,5.27,3569.18,50,11.86,105.24,4010,0,Air Leakage,1.05,42.34
8016,5.82,3570.07,40,10.03,115.05,4010,0,Seal Wear,2.31,23.64
8017,5.58,3571.05,30,9.7,123.84,4010,0,Seal Wear,1.92,5.34
8018,5.2,3571.1,20,9.61,102.2,4010,0,Valve Sticking,3.67,15.96
8019,5.9,3572.46,10,9.78,114.24,4010,0,Seal Wear,2.07,43.65
8020,5.3,3572.47,0,10.37,95.29,4010,0,Valve Sticking,3.69,14.03
8021,5.18,3572.63,10,11.45,100.96,4011,0,Air Leakage,1.07,49.22
8022,5.97,3573.62,20,10.43,112.91,4012,0,Seal Wear,2.0,43.21
8023,5.88,3574.63,30,10.5,115.44,4013,0,Seal Wear,1.51,40.88
8024,5.03,3574.72,40,12.24,105.37,4014,0,Air Leakage,1.12,25.32
8025,5.1,3574.88,50,9.56,103.49,4015,0,Valve Sticking,3.85,14.22
8026,5.73,3576.32,60,10.02,116.98,4016,0,Seal Wear,1.75,19.83
8027,5.04,3576.34,70,11.56,104.96,4017,0,Air Leakage,1.12,22.12
8028,5.54,3576.54,80,9.71,100.19,4018,0,Valve Sticking,3.19,36.09
8029,5.99,3577.81,90,9.66,115.26,4019,0,Seal Wear,2.43,46.65
8030,5.71,3577.89,100,10.38,89.82,4020,0,Valve Sticking,3.16,49.05
8031,5.08,3577.96,90,10.21,106.29,4020,0,Valve Sticking,3.16,6.82
8032,5.29,3578.0,80,11.94,99.94,4020,0,Air Leakage,1.0,45.95
8033,5.53,3578.07,70,9.65,98.51,4020,0,Valve Sticking,2.92,38.26
8034,5.97,3579.72,60,9.87,112.36,4020,0,Seal Wear,2.17,40.2
8035,5.85,3580.97,50,10.08,118.34,4020,0,Seal Wear,2.18,30.79
8036,5.94,3581.91,40,10.37,113.16,4020,0,Seal Wear,2.22,43.52
8037,5.62,3582.78,30,10.38,120.47,4020,0,Seal Wear,1.6,16.25
8038,5.73,3584.2,20,10.21,117.59,4020,0,Seal Wear,2.11,14.1
8039,4.68,3584.33,10,12.03,111.32,4020,0,Air Leakage,1.19,23.05
8040,5.31,3584.45,0,12.31,110.25,4020,0,Air Leakage,1.07,31.87
8041,5.12,3584.46,10,11.46,103.99,4021,0,Air Leakage,1.07,36.7
8042,5.5,3584.64,20,10.18,91.97,4022,0,Valve Sticking,2.59,37.83
8043,5.37,3584.76,30,11.17,105.97,4023,0,Air Leakage,0.96,35.73
8044,5.83,3585.69,40,10.08,115.34,4024,0,Seal Wear,1.99,32.3
8045,4.68,3585.8,50,11.46,113.79,4025,0,Air Leakage,1.07,9.22
8046,5.88,3586.53,60,9.71,112.27,4026,0,Seal Wear,1.56,31.82
8047,5.59,3587.41,70,9.82,122.5,4027,0,Seal Wear,1.78,5.15
8048,4.91,3587.54,80,11.67,105.75,4028,0,Air Leakage,0.95,36.28
8049,4.96,3587.56,90,11.12,112.88,4029,0,Air Leakage,1.15,5.05
8050,5.19,3587.65,100,11.08,101.41,4030,0,Air Leakage,1.2,40.26
8051,4.97,3587.82,90,11.3,108.49,4030,0,Air Leakage,0.94,17.71
8052,5.47,3587.91,80,12.15,108.71,4030,0,Air Leakage,0.81,41.73
8053,4.86,3588.03,70,11.01,108.16,4030,0,Air Leakage,1.03,29.95
8054,5.0,3588.05,60,11.81,106.61,4030,0,Air Leakage,0.9,31.23
8055,5.72,3588.87,50,9.77,121.53,4030,0,Seal Wear,1.85,17.79
8056,5.82,3589.74,40,9.95,114.3,4030,0,Seal Wear,2.24,29.0
8057,4.67,3589.85,30,11.51,108.01,4030,0,Air Leakage,0.85,16.69
8058,5.61,3591.06,20,10.13,120.64,4030,0,Seal Wear,2.19,17.49
8059,5.34,3591.24,10,9.68,96.78,4030,0,Valve Sticking,3.45,27.5
8060,5.42,3591.42,0,9.6,98.29,4030,0,Valve Sticking,3.71,31.72
8061,5.94,3592.39,10,9.84,111.08,4031,0,Seal Wear,2.27,49.68
8062,5.01,3592.5,20,11.99,112.4,4032,0,Air Leakage,0.85,11.44
8063,5.85,3593.64,30,9.72,113.07,4033,0,Seal Wear,2.08,33.74
8064,5.95,3595.05,40,9.8,114.79,4034,0,Seal Wear,2.46,44.77
8065,4.87,3595.09,50,11.36,105.41,4035,0,Air Leakage,0.96,34.11
8066,6.02,3596.42,60,9.89,109.99,4036,0,Seal Wear,1.94,49.01
8067,5.04,3596.48,70,11.22,114.82,4037,0,Air Leakage,1.02,15.7
8068,5.15,3596.63,80,10.74,108.36,4038,0,Air Leakage,1.18,15.92
8069,5.23,3596.76,90,10.36,92.26,4039,0,Valve Sticking,2.92,24.86
8070,4.95,3596.95,100,11.64,102.79,4040,0,Air Leakage,0.99,25.24
8071,4.9,3597.11,90,10.88,111.79,4040,0,Air Leakage,0.89,27.33
8072,5.26,3597.23,80,10.41,97.52,4040,0,Valve Sticking,2.55,9.49
8073,5.28,3597.43,70,10.37,100.47,4040,0,Valve Sticking,2.7,19.7
8074,6.03,3598.98,60,10.42,113.53,4040,0,Seal Wear,1.51,47.72
8075,5.61,3599.92,50,9.93,115.32,4040,0,Seal Wear,1.89,19.55
8076,4.7,3599.93,40,10.87,110.56,4040,0,Air Leakage,1.08,9.46
8077,5.54,3599.93,30,9.63,100.43,4040,0,Valve Sticking,2.54,38.99
8078,5.89,3601.04,20,10.01,112.15,4040,0,Seal Wear,2.37,45.92
8079,5.74,3602.43,10,9.68,117.46,4040,0,Seal Wear,2.06,24.87
8080,4.79,3602.54,0,11.45,103.14,4040,0,Air Leakage,1.1,28.38
8081,5.29,3602.73,10,9.65,93.01,4041,0,Valve Sticking,3.71,17.89
8082,5.41,3602.84,20,10.09,103.13,4042,0,Valve Sticking,2.84,28.47
8083,5.08,3602.94,30,11.59,106.48,4043,0,Air Leakage,1.2,31.94
8084,5.24,3602.96,40,10.45,103.5,4044,0,Valve Sticking,3.32,22.35
8085,5.4,3603.12,50,9.6,86.88,4045,0,Valve Sticking,3.53,45.88
8086,5.1,3603.18,60,10.11,108.6,4046,0,Valve Sticking,3.85,5.27
8087,5.63,3604.23,70,9.99,118.25,4047,0,Seal Wear,2.05,23.15
8088,4.97,3604.31,80,11.41,108.34,4048,0,Air Leakage,0.87,27.37
8089,5.78,3605.35,90,9.74,115.03,4049,0,Seal Wear,1.56,35.4
8090,4.84,3605.43,100,11.44,114.02,4050,0,Air Leakage,1.02,20.0
8091,5.93,3606.73,90,10.11,113.76,4050,0,Seal Wear,1.95,44.97
8092,5.08,3606.86,80,11.29,103.94,4050,0,Air Leakage,1.16,35.11
8093,5.64,3608.45,70,10.33,120.04,4050,0,Seal Wear,1.71,15.0
8094,5.61,3608.51,60,10.09,96.78,4050,0,Valve Sticking,3.71,26.65
8095,5.5,3608.6,50,9.56,95.41,4050,0,Valve Sticking,2.61,26.69
8096,5.58,3608.68,40,10.05,97.62,4050,0,Valve Sticking,3.84,28.97
8097,5.47,3608.84,30,10.16,102.17,4050,0,Valve Sticking,3.02,20.11
8098,5.26,3608.99,20,9.91,106.43,4050,0,Valve Sticking,3.31,16.54
8099,5.53,3609.74,10,9.51,119.32,4050,0,Seal Wear,1.53,11.94
8100,5.91,3611.23,0,10.03,112.18,4050,0,Seal Wear,2.35,34.01
8101,5.79,3612.29,10,10.02,113.65,4051,0,Seal Wear,1.69,22.23
8102,6.01,3613.07,20,9.77,108.51,4052,0,Seal Wear,1.59,43.54
8103,5.61,3614.57,30,9.54,118.36,4053,0,Seal Wear,1.79,10.44
8104,5.23,3614.65,40,11.89,104.83,4054,0,Air Leakage,0.88,43.75
8105,4.95,3614.85,50,11.27,109.78,4055,0,Air Leakage,1.05,33.66
8106,5.49,3615.46,60,9.75,124.4,4056,0,Seal Wear,1.63,8.83
8107,5.14,3615.61,70,11.84,100.27,4057,0,Air Leakage,1.05,39.14
8108,4.65,3615.65,80,12.08,116.33,4058,0,Air Leakage,0.81,13.69
8109,5.35,3615.77,90,10.34,96.74,4059,0,Valve Sticking,3.35,24.1
8110,4.97,3615.97,100,11.55,108.15,4060,0,Air Leakage,0.87,27.53
8111,5.12,3616.03,90,9.94,99.23,4060,0,Valve Sticking,3.8,7.3
8112,4.96,3616.04,80,11.5,109.33,4060,0,Air Leakage,1.08,29.37
8113,5.26,3616.22,70,10.36,105.11,4060,0,Valve Sticking,2.68,12.71
8114,5.46,3616.31,60,10.43,94.36,4060,0,Valve Sticking,3.04,25.84
8115,5.07,3616.4,50,10.97,99.59,4060,0,Air Leakage,0.93,40.43
8116,5.52,3616.45,40,9.9,89.59,4060,0,Valve Sticking,3.25,34.53
8117,5.41,3616.5,30,9.68,102.39,4060,0,Valve Sticking,3.01,10.38
8118,5.24,3616.52,20,10.14,104.99,4060,0,Valve Sticking,3.54,12.41
8119,5.26,3616.65,10,9.98,101.3,4060,0,Valve Sticking,3.16,13.65
8120,5.66,3617.84,0,9.86,115.66,4060,0,Seal Wear,1.71,22.24
8121,4.78,3618.02,10,11.25,114.02,4061,0,Air Leakage,1.14,24.15
8122,5.37,3618.08,20,9.76,104.87,4062,0,Valve Sticking,2.72,17.47
8123,5.25,3618.12,30,11.36,100.58,4063,0,Air Leakage,1.16,39.81
8124,5.62,3618.21,40,9.51,86.3,4064,0,Valve Sticking,3.86,41.61
8125,4.95,3618.39,50,11.36,108.39,4065,0,Air Leakage,0.87,16.69
8126,5.87,3619.41,60,10.38,110.95,4066,0,Seal Wear,1.88,32.26
8127,5.2,3619.46,70,10.87,101.76,4067,0,Air Leakage,1.17,29.54
8128,5.24,3619.59,80,9.55,104.56,4068,0,Valve Sticking,3.27,13.49
8129,5.2,3619.64,90,10.17,105.07,4069,0,Valve Sticking,2.77,8.93
8130,5.28,3619.75,100,11.52,110.44,4070,0,Air Leakage,0.92,24.88
8131,5.34,3619.78,90,9.7,98.16,4070,0,Valve Sticking,3.18,21.94
8132,5.11,3619.85,80,11.57,108.33,4070,0,Air Leakage,1.02,25.66
8133,4.94,3620.03,70,11.87,112.32,4070,0,Air Leakage,0.82,14.82
8134,5.1,3620.13,60,10.09,99.11,4070,0,Valve Sticking,3.15,8.32
8135,6.0,3621.28,50,9.59,113.52,4070,0,Seal Wear,2.15,46.08
8136,5.71,3622.05,40,9.75,116.21,4070,0,Seal Wear,2.46,30.65
8137,5.04,3622.15,30,11.78,113.05,4070,0,Air Leakage,0.87,14.0
8138,5.49,3622.97,20,10.11,121.22,4070,0,Seal Wear,2.06,5.25
8139,5.6,3624.39,10,9.83,119.99,4070,0,Seal Wear,2.18,16.24
8140,5.31,3624.45,0,10.32,86.08,4070,0,Valve Sticking,2.82,36.67
8141,5.31,3624.6,10,9.74,105.61,4071,0,Valve Sticking,3.8,21.05
8142,5.83,3625.49,20,10.04,114.33,4072,0,Seal Wear,1.52,31.56
8143,5.4,3625.59,30,10.07,95.27,4073,0,Valve Sticking,2.95,31.17
8144,5.43,3625.64,40,9.93,87.6,4074,0,Valve Sticking,3.63,40.58
8145,4.83,3625.64,50,11.36,109.12,4075,0,Air Leakage,0.99,6.02
8146,5.8,3627.12,60,9.71,113.47,4076,0,Seal Wear,1.97,23.68
8147,5.34,3627.2,70,9.62,100.97,4077,0,Valve Sticking,3.45,14.71
8148,5.76,3627.9,80,10.1,118.23,4078,0,Seal Wear,1.94,21.42
8149,5.2,3627.99,90,9.81,97.06,4079,0,Valve Sticking,3.93,8.48
8150,4.52,3628.04,100,10.56,113.35,4080,0,Air Leakage,0.8,7.52
8151,5.76,3629.51,90,9.56,118.59,4080,0,Seal Wear,1.59,25.24
8152,5.29,3629.57,80,10.37,94.8,4080,0,Valve Sticking,3.67,12.89
8153,5.3,3629.68,70,10.4,101.25,4080,0,Valve Sticking,3.17,23.81
8154,5.82,3630.68,60,9.6,111.98,4080,0,Seal Wear,2.35,40.65
8155,5.36,3630.73,50,10.03,101.73,4080,0,Valve Sticking,3.59,12.67
8156,5.32,3630.9,40,9.89,93.93,4080,0,Valve Sticking,3.83,22.83
8157,5.94,3631.89,30,9.56,107.96,4080,0,Seal Wear,1.89,47.92
8158,5.66,3633.01,20,10.23,119.7,4080,0,Seal Wear,1.96,9.53
8159,5.55,3633.19,10,9.84,95.98,4080,0,Valve Sticking,2.72,49.01
8160,5.84,3633.91,0,10.09,116.09,4080,0,Seal Wear,2.19,29.17
8161,5.36,3633.94,10,9.77,106.79,4081,0,Valve Sticking,2.66,11.18
8162,4.73,3634.04,20,11.42,115.1,4082,0,Air Leakage,0.98,12.18
8163,4.95,3634.16,30,11.35,114.19,4083,0,Air Leakage,1.03,21.89
8164,4.7,3634.28,40,11.44,113.81,4084,0,Air Leakage,0.85,17.42
8165,5.75,3635.14,50,9.78,115.5,4085,0,Seal Wear,2.19,32.05
8166,5.7,3636.1,60,9.81,114.91,4086,0,Seal Wear,1.88,25.55
8167,5.89,3637.15,70,10.38,113.83,4087,0,Seal Wear,1.94,48.04
8168,5.07,3637.24,80,9.64,104.0,4088,0,Valve Sticking,2.74,7.13
8169,4.88,3637.33,90,11.5,110.5,4089,0,Air Leakage,1.16,27.32
8170,5.36,3637.35,100,10.13,97.79,4090,0,Valve Sticking,3.89,15.29
8171,5.86,3638.1,90,9.85,111.52,4090,0,Seal Wear,1.85,37.51
8172,5.77,3639.33,80,10.01,115.9,4090,0,Seal Wear,1.88,27.81
8173,4.85,3639.36,70,12.01,111.02,4090,0,Air Leakage,0.82,22.72
8174,4.95,3639.52,60,11.51,109.51,4090,0,Air Leakage,0.99,34.0
8175,5.41,3639.69,50,9.82,88.54,4090,0,Valve Sticking,3.51,31.94
8176,5.7,3640.53,40,9.73,120.99,4090,0,Seal Wear,1.56,14.17
8177,5.12,3640.57,30,10.92,103.61,4090,0,Air Leakage,1.18,44.72
8178,5.45,3640.71,20,11.35,102.08,4090,0,Air Leakage,0.86,47.28
8179,5.38,3640.89,10,9.61,99.54,4090,0,Valve Sticking,3.69,13.48
8180,5.34,3640.97,0,9.59,96.27,4090,0,Valve Sticking,3.74,28.21
8181,5.21,3641.01,10,9.51,105.14,4091,0,Valve Sticking,3.25,17.7
8182,5.62,3642.42,20,10.32,115.94,4092,0,Seal Wear,2.12,15.17
8183,5.21,3642.45,30,10.91,105.22,4093,0,Air Leakage,1.15,29.0
8184,5.0,3642.45,40,11.22,103.39,4094,0,Air Leakage,0.91,41.17
8185,5.33,3642.59,50,11.33,108.45,4095,0,Air Leakage,0.81,38.39
8186,5.32,3642.69,60,9.51,107.19,4096,0,Valve Sticking,2.99,8.67
8187,5.93,3644.19,70,10.31,112.3,4097,0,Seal Wear,1.57,47.89
8188,5.65,3644.89,80,10.14,122.07,4098,0,Seal Wear,1.57,7.72
8189,5.77,3645.02,90,9.81,94.33,4099,0,Valve Sticking,2.97,44.91
8190,5.01,3645.07,100,11.09,103.81,4100,0,Air Leakage,0.87,42.53
8191,5.53,3645.72,90,9.6,121.19,4100,0,Seal Wear,1.65,8.98
8192,5.75,3646.46,80,10.08,119.61,4100,0,Seal Wear,1.81,19.27
8193,5.25,3646.53,70,10.89,102.44,4100,0,Air Leakage,0.95,48.31
8194,5.62,3646.67,60,10.24,95.81,4100,0,Valve Sticking,3.88,45.23
8195,5.75,3647.3,50,9.81,116.78,4100,0,Seal Wear,1.87,26.31
8196,5.49,3647.42,40,9.98,97.68,4100,0,Valve Sticking,3.04,28.17
8197,5.42,3647.48,30,10.2,94.67,4100,0,Valve Sticking,3.79,14.85
8198,5.67,3648.42,20,9.51,120.1,4100,0,Seal Wear,1.88,9.92
8199,5.29,3648.61,10,9.81,95.86,4100,0,Valve Sticking,3.38,8.03
8200,5.74,3650.15,0,10.04,111.96,4100,0,Seal Wear,2.11,28.25
8201,5.83,3650.98,10,9.68,115.9,4101,0,Seal Wear,1.94,42.57
8202,5.95,3652.52,20,9.81,114.15,4102,0,Seal Wear,2.14,45.47
8203,5.06,3652.63,30,11.23,105.15,4103,0,Air Leakage,1.12,47.26
8204,5.65,3653.98,40,10.15,124.19,4104,0,Seal Wear,1.51,7.8
8205,5.13,3654.04,50,10.43,99.34,4105,0,Valve Sticking,3.48,11.22
8206,5.44,3654.19,60,10.38,94.38,4106,0,Valve Sticking,3.46,40.35
8207,5.66,3655.29,70,10.05,119.85,4107,0,Seal Wear,1.57,9.83
8208,5.74,3655.39,80,10.08,88.06,4108,0,Valve Sticking,3.47,48.73
8209,5.7,3655.56,90,9.96,89.75,4109,0,Valve Sticking,3.25,39.65
8210,5.56,3655.57,100,10.03,95.23,4110,0,Valve Sticking,3.41,38.26
8211,5.72,3656.63,90,10.44,118.67,4110,0,Seal Wear,1.66,12.72
8212,5.48,3657.72,80,10.38,123.6,4110,0,Seal Wear,1.93,5.78
8213,5.07,3657.89,70,11.74,101.65,4110,0,Air Leakage,1.09,29.5
8214,5.61,3658.59,60,9.76,121.2,4110,0,Seal Wear,1.79,7.93
8215,5.37,3658.61,50,10.29,105.78,4110,0,Valve Sticking,3.65,12.45
8216,4.7,3658.67,40,11.46,108.43,4110,0,Air Leakage,1.02,21.36
8217,5.94,3659.35,30,9.73,107.17,4110,0,Seal Wear,2.45,48.92
8218,5.79,3660.39,20,10.24,115.9,4110,0,Seal Wear,2.48,24.39
8219,4.74,3660.54,10,10.91,108.83,4110,0,Air Leakage,0.99,13.46
8220,5.27,3660.65,0,10.03,92.75,4110,0,Valve Sticking,3.99,6.02
8221,5.46,3660.66,10,10.49,94.95,4111,0,Valve Sticking,2.89,23.16
8222,5.29,3660.73,20,9.86,101.16,4112,0,Valve Sticking,2.91,14.51
8223,5.68,3660.85,30,10.0,83.98,4113,0,Valve Sticking,2.85,48.88
8224,5.74,3660.91,40,10.47,93.66,4114,0,Valve Sticking,2.56,42.78
8225,5.71,3662.32,50,9.84,120.76,4115,0,Seal Wear,2.04,12.68
8226,5.48,3662.41,60,10.09,95.33,4116,0,Valve Sticking,3.6,31.05
8227,5.02,3662.49,70,11.64,104.58,4117,0,Air Leakage,0.84,36.63
8228,4.91,3662.66,80,11.84,107.93,4118,0,Air Leakage,0.94,37.62
8229,4.86,3662.76,90,11.76,102.96,4119,0,Air Leakage,1.15,36.1
8230,5.29,3662.8,100,10.76,103.96,4120,0,Air Leakage,1.06,36.61
8231,5.51,3662.95,90,9.67,96.77,4120,0,Valve Sticking,3.98,43.43
8232,5.4,3662.96,80,9.97,106.17,4120,0,Valve Sticking,2.8,21.6
8233,5.17,3663.14,70,11.06,103.5,4120,0,Air Leakage,0.84,22.13
8234,4.67,3663.21,60,11.68,111.71,4120,0,Air Leakage,1.0,17.42
8235,4.92,3663.25,50,11.1,103.42,4120,0,Air Leakage,1.06,21.98
8236,5.24,3663.29,40,11.67,112.94,4120,0,Air Leakage,1.12,19.95
8237,4.76,3663.41,30,11.69,110.07,4120,0,Air Leakage,0.83,20.66
8238,5.14,3663.59,20,10.22,102.66,4120,0,Valve Sticking,3.06,8.27
8239,5.2,3663.6,10,11.04,105.86,4120,0,Air Leakage,1.19,26.86
8240,5.96,3664.34,0,9.72,113.81,4120,0,Seal Wear,2.06,41.01
8241,4.83,3664.41,10,11.32,109.21,4121,0,Air Leakage,1.18,29.19
8242,4.78,3664.43,20,11.09,116.12,4122,0,Air Leakage,0.81,12.33
8243,5.3,3664.46,30,11.85,99.3,4123,0,Air Leakage,1.08,46.4
8244,5.31,3664.51,40,10.48,104.92,4124,0,Valve Sticking,3.27,16.55
8245,5.68,3665.24,50,10.09,116.82,4125,0,Seal Wear,1.93,25.24
8246,5.86,3666.71,60,9.96,115.46,4126,0,Seal Wear,2.27,30.1
8247,5.41,3666.9,70,10.3,106.32,4127,0,Valve Sticking,2.87,20.45
8248,5.51,3666.97,80,9.97,102.51,4128,0,Valve Sticking,3.67,33.22
8249,5.51,3667.07,90,9.88,91.71,4129,0,Valve Sticking,3.59,28.34
8250,5.73,3668.21,100,10.14,115.58,4130,0,Seal Wear,1.97,26.66
8251,5.58,3669.78,90,9.51,118.34,4130,0,Seal Wear,1.61,16.11
8252,5.58,3670.48,80,10.43,118.31,4130,0,Seal Wear,2.35,16.55
8253,5.05,3670.57,70,11.59,113.19,4130,0,Air Leakage,1.16,18.7
8254,4.99,3670.65,60,11.64,108.91,4130,0,Air Leakage,1.0,26.28
8255,5.81,3671.69,50,9.55,112.04,4130,0,Seal Wear,1.64,38.01
8256,5.55,3671.76,40,10.48,98.64,4130,0,Valve Sticking,3.61,42.45
8257,4.83,3671.86,30,11.62,110.94,4130,0,Air Leakage,0.84,24.57
8258,5.62,3671.95,20,10.16,84.89,4130,0,Valve Sticking,3.66,49.4
8259,5.56,3671.96,10,9.87,94.0,4130,0,Valve Sticking,3.89,34.62
8260,4.92,3671.97,0,11.13,104.9,4130,0,Air Leakage,1.0,32.63
8261,5.07,3672.16,10,12.07,107.19,4131,0,Air Leakage,1.01,30.25
8262,5.41,3672.28,20,9.76,108.8,4132,0,Valve Sticking,3.8,9.64
8263,5.22,3672.32,30,9.81,91.16,4133,0,Valve Sticking,3.62,27.29
8264,5.56,3672.35,40,10.49,95.55,4134,0,Valve Sticking,2.59,47.18
8265,6.0,3673.61,50,9.75,110.19,4135,0,Seal Wear,2.26,46.64
8266,5.63,3673.73,60,9.8,98.59,4136,0,Valve Sticking,3.35,42.57
8267,4.95,3673.76,70,12.11,107.04,4137,0,Air Leakage,0.85,47.63
8268,4.91,3673.8,80,11.46,108.31,4138,0,Air Leakage,1.07,25.94
8269,5.19,3673.98,90,12.19,113.03,4139,0,Air Leakage,0.92,24.27
8270,4.91,3674.04,100,10.96,114.45,4140,0,Air Leakage,1.13,8.21
8271,5.46,3674.74,90,9.86,121.75,4140,0,Seal Wear,2.46,5.72
8272,5.11,3674.92,80,11.69,106.89,4140,0,Air Leakage,0.92,48.92
8273,5.83,3675.58,70,9.9,116.12,4140,0,Seal Wear,2.05,33.05
8274,5.36,3675.72,60,11.28,102.03,4140,0,Air Leakage,1.1,49.52
8275,5.3,3675.87,50,10.01,91.76,4140,0,Valve Sticking,2.83,20.6
8276,5.57,3675.91,40,9.75,90.79,4140,0,Valve Sticking,2.73,37.49
8277,5.21,3676.0,30,10.26,95.47,4140,0,Valve Sticking,2.64,24.52
8278,4.85,3676.02,20,11.61,106.38,4140,0,Air Leakage,1.06,16.68
8279,4.97,3676.1,10,10.79,110.25,4140,0,Air Leakage,0.99,15.11
8280,5.91,3677.4,0,9.95,117.24,4140,0,Seal Wear,2.01,33.97
8281,5.68,3679.09,10,10.04,117.02,4141,0,Seal Wear,1.55,13.94
8282,5.9,3680.35,20,10.08,109.36,4142,0,Seal Wear,1.56,43.75
8283,4.97,3680.52,30,12.03,108.82,4143,0,Air Leakage,0.97,9.47
8284,5.83,3681.27,40,9.5,114.45,4144,0,Seal Wear,2.38,31.16
8285,5.67,3681.91,50,9.85,118.73,4145,0,Seal Wear,1.61,16.39
8286,5.55,3682.1,60,10.3,88.99,4146,0,Valve Sticking,3.93,35.09
8287,5.4,3682.2,70,11.27,102.16,4147,0,Air Leakage,0.83,46.27
8288,4.79,3682.24,80,11.54,109.57,4148,0,Air Leakage,0.92,25.42
8289,5.78,3683.87,90,9.8,117.06,4149,0,Seal Wear,2.44,22.83
8290,5.92,3684.88,100,10.1,112.56,4150,0,Seal Wear,2.23,44.51
8291,5.0,3684.97,90,11.5,112.84,4150,0,Air Leakage,0.81,19.82
8292,5.98,3685.77,80,9.61,114.16,4150,0,Seal Wear,2.29,42.84
8293,5.68,3687.14,70,10.11,117.74,4150,0,Seal Wear,2.5,21.91
8294,5.73,3687.83,60,9.52,119.62,4150,0,Seal Wear,2.09,19.96
8295,5.49,3687.87,50,10.37,94.78,4150,0,Valve Sticking,3.73,27.23
8296,5.58,3688.91,40,9.94,124.43,4150,0,Seal Wear,1.94,5.19
8297,4.83,3688.95,30,11.85,108.77,4150,0,Air Leakage,0.83,9.24
8298,5.86,3690.33,20,9.83,118.04,4150,0,Seal Wear,2.42,27.06
8299,5.65,3691.27,10,9.68,118.94,4150,0,Seal Wear,2.1,14.09
8300,5.09,3691.4,0,11.55,110.22,4150,0,Air Leakage,1.19,30.66
8301,5.79,3692.16,10,10.31,118.08,4151,0,Seal Wear,2.38,24.89
8302,4.99,3692.3,20,11.62,107.22,4152,0,Air Leakage,0.98,33.61
8303,4.83,3692.38,30,11.2,110.42,4153,0,Air Leakage,1.05,16.52
8304,5.57,3692.52,40,9.74,96.71,4154,0,Valve Sticking,3.05,46.92
8305,5.27,3692.6,50,9.71,95.6,4155,0,Valve Sticking,3.98,10.57
8306,5.13,3692.63,60,11.54,111.92,4156,0,Air Leakage,0.85,28.69
8307,5.26,3692.68,70,10.05,90.37,4157,0,Valve Sticking,3.68,34.26
8308,5.56,3692.87,80,10.27,95.74,4158,0,Valve Sticking,2.63,31.04
8309,5.69,3694.11,90,9.86,119.61,4159,0,Seal Wear,1.53,12.14
8310,5.82,3695.56,100,10.34,112.81,4160,0,Seal Wear,2.39,40.33
8311,5.51,3695.74,90,9.86,86.99,4160,0,Valve Sticking,3.45,41.07
8312,5.01,3695.82,80,11.18,114.9,4160,0,Air Leakage,1.12,15.5
8313,4.87,3695.84,70,12.16,106.9,4160,0,Air Leakage,1.04,8.05
8314,5.2,3695.99,60,12.06,104.79,4160,0,Air Leakage,0.99,37.27
8315,4.75,3696.02,50,11.78,112.46,4160,0,Air Leakage,0.83,10.93
8316,5.37,3696.17,40,10.15,96.97,4160,0,Valve Sticking,3.97,20.4
8317,5.19,3696.35,30,9.76,92.97,4160,0,Valve Sticking,3.71,12.42
8318,5.27,3696.39,20,9.79,104.89,4160,0,Valve Sticking,3.57,6.52
8319,5.41,3696.48,10,11.37,109.9,4160,0,Air Leakage,0.83,37.73
8320,5.27,3696.58,0,9.94,91.97,4160,0,Valve Sticking,2.5,18.24
8321,5.37,3696.69,10,9.56,100.67,4161,0,Valve Sticking,3.82,10.95
8322,5.57,3697.98,20,9.97,119.46,4162,0,Seal Wear,1.59,15.19
8323,5.19,3698.17,30,9.59,96.47,4163,0,Valve Sticking,3.83,8.59
8324,5.04,3698.36,40,11.23,109.77,4164,0,Air Leakage,0.89,38.36
8325,4.79,3698.41,50,12.14,110.46,4165,0,Air Leakage,1.11,35.72
8326,5.8,3699.92,60,9.54,114.06,4166,0,Seal Wear,2.47,37.78
8327,5.46,3700.07,70,10.22,92.13,4167,0,Valve Sticking,3.44,37.64
8328,5.47,3700.1,80,10.5,97.35,4168,0,Valve Sticking,3.74,25.56
8329,5.96,3701.14,90,10.0,112.16,4169,0,Seal Wear,1.6,38.76
8330,5.49,3701.32,100,9.97,101.35,4170,0,Valve Sticking,2.96,25.67
8331,5.58,3702.14,90,9.64,117.85,4170,0,Seal Wear,1.73,15.7
8332,4.94,3702.27,80,11.6,105.05,4170,0,Air Leakage,0.96,43.24
8333,5.72,3703.2,70,10.31,117.27,4170,0,Seal Wear,1.7,13.36
8334,4.93,3703.22,60,11.38,110.18,4170,0,Air Leakage,1.02,7.28
8335,5.87,3704.45,50,9.89,110.32,4170,0,Seal Wear,1.67,46.34
8336,5.2,3704.65,40,10.44,98.25,4170,0,Valve Sticking,3.17,25.79
8337,5.85,3705.52,30,9.59,113.47,4170,0,Seal Wear,1.95,29.98
8338,4.85,3705.56,20,11.78,107.18,4170,0,Air Leakage,0.98,20.68
8339,5.85,3706.95,10,9.54,114.48,4170,0,Seal Wear,1.57,28.21
8340,5.72,3707.86,0,10.22,115.53,4170,0,Seal Wear,1.75,17.82
8341,5.89,3708.57,10,10.08,112.25,4171,0,Seal Wear,1.63,45.22
8342,4.98,3708.65,20,12.0,110.37,4172,0,Air Leakage,0.98,22.36
8343,4.92,3708.85,30,12.14,108.22,4173,0,Air Leakage,0.87,27.08
8344,5.73,3710.27,40,9.88,122.62,4174,0,Seal Wear,2.44,14.4
8345,5.16,3710.4,50,11.47,110.85,4175,0,Air Leakage,1.01,35.25
8346,5.68,3710.47,60,10.16,90.44,4176,0,Valve Sticking,3.1,47.49
8347,5.17,3710.64,70,10.48,92.98,4177,0,Valve Sticking,2.8,14.91
8348,5.52,3710.67,80,9.76,102.62,4178,0,Valve Sticking,3.43,31.97
8349,4.9,3710.8,90,11.41,111.84,4179,0,Air Leakage,0.82,25.03
8350,5.03,3710.91,100,11.12,100.84,4180,0,Air Leakage,0.82,48.82
8351,4.77,3711.08,90,11.2,108.78,4180,0,Air Leakage,1.02,11.33
8352,5.54,3711.26,80,10.04,85.03,4180,0,Valve Sticking,3.74,46.35
8353,5.58,3711.38,70,9.81,88.55,4180,0,Valve Sticking,3.92,44.45
8354,5.47,3711.48,60,10.29,91.05,4180,0,Valve Sticking,3.96,38.89
8355,5.9,3712.87,50,9.84,111.09,4180,0,Seal Wear,2.08,42.2
8356,5.55,3713.03,40,9.89,91.61,4180,0,Valve Sticking,3.29,35.42
8357,5.66,3713.08,30,10.17,90.88,4180,0,Valve Sticking,3.45,41.55
8358,5.33,3713.21,20,9.53,105.45,4180,0,Valve Sticking,3.96,13.17
8359,5.64,3714.85,10,10.2,115.23,4180,0,Seal Wear,1.66,20.8
8360,5.61,3715.8,0,9.86,118.19,4180,0,Seal Wear,1.67,9.42
8361,5.33,3715.89,10,9.82,100.26,4181,0,Valve Sticking,3.13,32.36
8362,5.96,3717.22,20,10.18,110.13,4182,0,Seal Wear,1.78,38.61
8363,5.55,3717.25,30,10.46,95.5,4183,0,Valve Sticking,3.31,29.26
8364,5.6,3717.3,40,9.89,88.45,4184,0,Valve Sticking,2.91,34.35
8365,5.05,3717.42,50,11.78,105.77,4185,0,Air Leakage,0.89,41.44
8366,5.99,3718.1,60,10.34,112.05,4186,0,Seal Wear,1.89,43.04
8367,6.03,3719.41,70,9.72,109.2,4187,0,Seal Wear,1.7,42.51
8368,5.69,3720.71,80,10.16,118.52,4188,0,Seal Wear,2.49,18.08
8369,5.72,3721.89,90,9.77,114.99,4189,0,Seal Wear,2.07,20.74
8370,5.56,3721.95,100,10.38,96.68,4190,0,Valve Sticking,3.17,23.29
8371,5.52,3722.14,90,9.51,95.02,4190,0,Valve Sticking,2.77,34.7
8372,5.71,3723.3,80,10.36,112.9,4190,0,Seal Wear,1.89,28.13
8373,5.76,3724.59,70,10.34,118.09,4190,0,Seal Wear,2.36,33.29
8374,5.96,3726.1,60,9.89,109.74,4190,0,Seal Wear,1.88,48.29
8375,5.05,3726.3,50,11.94,111.07,4190,0,Air Leakage,1.06,17.89
8376,5.13,3726.34,40,11.68,109.68,4190,0,Air Leakage,1.16,38.59
8377,5.8,3727.42,30,10.27,114.23,4190,0,Seal Wear,1.54,35.16
8378,4.76,3727.45,20,11.32,105.54,4190,0,Air Leakage,0.94,27.23
8379,5.78,3729.06,10,10.39,114.34,4190,0,Seal Wear,2.33,34.86
8380,5.3,3729.21,0,11.72,102.98,4190,0,Air Leakage,0.9,48.1
8381,5.2,3729.22,10,10.13,95.48,4191,0,Valve Sticking,2.64,23.95
8382,5.38,3729.27,20,10.0,95.61,4192,0,Valve Sticking,3.24,37.52
8383,5.48,3729.45,30,9.53,98.08,4193,0,Valve Sticking,2.79,15.91
8384,5.69,3730.36,40,9.53,118.91,4194,0,Seal Wear,1.56,13.36
8385,5.42,3730.47,50,9.61,91.06,4195,0,Valve Sticking,3.67,29.72
8386,5.77,3731.35,60,10.14,111.42,4196,0,Seal Wear,1.75,34.29
8387,5.11,3731.48,70,10.67,107.28,4197,0,Air Leakage,1.0,37.11
8388,4.77,3731.6,80,11.8,113.52,4198,0,Air Leakage,1.1,6.84
8389,5.08,3731.64,90,11.46,104.29,4199,0,Air Leakage,0.96,46.75
8390,5.3,3731.71,100,9.95,94.77,4200,0,Valve Sticking,3.53,23.27
8391,4.87,3731.9,90,11.01,113.69,4200,0,Air Leakage,0.97,18.75
8392,5.19,3732.01,80,11.48,101.75,4200,0,Air Leakage,0.82,43.01
8393,5.86,3733.13,70,9.64,114.84,4200,0,Seal Wear,1.94,34.85
8394,5.17,3733.24,60,10.27,102.7,4200,0,Valve Sticking,3.57,9.29
8395,5.19,3733.25,50,11.87,109.81,4200,0,Air Leakage,1.07,31.76
8396,5.69,3734.43,40,9.83,115.71,4200,0,Seal Wear,2.11,27.79
8397,5.72,3735.25,30,10.35,120.8,4200,0,Seal Wear,1.64,19.6
8398,5.12,3735.28,20,9.57,110.07,4200,0,Valve Sticking,2.88,6.9
8399,5.05,3735.34,10,11.02,109.24,4200,0,Air Leakage,0.88,29.48
8400,4.73,3735.52,0,12.34,116.06,4200,0,Air Leakage,0.86,22.14
8401,4.99,3735.7,10,12.11,109.13,4201,0,Air Leakage,1.0,21.44
8402,5.36,3735.76,20,10.47,98.25,4202,0,Valve Sticking,3.69,10.58
8403,5.41,3735.78,30,9.52,96.26,4203,0,Valve Sticking,3.33,26.94
8404,5.7,3736.89,40,9.89,117.86,4204,0,Seal Wear,1.85,29.14
8405,4.87,3736.96,50,11.53,111.05,4205,0,Air Leakage,0.98,11.25
8406,4.91,3737.01,60,11.51,114.03,4206,0,Air Leakage,0.94,25.04
8407,4.82,3737.12,70,11.49,107.26,4207,0,Air Leakage,1.18,33.63
8408,4.98,3737.14,80,11.32,114.15,4208,0,Air Leakage,1.08,8.77
8409,5.11,3737.15,90,10.32,94.35,4209,0,Valve Sticking,3.37,11.4
8410,5.27,3737.23,100,9.86,104.93,4210,0,Valve Sticking,3.31,14.42
8411,5.07,3737.41,90,12.15,108.87,4210,0,Air Leakage,0.82,16.24
8412,5.07,3737.56,80,11.84,102.66,4210,0,Air Leakage,0.85,34.42
8413,5.33,3737.56,70,9.93,99.21,4210,0,Valve Sticking,2.68,18.47
8414,4.92,3737.66,60,12.17,107.14,4210,0,Air Leakage,0.93,38.12
8415,5.72,3738.49,50,10.06,115.7,4210,0,Seal Wear,1.84,16.96
8416,5.42,3738.52,40,9.71,105.2,4210,0,Valve Sticking,3.49,12.59
8417,5.71,3739.74,30,10.24,119.45,4210,0,Seal Wear,1.84,23.62
8418,4.74,3739.78,20,11.81,104.83,4210,0,Air Leakage,1.19,22.04
8419,5.22,3739.95,10,9.81,103.58,4210,0,Valve Sticking,3.31,11.42
8420,5.32,3740.14,0,10.32,91.71,4210,0,Valve Sticking,2.96,22.61
8421,5.33,3740.28,10,10.3,103.46,4211,0,Valve Sticking,3.7,10.68
8422,5.33,3740.39,20,9.63,93.1,4212,0,Valve Sticking,2.86,22.36
8423,5.3,3740.54,30,9.58,106.63,4213,0,Valve Sticking,3.37,11.72
8424,5.4,3740.71,40,9.84,102.44,4214,0,Valve Sticking,3.39,21.89
8425,5.97,3741.59,50,10.38,115.91,4215,0,Seal Wear,1.52,41.55
8426,5.36,3741.63,60,9.88,95.2,4216,0,Valve Sticking,2.8,28.23
8427,5.2,3741.66,70,10.35,95.9,4217,0,Valve Sticking,3.28,15.84
8428,5.25,3741.81,80,9.71,95.92,4218,0,Valve Sticking,3.19,9.29
8429,5.64,3742.63,90,10.44,115.54,4219,0,Seal Wear,1.75,21.74
8430,5.08,3742.66,100,10.94,106.23,4220,0,Air Leakage,1.07,14.88
8431,4.89,3742.66,90,11.2,113.64,4220,0,Air Leakage,1.14,23.63
8432,4.92,3742.81,80,12.03,105.65,4220,0,Air Leakage,0.92,35.52
8433,5.18,3743.0,70,10.02,101.52,4220,0,Valve Sticking,3.1,10.23
8434,5.19,3743.11,60,10.24,94.23,4220,0,Valve Sticking,3.0,10.98
8435,5.93,3744.2,50,10.18,113.92,4220,0,Seal Wear,2.18,38.34
8436,4.91,3744.39,40,11.14,109.37,4220,0,Air Leakage,0.81,31.87
8437,5.67,3745.99,30,9.96,115.09,4220,0,Seal Wear,1.88,24.64
8438,5.76,3747.65,20,10.16,118.68,4220,0,Seal Wear,2.23,20.81
8439,5.65,3748.46,10,10.4,120.98,4220,0,Seal Wear,1.7,6.51
8440,5.23,3748.64,0,10.48,95.71,4220,0,Valve Sticking,2.81,7.47
8441,5.27,3748.8,10,12.04,101.94,4221,0,Air Leakage,1.18,47.33
8442,5.61,3749.95,20,9.98,119.7,4222,0,Seal Wear,2.39,11.68
8443,5.77,3750.96,30,10.49,113.75,4223,0,Seal Wear,2.25,35.3
8444,4.6,3751.13,40,11.36,113.97,4224,0,Air Leakage,1.18,9.19
8445,5.64,3751.16,50,9.51,92.41,4225,0,Valve Sticking,3.22,37.27
8446,5.53,3752.04,60,10.33,120.53,4226,0,Seal Wear,1.95,11.42
8447,5.72,3753.38,70,10.47,118.16,4227,0,Seal Wear,1.81,17.59
8448,5.89,3754.88,80,10.33,112.09,4228,0,Seal Wear,1.5,38.84
8449,5.4,3754.93,90,9.98,96.04,4229,0,Valve Sticking,3.23,13.96
8450,5.34,3755.09,100,9.77,86.97,4230,0,Valve Sticking,2.64,37.07
8451,5.64,3756.2,90,10.22,119.37,4230,0,Seal Wear,2.36,16.22
8452,4.9,3756.22,80,12.24,108.73,4230,0,Air Leakage,0.94,18.34
8453,5.47,3756.22,70,10.16,103.09,4230,0,Valve Sticking,2.82,24.95
8454,4.92,3756.23,60,12.13,115.92,4230,0,Air Leakage,1.18,11.66
8455,4.95,3756.4,50,11.79,113.86,4230,0,Air Leakage,1.04,12.28
8456,5.77,3757.99,40,10.09,116.84,4230,0,Seal Wear,1.8,24.29
8457,4.9,3758.18,30,11.33,110.15,4230,0,Air Leakage,1.13,35.3
8458,5.02,3758.36,20,11.14,102.42,4230,0,Air Leakage,1.16,39.2
8459,5.74,3759.27,10,9.74,115.62,4230,0,Seal Wear,2.31,29.63
8460,5.82,3760.42,0,10.12,114.84,4230,0,Seal Wear,1.89,28.32
8461,5.21,3760.55,10,9.64,101.39,4231,0,Valve Sticking,2.69,12.0
8462,5.54,3761.59,20,10.39,119.64,4232,0,Seal Wear,1.51,11.16
8463,5.59,3762.7,30,9.81,117.64,4233,0,Seal Wear,2.13,17.92
8464,5.63,3762.72,40,9.97,88.31,4234,0,Valve Sticking,3.02,48.63
8465,4.77,3762.83,50,11.47,110.47,4235,0,Air Leakage,1.04,18.48
8466,5.92,3763.55,60,10.3,110.01,4236,0,Seal Wear,1.67,40.33
8467,5.26,3763.62,70,9.62,96.23,4237,0,Valve Sticking,2.92,9.89
8468,5.46,3763.65,80,10.21,92.94,4238,0,Valve Sticking,3.94,42.73
8469,5.83,3764.46,90,9.54,109.95,4239,0,Seal Wear,1.89,37.54
8470,5.91,3765.25,100,10.42,113.24,4240,0,Seal Wear,2.4,32.9
8471,5.66,3766.56,90,10.34,119.01,4240,0,Seal Wear,1.83,9.69
8472,5.36,3766.58,80,11.31,110.67,4240,0,Air Leakage,0.89,33.55
8473,5.65,3768.01,70,9.78,118.51,4240,0,Seal Wear,2.34,11.19
8474,5.63,3768.81,60,10.21,120.91,4240,0,Seal Wear,1.67,11.07
8475,5.94,3769.55,50,10.49,111.91,4240,0,Seal Wear,2.07,49.51
8476,5.38,3769.69,40,11.53,101.5,4240,0,Air Leakage,1.01,43.54
8477,4.66,3769.78,30,11.43,111.7,4240,0,Air Leakage,1.11,20.22
8478,5.28,3769.87,20,10.33,94.05,4240,0,Valve Sticking,3.82,27.64
8479,5.24,3769.99,10,9.76,100.13,4240,0,Valve Sticking,3.97,12.23
8480,5.54,3770.12,0,9.74,97.03,4240,0,Valve Sticking,2.55,28.26
8481,4.75,3770.2,10,10.91,116.92,4241,0,Air Leakage,1.18,5.82
8482,4.74,3770.33,20,12.13,111.08,4242,0,Air Leakage,1.11,14.16
8483,5.03,3770.43,30,11.37,108.1,4243,0,Air Leakage,1.03,40.3
8484,5.21,3770.62,40,10.5,103.2,4244,0,Valve Sticking,3.48,12.07
8485,5.37,3770.71,50,10.45,106.06,4245,0,Valve Sticking,3.06,17.84
8486,5.15,3770.91,60,10.06,103.02,4246,0,Valve Sticking,3.32,12.8
8487,4.62,3771.11,70,12.24,109.82,4247,0,Air Leakage,0.94,11.85
8488,5.77,3771.81,80,9.68,115.89,4248,0,Seal Wear,1.92,19.99
8489,5.17,3771.86,90,9.62,103.87,4249,0,Valve Sticking,3.52,13.26
8490,5.18,3771.95,100,10.93,107.91,4250,0,Air Leakage,0.97,23.11
8491,5.73,3772.11,90,10.21,96.17,4250,0,Valve Sticking,3.69,49.64
8492,5.65,3773.65,80,9.56,122.42,4250,0,Seal Wear,1.82,9.08
8493,5.36,3773.84,70,9.98,101.7,4250,0,Valve Sticking,2.99,16.56
8494,5.35,3773.86,60,10.45,93.52,4250,0,Valve Sticking,3.92,17.6
8495,5.01,3774.0,50,11.21,110.61,4250,0,Air Leakage,1.12,6.71
8496,4.9,3774.07,40,11.12,107.41,4250,0,Air Leakage,1.2,32.05
8497,5.38,3774.12,30,9.59,93.66,4250,0,Valve Sticking,3.12,38.91
8498,5.68,3775.27,20,9.9,117.4,4250,0,Seal Wear,1.88,21.35
8499,5.86,3776.56,10,9.74,114.29,4250,0,Seal Wear,2.37,26.43
8500,5.26,3776.64,0,11.33,110.1,4250,0,Air Leakage,1.07,40.06
8501,5.25,3776.75,10,9.81,104.94,4251,0,Valve Sticking,3.96,15.46
8502,4.97,3776.87,20,11.44,110.58,4252,0,Air Leakage,0.91,12.95
8503,5.11,3776.98,30,9.86,105.42,4253,0,Valve Sticking,3.72,7.16
8504,5.68,3778.21,40,10.01,119.51,4254,0,Seal Wear,2.0,16.53
8505,5.05,3778.32,50,12.38,106.97,4255,0,Air Leakage,0.82,34.36
8506,5.84,3779.87,60,9.67,116.26,4256,0,Seal Wear,2.44,26.29
8507,5.01,3779.88,70,11.98,111.01,4257,0,Air Leakage,1.08,32.06
8508,5.42,3779.92,80,10.26,92.95,4258,0,Valve Sticking,3.58,34.54
8509,5.01,3780.01,90,11.49,108.52,4259,0,Air Leakage,0.83,19.22
8510,4.82,3780.19,100,12.14,113.28,4260,0,Air Leakage,0.85,25.01
8511,5.45,3780.32,90,11.34,103.04,4260,0,Air Leakage,0.91,44.84
8512,5.29,3780.35,80,11.22,105.88,4260,0,Air Leakage,1.03,33.6
8513,5.0,3780.44,70,11.31,97.55,4260,0,Air Leakage,0.82,47.19
8514,5.81,3781.61,60,9.66,113.31,4260,0,Seal Wear,2.29,41.04
8515,5.33,3781.67,50,10.36,92.27,4260,0,Valve Sticking,3.15,31.03
8516,5.6,3782.47,40,10.35,122.51,4260,0,Seal Wear,1.61,11.64
8517,5.65,3783.06,30,10.03,120.42,4260,0,Seal Wear,2.41,6.04
8518,5.89,3783.75,20,10.27,113.58,4260,0,Seal Wear,1.8,37.14
8519,5.11,3783.92,10,10.07,101.42,4260,0,Valve Sticking,3.04,7.1
8520,5.0,3783.98,0,11.52,117.53,4260,0,Air Leakage,1.15,10.56
8521,5.12,3784.01,10,10.01,106.01,4261,0,Valve Sticking,2.84,5.3
8522,5.78,3785.3,20,9.97,120.2,4262,0,Seal Wear,2.24,19.08
8523,4.81,3785.46,30,11.37,112.9,4263,0,Air Leakage,1.07,10.07
8524,5.22,3785.5,40,12.12,98.25,4264,0,Air Leakage,1.1,44.79
8525,5.79,3786.48,50,10.1,118.39,4265,0,Seal Wear,1.75,24.22
8526,5.18,3786.5,60,9.63,109.82,4266,0,Valve Sticking,2.65,7.39
8527,5.78,3787.55,70,9.58,116.05,4267,0,Seal Wear,1.52,34.3
8528,5.72,3787.66,80,9.94,93.82,4268,0,Valve Sticking,3.05,45.87
8529,5.2,3787.71,90,11.47,103.06,4269,0,Air Leakage,1.1,39.21
8530,4.92,3787.87,100,11.56,113.76,4270,0,Air Leakage,0.97,14.76
8531,4.56,3787.9,90,11.6,113.99,4270,0,Air Leakage,1.17,5.92
8532,5.77,3788.71,80,9.93,117.42,4270,0,Seal Wear,2.39,22.64
8533,5.24,3788.86,70,10.45,99.08,4270,0,Valve Sticking,3.75,13.91
8534,4.9,3788.98,60,12.0,108.36,4270,0,Air Leakage,1.05,12.51
8535,5.35,3789.04,50,9.87,87.9,4270,0,Valve Sticking,3.62,28.35
8536,5.27,3789.1,40,9.74,97.55,4270,0,Valve Sticking,2.96,10.13
8537,4.94,3789.19,30,11.07,111.26,4270,0,Air Leakage,0.94,29.97
8538,4.91,3789.3,20,11.14,106.47,4270,0,Air Leakage,1.08,23.12
8539,5.27,3789.41,10,9.7,102.6,4270,0,Valve Sticking,2.99,18.6
8540,5.12,3789.59,0,10.05,96.88,4270,0,Valve Sticking,3.93,11.1
8541,5.01,3789.69,10,11.27,104.04,4271,0,Air Leakage,0.88,35.18
8542,5.57,3790.83,20,9.96,119.64,4272,0,Seal Wear,1.87,5.7
8543,5.06,3790.92,30,11.59,106.01,4273,0,Air Leakage,0.91,24.05
8544,5.03,3790.93,40,12.21,115.07,4274,0,Air Leakage,1.05,14.97
8545,5.64,3792.08,50,10.09,114.81,4275,0,Seal Wear,1.66,19.71
8546,5.18,3792.14,60,11.67,101.15,4276,0,Air Leakage,1.08,34.22
8547,5.09,3792.2,70,9.88,91.03,4277,0,Valve Sticking,3.26,13.47
8548,5.54,3793.56,80,10.11,122.89,4278,0,Seal Wear,2.29,11.69
8549,5.15,3793.57,90,9.92,98.36,4279,0,Valve Sticking,2.52,7.15
8550,5.71,3794.82,100,10.08,115.86,4280,0,Seal Wear,2.2,26.61
8551,5.93,3795.65,90,9.97,111.23,4280,0,Seal Wear,1.78,46.36
8552,4.83,3795.79,80,11.39,106.34,4280,0,Air Leakage,0.89,17.06
8553,4.95,3795.81,70,11.8,103.14,4280,0,Air Leakage,1.1,45.66
8554,5.99,3797.11,60,10.03,111.5,4280,0,Seal Wear,1.81,46.82
8555,5.41,3797.28,50,10.15,100.39,4280,0,Valve Sticking,3.87,16.86
8556,5.37,3797.3,40,10.22,94.87,4280,0,Valve Sticking,2.98,24.87
8557,5.25,3797.32,30,10.97,109.13,4280,0,Air Leakage,0.82,42.33
8558,5.14,3797.46,20,11.24,101.82,4280,0,Air Leakage,0.96,47.55
8559,5.8,3798.6,10,9.8,115.26,4280,0,Seal Wear,1.92,35.01
8560,5.39,3798.64,0,9.93,90.56,4280,0,Valve Sticking,3.95,29.33
8561,5.29,3798.73,10,11.85,107.81,4281,0,Air Leakage,1.01,24.79
8562,5.77,3799.72,20,9.95,116.64,4282,0,Seal Wear,2.17,32.2
8563,5.42,3799.78,30,9.66,94.51,4283,0,Valve Sticking,2.89,19.22
8564,5.24,3799.91,40,9.64,104.73,4284,0,Valve Sticking,3.53,13.02
8565,5.43,3800.09,50,9.71,95.85,4285,0,Valve Sticking,2.8,35.83
8566,5.32,3800.29,60,10.46,103.93,4286,0,Valve Sticking,3.68,23.07
8567,4.85,3800.34,70,11.47,117.83,4287,0,Air Leakage,1.05,13.35
8568,5.56,3800.51,80,9.5,88.97,4288,0,Valve Sticking,3.26,34.6
8569,5.61,3801.6,90,10.25,115.68,4289,0,Seal Wear,1.62,15.18
8570,5.3,3801.61,100,11.91,102.73,4290,0,Air Leakage,1.09,34.66
8571,5.13,3801.69,90,10.39,96.47,4290,0,Valve Sticking,3.85,11.12
8572,5.38,3801.84,80,10.25,96.28,4290,0,Valve Sticking,3.13,19.58
8573,5.12,3802.03,70,12.03,110.15,4290,0,Air Leakage,1.15,26.17
8574,5.2,3802.07,60,9.92,102.81,4290,0,Valve Sticking,3.73,6.46
8575,5.28,3802.25,50,10.25,88.18,4290,0,Valve Sticking,3.91,33.08
8576,5.09,3802.36,40,11.31,108.72,4290,0,Air Leakage,0.81,28.26
8577,5.63,3803.93,30,10.28,117.38,4290,0,Seal Wear,2.1,19.76
8578,5.76,3805.2,20,10.0,115.62,4290,0,Seal Wear,2.05,27.82
8579,5.81,3806.2,10,9.69,113.98,4290,0,Seal Wear,2.28,40.23
8580,5.13,3806.22,0,11.9,107.82,4290,0,Air Leakage,0.81,35.59
8581,5.98,3807.68,10,9.78,110.93,4291,0,Seal Wear,2.5,46.48
8582,5.82,3809.24,20,10.3,117.97,4292,0,Seal Wear,2.04,25.0
8583,5.28,3809.36,30,10.47,92.1,4293,0,Valve Sticking,3.85,32.82
8584,4.84,3809.47,40,11.37,115.36,4294,0,Air Leakage,0.88,6.61
8585,4.73,3809.61,50,11.7,112.03,4295,0,Air Leakage,0.91,27.6
8586,5.84,3810.61,60,10.16,112.72,4296,0,Seal Wear,2.42,34.6
8587,5.55,3810.71,70,10.26,101.36,4297,0,Valve Sticking,3.44,31.24
8588,5.62,3811.47,80,9.8,121.1,4298,0,Seal Wear,2.4,9.73
8589,5.44,3811.59,90,10.1,97.95,4299,0,Valve Sticking,3.87,36.21
8590,5.83,3812.69,100,9.52,113.94,4300,0,Seal Wear,2.14,37.46
8591,4.96,3812.72,90,11.09,107.12,4300,0,Air Leakage,1.08,25.71
8592,5.6,3814.14,80,10.46,118.67,4300,0,Seal Wear,1.73,14.94
8593,5.8,3814.14,70,9.94,90.86,4300,0,Valve Sticking,3.12,46.49
8594,5.88,3815.52,60,9.71,113.07,4300,0,Seal Wear,2.45,28.11
8595,5.67,3816.57,50,10.28,115.97,4300,0,Seal Wear,1.97,15.88
8596,5.89,3817.09,40,10.13,110.92,4300,0,Seal Wear,2.47,47.6
8597,5.01,3817.16,30,11.64,111.83,4300,0,Air Leakage,0.99,20.35
8598,5.56,3818.62,20,9.75,122.33,4300,0,Seal Wear,1.7,6.71
8599,5.08,3818.82,10,10.03,100.59,4300,0,Valve Sticking,2.73,9.79
8600,4.66,3818.84,0,10.77,112.7,4300,0,Air Leakage,0.8,22.61
8601,5.09,3818.87,10,11.01,111.06,4301,0,Air Leakage,0.86,21.27
8602,5.0,3818.91,20,11.06,113.74,4302,0,Air Leakage,0.83,16.14
8603,5.97,3820.25,30,10.36,112.35,4303,0,Seal Wear,2.24,40.37
8604,5.96,3821.69,40,10.32,115.32,4304,0,Seal Wear,2.17,42.89
8605,5.2,3821.71,50,11.38,105.42,4305,0,Air Leakage,0.93,48.56
8606,5.54,3821.76,60,10.19,90.07,4306,0,Valve Sticking,2.81,37.01
8607,5.12,3821.81,70,11.2,110.77,4307,0,Air Leakage,0.95,19.73
8608,5.3,3821.95,80,10.34,92.56,4308,0,Valve Sticking,3.94,15.76
8609,5.32,3822.05,90,9.5,89.7,4309,0,Valve Sticking,3.2,19.93
8610,5.4,3822.05,100,9.79,90.22,4310,0,Valve Sticking,3.9,29.38
8611,4.68,3822.06,90,11.86,110.35,4310,0,Air Leakage,0.85,9.8
8612,5.97,3822.93,80,10.31,113.04,4310,0,Seal Wear,2.09,45.57
8613,5.23,3823.03,70,11.41,98.39,4310,0,Air Leakage,1.0,47.94
8614,5.96,3824.39,60,10.14,114.3,4310,0,Seal Wear,2.18,41.84
8615,5.92,3825.49,50,10.14,110.53,4310,0,Seal Wear,2.13,43.68
8616,5.85,3826.61,40,9.58,114.61,4310,0,Seal Wear,1.96,31.48
8617,5.0,3826.62,30,10.98,114.44,4310,0,Air Leakage,0.8,13.03
8618,5.2,3826.79,20,10.12,95.36,4310,0,Valve Sticking,3.52,8.52
8619,4.79,3826.84,10,11.83,106.62,4310,0,Air Leakage,0.98,22.66
8620,5.63,3827.82,0,9.99,120.06,4310,0,Seal Wear,1.88,14.54
8621,4.87,3827.88,10,10.95,114.45,4311,0,Air Leakage,0.82,11.3
8622,5.25,3827.96,20,10.27,95.76,4312,0,Valve Sticking,3.03,20.26
8623,5.17,3828.11,30,11.35,100.78,4313,0,Air Leakage,1.19,37.09
8624,5.93,3829.65,40,10.3,114.34,4314,0,Seal Wear,2.31,44.0
8625,5.97,3831.22,50,10.37,112.07,4315,0,Seal Wear,1.77,48.9
8626,5.6,3831.79,60,10.3,119.4,4316,0,Seal Wear,2.19,5.38
8627,4.96,3831.8,70,11.07,102.57,4317,0,Air Leakage,1.16,44.48
8628,5.66,3831.9,80,10.01,94.26,4318,0,Valve Sticking,3.09,40.44
8629,5.02,3832.02,90,11.59,108.3,4319,0,Air Leakage,0.86,37.43
8630,5.15,3832.16,100,10.35,102.11,4320,0,Valve Sticking,3.22,10.11
8631,5.13,3832.33,90,11.25,105.79,4320,0,Air Leakage,0.8,48.27
8632,5.13,3832.45,80,11.14,113.02,4320,0,Air Leakage,0.8,12.09
8633,5.87,3833.28,70,10.32,114.81,4320,0,Seal Wear,1.67,35.23
8634,5.2,3833.29,60,11.83,106.52,4320,0,Air Leakage,1.03,28.59
8635,5.53,3833.32,50,9.66,90.37,4320,0,Valve Sticking,2.9,23.64
8636,5.5,3833.52,40,9.72,95.27,4320,0,Valve Sticking,3.1,33.95
8637,5.61,3834.08,30,10.47,119.3,4320,0,Seal Wear,1.79,20.2
8638,5.91,3834.9,20,10.02,111.79,4320,0,Seal Wear,1.98,45.25
8639,5.1,3834.94,10,11.38,103.13,4320,0,Air Leakage,0.94,28.47
8640,5.08,3834.98,0,11.77,111.38,4320,0,Air Leakage,1.07,12.4
8641,5.25,3835.12,10,9.52,97.2,4321,0,Valve Sticking,3.13,21.36
8642,5.31,3835.3,20,9.89,101.79,4322,0,Valve Sticking,3.95,6.29
8643,5.66,3835.46,30,10.08,96.78,4323,0,Valve Sticking,3.7,37.59
8644,5.85,3836.34,40,9.85,110.33,4324,0,Seal Wear,2.14,39.61
8645,5.37,3836.36,50,10.38,98.51,4325,0,Valve Sticking,3.23,15.86
8646,5.13,3836.36,60,9.78,95.57,4326,0,Valve Sticking,3.29,11.59
8647,5.07,3836.43,70,11.51,112.74,4327,0,Air Leakage,1.12,21.21
8648,5.8,3836.48,80,9.93,97.48,4328,0,Valve Sticking,3.73,46.83
8649,5.28,3836.66,90,10.47,100.63,4329,0,Valve Sticking,2.69,7.78
8650,5.91,3837.61,100,10.01,113.81,4330,0,Seal Wear,2.31,38.66
8651,4.74,3837.76,90,11.98,114.57,4330,0,Air Leakage,1.15,14.26
8652,4.79,3837.83,80,11.85,115.45,4330,0,Air Leakage,1.1,8.2
8653,5.57,3837.95,70,10.31,87.28,4330,0,Valve Sticking,2.98,33.9
8654,4.84,3838.01,60,11.29,109.37,4330,0,Air Leakage,1.14,9.6
8655,5.46,3838.06,50,10.16,90.16,4330,0,Valve Sticking,2.84,33.12
8656,5.04,3838.19,40,12.0,114.76,4330,0,Air Leakage,0.82,18.86
8657,5.68,3839.37,30,10.41,119.55,4330,0,Seal Wear,2.46,16.57
8658,5.37,3839.51,20,9.81,98.12,4330,0,Valve Sticking,3.35,22.27
8659,5.49,3839.52,10,10.31,102.29,4330,0,Valve Sticking,3.32,27.09
8660,5.63,3841.09,0,9.95,116.59,4330,0,Seal Wear,1.74,18.16
8661,5.66,3842.02,10,9.91,120.11,4331,0,Seal Wear,2.13,12.5
8662,5.3,3842.07,20,11.83,110.93,4332,0,Air Leakage,0.87,30.1
8663,4.91,3842.12,30,11.21,102.53,4333,0,Air Leakage,0.9,26.98
8664,4.77,3842.25,40,11.64,108.16,4334,0,Air Leakage,1.07,9.08
8665,5.37,3842.25,50,10.48,94.64,4335,0,Valve Sticking,3.93,34.13
8666,5.0,3842.36,60,11.55,109.78,4336,0,Air Leakage,0.81,22.44
8667,5.82,3842.89,70,9.69,119.89,4337,0,Seal Wear,2.03,27.8
8668,5.72,3843.79,80,10.29,117.09,4338,0,Seal Wear,2.13,24.69
8669,4.87,3843.83,90,11.71,112.92,4339,0,Air Leakage,0.95,5.69
8670,5.21,3843.85,100,10.78,106.92,4340,0,Air Leakage,1.02,26.83
8671,5.27,3844.0,90,9.56,96.17,4340,0,Valve Sticking,3.88,5.41
8672,5.46,3845.15,80,10.37,121.21,4340,0,Seal Wear,1.67,5.88
8673,6.04,3845.78,70,10.29,111.68,4340,0,Seal Wear,1.94,48.57
8674,4.99,3845.86,60,11.54,106.92,4340,0,Air Leakage,0.97,48.73
8675,5.15,3845.91,50,11.88,110.17,4340,0,Air Leakage,0.85,30.55
8676,5.67,3847.11,40,9.63,118.34,4340,0,Seal Wear,2.29,15.25
8677,5.57,3847.19,30,10.4,88.27,4340,0,Valve Sticking,3.97,36.33
8678,5.33,3847.24,20,10.49,105.47,4340,0,Valve Sticking,3.79,13.4
8679,4.92,3847.43,10,11.84,108.6,4340,0,Air Leakage,1.11,14.75
8680,5.85,3848.62,0,10.29,113.77,4340,0,Seal Wear,1.77,34.59
8681,5.37,3848.63,10,9.9,100.61,4341,0,Valve Sticking,3.34,19.1
8682,5.32,3848.72,20,9.9,92.68,4342,0,Valve Sticking,3.37,34.05
8683,5.36,3848.76,30,9.62,100.73,4343,0,Valve Sticking,3.18,23.62
8684,5.14,3848.8,40,12.05,108.79,4344,0,Air Leakage,0.86,40.63
8685,5.46,3848.85,50,10.12,88.99,4345,0,Valve Sticking,3.76,32.05
8686,5.8,3849.56,60,10.25,114.95,4346,0,Seal Wear,1.54,35.65
8687,5.03,3849.6,70,11.78,103.39,4347,0,Air Leakage,0.9,42.12
8688,5.75,3850.96,80,10.34,117.67,4348,0,Seal Wear,2.23,19.08
8689,5.38,3851.01,90,11.82,104.18,4349,0,Air Leakage,0.81,47.06
8690,5.49,3852.3,100,9.94,121.36,4350,0,Seal Wear,2.15,6.45
8691,5.35,3852.44,90,9.85,90.41,4350,0,Valve Sticking,2.88,26.36
8692,5.83,3853.71,80,10.27,116.78,4350,0,Seal Wear,1.88,34.42
8693,5.61,3853.87,70,9.79,97.9,4350,0,Valve Sticking,2.75,36.49
8694,5.25,3854.03,60,10.87,107.47,4350,0,Air Leakage,0.9,35.67
8695,5.47,3854.11,50,9.84,101.26,4350,0,Valve Sticking,3.03,21.21
8696,5.5,3854.18,40,9.56,89.41,4350,0,Valve Sticking,2.95,37.69
8697,5.53,3854.33,30,10.38,95.5,4350,0,Valve Sticking,2.95,41.45
8698,5.25,3854.46,20,10.26,101.82,4350,0,Valve Sticking,3.28,7.97
8699,5.57,3855.01,10,9.64,119.23,4350,0,Seal Wear,2.33,16.54
8700,5.06,3855.2,0,11.15,103.52,4350,0,Air Leakage,0.92,42.68
8701,5.02,3855.26,10,12.23,115.06,4351,0,Air Leakage,0.95,16.88
8702,5.39,3855.28,20,9.85,102.23,4352,0,Valve Sticking,2.94,16.78
8703,5.67,3855.47,30,10.35,88.22,4353,0,Valve Sticking,2.98,37.02
8704,5.41,3855.5,40,11.58,106.28,4354,0,Air Leakage,1.12,46.24
8705,5.31,3855.69,50,11.59,106.58,4355,0,Air Leakage,1.2,25.4
8706,4.98,3855.69,60,12.05,113.1,4356,0,Air Leakage,0.81,5.48
8707,5.23,3855.78,70,10.11,98.54,4357,0,Valve Sticking,3.97,16.14
8708,4.66,3855.94,80,11.55,110.32,4358,0,Air Leakage,0.93,20.26
8709,5.32,3855.95,90,9.87,105.37,4359,0,Valve Sticking,3.84,16.03
8710,5.58,3856.15,100,9.95,92.49,4360,0,Valve Sticking,3.56,38.03
8711,5.44,3856.29,90,9.82,100.87,4360,0,Valve Sticking,2.58,13.84
8712,6.0,3857.02,80,9.79,110.85,4360,0,Seal Wear,1.92,46.62
8713,5.49,3857.21,70,10.06,92.88,4360,0,Valve Sticking,2.54,29.61
8714,5.18,3857.38,60,11.9,113.63,4360,0,Air Leakage,1.2,15.12
8715,5.25,3857.48,50,11.74,111.84,4360,0,Air Leakage,1.1,34.96
8716,5.43,3857.57,40,10.1,91.8,4360,0,Valve Sticking,2.97,17.75
8717,5.07,3857.69,30,12.08,103.58,4360,0,Air Leakage,1.03,25.29
8718,5.17,3857.74,20,11.8,111.15,4360,0,Air Leakage,0.97,26.98
8719,5.57,3857.9,10,10.19,90.52,4360,0,Valve Sticking,2.66,46.47
8720,5.73,3859.21,0,10.35,116.81,4360,0,Seal Wear,2.48,25.58
8721,4.91,3859.31,10,11.17,109.18,4361,0,Air Leakage,1.08,15.0
8722,5.93,3860.74,20,9.96,108.4,4362,0,Seal Wear,2.45,44.84
8723,5.93,3861.34,30,9.68,112.59,4363,0,Seal Wear,1.58,47.86
8724,6.03,3862.02,40,9.67,110.98,4364,0,Seal Wear,1.9,47.96
8725,5.77,3863.01,50,9.9,110.9,4365,0,Seal Wear,1.62,33.82
8726,4.84,3863.07,60,11.87,114.38,4366,0,Air Leakage,0.92,16.39
8727,4.98,3863.23,70,12.03,103.16,4367,0,Air Leakage,0.97,25.87
8728,5.09,3863.35,80,10.21,101.06,4368,0,Valve Sticking,3.45,5.95
8729,5.88,3864.26,90,9.75,113.76,4369,0,Seal Wear,2.31,32.58
8730,5.05,3864.29,100,11.42,107.03,4370,0,Air Leakage,1.16,13.11
8731,5.73,3864.29,90,9.61,93.93,4370,0,Valve Sticking,2.86,42.1
8732,5.86,3865.56,80,9.76,117.45,4370,0,Seal Wear,1.96,32.57
8733,5.26,3865.74,70,11.32,101.31,4370,0,Air Leakage,0.84,44.76
8734,5.82,3866.84,60,10.11,112.19,4370,0,Seal Wear,1.82,41.09
8735,5.35,3867.0,50,9.83,97.01,4370,0,Valve Sticking,3.43,13.78
8736,5.94,3867.75,40,9.96,113.87,4370,0,Seal Wear,2.41,43.86
8737,4.83,3867.83,30,10.58,102.09,4370,0,Air Leakage,0.8,31.95
8738,5.58,3868.66,20,9.51,121.67,4370,0,Seal Wear,2.08,15.33
8739,5.31,3868.71,10,11.47,109.62,4370,0,Air Leakage,0.93,39.95
8740,5.61,3868.81,0,10.22,83.91,4370,0,Valve Sticking,3.53,45.22
8741,5.21,3868.82,10,9.67,105.05,4371,0,Valve Sticking,3.21,5.8
8742,5.8,3869.82,20,10.06,117.63,4372,0,Seal Wear,2.45,21.65
8743,5.15,3869.89,30,11.31,110.59,4373,0,Air Leakage,1.13,34.36
8744,5.44,3870.07,40,10.82,96.55,4374,0,Air Leakage,0.95,49.19
8745,6.03,3870.88,50,10.09,109.92,4375,0,Seal Wear,1.53,47.96
8746,5.7,3872.43,60,9.73,116.84,4376,0,Seal Wear,1.54,16.15
8747,5.68,3872.55,70,9.91,87.02,4377,0,Valve Sticking,3.77,44.69
8748,5.29,3872.56,80,10.1,95.9,4378,0,Valve Sticking,3.87,22.33
8749,4.94,3872.73,90,11.79,113.73,4379,0,Air Leakage,1.03,6.18
8750,5.2,3872.93,100,12.16,108.59,4380,0,Air Leakage,1.12,37.8
8751,5.25,3873.08,90,9.97,102.78,4380,0,Valve Sticking,3.49,8.69
8752,5.28,3873.26,80,9.58,104.29,4380,0,Valve Sticking,3.77,12.5
8753,5.44,3873.39,70,10.14,98.82,4380,0,Valve Sticking,2.54,39.45
8754,5.64,3874.81,60,10.46,121.45,4380,0,Seal Wear,1.53,7.32
8755,5.2,3874.98,50,11.98,110.27,4380,0,Air Leakage,0.91,24.4
8756,5.8,3875.69,40,9.5,113.61,4380,0,Seal Wear,2.04,38.67
8757,5.3,3875.8,30,10.42,94.18,4380,0,Valve Sticking,2.56,10.81
8758,5.71,3875.92,20,10.04,100.71,4380,0,Valve Sticking,3.17,31.83
8759,6.03,3877.46,10,10.17,108.8,4380,0,Seal Wear,2.49,49.59
8760,5.11,3877.52,0,12.44,108.79,4380,0,Air Leakage,1.18,31.96
8761,5.4,3877.57,10,9.82,95.73,4381,0,Valve Sticking,3.23,45.45
8762,5.4,3877.72,20,10.23,90.44,4382,0,Valve Sticking,3.01,26.31
8763,5.21,3877.74,30,10.12,103.22,4383,0,Valve Sticking,3.65,12.73
8764,5.78,3878.93,40,9.79,112.83,4384,0,Seal Wear,2.35,29.38
8765,5.22,3878.95,50,10.4,102.48,4385,0,Valve Sticking,2.76,8.03
8766,5.49,3879.15,60,9.61,90.6,4386,0,Valve Sticking,3.84,45.86
8767,5.19,3879.33,70,10.26,99.34,4387,0,Valve Sticking,2.94,9.74
8768,5.41,3879.43,80,9.92,92.58,4388,0,Valve Sticking,3.53,22.36
8769,5.55,3879.46,90,10.22,95.37,4389,0,Valve Sticking,3.81,27.1
8770,5.32,3879.48,100,11.73,105.36,4390,0,Air Leakage,0.85,40.38
8771,5.56,3879.49,90,10.47,102.68,4390,0,Valve Sticking,3.18,26.74
8772,5.38,3879.54,80,9.85,95.07,4390,0,Valve Sticking,2.74,31.68
8773,5.31,3879.56,70,10.96,108.5,4390,0,Air Leakage,0.84,42.23
8774,5.21,3879.66,60,9.98,104.81,4390,0,Valve Sticking,3.43,20.9
8775,5.85,3881.21,50,10.32,110.29,4390,0,Seal Wear,2.01,38.41
8776,5.37,3881.27,40,9.83,104.45,4390,0,Valve Sticking,3.4,21.82
8777,5.16,3881.42,30,11.7,100.48,4390,0,Air Leakage,1.04,48.53
8778,4.89,3881.53,20,11.77,105.18,4390,0,Air Leakage,0.86,41.36
8779,5.55,3882.82,10,10.14,122.26,4390,0,Seal Wear,1.72,10.05
8780,5.58,3883.52,0,9.91,119.5,4390,0,Seal Wear,2.29,13.99
8781,5.68,3884.69,10,10.47,119.37,4391,0,Seal Wear,1.59,18.31
8782,5.52,3886.19,20,10.09,122.23,4392,0,Seal Wear,2.06,10.71
8783,5.19,3886.2,30,11.39,105.87,4393,0,Air Leakage,0.83,37.6
8784,4.68,3886.34,40,11.64,107.98,4394,0,Air Leakage,0.81,25.01
8785,5.0,3886.43,50,11.57,105.43,4395,0,Air Leakage,1.09,33.06
8786,5.51,3886.61,60,10.28,97.97,4396,0,Valve Sticking,3.21,22.36
8787,5.4,3886.74,70,9.56,89.89,4397,0,Valve Sticking,2.88,30.18
8788,5.07,3886.83,80,11.53,108.01,4398,0,Air Leakage,0.97,30.29
8789,5.41,3886.92,90,9.87,93.13,4399,0,Valve Sticking,3.48,23.77
8790,5.21,3886.95,100,11.76,108.4,4400,0,Air Leakage,0.88,28.18
8791,5.91,3887.9,90,9.64,108.17,4400,0,Seal Wear,2.35,43.14
8792,5.33,3888.1,80,10.14,95.16,4400,0,Valve Sticking,3.05,8.97
8793,5.76,3889.44,70,10.09,114.75,4400,0,Seal Wear,2.43,18.3
8794,5.87,3890.45,60,9.64,115.83,4400,0,Seal Wear,1.81,27.6
8795,4.81,3890.51,50,10.73,108.87,4400,0,Air Leakage,1.15,26.03
8796,5.53,3890.54,40,10.13,99.28,4400,0,Valve Sticking,3.81,28.98
8797,5.32,3890.64,30,11.46,101.41,4400,0,Air Leakage,1.05,29.94
8798,5.13,3890.71,20,12.42,101.6,4400,0,Air Leakage,0.84,32.09
8799,5.88,3892.31,10,9.85,109.73,4400,0,Seal Wear,2.12,47.55
8800,5.3,3892.36,0,9.9,96.43,4400,0,Valve Sticking,3.69,20.25
8801,4.67,3892.52,10,12.25,112.27,4401,0,Air Leakage,0.96,17.75
8802,4.89,3892.53,20,11.58,108.99,4402,0,Air Leakage,0.84,25.23
8803,5.55,3893.91,30,10.09,120.28,4403,0,Seal Wear,1.53,6.98
8804,5.99,3894.46,40,10.12,113.3,4404,0,Seal Wear,2.29,44.38
8805,5.73,3895.29,50,9.51,115.37,4405,0,Seal Wear,1.52,25.38
8806,5.88,3896.55,60,10.12,111.32,4406,0,Seal Wear,2.07,45.51
8807,6.0,3897.39,70,10.24,110.78,4407,0,Seal Wear,2.38,42.81
8808,5.97,3898.98,80,9.52,108.97,4408,0,Seal Wear,2.14,41.21
8809,5.46,3899.07,90,9.99,102.19,4409,0,Valve Sticking,3.49,9.58
8810,5.59,3900.41,100,10.4,115.08,4410,0,Seal Wear,1.85,14.41
8811,5.06,3900.42,90,10.99,106.76,4410,0,Air Leakage,1.13,33.38
8812,5.59,3900.61,80,9.63,99.09,4410,0,Valve Sticking,3.19,35.39
8813,6.02,3901.59,70,9.86,110.93,4410,0,Seal Wear,1.89,43.03
8814,5.16,3901.6,60,10.05,95.53,4410,0,Valve Sticking,3.32,14.09
8815,5.96,3902.73,50,9.75,114.6,4410,0,Seal Wear,1.74,37.14
8816,5.79,3904.06,40,9.78,118.62,4410,0,Seal Wear,1.61,20.48
8817,4.88,3904.16,30,12.16,109.24,4410,0,Air Leakage,1.02,12.49
8818,4.83,3904.25,20,11.39,115.22,4410,0,Air Leakage,0.89,5.42
8819,5.62,3905.23,10,10.28,122.9,4410,0,Seal Wear,1.9,8.81
8820,5.82,3906.39,0,10.42,117.32,4410,0,Seal Wear,1.59,27.05
8821,5.21,3906.42,10,10.94,97.44,4411,0,Air Leakage,0.95,48.89
8822,5.67,3906.56,20,9.89,87.6,4412,0,Valve Sticking,3.76,42.88
8823,5.12,3906.62,30,11.17,103.04,4413,0,Air Leakage,1.12,29.5
8824,5.7,3906.66,40,9.86,86.16,4414,0,Valve Sticking,2.96,43.76
8825,5.01,3906.74,50,10.8,113.96,4415,0,Air Leakage,1.07,11.28
8826,5.6,3908.06,60,9.55,123.51,4416,0,Seal Wear,2.08,8.71
8827,5.97,3909.67,70,9.76,110.63,4417,0,Seal Wear,1.55,48.3
8828,5.13,3909.69,80,11.8,105.76,4418,0,Air Leakage,0.89,21.78
8829,5.87,3910.32,90,9.66,115.38,4419,0,Seal Wear,1.88,34.25
8830,4.71,3910.46,100,11.64,112.12,4420,0,Air Leakage,0.95,15.86
8831,5.7,3910.59,90,10.41,96.04,4420,0,Valve Sticking,3.61,48.16
8832,5.62,3911.87,80,10.06,118.97,4420,0,Seal Wear,2.16,11.55
8833,5.51,3911.99,70,10.05,88.81,4420,0,Valve Sticking,3.48,33.32
8834,5.79,3913.64,60,10.21,115.27,4420,0,Seal Wear,1.61,28.72
8835,5.7,3913.73,50,9.84,94.33,4420,0,Valve Sticking,2.61,49.4
8836,5.36,3913.81,40,10.43,91.82,4420,0,Valve Sticking,3.31,24.29
8837,5.79,3914.42,30,9.59,115.55,4420,0,Seal Wear,2.24,23.35
8838,5.64,3914.61,20,10.05,86.91,4420,0,Valve Sticking,3.19,38.78
8839,4.96,3914.77,10,11.63,110.87,4420,0,Air Leakage,1.05,28.32
8840,5.53,3915.43,0,9.88,123.1,4420,0,Seal Wear,1.82,7.63
8841,5.6,3916.84,10,9.7,120.95,4421,0,Seal Wear,1.8,16.37
8842,5.87,3918.22,20,9.82,112.89,4422,0,Seal Wear,1.88,37.64
8843,5.81,3919.32,30,10.43,115.32,4423,0,Seal Wear,1.86,27.09
8844,5.29,3919.5,40,9.74,100.63,4424,0,Valve Sticking,2.98,9.19
8845,5.46,3919.54,50,9.98,102.03,4425,0,Valve Sticking,3.28,37.96
8846,5.0,3919.64,60,11.79,109.56,4426,0,Air Leakage,0.95,24.29
8847,5.28,3919.77,70,11.5,106.22,4427,0,Air Leakage,1.01,37.73
8848,5.79,3920.8,80,10.37,118.7,4428,0,Seal Wear,1.66,21.71
8849,5.81,3922.23,90,10.07,114.53,4429,0,Seal Wear,1.81,35.97
8850,5.82,3923.4,100,9.52,116.91,4430,0,Seal Wear,2.28,29.56
8851,5.24,3923.56,90,10.14,98.47,4430,0,Valve Sticking,3.4,14.6
8852,5.33,3923.63,80,10.14,100.33,4430,0,Valve Sticking,3.97,27.14
8853,5.21,3923.81,70,12.13,103.57,4430,0,Air Leakage,0.96,38.34
8854,5.47,3923.99,60,9.83,99.91,4430,0,Valve Sticking,2.65,37.97
8855,5.38,3924.12,50,10.31,107.9,4430,0,Valve Sticking,3.92,14.9
8856,5.27,3924.21,40,9.79,99.27,4430,0,Valve Sticking,2.78,13.05
8857,5.94,3925.18,30,9.69,112.46,4430,0,Seal Wear,2.22,34.86
8858,5.91,3926.21,20,10.18,114.72,4430,0,Seal Wear,1.93,33.37
8859,5.58,3926.26,10,10.28,92.03,4430,0,Valve Sticking,2.69,49.8
8860,5.76,3927.17,0,10.08,118.61,4430,0,Seal Wear,1.79,23.34
8861,5.56,3928.24,10,10.23,119.83,4431,0,Seal Wear,1.78,8.6
8862,5.72,3929.72,20,9.82,117.79,4432,0,Seal Wear,1.55,23.51
8863,4.75,3929.81,30,11.66,109.94,4433,0,Air Leakage,0.9,7.35
8864,5.64,3931.36,40,9.71,122.06,4434,0,Seal Wear,1.89,7.06
8865,4.57,3931.39,50,10.8,113.35,4435,0,Air Leakage,0.8,7.77
8866,5.59,3932.48,60,10.23,118.05,4436,0,Seal Wear,1.88,12.24
8867,5.98,3934.04,70,10.06,115.83,4437,0,Seal Wear,2.39,40.89
8868,5.51,3935.46,80,9.57,120.56,4438,0,Seal Wear,2.33,8.07
8869,5.77,3936.97,90,9.78,113.28,4439,0,Seal Wear,2.38,34.96
8870,5.7,3937.73,100,9.55,115.78,4440,0,Seal Wear,2.47,16.79
8871,5.12,3937.75,90,12.21,103.16,4440,0,Air Leakage,1.02,28.99
8872,5.67,3937.79,80,9.91,96.25,4440,0,Valve Sticking,2.98,44.13
8873,5.42,3937.96,70,9.53,86.95,4440,0,Valve Sticking,3.36,39.18
8874,5.69,3938.73,60,10.25,114.9,4440,0,Seal Wear,2.43,24.07
8875,4.77,3938.86,50,11.43,116.09,4440,0,Air Leakage,0.98,14.31
8876,5.46,3938.93,40,11.59,100.82,4440,0,Air Leakage,1.07,48.89
8877,5.82,3939.81,30,10.22,114.92,4440,0,Seal Wear,1.79,34.13
8878,5.11,3939.84,20,11.07,113.34,4440,0,Air Leakage,1.14,20.4
8879,5.9,3940.77,10,10.07,110.36,4440,0,Seal Wear,2.27,42.48
8880,5.51,3940.78,0,10.28,98.79,4440,0,Valve Sticking,2.5,40.46
8881,5.24,3940.79,10,11.21,103.98,4441,0,Air Leakage,1.09,30.23
8882,6.04,3942.27,20,10.06,109.75,4442,0,Seal Wear,2.24,44.85
8883,5.59,3942.33,30,10.06,89.67,4443,0,Valve Sticking,2.55,34.98
8884,5.24,3942.42,40,9.7,105.72,4444,0,Valve Sticking,3.64,6.72
8885,4.74,3942.58,50,11.38,108.91,4445,0,Air Leakage,1.14,16.95
8886,5.46,3942.75,60,10.25,96.43,4446,0,Valve Sticking,3.36,41.58
8887,5.1,3942.83,70,11.09,104.69,4447,0,Air Leakage,1.12,27.33
8888,5.16,3942.84,80,12.06,109.92,4448,0,Air Leakage,0.87,35.18
8889,5.85,3944.29,90,9.58,113.37,4449,0,Seal Wear,1.84,34.94
8890,5.57,3944.42,100,10.11,96.07,4450,0,Valve Sticking,3.71,35.24
8891,5.24,3944.6,90,11.45,113.62,4450,0,Air Leakage,1.13,22.96
8892,5.75,3944.67,80,9.83,89.53,4450,0,Valve Sticking,3.76,45.77
8893,5.77,3945.61,70,9.81,119.02,4450,0,Seal Wear,1.66,17.79
8894,5.57,3945.77,60,9.68,90.33,4450,0,Valve Sticking,3.12,37.16
8895,5.8,3946.99,50,10.47,118.52,4450,0,Seal Wear,2.16,20.91
8896,5.38,3947.02,40,11.69,109.36,4450,0,Air Leakage,1.0,38.5
8897,5.23,3947.09,30,10.24,102.89,4450,0,Valve Sticking,3.23,18.67
8898,5.04,3947.22,20,11.53,113.81,4450,0,Air Leakage,1.16,23.38
8899,5.49,3947.31,10,10.28,92.19,4450,0,Valve Sticking,3.2,35.43
8900,5.38,3947.34,0,10.87,103.29,4450,0,Air Leakage,1.09,37.91
8901,5.19,3947.51,10,10.36,95.75,4451,0,Valve Sticking,3.02,18.66
8902,5.74,3948.4,20,10.06,119.18,4452,0,Seal Wear,2.1,24.21
8903,5.17,3948.53,30,10.75,106.36,4453,0,Air Leakage,1.1,34.33
8904,5.76,3949.57,40,9.82,120.7,4454,0,Seal Wear,1.81,17.93
8905,5.24,3949.63,50,10.14,90.36,4455,0,Valve Sticking,3.52,24.42
8906,4.57,3949.77,60,11.53,109.36,4456,0,Air Leakage,0.81,8.72
8907,5.79,3950.88,70,10.17,114.01,4457,0,Seal Wear,2.26,36.14
8908,5.72,3952.39,80,9.8,116.7,4458,0,Seal Wear,1.75,25.77
8909,4.77,3952.51,90,11.05,117.45,4459,0,Air Leakage,0.88,14.32
8910,5.67,3953.42,100,9.78,121.71,4460,0,Seal Wear,2.12,7.33
8911,5.9,3954.38,90,10.41,112.88,4460,0,Seal Wear,1.73,34.1
8912,5.51,3954.39,80,10.31,94.29,4460,0,Valve Sticking,3.31,40.97
8913,5.2,3954.56,70,10.08,90.09,4460,0,Valve Sticking,2.85,23.55
8914,5.13,3954.69,60,11.32,101.53,4460,0,Air Leakage,1.14,48.22
8915,5.29,3954.74,50,11.68,108.25,4460,0,Air Leakage,0.85,38.73
8916,5.25,3954.94,40,9.98,98.73,4460,0,Valve Sticking,2.61,14.86
8917,5.49,3955.07,30,9.99,104.1,4460,0,Valve Sticking,2.66,19.8
8918,5.55,3955.07,20,10.08,100.2,4460,0,Valve Sticking,3.71,41.37
8919,4.82,3955.07,10,12.19,112.77,4460,0,Air Leakage,0.95,21.87
8920,5.94,3956.67,0,10.05,113.81,4460,0,Seal Wear,1.76,41.09
8921,5.93,3957.64,10,9.5,113.55,4461,0,Seal Wear,1.84,42.07
8922,5.93,3958.78,20,10.48,115.06,4462,0,Seal Wear,2.35,33.78
8923,5.4,3958.92,30,9.55,97.97,4463,0,Valve Sticking,3.22,18.84
8924,4.89,3958.97,40,11.39,109.72,4464,0,Air Leakage,0.94,17.25
8925,5.4,3959.05,50,9.83,89.26,4465,0,Valve Sticking,2.66,32.81
8926,5.85,3960.14,60,10.39,117.11,4466,0,Seal Wear,1.65,32.46
8927,5.89,3961.68,70,10.1,111.77,4467,0,Seal Wear,1.57,38.52
8928,5.71,3962.39,80,10.17,116.19,4468,0,Seal Wear,1.78,29.36
8929,5.36,3962.41,90,9.86,84.98,4469,0,Valve Sticking,3.12,34.0
8930,5.06,3962.57,100,11.75,105.54,4470,0,Air Leakage,1.02,37.43
8931,4.94,3962.68,90,11.26,108.4,4470,0,Air Leakage,1.05,34.22
8932,4.58,3962.77,80,11.87,108.89,4470,0,Air Leakage,1.05,8.5
8933,5.87,3963.83,70,9.67,114.62,4470,0,Seal Wear,2.0,42.62
8934,5.69,3965.09,60,10.11,120.15,4470,0,Seal Wear,1.79,25.28
8935,5.51,3965.26,50,9.7,87.46,4470,0,Valve Sticking,2.62,45.27
8936,5.32,3965.41,40,9.51,91.34,4470,0,Valve Sticking,3.58,22.57
8937,5.12,3965.53,30,10.95,111.36,4470,0,Air Leakage,1.16,10.52
8938,5.9,3967.1,20,9.99,116.04,4470,0,Seal Wear,1.93,43.48
8939,5.04,3967.15,10,11.28,110.77,4470,0,Air Leakage,0.87,16.25
8940,4.85,3967.3,0,11.72,115.03,4470,0,Air Leakage,0.87,9.83
8941,5.17,3967.46,10,11.41,110.83,4471,0,Air Leakage,1.01,35.75
8942,5.31,3967.59,20,9.98,95.18,4472,0,Valve Sticking,3.14,10.42
8943,5.3,3967.74,30,12.24,101.45,4473,0,Air Leakage,0.85,43.67
8944,5.04,3967.78,40,11.33,113.95,4474,0,Air Leakage,0.84,18.31
8945,5.11,3967.85,50,11.54,105.87,4475,0,Air Leakage,1.16,19.47
8946,6.01,3968.48,60,10.08,110.59,4476,0,Seal Wear,2.45,46.93
8947,5.44,3968.53,70,9.62,103.91,4477,0,Valve Sticking,3.23,13.93
8948,4.99,3968.73,80,11.48,109.89,4478,0,Air Leakage,0.98,28.33
8949,5.09,3968.86,90,10.86,107.47,4479,0,Air Leakage,1.0,16.0
8950,5.43,3969.05,100,10.48,94.46,4480,0,Valve Sticking,2.55,26.95
8951,5.97,3970.55,90,9.52,108.83,4480,0,Seal Wear,1.96,43.39
8952,5.26,3970.63,80,9.94,106.28,4480,0,Valve Sticking,2.67,8.57
8953,5.63,3971.33,70,10.11,118.14,4480,0,Seal Wear,1.76,16.18
8954,5.74,3972.45,60,10.43,119.81,4480,0,Seal Wear,2.33,17.14
8955,6.03,3973.51,50,10.03,111.48,4480,0,Seal Wear,2.44,43.37
8956,4.74,3973.69,40,10.99,116.24,4480,0,Air Leakage,1.18,13.93
8957,5.56,3973.85,30,9.89,95.66,4480,0,Valve Sticking,3.35,35.23
8958,5.4,3974.04,20,9.61,98.87,4480,0,Valve Sticking,3.97,24.86
8959,4.84,3974.14,10,10.97,108.94,4480,0,Air Leakage,0.83,13.88
8960,5.34,3974.19,0,11.79,107.99,4480,0,Air Leakage,1.15,41.03
8961,4.86,3974.24,10,11.48,105.87,4481,0,Air Leakage,1.15,18.41
8962,5.37,3974.3,20,10.35,99.24,4482,0,Valve Sticking,3.09,20.37
8963,5.35,3974.47,30,10.33,95.78,4483,0,Valve Sticking,3.72,10.53
8964,4.79,3974.64,40,11.65,104.59,4484,0,Air Leakage,0.9,32.91
8965,5.93,3975.27,50,10.28,109.92,4485,0,Seal Wear,1.55,43.66
8966,5.37,3975.35,60,9.77,92.5,4486,0,Valve Sticking,3.91,41.14
8967,5.49,3975.36,70,10.01,93.26,4487,0,Valve Sticking,2.98,23.72
8968,5.75,3976.85,80,10.08,116.61,4488,0,Seal Wear,1.89,15.18
8969,5.48,3977.0,90,9.57,95.25,4489,0,Valve Sticking,2.59,23.37
8970,5.89,3978.27,100,10.38,116.32,4490,0,Seal Wear,1.61,35.6
8971,6.06,3979.68,90,10.18,109.64,4490,0,Seal Wear,2.39,48.88
8972,5.29,3979.77,80,9.69,93.18,4490,0,Valve Sticking,3.12,18.93
8973,5.1,3979.94,70,9.94,108.34,4490,0,Valve Sticking,3.93,5.25
8974,5.5,3980.08,60,10.22,96.75,4490,0,Valve Sticking,3.63,41.66
8975,5.75,3981.45,50,9.82,115.25,4490,0,Seal Wear,2.33,23.5
8976,5.01,3981.54,40,11.27,109.32,4490,0,Air Leakage,0.88,39.4
8977,5.22,3981.64,30,11.78,102.85,4490,0,Air Leakage,1.16,45.5
8978,5.79,3982.57,20,10.36,115.45,4490,0,Seal Wear,1.54,22.33
8979,5.58,3982.58,10,9.95,92.61,4490,0,Valve Sticking,2.53,49.67
8980,5.76,3983.25,0,9.5,117.82,4490,0,Seal Wear,1.85,19.31
8981,5.05,3983.33,10,10.96,100.46,4491,0,Air Leakage,1.09,40.63
8982,5.04,3983.33,20,10.36,102.69,4492,0,Valve Sticking,3.27,5.5
8983,5.66,3983.34,30,10.3,94.12,4493,0,Valve Sticking,3.33,48.69
8984,5.88,3984.36,40,9.69,111.98,4494,0,Seal Wear,1.96,35.87
8985,5.71,3984.4,50,9.57,93.26,4495,0,Valve Sticking,2.96,40.04
8986,5.31,3984.57,60,11.46,105.66,4496,0,Air Leakage,0.88,27.51
8987,5.3,3984.65,70,11.52,100.73,4497,0,Air Leakage,0.92,33.17
8988,5.88,3985.49,80,10.16,112.83,4498,0,Seal Wear,1.73,37.18
8989,5.52,3985.52,90,10.0,95.3,4499,0,Valve Sticking,2.9,49.44
8990,5.24,3985.53,100,10.39,93.85,4500,0,Valve Sticking,2.75,11.66
8991,5.67,3986.46,90,9.55,113.48,4500,0,Seal Wear,1.72,21.99
8992,5.4,3986.64,80,9.51,102.19,4500,0,Valve Sticking,3.0,7.38
8993,4.77,3986.7,70,11.77,110.44,4500,0,Air Leakage,1.16,11.19
8994,5.17,3986.88,60,10.44,100.77,4500,0,Valve Sticking,2.8,14.7
8995,4.86,3986.93,50,10.72,103.58,4500,0,Air Leakage,0.83,25.67
8996,4.75,3986.94,40,11.13,107.17,4500,0,Air Leakage,1.12,15.21
8997,5.56,3987.03,30,9.69,86.98,4500,0,Valve Sticking,2.66,46.15
8998,4.7,3987.05,20,11.26,115.16,4500,0,Air Leakage,1.08,7.65
8999,5.42,3987.14,10,9.61,102.37,4500,0,Valve Sticking,2.59,17.44
9000,5.94,3988.53,0,10.02,110.5,4500,0,Seal Wear,2.0,47.18
9001,5.27,3988.64,10,10.48,102.02,4501,0,Valve Sticking,3.11,19.45
9002,5.05,3988.76,20,10.93,108.29,4502,0,Air Leakage,1.18,31.92
9003,4.96,3988.93,30,11.76,108.88,4503,0,Air Leakage,0.96,41.45
9004,6.04,3989.52,40,9.96,111.66,4504,0,Seal Wear,2.19,46.47
9005,5.11,3989.56,50,9.55,101.86,4505,0,Valve Sticking,3.94,15.87
9006,5.57,3989.63,60,9.91,97.49,4506,0,Valve Sticking,3.02,41.23
9007,5.67,3990.63,70,10.07,115.57,4507,0,Seal Wear,1.52,22.24
9008,4.63,3990.66,80,11.33,113.3,4508,0,Air Leakage,0.86,7.52
9009,5.34,3990.72,90,9.98,97.19,4509,0,Valve Sticking,2.88,28.0
9010,5.3,3990.77,100,9.8,103.5,4510,0,Valve Sticking,2.54,14.74
9011,5.08,3990.78,90,10.21,95.53,4510,0,Valve Sticking,3.28,15.38
9012,5.68,3991.77,80,9.52,118.25,4510,0,Seal Wear,1.56,27.17
9013,5.25,3991.87,70,9.53,99.01,4510,0,Valve Sticking,3.63,13.87
9014,5.13,3991.99,60,11.74,105.11,4510,0,Air Leakage,1.05,39.09
9015,5.5,3992.99,50,9.97,119.11,4510,0,Seal Wear,1.8,7.78
9016,4.93,3993.1,40,11.47,110.35,4510,0,Air Leakage,1.17,7.52
9017,5.43,3993.29,30,9.92,102.08,4510,0,Valve Sticking,2.53,22.16
9018,5.9,3994.09,20,10.47,113.05,4510,0,Seal Wear,1.71,33.37
9019,5.74,3994.17,10,10.26,86.16,4510,0,Valve Sticking,3.36,44.93
9020,5.43,3994.24,0,9.97,91.79,4510,0,Valve Sticking,2.78,26.77
9021,5.23,3994.26,10,11.43,104.37,4511,0,Air Leakage,1.01,37.46
9022,4.68,3994.39,20,11.89,111.16,4512,0,Air Leakage,1.18,9.62
9023,5.15,3994.42,30,10.91,107.61,4513,0,Air Leakage,0.9,19.32
9024,5.68,3995.52,40,9.91,119.86,4514,0,Seal Wear,2.28,15.46
9025,5.46,3995.52,50,10.26,87.4,4515,0,Valve Sticking,3.99,49.43
9026,5.01,3995.57,60,11.03,115.71,4516,0,Air Leakage,0.86,5.51
9027,5.66,3995.63,70,9.79,88.13,4517,0,Valve Sticking,3.29,36.64
9028,5.33,3995.71,80,9.68,98.1,4518,0,Valve Sticking,3.06,11.16
9029,5.96,3996.52,90,9.91,111.96,4519,0,Seal Wear,1.84,45.18
9030,5.35,3996.54,100,10.36,94.76,4520,0,Valve Sticking,3.44,27.24
9031,5.47,3996.73,90,9.79,98.7,4520,0,Valve Sticking,3.49,31.01
9032,5.14,3996.74,80,11.54,105.54,4520,0,Air Leakage,0.88,26.93
9033,5.66,3996.78,70,10.27,98.33,4520,0,Valve Sticking,3.18,35.28
9034,4.52,3996.88,60,12.04,116.9,4520,0,Air Leakage,0.97,7.09
9035,5.39,3996.91,50,10.33,97.43,4520,0,Valve Sticking,3.31,24.47
9036,5.21,3997.0,40,11.19,107.15,4520,0,Air Leakage,0.9,36.88
9037,5.6,3997.67,30,9.8,124.12,4520,0,Seal Wear,1.69,10.31
9038,6.04,3998.96,20,9.66,111.98,4520,0,Seal Wear,2.28,43.84
9039,5.2,3999.11,10,11.19,111.65,4520,0,Air Leakage,1.18,19.61
9040,5.38,3999.24,0,9.96,91.06,4520,0,Valve Sticking,2.99,9.11
9041,5.17,3999.38,10,11.61,105.5,4521,0,Air Leakage,1.15,21.66
9042,4.95,3999.53,20,11.61,110.51,4522,0,Air Leakage,1.18,33.17
9043,5.24,3999.58,30,10.14,97.95,4523,0,Valve Sticking,3.13,17.1
9044,5.88,4000.91,40,10.32,114.95,4524,0,Seal Wear,2.3,45.46
9045,4.72,4000.93,50,11.46,109.9,4525,0,Air Leakage,0.88,5.98
9046,5.72,4002.36,60,10.33,115.99,4526,0,Seal Wear,1.86,30.56
9047,5.87,4003.46,70,10.29,112.32,4527,0,Seal Wear,2.05,37.34
9048,5.44,4003.64,80,9.92,97.81,4528,0,Valve Sticking,3.54,21.1
9049,5.45,4003.74,90,10.01,91.13,4529,0,Valve Sticking,3.62,30.97
9050,5.52,4005.24,100,10.44,121.87,4530,0,Seal Wear,2.38,6.86
9051,5.22,4005.26,90,11.37,99.16,4530,0,Air Leakage,0.91,48.54
9052,4.77,4005.42,80,10.94,117.36,4530,0,Air Leakage,1.18,9.64
9053,5.54,4005.43,70,9.61,92.65,4530,0,Valve Sticking,2.91,32.26
9054,5.73,4006.58,60,9.6,121.7,4530,0,Seal Wear,1.6,19.27
9055,5.32,4006.62,50,11.34,106.39,4530,0,Air Leakage,1.18,45.75
9056,5.58,4007.25,40,9.97,119.42,4530,0,Seal Wear,1.95,8.7
9057,4.6,4007.29,30,11.97,114.09,4530,0,Air Leakage,0.89,19.16
9058,5.41,4007.32,20,10.02,99.11,4530,0,Valve Sticking,3.41,33.31
9059,5.68,4008.23,10,9.95,117.47,4530,0,Seal Wear,2.28,12.37
9060,4.66,4008.36,0,11.74,116.44,4530,0,Air Leakage,0.94,17.17
9061,5.81,4009.87,10,10.27,112.36,4531,0,Seal Wear,1.93,40.73
9062,5.73,4011.43,20,10.43,117.51,4532,0,Seal Wear,1.66,13.33
9063,5.63,4012.79,30,9.65,116.81,4533,0,Seal Wear,1.61,8.63
9064,5.53,4012.88,40,9.7,92.71,4534,0,Valve Sticking,3.22,30.38
9065,5.36,4013.02,50,9.66,99.19,4535,0,Valve Sticking,3.23,5.86
9066,5.82,4014.57,60,10.06,120.47,4536,0,Seal Wear,2.23,24.38
9067,5.33,4014.66,70,9.9,95.24,4537,0,Valve Sticking,3.47,20.36
9068,4.85,4014.71,80,11.75,104.62,4538,0,Air Leakage,0.9,39.17
9069,5.63,4015.32,90,9.79,115.12,4539,0,Seal Wear,1.79,21.36
9070,4.97,4015.43,100,10.97,117.45,4540,0,Air Leakage,1.14,9.44
9071,5.71,4016.16,90,9.85,117.52,4540,0,Seal Wear,2.41,12.6
9072,5.18,4016.29,80,11.1,99.28,4540,0,Air Leakage,1.04,46.86
9073,5.89,4017.29,70,9.52,116.05,4540,0,Seal Wear,2.17,36.33
9074,6.08,4018.11,60,9.51,112.68,4540,0,Seal Wear,1.98,48.09
9075,5.92,4018.92,50,9.76,112.74,4540,0,Seal Wear,2.06,39.68
9076,5.46,4019.08,40,10.27,102.28,4540,0,Valve Sticking,3.74,26.2
9077,5.39,4019.23,30,10.36,88.78,4540,0,Valve Sticking,3.13,40.26
9078,5.5,4019.39,20,10.48,96.65,4540,0,Valve Sticking,2.64,14.33
9079,5.64,4020.23,10,10.4,116.67,4540,0,Seal Wear,1.91,22.88
9080,5.81,4020.25,0,9.82,100.93,4540,0,Valve Sticking,2.78,43.41
9081,5.27,4020.37,10,10.89,109.65,4541,0,Air Leakage,0.99,40.7
9082,5.74,4021.16,20,9.9,117.71,4542,0,Seal Wear,2.13,16.09
9083,5.2,4021.27,30,11.6,108.94,4543,0,Air Leakage,0.95,26.35
9084,5.43,4021.44,40,10.3,98.76,4544,0,Valve Sticking,3.19,45.95
9085,5.61,4022.66,50,9.88,123.02,4545,0,Seal Wear,2.19,14.76
9086,5.25,4022.66,60,10.21,106.14,4546,0,Valve Sticking,3.6,10.41
9087,5.16,4022.69,70,11.52,102.99,4547,0,Air Leakage,1.12,43.25
9088,5.08,4022.87,80,11.19,109.69,4548,0,Air Leakage,1.04,27.05
9089,5.19,4022.88,90,10.09,96.22,4549,0,Valve Sticking,3.11,15.77
9090,5.54,4024.2,100,10.04,121.77,4550,0,Seal Wear,2.49,7.24
9091,5.59,4024.23,90,9.74,102.79,4550,0,Valve Sticking,3.9,31.73
9092,5.26,4024.27,80,9.97,97.56,4550,0,Valve Sticking,2.51,17.17
9093,5.24,4024.39,70,10.35,96.21,4550,0,Valve Sticking,2.54,28.61
9094,4.93,4024.48,60,12.18,106.34,4550,0,Air Leakage,1.12,37.24
9095,5.24,4024.58,50,11.27,107.76,4550,0,Air Leakage,1.03,47.02
9096,4.53,4024.77,40,11.47,110.04,4550,0,Air Leakage,0.87,6.27
9097,5.1,4024.95,30,9.66,94.59,4550,0,Valve Sticking,3.78,11.63
9098,5.48,4025.83,20,10.13,122.17,4550,0,Seal Wear,1.78,6.69
9099,5.31,4025.84,10,10.05,106.58,4550,0,Valve Sticking,2.92,9.79
9100,5.68,4027.24,0,9.52,114.76,4550,0,Seal Wear,2.18,16.69
9101,4.96,4027.41,10,10.95,106.94,4551,0,Air Leakage,1.1,24.6
9102,5.81,4028.92,20,10.14,114.84,4552,0,Seal Wear,1.72,23.6
9103,6.04,4029.88,30,9.77,111.65,4553,0,Seal Wear,2.02,48.69
9104,6.07,4030.53,40,10.34,112.3,4554,0,Seal Wear,1.67,49.89
9105,5.26,4030.71,50,9.92,102.93,4555,0,Valve Sticking,2.63,14.77
9106,5.69,4031.29,60,9.87,114.91,4556,0,Seal Wear,2.06,26.88
9107,5.16,4031.33,70,9.84,107.1,4557,0,Valve Sticking,3.03,8.43
9108,5.68,4032.34,80,9.62,120.71,4558,0,Seal Wear,2.42,11.95
9109,5.5,4032.42,90,9.78,89.76,4559,0,Valve Sticking,3.3,26.24
9110,5.4,4032.62,100,9.7,94.89,4560,0,Valve Sticking,2.94,28.98
9111,5.12,4032.63,90,11.16,108.08,4560,0,Air Leakage,0.89,35.49
9112,5.69,4034.12,80,9.68,121.83,4560,0,Seal Wear,2.39,9.51
9113,5.8,4034.74,70,10.13,120.59,4560,0,Seal Wear,2.38,21.96
9114,5.76,4036.18,60,10.11,113.51,4560,0,Seal Wear,1.5,22.49
9115,5.61,4037.39,50,9.73,120.41,4560,0,Seal Wear,1.78,5.91
9116,4.71,4037.43,40,11.42,108.58,4560,0,Air Leakage,1.03,11.21
9117,5.7,4038.08,30,10.15,118.09,4560,0,Seal Wear,2.08,21.9
9118,5.84,4038.93,20,10.08,112.68,4560,0,Seal Wear,2.38,41.28
9119,5.92,4039.93,10,10.04,111.53,4560,0,Seal Wear,1.62,45.49
9120,5.81,4040.85,0,9.58,112.9,4560,0,Seal Wear,1.73,37.56
9121,5.36,4041.02,10,10.13,101.43,4561,0,Valve Sticking,3.48,39.47
9122,5.31,4041.04,20,9.53,99.04,4562,0,Valve Sticking,2.69,23.64
9123,5.75,4041.93,30,9.8,113.86,4563,0,Seal Wear,2.23,28.06
9124,5.67,4042.04,40,9.63,88.75,4564,0,Valve Sticking,3.35,43.81
9125,5.63,4043.03,50,9.95,118.45,4565,0,Seal Wear,1.61,18.2
9126,5.79,4044.68,60,9.95,119.47,4566,0,Seal Wear,2.44,21.77
9127,5.18,4044.86,70,11.7,105.74,4567,0,Air Leakage,0.96,47.75
9128,5.04,4044.96,80,11.43,111.39,4568,0,Air Leakage,1.16,25.4
9129,5.4,4045.14,90,11.18,103.06,4569,0,Air Leakage,1.05,34.34
9130,5.43,4045.32,100,9.68,86.67,4570,0,Valve Sticking,3.21,43.26
9131,5.89,4046.63,90,10.32,114.1,4570,0,Seal Wear,1.56,40.13
9132,5.5,4048.06,80,10.45,120.55,4570,0,Seal Wear,2.29,5.57
9133,4.92,4048.19,70,12.41,109.29,4570,0,Air Leakage,0.97,16.89
9134,5.84,4049.06,60,10.26,116.34,4570,0,Seal Wear,1.63,35.28
9135,5.31,4049.22,50,11.77,106.51,4570,0,Air Leakage,0.99,40.07
9136,5.33,4049.26,40,10.38,102.67,4570,0,Valve Sticking,3.21,10.36
9137,5.54,4049.95,30,9.67,121.6,4570,0,Seal Wear,2.18,7.37
9138,5.09,4050.04,20,11.35,114.74,4570,0,Air Leakage,0.85,17.05
9139,5.18,4050.06,10,9.81,98.08,4570,0,Valve Sticking,3.09,15.93
9140,5.3,4050.26,0,11.9,101.05,4570,0,Air Leakage,0.86,45.73
9141,5.93,4051.13,10,9.9,110.81,4571,0,Seal Wear,2.17,46.36
9142,5.3,4051.18,20,11.66,102.2,4572,0,Air Leakage,0.97,37.65
9143,5.18,4051.26,30,11.93,105.95,4573,0,Air Leakage,1.01,49.42
9144,4.86,4051.33,40,12.07,112.19,4574,0,Air Leakage,0.95,24.37
9145,5.39,4051.34,50,11.35,108.38,4575,0,Air Leakage,0.84,42.36
9146,5.03,4051.4,60,11.62,100.86,4576,0,Air Leakage,1.08,48.33
9147,5.43,4051.46,70,9.86,88.32,4577,0,Valve Sticking,3.14,28.86
9148,5.17,4051.52,80,11.47,111.39,4578,0,Air Leakage,0.84,29.67
9149,5.61,4052.49,90,9.96,120.69,4579,0,Seal Wear,1.93,15.18
9150,5.62,4053.2,100,9.64,124.26,4580,0,Seal Wear,1.93,6.44
9151,5.89,4054.57,90,9.52,113.52,4580,0,Seal Wear,1.52,38.55
9152,5.58,4055.97,80,10.26,121.11,4580,0,Seal Wear,1.78,7.28
9153,5.43,4056.13,70,9.91,99.0,4580,0,Valve Sticking,3.28,23.04
9154,5.87,4057.0,60,10.09,118.01,4580,0,Seal Wear,2.05,29.0
9155,5.53,4057.12,50,9.87,97.02,4580,0,Valve Sticking,3.17,37.4
9156,5.55,4058.55,40,10.2,120.85,4580,0,Seal Wear,1.59,12.86
9157,5.45,4058.68,30,10.2,90.3,4580,0,Valve Sticking,3.41,35.72
9158,5.42,4058.78,20,9.81,92.53,4580,0,Valve Sticking,3.55,26.23
9159,5.33,4058.86,10,9.81,100.64,4580,0,Valve Sticking,2.64,30.77
9160,5.38,4058.96,0,9.73,98.45,4580,0,Valve Sticking,2.98,28.88
9161,4.88,4059.0,10,11.88,111.52,4581,0,Air Leakage,0.87,22.94
9162,5.36,4059.15,20,9.64,100.02,4582,0,Valve Sticking,3.14,22.29
9163,5.65,4059.9,30,9.58,117.16,4583,0,Seal Wear,1.55,17.51
9164,6.01,4060.95,40,9.61,109.03,4584,0,Seal Wear,1.83,43.42
9165,5.26,4061.13,50,9.99,96.78,4585,0,Valve Sticking,3.02,22.97
9166,6.0,4062.48,60,10.12,112.45,4586,0,Seal Wear,1.52,46.1
9167,5.7,4062.56,70,10.22,88.67,4587,0,Valve Sticking,3.15,48.95
9168,5.45,4062.66,80,9.78,91.77,4588,0,Valve Sticking,2.93,37.61
9169,5.11,4062.73,90,9.9,101.87,4589,0,Valve Sticking,3.6,6.46
9170,5.6,4062.83,100,10.35,92.6,4590,0,Valve Sticking,3.49,43.76
9171,5.78,4064.25,90,9.61,115.77,4590,0,Seal Wear,2.13,34.02
9172,4.93,4064.39,80,11.38,108.59,4590,0,Air Leakage,0.92,13.36
9173,5.71,4064.96,70,9.57,114.82,4590,0,Seal Wear,1.53,30.52
9174,5.66,4066.24,60,10.08,118.17,4590,0,Seal Wear,2.21,16.0
9175,5.01,4066.29,50,11.38,108.07,4590,0,Air Leakage,0.8,29.02
9176,5.65,4067.59,40,10.2,119.99,4590,0,Seal Wear,1.61,18.07
9177,5.22,4067.73,30,11.34,106.1,4590,0,Air Leakage,1.15,29.37
9178,4.78,4067.88,20,11.71,112.51,4590,0,Air Leakage,1.04,8.78
9179,5.85,4069.42,10,10.06,111.39,4590,0,Seal Wear,1.52,44.4
9180,5.21,4069.47,0,10.74,100.14,4590,0,Air Leakage,1.07,45.96
9181,5.72,4070.1,10,10.02,119.82,4591,0,Seal Wear,1.76,16.88
9182,4.73,4070.26,20,11.5,112.97,4592,0,Air Leakage,0.92,6.32
9183,5.42,4070.38,30,10.47,96.59,4593,0,Valve Sticking,4.0,15.54
9184,5.77,4071.04,40,9.63,115.48,4594,0,Seal Wear,2.3,30.63
9185,5.13,4071.14,50,11.65,107.91,4595,0,Air Leakage,1.03,27.8
9186,5.63,4072.68,60,10.47,120.32,4596,0,Seal Wear,2.3,14.36
9187,5.09,4072.75,70,11.89,102.24,4597,0,Air Leakage,1.06,37.45
9188,5.66,4074.02,80,9.99,119.21,4598,0,Seal Wear,2.42,25.95
9189,5.62,4075.28,90,9.5,119.32,4599,0,Seal Wear,2.5,20.29
9190,5.64,4076.63,100,10.39,117.73,4600,0,Seal Wear,2.24,7.68
9191,5.91,4077.23,90,10.37,114.52,4600,0,Seal Wear,1.69,36.84
9192,5.09,4077.41,80,12.01,98.82,4600,0,Air Leakage,0.88,42.16
9193,4.8,4077.53,70,11.59,107.37,4600,0,Air Leakage,0.93,19.54
9194,4.88,4077.67,60,11.77,117.91,4600,0,Air Leakage,1.17,7.21
9195,5.27,4077.7,50,11.29,102.14,4600,0,Air Leakage,1.15,44.46
9196,5.12,4077.83,40,11.78,105.97,4600,0,Air Leakage,1.06,19.74
9197,4.66,4078.0,30,11.4,109.89,4600,0,Air Leakage,1.09,20.1
9198,5.64,4078.18,20,10.18,93.18,4600,0,Valve Sticking,2.52,44.86
9199,5.37,4078.35,10,9.66,90.2,4600,0,Valve Sticking,2.9,36.46
9200,5.65,4079.43,0,10.48,120.29,4600,0,Seal Wear,1.6,5.14
9201,5.76,4080.19,10,10.47,118.5,4601,0,Seal Wear,1.83,23.54
9202,5.19,4080.32,20,11.08,103.93,4602,0,Air Leakage,1.18,22.51
9203,5.44,4080.51,30,9.71,99.36,4603,0,Valve Sticking,3.78,24.99
9204,5.67,4081.32,40,10.4,119.19,4604,0,Seal Wear,1.6,11.24
9205,5.12,4081.44,50,9.97,99.28,4605,0,Valve Sticking,3.26,11.26
9206,5.03,4081.5,60,11.78,112.47,4606,0,Air Leakage,1.15,11.4
9207,4.85,4081.67,70,10.89,108.76,4607,0,Air Leakage,0.98,30.67
9208,5.19,4081.76,80,11.7,106.75,4608,0,Air Leakage,0.85,34.49
9209,5.85,4083.12,90,9.51,115.26,4609,0,Seal Wear,2.13,43.47
9210,5.05,4083.17,100,11.94,105.16,4610,0,Air Leakage,0.84,37.4
9211,5.33,4083.22,90,9.78,100.58,4610,0,Valve Sticking,2.86,28.55
9212,5.61,4083.31,80,10.46,96.92,4610,0,Valve Sticking,3.09,38.25
9213,5.62,4084.18,70,10.42,120.48,4610,0,Seal Wear,2.0,10.4
9214,5.43,4084.27,60,10.11,102.07,4610,0,Valve Sticking,3.57,5.54
9215,5.9,4085.69,50,9.51,110.25,4610,0,Seal Wear,2.44,38.13
9216,5.4,4085.79,40,10.27,94.64,4610,0,Valve Sticking,3.48,49.91
9217,4.74,4085.92,30,11.24,108.18,4610,0,Air Leakage,0.89,12.66
9218,5.63,4086.06,20,9.67,102.41,4610,0,Valve Sticking,3.19,38.28
9219,5.18,4086.22,10,12.12,101.5,4610,0,Air Leakage,0.85,47.73
9220,5.6,4087.62,0,10.35,118.04,4610,0,Seal Wear,1.74,17.22
9221,5.32,4087.71,10,9.54,91.03,4611,0,Valve Sticking,2.61,21.08
9222,5.29,4087.8,20,11.58,104.69,4612,0,Air Leakage,1.13,35.2
9223,5.51,4087.84,30,9.54,88.65,4613,0,Valve Sticking,2.75,44.36
9224,5.69,4088.55,40,9.61,118.83,4614,0,Seal Wear,1.91,16.32
9225,5.66,4088.56,50,10.18,88.68,4615,0,Valve Sticking,2.7,36.83
9226,4.96,4088.64,60,12.06,109.84,4616,0,Air Leakage,0.86,43.41
9227,4.96,4088.77,70,11.34,108.17,4617,0,Air Leakage,1.19,13.37
9228,5.28,4088.92,80,10.44,100.12,4618,0,Valve Sticking,3.73,18.86
9229,5.26,4089.05,90,12.5,103.21,4619,0,Air Leakage,1.08,39.57
9230,5.92,4090.12,100,10.15,110.45,4620,0,Seal Wear,2.27,48.75
9231,5.43,4090.31,90,9.99,90.65,4620,0,Valve Sticking,3.25,31.24
9232,5.78,4091.19,80,9.83,114.81,4620,0,Seal Wear,1.51,30.29
9233,5.45,4091.22,70,10.23,100.28,4620,0,Valve Sticking,2.6,14.26
9234,4.8,4091.34,60,12.24,105.69,4620,0,Air Leakage,0.9,24.93
9235,5.13,4091.43,50,11.18,114.83,4620,0,Air Leakage,0.95,9.18
9236,4.91,4091.45,40,10.8,109.29,4620,0,Air Leakage,1.08,13.24
9237,5.6,4091.51,30,10.43,90.13,4620,0,Valve Sticking,3.92,36.19
9238,5.04,4091.55,20,11.62,107.38,4620,0,Air Leakage,1.08,34.85
9239,5.93,4092.53,10,10.02,111.62,4620,0,Seal Wear,1.6,42.04
9240,5.41,4092.63,0,10.19,98.69,4620,0,Valve Sticking,3.86,12.79
9241,5.08,4092.74,10,9.67,104.41,4621,0,Valve Sticking,3.77,5.68
9242,5.72,4094.17,20,9.57,119.53,4622,0,Seal Wear,1.89,15.97
9243,5.74,4095.75,30,10.48,115.04,4623,0,Seal Wear,2.43,24.25
9244,5.33,4095.77,40,10.3,100.39,4624,0,Valve Sticking,3.99,10.06
9245,5.01,4095.94,50,11.42,111.29,4625,0,Air Leakage,0.92,27.2
9246,5.0,4095.97,60,10.0,99.12,4626,0,Valve Sticking,3.06,8.3
9247,5.54,4096.94,70,10.25,120.91,4627,0,Seal Wear,1.54,6.39
9248,5.07,4096.99,80,11.65,110.84,4628,0,Air Leakage,0.81,29.86
9249,5.72,4098.27,90,9.79,116.74,4629,0,Seal Wear,1.76,14.54
9250,4.94,4098.39,100,11.06,110.03,4630,0,Air Leakage,0.85,22.88
9251,5.31,4098.55,90,10.17,101.9,4630,0,Valve Sticking,2.56,23.31
9252,5.09,4098.73,80,12.01,107.18,4630,0,Air Leakage,1.03,17.35
9253,5.4,4098.86,70,10.09,94.59,4630,0,Valve Sticking,2.73,18.96
9254,5.23,4099.05,60,10.39,102.27,4630,0,Valve Sticking,3.06,5.27
9255,4.9,4099.2,50,11.21,106.19,4630,0,Air Leakage,0.93,33.04
9256,5.72,4100.57,40,9.53,121.68,4630,0,Seal Wear,2.12,17.55
9257,4.9,4100.62,30,12.29,112.06,4630,0,Air Leakage,0.81,17.79
9258,4.73,4100.64,20,11.54,110.68,4630,0,Air Leakage,0.89,29.08
9259,4.92,4100.79,10,11.44,104.99,4630,0,Air Leakage,1.13,43.3
9260,5.93,4101.49,0,10.48,113.36,4630,0,Seal Wear,2.08,38.23
9261,5.77,4102.85,10,10.05,120.58,4631,0,Seal Wear,1.65,19.53
9262,5.28,4103.03,20,10.45,98.75,4632,0,Valve Sticking,3.52,28.63
9263,5.13,4103.2,30,11.26,106.18,4633,0,Air Leakage,0.97,18.99
9264,5.34,4103.35,40,10.21,99.47,4634,0,Valve Sticking,3.79,24.76
9265,4.69,4103.35,50,11.11,108.0,4635,0,Air Leakage,1.2,12.85
9266,5.47,4103.35,60,10.29,89.93,4636,0,Valve Sticking,3.58,26.99
9267,4.94,4103.51,70,11.28,110.15,4637,0,Air Leakage,1.03,28.26
9268,5.14,4103.68,80,11.82,110.59,4638,0,Air Leakage,1.19,37.14
9269,5.9,4104.79,90,9.73,114.34,4639,0,Seal Wear,2.08,37.53
9270,5.12,4104.89,100,10.24,99.37,4640,0,Valve Sticking,2.76,19.66
9271,5.21,4105.02,90,11.77,114.34,4640,0,Air Leakage,0.94,28.19
9272,5.32,4105.19,80,11.34,107.94,4640,0,Air Leakage,1.19,38.18
9273,5.73,4106.79,70,9.69,118.84,4640,0,Seal Wear,2.37,14.12
9274,5.52,4106.9,60,9.92,88.83,4640,0,Valve Sticking,2.77,40.67
9275,5.73,4107.85,50,10.39,118.32,4640,0,Seal Wear,1.81,22.93
9276,5.77,4108.42,40,10.03,117.84,4640,0,Seal Wear,1.86,22.7
9277,5.31,4108.56,30,9.66,92.65,4640,0,Valve Sticking,3.25,16.96
9278,5.05,4108.62,20,11.61,114.33,4640,0,Air Leakage,0.99,5.11
9279,5.37,4108.75,10,10.32,94.15,4640,0,Valve Sticking,3.72,28.13
9280,5.98,4110.0,0,9.77,113.23,4640,0,Seal Wear,1.51,45.08
9281,5.91,4110.6,10,10.11,113.85,4641,0,Seal Wear,1.76,36.63
9282,4.95,4110.78,20,12.08,105.81,4642,0,Air Leakage,0.86,24.1
9283,5.77,4111.3,30,9.79,116.86,4643,0,Seal Wear,2.41,22.16
9284,5.47,4111.36,40,9.5,99.15,4644,0,Valve Sticking,3.71,24.07
9285,5.69,4111.53,50,10.48,96.36,4645,0,Valve Sticking,3.0,45.84
9286,5.86,4112.79,60,10.5,111.55,4646,0,Seal Wear,1.93,37.81
9287,5.03,4112.83,70,11.44,106.32,4647,0,Air Leakage,1.03,37.54
9288,5.97,4114.35,80,9.89,109.61,4648,0,Seal Wear,1.86,47.6
9289,5.91,4115.13,90,10.33,111.59,4649,0,Seal Wear,2.23,40.26
9290,5.61,4116.37,100,9.51,119.46,4650,0,Seal Wear,1.54,13.98
9291,5.03,4116.49,90,11.79,106.86,4650,0,Air Leakage,1.0,28.36
9292,5.78,4117.23,80,9.52,119.72,4650,0,Seal Wear,1.85,18.45
9293,5.03,4117.27,70,12.08,98.34,4650,0,Air Leakage,1.19,48.51
9294,5.4,4117.44,60,12.13,103.25,4650,0,Air Leakage,1.0,49.36
9295,5.28,4117.51,50,10.18,90.12,4650,0,Valve Sticking,3.82,25.57
9296,5.33,4117.59,40,11.5,110.8,4650,0,Air Leakage,1.17,44.68
9297,5.28,4117.61,30,10.06,96.39,4650,0,Valve Sticking,3.65,8.55
9298,5.71,4117.7,20,10.06,91.07,4650,0,Valve Sticking,3.13,43.61
9299,5.97,4118.34,10,10.24,112.19,4650,0,Seal Wear,2.08,42.62
9300,5.54,4119.34,0,9.66,116.62,4650,0,Seal Wear,1.61,13.64
9301,5.94,4120.32,10,9.57,114.75,4651,0,Seal Wear,2.08,46.4
9302,5.52,4120.36,20,10.0,101.44,4652,0,Valve Sticking,2.94,30.74
9303,5.66,4121.61,30,10.07,119.11,4653,0,Seal Wear,1.68,6.87
9304,5.83,4122.91,40,10.39,116.27,4654,0,Seal Wear,1.77,29.13
9305,5.6,4123.81,50,9.58,120.04,4655,0,Seal Wear,1.68,14.17
9306,5.43,4123.97,60,12.06,103.34,4656,0,Air Leakage,1.0,46.89
9307,5.78,4124.68,70,10.0,116.51,4657,0,Seal Wear,2.38,19.03
9308,5.32,4124.85,80,9.57,103.07,4658,0,Valve Sticking,3.48,18.66
9309,4.86,4124.87,90,11.84,115.64,4659,0,Air Leakage,1.01,8.65
9310,5.23,4124.96,100,10.27,97.84,4660,0,Valve Sticking,3.11,9.79
9311,4.93,4124.97,90,11.3,106.44,4660,0,Air Leakage,0.85,25.71
9312,5.22,4125.15,80,10.44,102.63,4660,0,Valve Sticking,2.63,22.38
9313,5.25,4125.32,70,10.24,97.54,4660,0,Valve Sticking,3.31,8.01
9314,5.54,4126.09,60,9.6,123.29,4660,0,Seal Wear,1.93,11.08
9315,5.91,4126.86,50,10.13,109.75,4660,0,Seal Wear,1.96,41.74
9316,5.72,4126.98,40,10.07,97.49,4660,0,Valve Sticking,3.89,43.76
9317,5.94,4127.69,30,9.56,109.9,4660,0,Seal Wear,1.73,40.7
9318,5.7,4129.09,20,9.63,123.56,4660,0,Seal Wear,2.44,12.63
9319,5.9,4130.56,10,10.21,111.82,4660,0,Seal Wear,2.27,43.44
9320,4.73,4130.71,0,10.96,114.05,4660,0,Air Leakage,1.13,15.49
9321,4.98,4130.88,10,10.81,112.74,4661,0,Air Leakage,1.1,23.56
9322,5.31,4131.08,20,10.45,87.37,4662,0,Valve Sticking,3.72,25.86
9323,5.83,4132.26,30,9.54,114.23,4663,0,Seal Wear,1.65,40.64
9324,5.87,4133.73,40,9.74,112.83,4664,0,Seal Wear,2.11,34.58
9325,5.02,4133.88,50,10.93,103.56,4665,0,Air Leakage,1.19,28.75
9326,5.12,4133.98,60,11.26,104.28,4666,0,Air Leakage,0.97,49.96
9327,5.5,4134.09,70,9.77,98.01,4667,0,Valve Sticking,3.77,31.82
9328,5.76,4135.39,80,9.54,117.45,4668,0,Seal Wear,1.53,24.54
9329,5.57,4135.5,90,9.71,96.45,4669,0,Valve Sticking,3.36,48.71
9330,5.31,4135.68,100,11.35,107.76,4670,0,Air Leakage,0.83,40.06
9331,5.14,4135.77,90,11.86,103.77,4670,0,Air Leakage,1.12,39.23
9332,5.61,4137.17,80,10.13,120.91,4670,0,Seal Wear,1.99,14.96
9333,5.56,4137.22,70,9.82,91.92,4670,0,Valve Sticking,3.31,30.75
9334,5.06,4137.37,60,11.45,117.4,4670,0,Air Leakage,1.11,8.37
9335,5.87,4138.1,50,10.34,111.5,4670,0,Seal Wear,2.1,38.61
9336,5.39,4138.1,40,10.16,95.51,4670,0,Valve Sticking,3.7,31.32
9337,5.25,4138.22,30,11.59,109.58,4670,0,Air Leakage,1.01,36.07
9338,4.75,4138.34,20,11.64,113.24,4670,0,Air Leakage,1.01,9.52
9339,5.71,4139.41,10,10.27,118.78,4670,0,Seal Wear,1.72,23.58
9340,5.17,4139.58,0,9.82,92.57,4670,0,Valve Sticking,3.52,20.73
9341,5.14,4139.67,10,11.26,111.79,4671,0,Air Leakage,1.02,12.85
9342,5.17,4139.85,20,10.38,92.31,4672,0,Valve Sticking,3.63,19.13
9343,5.99,4140.54,30,10.46,107.84,4673,0,Seal Wear,2.47,45.82
9344,5.63,4141.33,40,10.17,121.86,4674,0,Seal Wear,1.89,9.26
9345,5.17,4141.47,50,10.75,112.09,4675,0,Air Leakage,1.0,35.79
9346,5.6,4141.49,60,9.65,89.37,4676,0,Valve Sticking,2.94,39.66
9347,5.56,4141.65,70,10.14,91.22,4677,0,Valve Sticking,2.68,32.64
9348,5.64,4142.83,80,10.23,118.01,4678,0,Seal Wear,1.73,18.99
9349,5.25,4142.92,90,10.02,101.93,4679,0,Valve Sticking,3.91,9.95
9350,5.57,4144.19,100,10.13,116.08,4680,0,Seal Wear,1.86,13.15
9351,5.78,4144.31,90,9.88,91.11,4680,0,Valve Sticking,3.19,45.04
9352,5.96,4145.64,80,10.23,108.78,4680,0,Seal Wear,1.79,47.91
9353,5.27,4145.7,70,11.64,105.35,4680,0,Air Leakage,1.12,49.46
9354,4.96,4145.77,60,11.09,110.35,4680,0,Air Leakage,1.18,10.14
9355,5.46,4145.96,50,10.2,92.68,4680,0,Valve Sticking,3.55,19.22
9356,5.19,4146.03,40,11.5,100.45,4680,0,Air Leakage,1.05,32.89
9357,5.57,4147.47,30,10.01,117.25,4680,0,Seal Wear,2.12,10.67
9358,4.81,4147.54,20,11.29,109.76,4680,0,Air Leakage,0.87,8.47
9359,5.41,4147.65,10,12.06,105.99,4680,0,Air Leakage,1.02,46.54
9360,5.24,4147.82,0,9.55,98.31,4680,0,Valve Sticking,2.78,20.31
9361,5.75,4149.21,10,9.68,113.51,4681,0,Seal Wear,2.25,31.24
9362,5.09,4149.23,20,12.27,103.78,4682,0,Air Leakage,1.12,32.53
9363,5.44,4149.33,30,10.47,101.47,4683,0,Valve Sticking,3.64,15.76
9364,5.94,4150.37,40,9.85,114.85,4684,0,Seal Wear,1.9,38.73
9365,5.13,4150.56,50,11.31,110.22,4685,0,Air Leakage,0.85,31.96
9366,4.96,4150.63,60,11.92,105.02,4686,0,Air Leakage,0.83,25.5
9367,5.15,4150.77,70,10.92,105.36,4687,0,Air Leakage,0.83,28.19
9368,5.79,4151.9,80,10.26,112.12,4688,0,Seal Wear,1.75,38.78
9369,4.81,4152.03,90,11.49,108.4,4689,0,Air Leakage,1.19,19.28
9370,5.29,4152.06,100,9.7,96.85,4690,0,Valve Sticking,2.72,12.82
9371,5.56,4152.14,90,9.56,98.64,4690,0,Valve Sticking,3.75,48.21
9372,5.43,4152.26,80,10.04,96.82,4690,0,Valve Sticking,3.04,17.98
9373,4.99,4152.34,70,11.27,110.06,4690,0,Air Leakage,0.98,32.95
9374,5.18,4152.41,60,11.97,113.25,4690,0,Air Leakage,1.13,17.79
9375,5.0,4152.46,50,11.7,114.36,4690,0,Air Leakage,0.82,16.09
9376,5.63,4153.99,40,10.36,119.99,4690,0,Seal Wear,1.58,20.66
9377,5.86,4155.12,30,9.81,118.38,4690,0,Seal Wear,2.26,29.46
9378,5.73,4156.32,20,10.02,114.58,4690,0,Seal Wear,2.3,31.96
9379,5.63,4157.56,10,10.3,120.16,4690,0,Seal Wear,2.36,21.25
9380,5.58,4158.75,0,9.75,118.63,4690,0,Seal Wear,1.9,9.03
9381,5.37,4158.9,10,10.73,111.26,4691,0,Air Leakage,0.97,34.51
9382,5.16,4158.94,20,11.68,115.62,4692,0,Air Leakage,1.15,22.31
9383,5.1,4159.07,30,9.92,94.25,4693,0,Valve Sticking,3.83,6.9
9384,5.69,4160.01,40,9.85,113.7,4694,0,Seal Wear,2.08,27.34
9385,5.64,4161.32,50,9.78,123.53,4695,0,Seal Wear,2.0,6.12
9386,5.99,4162.27,60,10.43,108.73,4696,0,Seal Wear,1.98,44.24
9387,5.32,4162.43,70,10.03,100.02,4697,0,Valve Sticking,2.88,22.5
9388,5.66,4163.17,80,10.02,119.4,4698,0,Seal Wear,1.61,22.28
9389,5.79,4163.84,90,9.65,116.18,4699,0,Seal Wear,1.57,25.13
9390,5.0,4163.92,100,11.15,106.24,4700,0,Air Leakage,0.84,41.79
9391,5.59,4165.07,90,9.89,119.74,4700,0,Seal Wear,1.72,7.92
9392,4.99,4165.25,80,11.81,109.6,4700,0,Air Leakage,1.0,31.06
9393,5.69,4166.78,70,9.97,121.34,4700,0,Seal Wear,1.76,9.33
9394,6.04,4167.79,60,9.95,111.94,4700,0,Seal Wear,2.01,47.26
9395,5.54,4167.82,50,9.93,87.93,4700,0,Valve Sticking,3.39,45.47
9396,5.93,4169.34,40,9.56,111.71,4700,0,Seal Wear,2.05,47.44
9397,5.62,4169.54,30,10.42,89.1,4700,0,Valve Sticking,3.68,46.15
9398,5.57,4169.66,20,10.37,85.98,4700,0,Valve Sticking,3.17,34.87
9399,5.7,4170.52,10,9.98,118.52,4700,0,Seal Wear,1.63,14.88
9400,5.63,4170.57,0,9.54,86.53,4700,0,Valve Sticking,3.19,42.35
9401,4.69,4170.75,10,11.22,117.17,4701,0,Air Leakage,0.95,7.57
9402,5.6,4170.83,20,9.87,91.4,4702,0,Valve Sticking,2.65,47.3
9403,5.4,4170.97,30,11.26,107.19,4703,0,Air Leakage,1.1,36.23
9404,5.57,4171.11,40,9.64,97.33,4704,0,Valve Sticking,3.32,44.74
9405,5.08,4171.19,50,11.39,105.2,4705,0,Air Leakage,1.01,40.51
9406,5.49,4171.27,60,10.21,98.69,4706,0,Valve Sticking,2.72,13.78
9407,5.5,4171.34,70,9.84,88.97,4707,0,Valve Sticking,3.38,32.4
9408,5.8,4172.77,80,9.93,114.6,4708,0,Seal Wear,1.6,32.4
9409,5.01,4172.94,90,11.73,111.08,4709,0,Air Leakage,0.81,14.34
9410,4.7,4172.97,100,11.32,114.83,4710,0,Air Leakage,0.86,18.89
9411,5.11,4173.01,90,9.99,91.93,4710,0,Valve Sticking,3.58,12.19
9412,5.36,4173.13,80,11.57,106.68,4710,0,Air Leakage,0.85,45.28
9413,5.85,4174.61,70,9.94,116.6,4710,0,Seal Wear,1.6,41.79
9414,5.86,4175.47,60,10.22,113.86,4710,0,Seal Wear,2.42,26.93
9415,5.35,4175.55,50,9.99,102.25,4710,0,Valve Sticking,3.24,7.51
9416,5.02,4175.58,40,11.35,109.81,4710,0,Air Leakage,0.86,8.45
9417,5.65,4177.13,30,9.61,116.42,4710,0,Seal Wear,1.58,14.1
9418,5.65,4178.51,20,9.66,121.29,4710,0,Seal Wear,2.5,8.01
9419,5.06,4178.68,10,11.26,105.28,4710,0,Air Leakage,1.11,39.62
9420,5.73,4179.83,0,9.66,115.03,4710,0,Seal Wear,2.4,22.73
9421,5.7,4179.98,10,10.07,95.75,4711,0,Valve Sticking,2.73,44.98
9422,5.86,4181.2,20,9.94,115.47,4712,0,Seal Wear,1.96,41.34
9423,5.43,4181.3,30,9.71,99.03,4713,0,Valve Sticking,3.38,46.19
9424,5.88,4182.37,40,9.72,114.02,4714,0,Seal Wear,1.85,34.63
9425,5.58,4182.99,50,9.54,117.4,4715,0,Seal Wear,2.07,14.79
9426,5.68,4184.61,60,10.31,118.88,4716,0,Seal Wear,2.11,25.99
9427,5.77,4185.24,70,9.83,118.37,4717,0,Seal Wear,1.62,19.37
9428,5.13,4185.39,80,11.34,105.53,4718,0,Air Leakage,1.03,39.84
9429,4.71,4185.54,90,11.33,116.29,4719,0,Air Leakage,1.06,15.78
9430,5.04,4185.55,100,11.02,106.0,4720,0,Air Leakage,0.84,36.51
9431,4.85,4185.62,90,11.61,112.04,4720,0,Air Leakage,0.9,16.21
9432,4.97,4185.65,80,11.87,112.8,4720,0,Air Leakage,0.82,24.06
9433,5.73,4186.77,70,10.38,113.83,4720,0,Seal Wear,2.49,31.53
9434,5.13,4186.96,60,11.63,106.46,4720,0,Air Leakage,1.19,29.3
9435,5.81,4187.99,50,9.93,116.39,4720,0,Seal Wear,2.5,34.19
9436,5.0,4188.0,40,11.37,113.15,4720,0,Air Leakage,0.85,20.49
9437,5.88,4189.36,30,9.92,114.34,4720,0,Seal Wear,2.4,34.14
9438,5.12,4189.52,20,11.08,106.07,4720,0,Air Leakage,0.9,48.27
9439,4.68,4189.67,10,11.63,108.09,4720,0,Air Leakage,0.83,15.77
9440,5.55,4190.54,0,9.78,117.82,4720,0,Seal Wear,1.73,11.06
9441,5.64,4191.9,10,9.97,115.07,4721,0,Seal Wear,2.44,17.82
9442,5.06,4192.0,20,11.22,102.77,4722,0,Air Leakage,1.13,46.71
9443,5.27,4192.15,30,11.5,98.61,4723,0,Air Leakage,1.11,44.94
9444,5.49,4192.98,40,10.21,123.38,4724,0,Seal Wear,1.71,5.16
9445,5.67,4193.86,50,9.98,121.14,4725,0,Seal Wear,2.15,19.18
9446,5.23,4194.02,60,10.26,91.57,4726,0,Valve Sticking,3.47,16.14
9447,5.4,4194.03,70,10.49,97.93,4727,0,Valve Sticking,2.88,25.88
9448,5.56,4194.21,80,9.78,90.9,4728,0,Valve Sticking,2.68,49.16
9449,5.76,4194.77,90,9.56,113.46,4729,0,Seal Wear,2.07,32.77
9450,5.44,4194.96,100,9.63,97.0,4730,0,Valve Sticking,2.69,26.15
9451,4.79,4194.98,90,10.97,109.73,4730,0,Air Leakage,1.12,21.97
9452,4.97,4195.08,80,11.5,107.74,4730,0,Air Leakage,1.16,33.47
9453,4.99,4195.14,70,12.42,109.77,4730,0,Air Leakage,0.91,37.57
9454,5.26,4195.16,60,11.77,105.86,4730,0,Air Leakage,0.94,46.52
9455,5.08,4195.3,50,10.88,104.24,4730,0,Air Leakage,1.03,28.17
9456,5.18,4195.41,40,9.85,93.12,4730,0,Valve Sticking,3.21,8.0
9457,5.66,4195.47,30,9.77,96.81,4730,0,Valve Sticking,2.71,48.79
9458,4.83,4195.54,20,11.44,116.56,4730,0,Air Leakage,1.17,5.88
9459,5.81,4196.13,10,9.7,120.7,4730,0,Seal Wear,2.09,22.8
9460,5.32,4196.21,0,9.6,94.99,4730,0,Valve Sticking,3.6,23.42
9461,5.98,4197.49,10,9.96,109.86,4731,0,Seal Wear,2.23,49.67
9462,5.14,4197.62,20,11.54,107.3,4732,0,Air Leakage,1.11,21.07
9463,5.24,4197.72,30,10.22,97.75,4733,0,Valve Sticking,3.49,8.96
9464,5.64,4198.86,40,9.76,117.7,4734,0,Seal Wear,2.29,20.04
9465,5.99,4200.43,50,10.06,112.18,4735,0,Seal Wear,1.94,40.97
9466,5.68,4201.56,60,9.93,116.72,4736,0,Seal Wear,2.48,21.62
9467,5.72,4201.72,70,9.9,87.96,4737,0,Valve Sticking,2.99,49.45
9468,5.18,4201.84,80,11.72,108.09,4738,0,Air Leakage,1.04,27.65
9469,5.61,4201.96,90,10.39,90.12,4739,0,Valve Sticking,3.14,39.89
9470,5.29,4201.99,100,10.47,102.32,4740,0,Valve Sticking,3.51,13.11
9471,5.95,4203.26,90,9.55,111.63,4740,0,Seal Wear,1.9,46.55
9472,5.44,4203.28,80,10.33,101.63,4740,0,Valve Sticking,3.63,26.35
9473,5.52,4204.05,70,10.43,119.34,4740,0,Seal Wear,1.77,12.2
9474,5.71,4204.74,60,9.81,117.79,4740,0,Seal Wear,2.02,29.99
9475,5.62,4206.01,50,10.08,118.9,4740,0,Seal Wear,2.23,16.91
9476,5.98,4206.72,40,9.51,113.92,4740,0,Seal Wear,1.86,38.79
9477,5.26,4206.89,30,11.43,99.91,4740,0,Air Leakage,0.99,46.84
9478,6.0,4208.32,20,10.14,112.7,4740,0,Seal Wear,1.57,40.85
9479,5.82,4209.87,10,10.09,114.62,4740,0,Seal Wear,1.82,31.93
9480,5.67,4211.24,0,10.25,122.75,4740,0,Seal Wear,1.66,14.11
9481,4.9,4211.26,10,11.13,113.02,4741,0,Air Leakage,0.85,8.28
9482,5.17,4211.44,20,10.48,98.54,4742,0,Valve Sticking,3.8,21.35
9483,5.39,4211.46,30,9.56,90.07,4743,0,Valve Sticking,2.71,26.75
9484,5.0,4211.5,40,11.92,112.92,4744,0,Air Leakage,0.85,8.43
9485,5.93,4212.51,50,9.83,112.52,4745,0,Seal Wear,2.09,40.31
9486,5.7,4213.72,60,9.63,117.28,4746,0,Seal Wear,2.35,28.66
9487,4.75,4213.83,70,11.33,114.39,4747,0,Air Leakage,0.91,14.94
9488,5.89,4215.07,80,10.37,113.21,4748,0,Seal Wear,1.62,38.0
9489,5.28,4215.2,90,11.97,109.65,4749,0,Air Leakage,0.93,31.18
9490,5.47,4215.32,100,10.21,92.69,4750,0,Valve Sticking,3.64,35.64
9491,5.4,4215.52,90,10.08,93.07,4750,0,Valve Sticking,2.91,26.81
9492,5.6,4216.64,80,9.5,122.67,4750,0,Seal Wear,1.89,7.77
9493,5.54,4216.72,70,11.06,106.09,4750,0,Air Leakage,0.94,46.9
9494,5.59,4216.85,60,10.33,96.27,4750,0,Valve Sticking,3.04,34.66
9495,5.17,4216.93,50,11.93,110.53,4750,0,Air Leakage,0.86,39.93
9496,5.38,4217.07,40,9.92,91.98,4750,0,Valve Sticking,3.13,28.62
9497,5.95,4218.37,30,10.32,113.68,4750,0,Seal Wear,2.21,45.69
9498,4.73,4218.38,20,11.88,105.47,4750,0,Air Leakage,0.9,22.9
9499,5.39,4218.41,10,9.77,108.15,4750,0,Valve Sticking,3.38,8.56
9500,5.55,4218.53,0,10.43,91.75,4750,0,Valve Sticking,2.57,37.0
9501,5.52,4219.79,10,9.85,121.86,4751,0,Seal Wear,1.98,10.29
9502,5.29,4219.92,20,10.05,99.35,4752,0,Valve Sticking,3.52,24.29
9503,5.53,4221.37,30,10.45,121.07,4753,0,Seal Wear,1.77,5.03
9504,5.13,4221.47,40,11.3,105.95,4754,0,Air Leakage,0.86,21.91
9505,5.75,4222.21,50,10.49,118.78,4755,0,Seal Wear,2.25,25.82
9506,5.43,4222.32,60,10.05,100.9,4756,0,Valve Sticking,3.65,28.39
9507,5.58,4223.82,70,10.45,120.83,4757,0,Seal Wear,1.66,13.3
9508,4.91,4224.0,80,10.74,102.54,4758,0,Air Leakage,0.81,36.12
9509,5.09,4224.08,90,11.12,104.73,4759,0,Air Leakage,1.06,39.63
9510,5.76,4224.97,100,10.3,114.81,4760,0,Seal Wear,2.3,33.93
9511,5.62,4225.04,90,10.21,98.07,4760,0,Valve Sticking,3.22,31.94
9512,5.76,4226.2,80,9.98,116.47,4760,0,Seal Wear,1.92,29.29
9513,5.8,4226.32,70,9.8,87.71,4760,0,Valve Sticking,3.99,46.11
9514,5.29,4226.45,60,9.94,94.89,4760,0,Valve Sticking,2.57,6.43
9515,5.38,4226.58,50,9.76,98.05,4760,0,Valve Sticking,3.31,22.66
9516,4.72,4226.7,40,11.93,105.67,4760,0,Air Leakage,0.82,15.58
9517,5.44,4226.79,30,10.12,95.81,4760,0,Valve Sticking,3.53,38.48
9518,5.75,4227.77,20,9.61,118.56,4760,0,Seal Wear,1.96,33.66
9519,5.07,4227.94,10,11.27,104.01,4760,0,Air Leakage,1.2,48.47
9520,5.94,4229.43,0,10.07,111.03,4760,0,Seal Wear,2.21,35.06
9521,4.93,4229.57,10,11.68,115.24,4761,0,Air Leakage,0.93,5.62
9522,5.57,4229.63,20,9.77,97.07,4762,0,Valve Sticking,3.7,38.84
9523,4.99,4229.71,30,11.39,102.68,4763,0,Air Leakage,0.94,48.39
9524,5.67,4230.9,40,10.05,117.24,4764,0,Seal Wear,2.32,13.42
9525,5.08,4231.08,50,10.99,112.03,4765,0,Air Leakage,1.05,33.14
9526,5.53,4231.1,60,10.32,95.91,4766,0,Valve Sticking,3.2,43.49
9527,5.38,4231.2,70,11.38,105.16,4767,0,Air Leakage,1.07,46.11
9528,5.56,4231.36,80,10.49,104.89,4768,0,Valve Sticking,2.74,18.88
9529,5.54,4232.51,90,9.62,121.32,4769,0,Seal Wear,2.36,10.79
9530,5.12,4232.56,100,11.71,109.39,4770,0,Air Leakage,0.9,24.07
9531,5.56,4232.76,90,10.02,83.15,4770,0,Valve Sticking,3.81,49.32
9532,5.53,4234.05,80,9.71,123.07,4770,0,Seal Wear,2.4,6.94
9533,5.55,4234.06,70,10.33,94.21,4770,0,Valve Sticking,3.82,35.64
9534,5.2,4234.22,60,9.9,96.78,4770,0,Valve Sticking,3.27,22.23
9535,5.54,4234.22,50,9.54,99.65,4770,0,Valve Sticking,3.04,32.58
9536,5.37,4234.23,40,11.42,106.76,4770,0,Air Leakage,0.89,45.6
9537,5.85,4234.97,30,9.53,114.28,4770,0,Seal Wear,1.94,39.87
9538,5.26,4235.0,20,10.13,97.77,4770,0,Valve Sticking,3.68,7.74
9539,5.13,4235.12,10,11.24,107.07,4770,0,Air Leakage,0.93,26.21
9540,5.13,4235.22,0,12.28,106.94,4770,0,Air Leakage,0.86,38.47
9541,5.43,4235.28,10,10.35,96.69,4771,0,Valve Sticking,3.18,20.41
9542,5.71,4236.63,20,10.24,117.55,4772,0,Seal Wear,1.97,28.46
9543,5.86,4237.23,30,10.17,112.76,4773,0,Seal Wear,2.17,43.67
9544,5.04,4237.38,40,12.01,112.09,4774,0,Air Leakage,0.85,25.31
9545,5.7,4238.91,50,9.72,114.1,4775,0,Seal Wear,2.05,29.56
9546,5.82,4239.65,60,10.26,111.39,4776,0,Seal Wear,1.64,35.52
9547,5.14,4239.84,70,9.75,97.86,4777,0,Valve Sticking,3.3,8.12
9548,5.17,4239.86,80,9.64,102.84,4778,0,Valve Sticking,3.25,12.06
9549,4.69,4240.04,90,12.05,117.26,4779,0,Air Leakage,0.88,8.65
9550,4.97,4240.13,100,12.16,107.86,4780,0,Air Leakage,1.05,14.83
9551,5.43,4240.27,90,9.97,105.21,4780,0,Valve Sticking,3.01,17.15
9552,5.16,4240.32,80,11.05,106.58,4780,0,Air Leakage,1.15,20.06
9553,5.18,4240.46,70,10.27,95.01,4780,0,Valve Sticking,2.57,8.59
9554,5.62,4241.59,60,10.06,117.81,4780,0,Seal Wear,2.27,15.15
9555,5.61,4242.91,50,10.34,122.13,4780,0,Seal Wear,2.05,7.01
9556,5.61,4243.08,40,9.95,94.63,4780,0,Valve Sticking,3.31,30.19
9557,5.56,4243.26,30,10.17,101.56,4780,0,Valve Sticking,3.35,38.48
9558,5.15,4243.34,20,9.85,94.47,4780,0,Valve Sticking,2.63,7.49
9559,5.01,4243.48,10,10.53,107.48,4780,0,Air Leakage,0.84,21.64
9560,4.7,4243.58,0,10.92,113.39,4780,0,Air Leakage,1.12,16.71
9561,5.28,4243.69,10,10.5,102.58,4781,0,Valve Sticking,3.98,16.53
9562,5.63,4243.85,20,9.77,96.97,4782,0,Valve Sticking,3.77,26.2
9563,5.36,4243.97,30,9.69,92.56,4783,0,Valve Sticking,3.07,10.94
9564,5.34,4244.16,40,9.65,94.14,4784,0,Valve Sticking,3.78,26.56
9565,5.13,4244.23,50,11.69,104.18,4785,0,Air Leakage,1.15,44.09
9566,5.34,4244.24,60,10.24,101.63,4786,0,Valve Sticking,2.88,18.94
9567,5.59,4245.69,70,9.96,117.49,4787,0,Seal Wear,2.48,8.88
9568,5.21,4245.87,80,9.94,99.35,4788,0,Valve Sticking,3.17,24.77
9569,5.75,4246.5,90,9.85,113.72,4789,0,Seal Wear,2.39,23.8
9570,5.25,4246.65,100,9.83,97.49,4790,0,Valve Sticking,2.53,5.53
9571,5.21,4246.79,90,10.05,93.73,4790,0,Valve Sticking,3.67,18.03
9572,5.63,4247.63,80,10.33,123.31,4790,0,Seal Wear,2.46,8.5
9573,5.8,4249.04,70,10.41,113.31,4790,0,Seal Wear,1.64,35.11
9574,5.15,4249.06,60,11.95,111.76,4790,0,Air Leakage,1.06,23.54
9575,5.34,4249.21,50,9.67,97.29,4790,0,Valve Sticking,3.05,11.56
9576,4.76,4249.22,40,11.21,111.8,4790,0,Air Leakage,0.89,8.36
9577,5.52,4249.36,30,9.98,98.18,4790,0,Valve Sticking,2.6,34.67
9578,4.93,4249.49,20,11.46,110.2,4790,0,Air Leakage,1.06,10.29
9579,5.26,4249.58,10,9.59,99.07,4790,0,Valve Sticking,3.71,15.95
9580,5.27,4249.62,0,10.32,99.54,4790,0,Valve Sticking,3.31,7.8
9581,4.86,4249.68,10,11.2,114.67,4791,0,Air Leakage,1.19,5.02
9582,5.22,4249.75,20,11.1,106.87,4792,0,Air Leakage,1.04,40.54
9583,5.59,4251.2,30,10.12,121.67,4793,0,Seal Wear,1.73,16.94
9584,5.89,4252.54,40,9.78,115.97,4794,0,Seal Wear,1.86,38.17
9585,5.71,4252.64,50,9.62,85.48,4795,0,Valve Sticking,2.59,47.38
9586,5.76,4253.55,60,9.78,121.38,4796,0,Seal Wear,2.43,18.98
9587,5.2,4253.62,70,11.03,104.79,4797,0,Air Leakage,1.16,36.64
9588,5.09,4253.72,80,11.21,99.81,4798,0,Air Leakage,1.11,42.57
9589,5.79,4255.05,90,9.98,117.76,4799,0,Seal Wear,1.69,32.61
9590,5.39,4255.08,100,10.11,95.75,4800,0,Valve Sticking,2.65,13.74
9591,5.39,4255.17,90,11.54,98.79,4800,0,Air Leakage,1.13,47.97
9592,5.17,4255.26,80,11.8,103.4,4800,0,Air Leakage,1.19,43.87
9593,5.37,4255.42,70,11.49,100.1,4800,0,Air Leakage,1.16,42.38
9594,5.04,4255.54,60,11.18,112.77,4800,0,Air Leakage,1.17,20.17
9595,5.04,4255.7,50,11.71,106.51,4800,0,Air Leakage,0.83,37.11
9596,5.59,4256.48,40,9.85,117.0,4800,0,Seal Wear,2.3,16.63
9597,5.31,4256.55,30,10.5,94.6,4800,0,Valve Sticking,2.88,35.92
9598,5.77,4257.27,20,10.46,114.5,4800,0,Seal Wear,1.64,29.1
9599,5.05,4257.41,10,11.08,101.77,4800,0,Air Leakage,1.09,48.15
9600,5.64,4258.93,0,9.94,120.78,4800,0,Seal Wear,1.84,6.17
9601,4.87,4259.0,10,11.25,112.76,4801,0,Air Leakage,1.1,20.88
9602,5.21,4259.1,20,9.98,95.23,4802,0,Valve Sticking,3.75,14.97
9603,5.61,4259.17,30,10.38,100.59,4803,0,Valve Sticking,3.87,45.15
9604,5.18,4259.33,40,11.01,101.99,4804,0,Air Leakage,1.1,33.62
9605,5.65,4260.86,50,10.33,117.9,4805,0,Seal Wear,1.88,20.0
9606,5.97,4262.09,60,9.82,109.83,4806,0,Seal Wear,1.81,39.21
9607,5.52,4263.77,70,10.19,120.19,4807,0,Seal Wear,2.31,10.19
9608,4.97,4263.92,80,11.64,109.65,4808,0,Air Leakage,1.01,7.18
9609,5.74,4264.83,90,9.64,115.65,4809,0,Seal Wear,1.65,29.11
9610,4.74,4265.01,100,12.02,109.56,4810,0,Air Leakage,1.17,17.45
9611,5.73,4266.34,90,10.23,117.32,4810,0,Seal Wear,2.22,17.27
9612,5.58,4266.52,80,10.15,100.68,4810,0,Valve Sticking,3.54,22.5
9613,5.45,4266.7,70,11.08,100.27,4810,0,Air Leakage,1.14,48.26
9614,5.07,4266.72,60,9.63,100.63,4810,0,Valve Sticking,3.0,11.05
9615,6.01,4267.78,50,9.88,114.48,4810,0,Seal Wear,2.33,41.72
9616,5.6,4269.33,40,9.74,124.61,4810,0,Seal Wear,2.4,7.42
9617,4.97,4269.33,30,11.17,111.49,4810,0,Air Leakage,0.94,27.23
9618,5.66,4269.37,20,9.92,88.3,4810,0,Valve Sticking,3.99,39.32
9619,6.05,4270.43,10,9.56,107.84,4810,0,Seal Wear,2.38,47.44
9620,5.63,4270.45,0,9.68,84.84,4810,0,Valve Sticking,3.09,48.89
9621,5.92,4272.01,10,10.1,109.5,4811,0,Seal Wear,1.67,43.43
9622,5.2,4272.16,20,10.1,102.56,4812,0,Valve Sticking,2.58,9.83
9623,5.65,4273.07,30,9.54,120.12,4813,0,Seal Wear,1.71,7.63
9624,5.24,4273.11,40,10.23,93.84,4814,0,Valve Sticking,2.9,7.09
9625,5.64,4273.2,50,10.12,98.92,4815,0,Valve Sticking,3.76,33.08
9626,5.78,4274.38,60,9.72,116.88,4816,0,Seal Wear,2.07,28.09
9627,5.26,4274.4,70,9.81,97.34,4817,0,Valve Sticking,3.0,13.93
9628,4.85,4274.42,80,11.19,113.14,4818,0,Air Leakage,1.07,17.08
9629,5.86,4275.32,90,9.62,111.9,4819,0,Seal Wear,1.71,38.62
9630,4.73,4275.42,100,11.69,115.17,4820,0,Air Leakage,0.85,6.3
9631,4.87,4275.49,90,12.21,108.23,4820,0,Air Leakage,1.05,14.31
9632,5.72,4276.78,80,9.88,116.89,4820,0,Seal Wear,2.17,26.11
9633,4.91,4276.84,70,11.56,111.75,4820,0,Air Leakage,1.11,9.37
9634,5.3,4276.96,60,10.3,97.5,4820,0,Valve Sticking,2.65,14.23
9635,4.84,4277.12,50,11.52,110.38,4820,0,Air Leakage,1.02,34.86
9636,5.63,4277.13,40,10.06,99.08,4820,0,Valve Sticking,3.33,38.43
9637,4.65,4277.29,30,11.54,116.95,4820,0,Air Leakage,1.11,8.56
9638,6.06,4278.74,20,10.03,111.89,4820,0,Seal Wear,2.18,48.53
9639,5.16,4278.81,10,9.74,96.93,4820,0,Valve Sticking,3.22,14.06
9640,5.64,4279.94,0,9.83,117.85,4820,0,Seal Wear,2.32,8.41
9641,5.43,4279.94,10,10.07,85.68,4821,0,Valve Sticking,3.35,46.45
9642,5.52,4280.91,20,9.93,123.88,4822,0,Seal Wear,2.48,6.23
9643,5.62,4281.51,30,10.42,117.76,4823,0,Seal Wear,2.19,17.52
9644,5.4,4281.63,40,10.33,85.64,4824,0,Valve Sticking,2.67,45.25
9645,4.99,4281.8,50,11.78,98.46,4825,0,Air Leakage,0.98,45.34
9646,5.02,4281.84,60,11.55,109.09,4826,0,Air Leakage,0.93,44.15
9647,5.2,4281.88,70,11.47,107.3,4827,0,Air Leakage,1.17,23.91
9648,5.49,4281.93,80,10.35,87.82,4828,0,Valve Sticking,2.9,39.27
9649,4.82,4282.04,90,11.16,109.47,4829,0,Air Leakage,1.01,14.19
9650,5.84,4282.63,100,9.91,116.82,4830,0,Seal Wear,1.69,26.69
9651,5.81,4283.82,90,10.12,112.07,4830,0,Seal Wear,2.18,39.36
9652,5.94,4284.82,80,10.21,112.16,4830,0,Seal Wear,1.57,41.86
9653,5.5,4284.85,70,9.77,97.59,4830,0,Valve Sticking,3.53,22.34
9654,5.98,4286.17,60,9.98,113.1,4830,0,Seal Wear,1.82,41.01
9655,5.98,4287.8,50,10.44,110.93,4830,0,Seal Wear,2.0,46.3
9656,5.61,4288.85,40,10.09,119.53,4830,0,Seal Wear,1.91,12.41
9657,5.35,4289.01,30,11.66,101.2,4830,0,Air Leakage,1.09,47.29
9658,5.38,4289.02,20,9.8,87.77,4830,0,Valve Sticking,2.78,40.29
9659,4.93,4289.21,10,12.16,100.35,4830,0,Air Leakage,1.15,42.39
9660,5.74,4290.22,0,10.43,117.2,4830,0,Seal Wear,2.38,14.43
9661,5.1,4290.36,10,9.92,106.18,4831,0,Valve Sticking,2.66,7.69
9662,5.01,4290.37,20,11.48,109.82,4832,0,Air Leakage,0.98,13.12
9663,5.82,4291.26,30,10.44,114.98,4833,0,Seal Wear,1.5,37.22
9664,5.87,4292.32,40,10.09,113.02,4834,0,Seal Wear,2.49,47.35
9665,4.76,4292.47,50,11.73,109.63,4835,0,Air Leakage,0.99,17.09
9666,5.32,4292.49,60,10.07,104.08,4836,0,Valve Sticking,3.78,18.58
9667,4.94,4292.6,70,11.71,116.12,4837,0,Air Leakage,0.95,13.83
9668,5.55,4293.19,80,9.87,118.0,4838,0,Seal Wear,1.92,9.88
9669,4.81,4293.35,90,10.72,108.24,4839,0,Air Leakage,0.81,21.39
9670,5.2,4293.52,100,10.37,89.54,4840,0,Valve Sticking,3.11,29.19
9671,5.6,4293.53,90,10.14,87.19,4840,0,Valve Sticking,3.66,29.79
9672,5.55,4293.69,80,10.29,83.39,4840,0,Valve Sticking,3.37,44.43
9673,4.89,4293.69,70,11.23,111.69,4840,0,Air Leakage,1.15,39.3
9674,6.02,4294.81,60,9.76,114.0,4840,0,Seal Wear,2.07,45.59
9675,5.08,4294.91,50,11.53,104.29,4840,0,Air Leakage,0.84,36.27
9676,5.1,4295.07,40,10.41,103.88,4840,0,Valve Sticking,3.48,6.27
9677,4.96,4295.09,30,11.64,103.68,4840,0,Air Leakage,0.89,29.89
9678,4.97,4295.17,20,10.54,112.8,4840,0,Air Leakage,0.97,17.72
9679,5.04,4295.33,10,11.45,114.09,4840,0,Air Leakage,0.81,8.47
9680,5.05,4295.36,0,10.15,103.01,4840,0,Valve Sticking,3.18,9.37
9681,5.61,4296.14,10,9.81,119.26,4841,0,Seal Wear,1.72,7.16
9682,5.06,4296.33,20,11.85,104.86,4842,0,Air Leakage,1.01,40.41
9683,4.92,4296.46,30,11.05,115.17,4843,0,Air Leakage,0.82,6.19
9684,5.53,4296.62,40,11.47,104.79,4844,0,Air Leakage,0.97,49.91
9685,5.07,4296.73,50,11.94,115.19,4845,0,Air Leakage,0.85,11.22
9686,5.87,4297.52,60,9.71,113.74,4846,0,Seal Wear,1.7,35.82
9687,5.51,4297.52,70,9.6,94.37,4847,0,Valve Sticking,3.78,41.44
9688,5.23,4297.54,80,10.29,90.61,4848,0,Valve Sticking,3.74,15.94
9689,5.26,4297.71,90,11.84,98.4,4849,0,Air Leakage,1.13,42.84
9690,6.09,4299.3,100,10.34,109.83,4850,0,Seal Wear,2.29,49.86
9691,6.0,4300.35,90,9.85,112.61,4850,0,Seal Wear,2.22,44.09
9692,5.56,4301.14,80,10.33,119.4,4850,0,Seal Wear,1.51,14.04
9693,5.09,4301.16,70,11.42,113.04,4850,0,Air Leakage,0.9,27.89
9694,5.43,4301.3,60,9.76,104.63,4850,0,Valve Sticking,3.95,22.93
9695,4.95,4301.46,50,11.75,114.3,4850,0,Air Leakage,1.03,20.32
9696,5.36,4301.54,40,9.83,92.62,4850,0,Valve Sticking,2.96,27.62
9697,5.28,4301.71,30,10.0,93.64,4850,0,Valve Sticking,2.71,16.71
9698,5.33,4301.71,20,10.11,98.4,4850,0,Valve Sticking,3.86,16.14
9699,5.84,4302.65,10,9.74,111.24,4850,0,Seal Wear,2.16,30.19
9700,5.54,4302.75,0,9.91,94.77,4850,0,Valve Sticking,2.51,46.63
9701,5.61,4302.75,10,9.51,86.59,4851,0,Valve Sticking,2.71,35.98
9702,5.87,4303.72,20,9.89,113.58,4852,0,Seal Wear,2.03,47.22
9703,4.71,4303.76,30,11.39,114.32,4853,0,Air Leakage,1.04,18.5
9704,5.78,4304.99,40,10.06,113.35,4854,0,Seal Wear,2.11,36.92
9705,5.66,4306.06,50,9.59,117.58,4855,0,Seal Wear,2.48,21.09
9706,5.77,4306.22,60,9.54,83.3,4856,0,Valve Sticking,2.86,44.16
9707,4.96,4306.33,70,11.03,110.35,4857,0,Air Leakage,1.04,47.44
9708,5.65,4306.4,80,9.63,94.0,4858,0,Valve Sticking,2.96,40.54
9709,5.6,4307.93,90,10.46,120.19,4859,0,Seal Wear,2.23,10.31
9710,5.56,4308.85,100,10.29,116.76,4860,0,Seal Wear,2.1,11.79
9711,5.15,4308.89,90,11.14,109.84,4860,0,Air Leakage,1.14,21.38
9712,5.87,4310.26,80,10.42,116.93,4860,0,Seal Wear,1.85,29.06
9713,5.0,4310.31,70,11.48,112.44,4860,0,Air Leakage,0.91,13.4
9714,5.64,4311.8,60,10.08,114.48,4860,0,Seal Wear,1.9,23.46
9715,5.37,4311.86,50,10.24,90.4,4860,0,Valve Sticking,2.92,19.58
9716,4.53,4311.93,40,11.53,115.7,4860,0,Air Leakage,1.12,8.64
9717,5.59,4312.89,30,10.31,123.8,4860,0,Seal Wear,2.11,12.08
9718,5.42,4313.03,20,9.57,97.34,4860,0,Valve Sticking,3.18,32.57
9719,5.29,4313.2,10,10.16,103.49,4860,0,Valve Sticking,2.98,15.05
9720,6.04,4313.98,0,9.74,112.43,4860,0,Seal Wear,1.81,46.77
9721,5.18,4314.02,10,12.12,106.04,4861,0,Air Leakage,1.15,43.07
9722,5.33,4314.08,20,9.99,99.81,4862,0,Valve Sticking,3.37,23.99
9723,4.8,4314.16,30,12.18,108.75,4863,0,Air Leakage,1.01,12.19
9724,5.46,4314.26,40,9.95,92.93,4864,0,Valve Sticking,2.74,20.35
9725,5.32,4314.46,50,9.85,92.24,4865,0,Valve Sticking,3.45,26.9
9726,5.37,4314.54,60,9.95,98.46,4866,0,Valve Sticking,3.94,12.57
9727,5.11,4314.66,70,11.33,104.21,4867,0,Air Leakage,1.18,32.73
9728,5.3,4314.84,80,10.43,108.27,4868,0,Valve Sticking,2.55,8.08
9729,5.92,4316.22,90,9.64,112.91,4869,0,Seal Wear,2.46,33.35
9730,5.8,4317.11,100,10.41,113.16,4870,0,Seal Wear,2.07,37.83
9731,4.54,4317.22,90,11.82,112.71,4870,0,Air Leakage,1.06,11.05
9732,5.12,4317.31,80,10.88,103.41,4870,0,Air Leakage,0.87,29.53
9733,5.53,4317.34,70,9.84,97.25,4870,0,Valve Sticking,2.96,35.22
9734,5.65,4317.36,60,9.54,103.34,4870,0,Valve Sticking,2.79,28.6
9735,5.55,4317.98,50,9.75,121.14,4870,0,Seal Wear,2.26,12.15
9736,5.11,4318.06,40,11.98,111.56,4870,0,Air Leakage,1.08,30.15
9737,5.51,4318.11,30,10.02,98.22,4870,0,Valve Sticking,3.42,38.71
9738,5.62,4319.3,20,10.05,121.99,4870,0,Seal Wear,2.27,14.22
9739,5.98,4320.45,10,10.5,114.85,4870,0,Seal Wear,2.32,41.53
9740,5.48,4321.04,0,9.73,118.91,4870,0,Seal Wear,2.03,7.4
9741,5.57,4321.05,10,10.12,89.84,4871,0,Valve Sticking,3.74,27.61
9742,5.51,4321.15,20,9.88,88.27,4872,0,Valve Sticking,3.39,47.74
9743,5.34,4321.26,30,9.69,103.92,4873,0,Valve Sticking,3.98,11.21
9744,5.54,4322.04,40,9.58,120.19,4874,0,Seal Wear,1.77,8.1
9745,5.4,4322.14,50,9.96,93.32,4875,0,Valve Sticking,3.07,14.83
9746,5.28,4322.2,60,9.78,102.11,4876,0,Valve Sticking,3.16,10.06
9747,5.53,4322.33,70,9.73,93.61,4877,0,Valve Sticking,2.81,37.32
9748,5.09,4322.48,80,11.46,102.83,4878,0,Air Leakage,0.85,34.54
9749,5.28,4322.6,90,10.33,98.23,4879,0,Valve Sticking,3.32,15.0
9750,5.71,4323.95,100,10.19,117.54,4880,0,Seal Wear,2.2,24.08
9751,5.9,4325.1,90,10.29,115.33,4880,0,Seal Wear,1.53,36.15
9752,5.12,4325.17,80,11.09,106.69,4880,0,Air Leakage,0.88,27.79
9753,5.23,4325.26,70,10.79,109.13,4880,0,Air Leakage,1.04,32.87
9754,4.81,4325.36,60,11.34,117.02,4880,0,Air Leakage,0.97,8.75
9755,5.61,4325.51,50,9.71,88.62,4880,0,Valve Sticking,3.16,47.7
9756,5.55,4325.59,40,10.33,101.93,4880,0,Valve Sticking,3.43,34.16
9757,5.63,4326.93,30,9.7,118.19,4880,0,Seal Wear,1.91,16.3
9758,5.64,4328.32,20,9.54,116.17,4880,0,Seal Wear,2.49,14.62
9759,5.46,4328.35,10,10.03,103.28,4880,0,Valve Sticking,2.91,25.37
9760,5.69,4328.54,0,10.28,96.04,4880,0,Valve Sticking,3.47,42.69
9761,5.18,4328.6,10,11.38,112.31,4881,0,Air Leakage,1.07,23.03
9762,5.27,4328.69,20,10.06,102.58,4882,0,Valve Sticking,3.2,8.83
9763,5.58,4328.87,30,10.42,85.21,4883,0,Valve Sticking,3.38,49.45
9764,5.45,4328.93,40,9.89,100.02,4884,0,Valve Sticking,3.21,33.92
9765,4.72,4329.13,50,11.66,115.95,4885,0,Air Leakage,0.87,14.9
9766,5.45,4329.27,60,10.23,91.44,4886,0,Valve Sticking,3.59,21.92
9767,5.1,4329.44,70,10.0,101.59,4887,0,Valve Sticking,3.71,5.14
9768,4.93,4329.6,80,11.03,103.81,4888,0,Air Leakage,1.02,38.51
9769,4.86,4329.67,90,11.6,109.04,4889,0,Air Leakage,0.88,7.52
9770,5.36,4329.8,100,9.57,96.92,4890,0,Valve Sticking,2.67,8.45
9771,4.93,4329.97,90,11.93,105.26,4890,0,Air Leakage,1.2,17.26
9772,4.78,4330.11,80,10.79,111.39,4890,0,Air Leakage,0.86,12.58
9773,5.01,4330.14,70,11.33,115.3,4890,0,Air Leakage,0.87,22.88
9774,4.83,4330.16,60,10.94,105.45,4890,0,Air Leakage,0.85,35.88
9775,4.98,4330.16,50,11.43,107.49,4890,0,Air Leakage,0.92,21.56
9776,5.06,4330.21,40,11.59,106.83,4890,0,Air Leakage,1.08,37.8
9777,5.0,4330.33,30,12.05,104.52,4890,0,Air Leakage,1.08,24.9
9778,5.31,4330.37,20,9.5,104.78,4890,0,Valve Sticking,2.63,24.0
9779,5.1,4330.57,10,12.03,111.59,4890,0,Air Leakage,0.85,21.56
9780,5.11,4330.6,0,9.74,104.0,4890,0,Valve Sticking,3.3,9.4
9781,5.51,4330.78,10,12.02,102.47,4891,0,Air Leakage,1.17,47.03
9782,4.97,4330.93,20,11.8,102.56,4892,0,Air Leakage,1.0,39.31
9783,5.14,4331.04,30,11.62,106.65,4893,0,Air Leakage,0.84,21.1
9784,5.76,4332.35,40,9.67,118.38,4894,0,Seal Wear,1.55,29.99
9785,5.36,4332.49,50,10.33,98.81,4895,0,Valve Sticking,2.99,31.32
9786,5.02,4332.6,60,11.42,111.46,4896,0,Air Leakage,1.01,7.82
9787,5.44,4332.69,70,10.01,94.93,4897,0,Valve Sticking,2.78,28.51
9788,4.93,4332.72,80,11.24,105.74,4898,0,Air Leakage,0.87,39.63
9789,5.65,4333.3,90,9.53,118.64,4899,0,Seal Wear,1.52,25.23
9790,5.91,4334.41,100,9.7,113.39,4900,0,Seal Wear,2.28,39.45
9791,5.14,4334.42,90,11.72,106.49,4900,0,Air Leakage,1.15,45.77
9792,5.69,4335.07,80,9.66,118.84,4900,0,Seal Wear,2.34,25.95
9793,5.37,4335.18,70,11.0,107.72,4900,0,Air Leakage,1.19,34.55
9794,5.3,4335.2,60,10.11,97.4,4900,0,Valve Sticking,2.76,17.27
9795,5.05,4335.23,50,11.65,111.06,4900,0,Air Leakage,1.11,17.61
9796,5.22,4335.3,40,11.37,100.13,4900,0,Air Leakage,0.88,49.05
9797,5.24,4335.34,30,10.34,107.69,4900,0,Valve Sticking,3.85,11.41
9798,5.28,4335.43,20,10.03,104.31,4900,0,Valve Sticking,3.16,10.71
9799,5.05,4335.48,10,11.75,110.91,4900,0,Air Leakage,1.1,5.5
9800,5.78,4336.02,0,10.02,111.49,4900,0,Seal Wear,1.8,33.32
9801,5.85,4337.02,10,9.55,112.41,4901,0,Seal Wear,2.39,38.02
9802,5.6,4337.09,20,9.53,88.05,4902,0,Valve Sticking,3.51,34.89
9803,5.55,4337.81,30,9.93,123.21,4903,0,Seal Wear,1.64,5.88
9804,5.09,4337.81,40,11.54,105.42,4904,0,Air Leakage,1.02,31.61
9805,4.87,4338.0,50,12.05,107.86,4905,0,Air Leakage,0.99,18.5
9806,4.9,4338.18,60,11.89,114.93,4906,0,Air Leakage,1.02,20.89
9807,5.81,4339.35,70,10.49,118.01,4907,0,Seal Wear,1.7,27.91
9808,5.29,4339.47,80,10.32,108.2,4908,0,Valve Sticking,3.58,11.81
9809,5.26,4339.66,90,9.54,95.95,4909,0,Valve Sticking,3.82,32.21
9810,5.09,4339.68,100,11.18,107.1,4910,0,Air Leakage,0.95,26.69
9811,5.28,4339.78,90,9.61,104.32,4910,0,Valve Sticking,3.79,26.41
9812,4.56,4339.83,80,11.49,115.36,4910,0,Air Leakage,1.02,9.54
9813,5.12,4339.94,70,11.18,102.9,4910,0,Air Leakage,1.09,40.1
9814,5.96,4341.21,60,10.08,116.62,4910,0,Seal Wear,2.09,39.42
9815,5.02,4341.25,50,11.72,112.01,4910,0,Air Leakage,0.9,28.45
9816,4.78,4341.28,40,11.84,113.57,4910,0,Air Leakage,0.95,7.58
9817,5.05,4341.42,30,11.55,107.72,4910,0,Air Leakage,1.17,21.66
9818,5.13,4341.53,20,9.79,101.89,4910,0,Valve Sticking,3.2,7.32
9819,5.4,4341.62,10,10.08,97.33,4910,0,Valve Sticking,3.22,44.05
9820,5.51,4341.78,0,11.59,103.3,4910,0,Air Leakage,1.13,49.34
9821,5.48,4341.88,10,9.62,94.95,4911,0,Valve Sticking,3.52,29.09
9822,5.23,4342.0,20,11.22,100.41,4912,0,Air Leakage,0.96,43.2
9823,5.31,4342.07,30,10.44,103.67,4913,0,Valve Sticking,3.41,15.0
9824,5.67,4343.05,40,9.86,117.97,4914,0,Seal Wear,2.16,21.71
9825,5.24,4343.16,50,12.1,106.66,4915,0,Air Leakage,0.89,43.74
9826,5.72,4343.85,60,10.1,117.49,4916,0,Seal Wear,2.15,15.64
9827,5.05,4343.92,70,11.45,111.2,4917,0,Air Leakage,1.2,14.46
9828,5.45,4343.92,80,12.24,103.2,4918,0,Air Leakage,0.89,44.38
9829,5.64,4343.94,90,10.29,86.64,4919,0,Valve Sticking,3.4,37.54
9830,5.55,4343.97,100,10.2,92.36,4920,0,Valve Sticking,3.79,38.5
9831,5.44,4343.98,90,10.21,94.25,4920,0,Valve Sticking,2.6,20.26
9832,5.74,4345.3,80,10.2,114.05,4920,0,Seal Wear,1.83,29.46
9833,5.5,4345.47,70,10.25,95.38,4920,0,Valve Sticking,3.76,35.88
9834,5.28,4345.54,60,11.15,106.66,4920,0,Air Leakage,0.87,25.27
9835,5.65,4345.66,50,10.32,98.8,4920,0,Valve Sticking,2.85,33.13
9836,5.84,4346.98,40,10.46,117.66,4920,0,Seal Wear,2.49,28.96
9837,5.47,4347.09,30,9.64,97.13,4920,0,Valve Sticking,2.53,15.58
9838,5.24,4347.18,20,9.57,104.92,4920,0,Valve Sticking,3.05,13.12
9839,5.65,4347.32,10,10.15,97.1,4920,0,Valve Sticking,3.71,42.82
9840,5.35,4347.37,0,11.34,106.96,4920,0,Air Leakage,1.15,37.41
9841,5.53,4347.43,10,10.01,99.36,4921,0,Valve Sticking,3.56,40.83
9842,5.69,4348.11,20,9.9,118.61,4922,0,Seal Wear,2.48,28.46
9843,5.09,4348.18,30,12.3,102.07,4923,0,Air Leakage,1.09,27.77
9844,5.73,4348.84,40,9.59,112.54,4924,0,Seal Wear,1.95,29.53
9845,5.17,4348.87,50,11.05,103.67,4925,0,Air Leakage,1.02,44.97
9846,5.34,4348.91,60,11.16,104.07,4926,0,Air Leakage,0.81,48.68
9847,5.2,4349.08,70,10.16,103.52,4927,0,Valve Sticking,2.63,19.41
9848,5.26,4349.16,80,11.41,111.43,4928,0,Air Leakage,0.88,23.76
9849,5.43,4349.32,90,10.88,101.31,4929,0,Air Leakage,0.82,34.19
9850,5.57,4349.45,100,9.97,100.92,4930,0,Valve Sticking,3.74,19.33
9851,5.76,4350.35,90,9.64,115.59,4930,0,Seal Wear,1.58,32.1
9852,4.88,4350.51,80,11.11,110.32,4930,0,Air Leakage,1.09,11.93
9853,5.69,4351.95,70,10.19,114.52,4930,0,Seal Wear,2.14,27.89
9854,5.34,4352.01,60,9.55,90.0,4930,0,Valve Sticking,3.22,29.8
9855,6.02,4353.06,50,9.96,112.41,4930,0,Seal Wear,1.59,41.94
9856,4.89,4353.24,40,11.58,111.22,4930,0,Air Leakage,0.89,14.83
9857,4.95,4353.3,30,11.38,105.72,4930,0,Air Leakage,0.99,22.17
9858,5.4,4353.32,20,10.02,89.38,4930,0,Valve Sticking,3.85,33.51
9859,5.23,4353.43,10,11.35,106.48,4930,0,Air Leakage,0.85,41.15
9860,5.43,4353.58,0,10.49,98.55,4930,0,Valve Sticking,3.82,10.1
9861,4.91,4353.63,10,11.72,103.25,4931,0,Air Leakage,0.91,31.33
9862,5.3,4353.7,20,10.37,92.7,4932,0,Valve Sticking,2.82,19.91
9863,5.87,4354.48,30,9.61,116.72,4933,0,Seal Wear,2.43,27.36
9864,5.84,4355.46,40,9.84,109.64,4934,0,Seal Wear,1.52,40.38
9865,5.83,4356.45,50,10.38,110.94,4935,0,Seal Wear,1.58,33.94
9866,5.25,4356.5,60,11.41,108.18,4936,0,Air Leakage,1.13,25.03
9867,5.3,4356.59,70,10.27,94.5,4937,0,Valve Sticking,2.61,17.64
9868,5.55,4356.75,80,9.63,90.28,4938,0,Valve Sticking,2.85,36.13
9869,5.71,4357.5,90,9.51,118.36,4939,0,Seal Wear,2.14,29.87
9870,5.89,4358.95,100,9.93,117.33,4940,0,Seal Wear,1.61,30.14
9871,5.6,4360.53,90,10.33,115.41,4940,0,Seal Wear,2.09,18.42
9872,5.34,4360.67,80,9.54,92.5,4940,0,Valve Sticking,3.69,15.52
9873,5.12,4360.86,70,12.02,110.84,4940,0,Air Leakage,0.95,29.48
9874,5.98,4361.82,60,9.53,108.1,4940,0,Seal Wear,1.56,48.5
9875,5.59,4361.85,50,10.27,99.78,4940,0,Valve Sticking,2.86,46.75
9876,5.62,4362.02,40,10.17,88.94,4940,0,Valve Sticking,3.88,30.86
9877,5.64,4363.57,30,9.83,121.8,4940,0,Seal Wear,1.74,9.91
9878,4.7,4363.65,20,11.43,111.2,4940,0,Air Leakage,1.03,21.26
9879,5.41,4363.72,10,9.65,95.23,4940,0,Valve Sticking,2.51,47.19
9880,5.21,4363.75,0,11.37,108.15,4940,0,Air Leakage,0.99,37.68
9881,5.59,4365.02,10,10.37,121.68,4941,0,Seal Wear,1.91,14.17
9882,5.73,4365.95,20,9.91,120.96,4942,0,Seal Wear,2.33,16.63
9883,5.57,4367.18,30,10.16,120.93,4943,0,Seal Wear,1.99,6.61
9884,5.3,4367.35,40,9.83,97.96,4944,0,Valve Sticking,3.09,25.78
9885,5.34,4367.41,50,11.14,105.19,4945,0,Air Leakage,0.88,27.05
9886,5.31,4367.6,60,9.95,91.07,4946,0,Valve Sticking,3.02,25.81
9887,5.75,4368.98,70,10.28,114.48,4947,0,Seal Wear,1.54,25.44
9888,5.5,4369.01,80,9.52,91.61,4948,0,Valve Sticking,2.62,24.47
9889,4.96,4369.02,90,11.88,103.6,4949,0,Air Leakage,0.86,39.41
9890,5.71,4370.26,100,9.81,115.14,4950,0,Seal Wear,1.8,27.86
9891,5.53,4370.44,90,9.98,94.69,4950,0,Valve Sticking,3.4,32.91
9892,5.27,4370.49,80,9.88,87.57,4950,0,Valve Sticking,3.73,30.23
9893,4.85,4370.49,70,11.21,111.22,4950,0,Air Leakage,1.03,14.51
9894,5.62,4371.02,60,9.88,120.02,4950,0,Seal Wear,2.36,9.06
9895,4.79,4371.16,50,10.88,106.49,4950,0,Air Leakage,1.2,35.47
9896,4.94,4371.32,40,11.23,112.06,4950,0,Air Leakage,1.15,19.09
9897,5.48,4371.38,30,11.67,103.75,4950,0,Air Leakage,1.18,48.04
9898,6.01,4372.48,20,10.12,109.48,4950,0,Seal Wear,1.81,49.54
9899,5.34,4372.62,10,9.57,97.41,4950,0,Valve Sticking,3.22,40.56
9900,5.89,4373.77,0,9.78,117.42,4950,0,Seal Wear,1.84,33.74
9901,4.86,4373.79,10,11.18,113.35,4951,0,Air Leakage,1.18,24.8
9902,4.67,4373.98,20,10.65,112.69,4952,0,Air Leakage,0.99,11.42
9903,5.89,4374.96,30,10.18,113.51,4953,0,Seal Wear,1.78,40.49
9904,5.34,4374.97,40,9.71,93.63,4954,0,Valve Sticking,3.3,26.51
9905,5.5,4375.12,50,10.39,99.49,4955,0,Valve Sticking,3.82,38.6
9906,4.78,4375.22,60,11.11,111.98,4956,0,Air Leakage,0.9,21.15
9907,5.65,4376.17,70,10.42,118.39,4957,0,Seal Wear,2.32,19.1
9908,5.31,4376.18,80,11.59,107.2,4958,0,Air Leakage,0.85,42.6
9909,5.48,4377.0,90,10.01,121.97,4959,0,Seal Wear,2.0,7.82
9910,5.71,4378.53,100,10.4,118.38,4960,0,Seal Wear,2.43,20.16
9911,5.36,4378.67,90,10.32,95.69,4960,0,Valve Sticking,3.38,13.87
9912,5.56,4380.09,80,9.56,120.56,4960,0,Seal Wear,2.28,5.95
9913,5.62,4380.17,70,10.11,88.99,4960,0,Valve Sticking,2.6,42.0
9914,5.32,4380.25,60,11.93,105.93,4960,0,Air Leakage,1.16,41.46
9915,4.92,4380.45,50,10.92,110.84,4960,0,Air Leakage,0.94,9.97
9916,5.17,4380.49,40,11.31,104.8,4960,0,Air Leakage,0.98,21.54
9917,5.99,4381.29,30,9.8,115.0,4960,0,Seal Wear,1.68,41.12
9918,5.38,4381.37,20,10.27,104.81,4960,0,Valve Sticking,3.17,15.28
9919,5.78,4382.87,10,10.02,121.21,4960,0,Seal Wear,2.48,21.01
9920,5.29,4383.02,0,11.14,105.77,4960,0,Air Leakage,1.0,48.93
9921,5.8,4384.64,10,9.83,111.13,4961,0,Seal Wear,1.98,38.8
9922,5.99,4385.85,20,10.25,111.95,4962,0,Seal Wear,1.56,43.67
9923,5.49,4386.03,30,9.72,85.2,4963,0,Valve Sticking,2.92,41.23
9924,5.03,4386.16,40,11.53,106.62,4964,0,Air Leakage,1.18,24.04
9925,5.84,4387.53,50,9.81,117.42,4965,0,Seal Wear,1.94,25.89
9926,5.54,4387.53,60,10.36,95.48,4966,0,Valve Sticking,2.62,47.16
9927,5.17,4387.55,70,9.83,101.11,4967,0,Valve Sticking,3.82,16.63
9928,5.1,4387.73,80,10.84,110.32,4968,0,Air Leakage,1.14,20.82
9929,5.02,4387.73,90,12.39,103.34,4969,0,Air Leakage,1.1,24.32
9930,5.73,4387.86,100,9.83,85.41,4970,0,Valve Sticking,2.86,37.65
9931,5.66,4388.47,90,9.98,116.78,4970,0,Seal Wear,2.1,14.32
9932,5.61,4388.66,80,9.87,83.79,4970,0,Valve Sticking,2.75,46.14
9933,5.3,4388.82,70,9.54,97.49,4970,0,Valve Sticking,3.98,25.82
9934,5.07,4388.88,60,11.44,113.69,4970,0,Air Leakage,1.14,8.37
9935,5.59,4389.99,50,9.64,118.42,4970,0,Seal Wear,2.36,10.76
9936,5.45,4390.14,40,10.15,96.58,4970,0,Valve Sticking,3.29,17.77
9937,5.41,4390.21,30,9.88,99.66,4970,0,Valve Sticking,3.68,17.11
9938,4.88,4390.29,20,11.5,113.91,4970,0,Air Leakage,1.05,8.65
9939,4.97,4390.43,10,11.06,110.29,4970,0,Air Leakage,0.87,15.96
9940,5.76,4391.84,0,10.18,115.05,4970,0,Seal Wear,2.14,25.66
9941,5.4,4391.98,10,9.66,98.04,4971,0,Valve Sticking,2.63,20.69
9942,5.31,4392.04,20,10.29,102.06,4972,0,Valve Sticking,3.64,27.14
9943,5.49,4392.15,30,10.33,92.53,4973,0,Valve Sticking,2.6,25.38
9944,5.69,4392.83,40,9.8,119.57,4974,0,Seal Wear,1.83,17.39
9945,5.56,4393.01,50,9.98,89.33,4975,0,Valve Sticking,3.36,47.72
9946,5.12,4393.09,60,11.25,107.22,4976,0,Air Leakage,0.85,36.36
9947,5.75,4394.25,70,9.93,116.57,4977,0,Seal Wear,1.96,21.2
9948,4.87,4394.4,80,11.66,113.59,4978,0,Air Leakage,1.06,17.65
9949,4.97,4394.44,90,12.32,102.77,4979,0,Air Leakage,0.89,35.34
9950,5.5,4395.45,100,9.89,121.6,4980,0,Seal Wear,2.12,7.25
9951,5.38,4395.51,90,9.53,99.99,4980,0,Valve Sticking,2.82,20.7
9952,5.29,4395.6,80,11.95,103.9,4980,0,Air Leakage,0.91,34.8
9953,5.26,4395.79,70,12.13,103.29,4980,0,Air Leakage,0.94,45.41
9954,5.14,4395.9,60,11.02,108.0,4980,0,Air Leakage,1.07,19.14
9955,5.32,4395.95,50,9.79,92.69,4980,0,Valve Sticking,3.04,22.91
9956,5.52,4396.68,40,10.16,119.77,4980,0,Seal Wear,1.87,5.14
9957,5.18,4396.71,30,10.07,96.53,4980,0,Valve Sticking,3.21,7.56
9958,5.85,4398.09,20,9.76,113.44,4980,0,Seal Wear,1.72,35.49
9959,5.0,4398.13,10,10.68,107.06,4980,0,Air Leakage,0.95,31.97
9960,4.61,4398.15,0,11.71,108.49,4980,0,Air Leakage,1.2,15.31
9961,5.89,4399.51,10,10.23,115.03,4981,0,Seal Wear,2.2,35.45
9962,5.67,4400.34,20,10.12,117.55,4982,0,Seal Wear,1.72,18.2
9963,4.81,4400.52,30,11.88,108.29,4983,0,Air Leakage,0.87,13.59
9964,5.78,4402.03,40,9.6,114.5,4984,0,Seal Wear,2.48,38.32
9965,5.6,4403.54,50,10.05,120.36,4985,0,Seal Wear,1.84,10.85
9966,5.07,4403.57,60,10.04,103.11,4986,0,Valve Sticking,2.56,15.18
9967,5.45,4403.75,70,11.73,105.29,4987,0,Air Leakage,1.12,39.61
9968,4.94,4403.92,80,12.13,103.12,4988,0,Air Leakage,1.01,41.7
9969,5.63,4403.96,90,9.52,95.55,4989,0,Valve Sticking,2.53,46.15
9970,5.1,4404.05,100,10.33,101.11,4990,0,Valve Sticking,2.53,5.8
9971,5.71,4404.75,90,10.01,121.32,4990,0,Seal Wear,2.06,17.07
9972,5.06,4404.85,80,11.27,115.78,4990,0,Air Leakage,1.04,15.63
9973,5.92,4406.02,70,10.39,107.94,4990,0,Seal Wear,2.37,46.66
9974,4.62,4406.08,60,11.54,112.85,4990,0,Air Leakage,0.84,9.31
9975,5.31,4406.25,50,10.4,107.83,4990,0,Valve Sticking,3.85,6.62
9976,5.05,4406.27,40,12.0,103.73,4990,0,Air Leakage,1.16,47.44
9977,5.87,4407.75,30,10.23,114.84,4990,0,Seal Wear,2.06,31.01
9978,5.06,4407.75,20,11.26,111.89,4990,0,Air Leakage,1.02,32.57
9979,5.49,4407.79,10,11.49,106.79,4990,0,Air Leakage,1.2,44.58
9980,5.1,4407.88,0,11.68,113.58,4990,0,Air Leakage,1.13,18.03
9981,5.46,4408.08,10,10.49,96.29,4991,0,Valve Sticking,3.99,33.33
9982,4.84,4408.13,20,11.87,111.69,4992,0,Air Leakage,0.87,17.92
9983,5.57,4408.29,30,10.22,97.36,4993,0,Valve Sticking,2.76,33.82
9984,5.79,4408.91,40,10.14,115.39,4994,0,Seal Wear,2.06,31.15
9985,5.39,4409.06,50,10.16,93.73,4995,0,Valve Sticking,3.79,37.31
9986,4.66,4409.2,60,11.55,119.16,4996,0,Air Leakage,1.08,5.06
9987,5.69,4409.22,70,10.17,92.44,4997,0,Valve Sticking,3.93,42.91
9988,5.51,4410.62,80,9.91,121.56,4998,0,Seal Wear,1.66,6.7
9989,6.07,4411.91,90,10.31,112.39,4999,0,Seal Wear,1.89,48.36
9990,5.4,4411.92,100,10.14,97.6,5000,0,Valve Sticking,3.21,13.53
9991,5.27,4411.92,90,10.23,103.79,5000,0,Valve Sticking,3.45,26.72
9992,6.0,4413.07,80,10.24,114.58,5000,0,Seal Wear,1.58,47.29
9993,5.41,4413.18,70,10.01,101.68,5000,0,Valve Sticking,3.23,23.24
9994,5.0,4413.21,60,11.41,110.98,5000,0,Air Leakage,1.12,27.07
9995,4.82,4413.32,50,11.95,111.45,5000,0,Air Leakage,1.16,13.78
9996,4.99,4413.45,40,11.75,115.94,5000,0,Air Leakage,1.02,18.21
9997,5.82,4413.56,30,9.53,91.22,5000,0,Valve Sticking,3.54,46.75
9998,5.24,4413.56,20,9.51,103.93,5000,0,Valve Sticking,2.8,18.7
9999,5.15,4413.63,10,11.43,103.35,5000,0,Air Leakage,0.94,49.59
10000,5.63,4414.97,0,10.0,117.64,5000,0,Seal Wear,2.22,7.01
